ablation_direction_idx,student_run,trial_index,sliced_wasserstein_behaviour,num_behaviour_samples
0,index_cued_first_diffusion_0.3_swap_recovery_0,23,1.790827868206743,512
0,index_cued_first_diffusion_0.3_swap_recovery_0,24,2.8410066703915513,512
0,index_cued_first_diffusion_0.3_swap_recovery_0,26,16.77799034045129,512
0,index_cued_first_diffusion_0.3_swap_recovery_0,56,2.4850089716439285,512
0,index_cued_first_diffusion_0.3_swap_recovery_0,119,0.6477137787624709,512
0,index_cued_first_diffusion_0.3_swap_recovery_0,121,2.06099259134904,512
0,index_cued_first_diffusion_0.3_swap_recovery_0,148,1.9041478326086905,512
0,index_cued_first_diffusion_0.3_swap_recovery_0,180,5.4817743932471945,512
0,index_cued_first_diffusion_0.3_swap_recovery_0,195,2.3515385243706373,512
0,index_cued_first_diffusion_0.3_swap_recovery_0,205,1.9839246506209447,512
0,index_cued_first_diffusion_0.3_swap_recovery_0,209,2.7799403898175283,512
0,index_cued_first_diffusion_0.3_swap_recovery_0,212,2.8502834524954404,512
0,index_cued_first_diffusion_0.3_swap_recovery_0,217,1.6543045766619056,512
0,index_cued_first_diffusion_0.3_swap_recovery_0,226,0.639463862291473,512
0,index_cued_first_diffusion_0.3_swap_recovery_0,238,1.0132470588848377,512
0,index_cued_first_diffusion_0.3_swap_recovery_0,277,1.8984824129190936,512
0,index_cued_first_diffusion_0.3_swap_recovery_1,23,0.24353028989553738,512
0,index_cued_first_diffusion_0.3_swap_recovery_1,24,0.23159520549909757,512
0,index_cued_first_diffusion_0.3_swap_recovery_1,26,8.21710068686112,512
0,index_cued_first_diffusion_0.3_swap_recovery_1,56,0.5759929168911859,512
0,index_cued_first_diffusion_0.3_swap_recovery_1,119,0.5233725081450115,512
0,index_cued_first_diffusion_0.3_swap_recovery_1,121,0.3210804599710123,512
0,index_cued_first_diffusion_0.3_swap_recovery_1,148,0.43879380252823424,512
0,index_cued_first_diffusion_0.3_swap_recovery_1,180,14.115223484663597,512
0,index_cued_first_diffusion_0.3_swap_recovery_1,195,0.5565156984664849,512
0,index_cued_first_diffusion_0.3_swap_recovery_1,205,0.5475719906345282,512
0,index_cued_first_diffusion_0.3_swap_recovery_1,209,0.5120441122838164,512
0,index_cued_first_diffusion_0.3_swap_recovery_1,212,0.23755080106973825,512
0,index_cued_first_diffusion_0.3_swap_recovery_1,217,0.21473303529727952,512
0,index_cued_first_diffusion_0.3_swap_recovery_1,226,0.19284513075519152,512
0,index_cued_first_diffusion_0.3_swap_recovery_1,238,0.15363189109719783,512
0,index_cued_first_diffusion_0.3_swap_recovery_1,277,0.23112303326192268,512
0,index_cued_first_diffusion_0.3_swap_recovery_2,23,1.0780768551273234,512
0,index_cued_first_diffusion_0.3_swap_recovery_2,24,2.46094694291535,512
0,index_cued_first_diffusion_0.3_swap_recovery_2,26,16.802384685893806,512
0,index_cued_first_diffusion_0.3_swap_recovery_2,56,2.882713045319706,512
0,index_cued_first_diffusion_0.3_swap_recovery_2,119,0.9572523423020374,512
0,index_cued_first_diffusion_0.3_swap_recovery_2,121,0.4380294687335955,512
0,index_cued_first_diffusion_0.3_swap_recovery_2,148,2.127468455310388,512
0,index_cued_first_diffusion_0.3_swap_recovery_2,180,4.787704979710741,512
0,index_cued_first_diffusion_0.3_swap_recovery_2,195,2.404539504019917,512
0,index_cued_first_diffusion_0.3_swap_recovery_2,205,2.0058904113224836,512
0,index_cued_first_diffusion_0.3_swap_recovery_2,209,2.949725904795595,512
0,index_cued_first_diffusion_0.3_swap_recovery_2,212,2.834775989980089,512
0,index_cued_first_diffusion_0.3_swap_recovery_2,217,1.7779873277385265,512
0,index_cued_first_diffusion_0.3_swap_recovery_2,226,0.846743443174589,512
0,index_cued_first_diffusion_0.3_swap_recovery_2,238,1.0857518781463091,512
0,index_cued_first_diffusion_0.3_swap_recovery_2,277,1.1993078507673087,512
0,index_cued_first_diffusion_0.3_swap_recovery_3,23,1.8390704567745604,512
0,index_cued_first_diffusion_0.3_swap_recovery_3,24,2.872695127482889,512
0,index_cued_first_diffusion_0.3_swap_recovery_3,26,16.756703394414416,512
0,index_cued_first_diffusion_0.3_swap_recovery_3,56,2.5039774844727356,512
0,index_cued_first_diffusion_0.3_swap_recovery_3,119,0.7119279732435886,512
0,index_cued_first_diffusion_0.3_swap_recovery_3,121,2.10160728668233,512
0,index_cued_first_diffusion_0.3_swap_recovery_3,148,1.8914617714400106,512
0,index_cued_first_diffusion_0.3_swap_recovery_3,180,5.510875010228067,512
0,index_cued_first_diffusion_0.3_swap_recovery_3,195,2.4262494933880747,512
0,index_cued_first_diffusion_0.3_swap_recovery_3,205,2.0111817209453147,512
0,index_cued_first_diffusion_0.3_swap_recovery_3,209,2.804623688706776,512
0,index_cued_first_diffusion_0.3_swap_recovery_3,212,2.902062905862552,512
0,index_cued_first_diffusion_0.3_swap_recovery_3,217,1.6474262631425753,512
0,index_cued_first_diffusion_0.3_swap_recovery_3,226,0.6357026516303284,512
0,index_cued_first_diffusion_0.3_swap_recovery_3,238,0.9854378868332303,512
0,index_cued_first_diffusion_0.3_swap_recovery_3,277,1.940516076432469,512
0,index_cued_first_diffusion_0.3_swap_recovery_4,23,1.9939030600233043,512
0,index_cued_first_diffusion_0.3_swap_recovery_4,24,3.526383942489759,512
0,index_cued_first_diffusion_0.3_swap_recovery_4,26,15.137444694737198,512
0,index_cued_first_diffusion_0.3_swap_recovery_4,56,1.3553319194284095,512
0,index_cued_first_diffusion_0.3_swap_recovery_4,119,1.2701861368102092,512
0,index_cued_first_diffusion_0.3_swap_recovery_4,121,2.4008951898090003,512
0,index_cued_first_diffusion_0.3_swap_recovery_4,148,0.9996475883184435,512
0,index_cued_first_diffusion_0.3_swap_recovery_4,180,6.0698551772982405,512
0,index_cued_first_diffusion_0.3_swap_recovery_4,195,0.8146183199859063,512
0,index_cued_first_diffusion_0.3_swap_recovery_4,205,0.7337995839890836,512
0,index_cued_first_diffusion_0.3_swap_recovery_4,209,1.527732691404407,512
0,index_cued_first_diffusion_0.3_swap_recovery_4,212,1.6132650746712907,512
0,index_cued_first_diffusion_0.3_swap_recovery_4,217,1.024636280130294,512
0,index_cued_first_diffusion_0.3_swap_recovery_4,226,0.7198341778837016,512
0,index_cued_first_diffusion_0.3_swap_recovery_4,238,1.0597028788127871,512
0,index_cued_first_diffusion_0.3_swap_recovery_4,277,2.3891121816557535,512
0,index_cued_first_diffusion_0.3_swap_recovery_5,23,0.1298210165209139,512
0,index_cued_first_diffusion_0.3_swap_recovery_5,24,2.0001391219431,512
0,index_cued_first_diffusion_0.3_swap_recovery_5,26,7.380323970333864,512
0,index_cued_first_diffusion_0.3_swap_recovery_5,56,0.15539020559999175,512
0,index_cued_first_diffusion_0.3_swap_recovery_5,119,0.33823537452040087,512
0,index_cued_first_diffusion_0.3_swap_recovery_5,121,0.19147589478346894,512
0,index_cued_first_diffusion_0.3_swap_recovery_5,148,0.14275569858013037,512
0,index_cued_first_diffusion_0.3_swap_recovery_5,180,1.9516436106125916,512
0,index_cued_first_diffusion_0.3_swap_recovery_5,195,0.25257150266374206,512
0,index_cued_first_diffusion_0.3_swap_recovery_5,205,0.1042436691421253,512
0,index_cued_first_diffusion_0.3_swap_recovery_5,209,0.09816428615660401,512
0,index_cued_first_diffusion_0.3_swap_recovery_5,212,0.22669915919324052,512
0,index_cued_first_diffusion_0.3_swap_recovery_5,217,0.10490928755634142,512
0,index_cued_first_diffusion_0.3_swap_recovery_5,226,0.17006332959177323,512
0,index_cued_first_diffusion_0.3_swap_recovery_5,238,0.2581883549469175,512
0,index_cued_first_diffusion_0.3_swap_recovery_5,277,0.07516749575326752,512
0,index_cued_first_diffusion_0.3_swap_recovery_6,23,0.06935835254199443,512
0,index_cued_first_diffusion_0.3_swap_recovery_6,24,0.2143979433926888,512
0,index_cued_first_diffusion_0.3_swap_recovery_6,26,5.46861290865701,512
0,index_cued_first_diffusion_0.3_swap_recovery_6,56,0.05331641973191011,512
0,index_cued_first_diffusion_0.3_swap_recovery_6,119,0.03244368599886262,512
0,index_cued_first_diffusion_0.3_swap_recovery_6,121,0.027634423088292653,512
0,index_cued_first_diffusion_0.3_swap_recovery_6,148,0.07251763924523294,512
0,index_cued_first_diffusion_0.3_swap_recovery_6,180,0.3465744526948285,512
0,index_cued_first_diffusion_0.3_swap_recovery_6,195,0.1397152962457618,512
0,index_cued_first_diffusion_0.3_swap_recovery_6,205,0.08094457984600681,512
0,index_cued_first_diffusion_0.3_swap_recovery_6,209,0.09877521847751164,512
0,index_cued_first_diffusion_0.3_swap_recovery_6,212,0.02205759818761206,512
0,index_cued_first_diffusion_0.3_swap_recovery_6,217,0.060765940332949187,512
0,index_cued_first_diffusion_0.3_swap_recovery_6,226,0.04702257214604725,512
0,index_cued_first_diffusion_0.3_swap_recovery_6,238,0.016314736900659793,512
0,index_cued_first_diffusion_0.3_swap_recovery_6,277,0.033222833556545005,512
0,index_cued_first_diffusion_0.3_swap_recovery_7,23,2.0399370262199596,512
0,index_cued_first_diffusion_0.3_swap_recovery_7,24,3.572905814123313,512
0,index_cued_first_diffusion_0.3_swap_recovery_7,26,15.106643268434253,512
0,index_cued_first_diffusion_0.3_swap_recovery_7,56,1.3890305022654372,512
0,index_cued_first_diffusion_0.3_swap_recovery_7,119,1.2704774298106738,512
0,index_cued_first_diffusion_0.3_swap_recovery_7,121,2.424699509421393,512
0,index_cued_first_diffusion_0.3_swap_recovery_7,148,1.0121045918092828,512
0,index_cued_first_diffusion_0.3_swap_recovery_7,180,6.1294668498790195,512
0,index_cued_first_diffusion_0.3_swap_recovery_7,195,0.8159118872338464,512
0,index_cued_first_diffusion_0.3_swap_recovery_7,205,0.714162355764526,512
0,index_cued_first_diffusion_0.3_swap_recovery_7,209,1.5389282735174405,512
0,index_cued_first_diffusion_0.3_swap_recovery_7,212,1.6193644223889536,512
0,index_cued_first_diffusion_0.3_swap_recovery_7,217,1.0524644635438518,512
0,index_cued_first_diffusion_0.3_swap_recovery_7,226,0.7119076853193862,512
0,index_cued_first_diffusion_0.3_swap_recovery_7,238,1.0441841246869166,512
0,index_cued_first_diffusion_0.3_swap_recovery_7,277,2.3685132451620325,512
0,index_cued_first_diffusion_0.3_swap_recovery_8,23,1.863644092678856,512
0,index_cued_first_diffusion_0.3_swap_recovery_8,24,2.8305495473590296,512
0,index_cued_first_diffusion_0.3_swap_recovery_8,26,16.798110780703606,512
0,index_cued_first_diffusion_0.3_swap_recovery_8,56,2.504223519902246,512
0,index_cued_first_diffusion_0.3_swap_recovery_8,119,0.8630541200572673,512
0,index_cued_first_diffusion_0.3_swap_recovery_8,121,2.049066393788067,512
0,index_cued_first_diffusion_0.3_swap_recovery_8,148,1.9521490529834855,512
0,index_cued_first_diffusion_0.3_swap_recovery_8,180,5.535730975291864,512
0,index_cued_first_diffusion_0.3_swap_recovery_8,195,2.1395296471219374,512
0,index_cued_first_diffusion_0.3_swap_recovery_8,205,1.9233217628188144,512
0,index_cued_first_diffusion_0.3_swap_recovery_8,209,2.737198056869942,512
0,index_cued_first_diffusion_0.3_swap_recovery_8,212,2.802690807210426,512
0,index_cued_first_diffusion_0.3_swap_recovery_8,217,1.5798465659372842,512
0,index_cued_first_diffusion_0.3_swap_recovery_8,226,0.6797373757983614,512
0,index_cued_first_diffusion_0.3_swap_recovery_8,238,0.4486966986218367,512
0,index_cued_first_diffusion_0.3_swap_recovery_8,277,1.9619723646931457,512
0,index_cued_first_diffusion_0.3_swap_recovery_9,23,1.458281862538472,512
0,index_cued_first_diffusion_0.3_swap_recovery_9,24,2.621576617206612,512
0,index_cued_first_diffusion_0.3_swap_recovery_9,26,16.201763316994928,512
0,index_cued_first_diffusion_0.3_swap_recovery_9,56,2.357094006102801,512
0,index_cued_first_diffusion_0.3_swap_recovery_9,119,0.9212950078460571,512
0,index_cued_first_diffusion_0.3_swap_recovery_9,121,0.7635490305072892,512
0,index_cued_first_diffusion_0.3_swap_recovery_9,148,1.2930451774466156,512
0,index_cued_first_diffusion_0.3_swap_recovery_9,180,4.674545522970567,512
0,index_cued_first_diffusion_0.3_swap_recovery_9,195,2.5244987363234026,512
0,index_cued_first_diffusion_0.3_swap_recovery_9,205,1.978314703731765,512
0,index_cued_first_diffusion_0.3_swap_recovery_9,209,1.45509679303842,512
0,index_cued_first_diffusion_0.3_swap_recovery_9,212,1.187594881923242,512
0,index_cued_first_diffusion_0.3_swap_recovery_9,217,1.100681802922916,512
0,index_cued_first_diffusion_0.3_swap_recovery_9,226,0.8637395026575025,512
0,index_cued_first_diffusion_0.3_swap_recovery_9,238,0.860026589057955,512
0,index_cued_first_diffusion_0.3_swap_recovery_9,277,0.6003385017432924,512
0,index_cued_first_diffusion_0.3_swap_recovery_10,23,1.4818646188207958,512
0,index_cued_first_diffusion_0.3_swap_recovery_10,24,1.7888986810764873,512
0,index_cued_first_diffusion_0.3_swap_recovery_10,26,15.208315028225009,512
0,index_cued_first_diffusion_0.3_swap_recovery_10,56,1.9169550814794867,512
0,index_cued_first_diffusion_0.3_swap_recovery_10,119,0.9758035220855639,512
0,index_cued_first_diffusion_0.3_swap_recovery_10,121,0.6862002276193574,512
0,index_cued_first_diffusion_0.3_swap_recovery_10,148,1.6653861853132848,512
0,index_cued_first_diffusion_0.3_swap_recovery_10,180,5.180435826591234,512
0,index_cued_first_diffusion_0.3_swap_recovery_10,195,2.1949576776632225,512
0,index_cued_first_diffusion_0.3_swap_recovery_10,205,1.5720584373645474,512
0,index_cued_first_diffusion_0.3_swap_recovery_10,209,1.5773572646112888,512
0,index_cued_first_diffusion_0.3_swap_recovery_10,212,1.4975276118711012,512
0,index_cued_first_diffusion_0.3_swap_recovery_10,217,1.2961664345255373,512
0,index_cued_first_diffusion_0.3_swap_recovery_10,226,1.4424069346587023,512
0,index_cued_first_diffusion_0.3_swap_recovery_10,238,1.1061500024672906,512
0,index_cued_first_diffusion_0.3_swap_recovery_10,277,0.9852621586168744,512
0,index_cued_first_diffusion_0.3_swap_recovery_11,23,0.7520589715512065,512
0,index_cued_first_diffusion_0.3_swap_recovery_11,24,2.500292094562112,512
0,index_cued_first_diffusion_0.3_swap_recovery_11,26,17.690536539833158,512
0,index_cued_first_diffusion_0.3_swap_recovery_11,56,2.575537790561703,512
0,index_cued_first_diffusion_0.3_swap_recovery_11,119,1.1640312150116066,512
0,index_cued_first_diffusion_0.3_swap_recovery_11,121,0.8524591089868349,512
0,index_cued_first_diffusion_0.3_swap_recovery_11,148,2.057051346464988,512
0,index_cued_first_diffusion_0.3_swap_recovery_11,180,5.906427755425973,512
0,index_cued_first_diffusion_0.3_swap_recovery_11,195,2.4819103811667693,512
0,index_cued_first_diffusion_0.3_swap_recovery_11,205,2.5799259968374813,512
0,index_cued_first_diffusion_0.3_swap_recovery_11,209,2.968930427998868,512
0,index_cued_first_diffusion_0.3_swap_recovery_11,212,2.564660550908164,512
0,index_cued_first_diffusion_0.3_swap_recovery_11,217,2.508652408624376,512
0,index_cued_first_diffusion_0.3_swap_recovery_11,226,1.743924950758041,512
0,index_cued_first_diffusion_0.3_swap_recovery_11,238,1.5643207857787131,512
0,index_cued_first_diffusion_0.3_swap_recovery_11,277,0.8359719439288251,512
0,index_cued_first_diffusion_0.3_swap_recovery_12,23,1.404084636446596,512
0,index_cued_first_diffusion_0.3_swap_recovery_12,24,2.5457374105490564,512
0,index_cued_first_diffusion_0.3_swap_recovery_12,26,16.13911442394075,512
0,index_cued_first_diffusion_0.3_swap_recovery_12,56,2.3021069765469298,512
0,index_cued_first_diffusion_0.3_swap_recovery_12,119,0.9549172251909775,512
0,index_cued_first_diffusion_0.3_swap_recovery_12,121,0.814063182803858,512
0,index_cued_first_diffusion_0.3_swap_recovery_12,148,1.2373833299450623,512
0,index_cued_first_diffusion_0.3_swap_recovery_12,180,4.579080970631757,512
0,index_cued_first_diffusion_0.3_swap_recovery_12,195,2.4142200190988747,512
0,index_cued_first_diffusion_0.3_swap_recovery_12,205,1.9064676303467192,512
0,index_cued_first_diffusion_0.3_swap_recovery_12,209,1.428347017536176,512
0,index_cued_first_diffusion_0.3_swap_recovery_12,212,1.1887241476606436,512
0,index_cued_first_diffusion_0.3_swap_recovery_12,217,1.1163613804669221,512
0,index_cued_first_diffusion_0.3_swap_recovery_12,226,0.9527371841825256,512
0,index_cued_first_diffusion_0.3_swap_recovery_12,238,0.8184489759224148,512
0,index_cued_first_diffusion_0.3_swap_recovery_12,277,0.5692316937467743,512
0,index_cued_first_diffusion_0.3_swap_recovery_13,23,1.3090619906960361,512
0,index_cued_first_diffusion_0.3_swap_recovery_13,24,2.5389015288938737,512
0,index_cued_first_diffusion_0.3_swap_recovery_13,26,16.26945680995363,512
0,index_cued_first_diffusion_0.3_swap_recovery_13,56,1.9113462464910314,512
0,index_cued_first_diffusion_0.3_swap_recovery_13,119,0.9271705875606163,512
0,index_cued_first_diffusion_0.3_swap_recovery_13,121,1.0695820627227626,512
0,index_cued_first_diffusion_0.3_swap_recovery_13,148,1.6030393707926658,512
0,index_cued_first_diffusion_0.3_swap_recovery_13,180,5.122144454860154,512
0,index_cued_first_diffusion_0.3_swap_recovery_13,195,2.480218803921304,512
0,index_cued_first_diffusion_0.3_swap_recovery_13,205,1.7782043845781672,512
0,index_cued_first_diffusion_0.3_swap_recovery_13,209,2.6903065633817542,512
0,index_cued_first_diffusion_0.3_swap_recovery_13,212,2.0656264342017248,512
0,index_cued_first_diffusion_0.3_swap_recovery_13,217,1.643392287663782,512
0,index_cued_first_diffusion_0.3_swap_recovery_13,226,1.242598261804586,512
0,index_cued_first_diffusion_0.3_swap_recovery_13,238,1.391432458707106,512
0,index_cued_first_diffusion_0.3_swap_recovery_13,277,1.4453632668323964,512
1,index_cued_first_diffusion_0.3_swap_recovery_0,23,0.23324406514110968,512
1,index_cued_first_diffusion_0.3_swap_recovery_0,24,0.1314611522648585,512
1,index_cued_first_diffusion_0.3_swap_recovery_0,26,0.16978806448134376,512
1,index_cued_first_diffusion_0.3_swap_recovery_0,56,0.27380479771342336,512
1,index_cued_first_diffusion_0.3_swap_recovery_0,119,0.3962872097320792,512
1,index_cued_first_diffusion_0.3_swap_recovery_0,121,0.2324873186740246,512
1,index_cued_first_diffusion_0.3_swap_recovery_0,148,0.10588518614180914,512
1,index_cued_first_diffusion_0.3_swap_recovery_0,180,0.08442613395613276,512
1,index_cued_first_diffusion_0.3_swap_recovery_0,195,0.44332519828659256,512
1,index_cued_first_diffusion_0.3_swap_recovery_0,205,0.19807839767553176,512
1,index_cued_first_diffusion_0.3_swap_recovery_0,209,0.3133117910066429,512
1,index_cued_first_diffusion_0.3_swap_recovery_0,212,0.08520206737614633,512
1,index_cued_first_diffusion_0.3_swap_recovery_0,217,0.16623596755297504,512
1,index_cued_first_diffusion_0.3_swap_recovery_0,226,1.0663542622714846,512
1,index_cued_first_diffusion_0.3_swap_recovery_0,238,0.6207597570352748,512
1,index_cued_first_diffusion_0.3_swap_recovery_0,277,0.19386569869673714,512
1,index_cued_first_diffusion_0.3_swap_recovery_1,23,2.1653349509374635,512
1,index_cued_first_diffusion_0.3_swap_recovery_1,24,3.049176817816803,512
1,index_cued_first_diffusion_0.3_swap_recovery_1,26,8.403495746071926,512
1,index_cued_first_diffusion_0.3_swap_recovery_1,56,2.954960280234844,512
1,index_cued_first_diffusion_0.3_swap_recovery_1,119,0.7918186613960929,512
1,index_cued_first_diffusion_0.3_swap_recovery_1,121,2.1993343724491212,512
1,index_cued_first_diffusion_0.3_swap_recovery_1,148,1.7690464077392571,512
1,index_cued_first_diffusion_0.3_swap_recovery_1,180,18.475780797464655,512
1,index_cued_first_diffusion_0.3_swap_recovery_1,195,1.9801726051443462,512
1,index_cued_first_diffusion_0.3_swap_recovery_1,205,1.8452817529194032,512
1,index_cued_first_diffusion_0.3_swap_recovery_1,209,2.803324644407859,512
1,index_cued_first_diffusion_0.3_swap_recovery_1,212,2.824239400979768,512
1,index_cued_first_diffusion_0.3_swap_recovery_1,217,1.4192538823337362,512
1,index_cued_first_diffusion_0.3_swap_recovery_1,226,0.5868570116447108,512
1,index_cued_first_diffusion_0.3_swap_recovery_1,238,0.32960228198176894,512
1,index_cued_first_diffusion_0.3_swap_recovery_1,277,2.2827600878185237,512
1,index_cued_first_diffusion_0.3_swap_recovery_2,23,1.3569913969136476,512
1,index_cued_first_diffusion_0.3_swap_recovery_2,24,0.5350619896124766,512
1,index_cued_first_diffusion_0.3_swap_recovery_2,26,0.4768894556566547,512
1,index_cued_first_diffusion_0.3_swap_recovery_2,56,0.8851930438252739,512
1,index_cued_first_diffusion_0.3_swap_recovery_2,119,1.3478128070392166,512
1,index_cued_first_diffusion_0.3_swap_recovery_2,121,1.7140404824375846,512
1,index_cued_first_diffusion_0.3_swap_recovery_2,148,1.2362089768665658,512
1,index_cued_first_diffusion_0.3_swap_recovery_2,180,1.2884518605972983,512
1,index_cued_first_diffusion_0.3_swap_recovery_2,195,0.8531421898215681,512
1,index_cued_first_diffusion_0.3_swap_recovery_2,205,1.2409227140373833,512
1,index_cued_first_diffusion_0.3_swap_recovery_2,209,0.865459047797608,512
1,index_cued_first_diffusion_0.3_swap_recovery_2,212,1.2639171877370363,512
1,index_cued_first_diffusion_0.3_swap_recovery_2,217,1.3805845682282318,512
1,index_cued_first_diffusion_0.3_swap_recovery_2,226,1.1057696745281,512
1,index_cued_first_diffusion_0.3_swap_recovery_2,238,0.7253324004514776,512
1,index_cued_first_diffusion_0.3_swap_recovery_2,277,1.3191878668032249,512
1,index_cued_first_diffusion_0.3_swap_recovery_3,23,0.13062755862624464,512
1,index_cued_first_diffusion_0.3_swap_recovery_3,24,0.08245869674432797,512
1,index_cued_first_diffusion_0.3_swap_recovery_3,26,0.17658954886865358,512
1,index_cued_first_diffusion_0.3_swap_recovery_3,56,0.27823411143589527,512
1,index_cued_first_diffusion_0.3_swap_recovery_3,119,0.48314921298900365,512
1,index_cued_first_diffusion_0.3_swap_recovery_3,121,0.401763054167838,512
1,index_cued_first_diffusion_0.3_swap_recovery_3,148,0.10202778055983339,512
1,index_cued_first_diffusion_0.3_swap_recovery_3,180,0.06540567041160493,512
1,index_cued_first_diffusion_0.3_swap_recovery_3,195,0.4935655642702337,512
1,index_cued_first_diffusion_0.3_swap_recovery_3,205,0.13469023785998543,512
1,index_cued_first_diffusion_0.3_swap_recovery_3,209,0.3559202918935116,512
1,index_cued_first_diffusion_0.3_swap_recovery_3,212,0.1280582601462999,512
1,index_cued_first_diffusion_0.3_swap_recovery_3,217,0.25443919372308843,512
1,index_cued_first_diffusion_0.3_swap_recovery_3,226,1.1313814660795178,512
1,index_cued_first_diffusion_0.3_swap_recovery_3,238,0.5929530200805166,512
1,index_cued_first_diffusion_0.3_swap_recovery_3,277,0.10754751310356231,512
1,index_cued_first_diffusion_0.3_swap_recovery_4,23,2.3518335148724363,512
1,index_cued_first_diffusion_0.3_swap_recovery_4,24,1.432777514118482,512
1,index_cued_first_diffusion_0.3_swap_recovery_4,26,2.6245653417704147,512
1,index_cued_first_diffusion_0.3_swap_recovery_4,56,2.485836287834471,512
1,index_cued_first_diffusion_0.3_swap_recovery_4,119,1.7361255321890376,512
1,index_cued_first_diffusion_0.3_swap_recovery_4,121,1.8751233426519998,512
1,index_cued_first_diffusion_0.3_swap_recovery_4,148,1.6593598848075293,512
1,index_cued_first_diffusion_0.3_swap_recovery_4,180,1.8196665375634145,512
1,index_cued_first_diffusion_0.3_swap_recovery_4,195,3.0151054931589747,512
1,index_cued_first_diffusion_0.3_swap_recovery_4,205,2.4919016908707876,512
1,index_cued_first_diffusion_0.3_swap_recovery_4,209,2.3765619865042003,512
1,index_cued_first_diffusion_0.3_swap_recovery_4,212,2.1266607924362884,512
1,index_cued_first_diffusion_0.3_swap_recovery_4,217,2.355804788434193,512
1,index_cued_first_diffusion_0.3_swap_recovery_4,226,1.2822731847214583,512
1,index_cued_first_diffusion_0.3_swap_recovery_4,238,0.678710003055041,512
1,index_cued_first_diffusion_0.3_swap_recovery_4,277,1.7964101307333058,512
1,index_cued_first_diffusion_0.3_swap_recovery_5,23,2.041664488571061,512
1,index_cued_first_diffusion_0.3_swap_recovery_5,24,4.671963171201615,512
1,index_cued_first_diffusion_0.3_swap_recovery_5,26,9.339573942551894,512
1,index_cued_first_diffusion_0.3_swap_recovery_5,56,2.4289351412248488,512
1,index_cued_first_diffusion_0.3_swap_recovery_5,119,0.7243165218868735,512
1,index_cued_first_diffusion_0.3_swap_recovery_5,121,1.9307176754091189,512
1,index_cued_first_diffusion_0.3_swap_recovery_5,148,2.0295837392703646,512
1,index_cued_first_diffusion_0.3_swap_recovery_5,180,4.442278834423261,512
1,index_cued_first_diffusion_0.3_swap_recovery_5,195,2.228459598701137,512
1,index_cued_first_diffusion_0.3_swap_recovery_5,205,1.802984571301371,512
1,index_cued_first_diffusion_0.3_swap_recovery_5,209,2.921420012524851,512
1,index_cued_first_diffusion_0.3_swap_recovery_5,212,2.733740732798631,512
1,index_cued_first_diffusion_0.3_swap_recovery_5,217,1.5400192984368186,512
1,index_cued_first_diffusion_0.3_swap_recovery_5,226,0.7604283002723611,512
1,index_cued_first_diffusion_0.3_swap_recovery_5,238,0.6703670607256536,512
1,index_cued_first_diffusion_0.3_swap_recovery_5,277,2.122117827161306,512
1,index_cued_first_diffusion_0.3_swap_recovery_6,23,2.0254255930708096,512
1,index_cued_first_diffusion_0.3_swap_recovery_6,24,3.123175885162935,512
1,index_cued_first_diffusion_0.3_swap_recovery_6,26,11.059523830255898,512
1,index_cued_first_diffusion_0.3_swap_recovery_6,56,2.555279447804511,512
1,index_cued_first_diffusion_0.3_swap_recovery_6,119,0.9179283817137786,512
1,index_cued_first_diffusion_0.3_swap_recovery_6,121,2.0366750021578452,512
1,index_cued_first_diffusion_0.3_swap_recovery_6,148,1.9583136322690797,512
1,index_cued_first_diffusion_0.3_swap_recovery_6,180,5.580567815569459,512
1,index_cued_first_diffusion_0.3_swap_recovery_6,195,2.1688579189718125,512
1,index_cued_first_diffusion_0.3_swap_recovery_6,205,1.8766928891095114,512
1,index_cued_first_diffusion_0.3_swap_recovery_6,209,2.869993725952247,512
1,index_cued_first_diffusion_0.3_swap_recovery_6,212,2.757144122978526,512
1,index_cued_first_diffusion_0.3_swap_recovery_6,217,1.6114899373998384,512
1,index_cued_first_diffusion_0.3_swap_recovery_6,226,0.7108471896366122,512
1,index_cued_first_diffusion_0.3_swap_recovery_6,238,0.4796642936799637,512
1,index_cued_first_diffusion_0.3_swap_recovery_6,277,2.1198914526746404,512
1,index_cued_first_diffusion_0.3_swap_recovery_7,23,2.3461606335153515,512
1,index_cued_first_diffusion_0.3_swap_recovery_7,24,1.4402191123791046,512
1,index_cued_first_diffusion_0.3_swap_recovery_7,26,2.683967424796493,512
1,index_cued_first_diffusion_0.3_swap_recovery_7,56,2.488169832681573,512
1,index_cued_first_diffusion_0.3_swap_recovery_7,119,1.733943280880038,512
1,index_cued_first_diffusion_0.3_swap_recovery_7,121,1.8845885594576934,512
1,index_cued_first_diffusion_0.3_swap_recovery_7,148,1.6634116983506735,512
1,index_cued_first_diffusion_0.3_swap_recovery_7,180,1.8433928132627952,512
1,index_cued_first_diffusion_0.3_swap_recovery_7,195,3.0165875799409747,512
1,index_cued_first_diffusion_0.3_swap_recovery_7,205,2.460203451716487,512
1,index_cued_first_diffusion_0.3_swap_recovery_7,209,2.388599955840298,512
1,index_cued_first_diffusion_0.3_swap_recovery_7,212,2.138423251479277,512
1,index_cued_first_diffusion_0.3_swap_recovery_7,217,2.434410980667211,512
1,index_cued_first_diffusion_0.3_swap_recovery_7,226,1.2850683116333934,512
1,index_cued_first_diffusion_0.3_swap_recovery_7,238,0.6633009025176204,512
1,index_cued_first_diffusion_0.3_swap_recovery_7,277,1.759969022483988,512
1,index_cued_first_diffusion_0.3_swap_recovery_8,23,0.03705393067212379,512
1,index_cued_first_diffusion_0.3_swap_recovery_8,24,0.0871187072612939,512
1,index_cued_first_diffusion_0.3_swap_recovery_8,26,0.1353034333293585,512
1,index_cued_first_diffusion_0.3_swap_recovery_8,56,0.1172241224158467,512
1,index_cued_first_diffusion_0.3_swap_recovery_8,119,0.0859387160468574,512
1,index_cued_first_diffusion_0.3_swap_recovery_8,121,0.0493038097879552,512
1,index_cued_first_diffusion_0.3_swap_recovery_8,148,0.13524909138142494,512
1,index_cued_first_diffusion_0.3_swap_recovery_8,180,0.03690021734279813,512
1,index_cued_first_diffusion_0.3_swap_recovery_8,195,0.3617227021874547,512
1,index_cued_first_diffusion_0.3_swap_recovery_8,205,0.07857798600863768,512
1,index_cued_first_diffusion_0.3_swap_recovery_8,209,0.3449402726546203,512
1,index_cued_first_diffusion_0.3_swap_recovery_8,212,0.08424459940702916,512
1,index_cued_first_diffusion_0.3_swap_recovery_8,217,0.0949162631010132,512
1,index_cued_first_diffusion_0.3_swap_recovery_8,226,0.09156537256537245,512
1,index_cued_first_diffusion_0.3_swap_recovery_8,238,0.05705118228395817,512
1,index_cued_first_diffusion_0.3_swap_recovery_8,277,0.042595033797046114,512
1,index_cued_first_diffusion_0.3_swap_recovery_9,23,1.2207453469996628,512
1,index_cued_first_diffusion_0.3_swap_recovery_9,24,0.6566805668964389,512
1,index_cued_first_diffusion_0.3_swap_recovery_9,26,0.7948095823312376,512
1,index_cued_first_diffusion_0.3_swap_recovery_9,56,1.9439983779372176,512
1,index_cued_first_diffusion_0.3_swap_recovery_9,119,1.5290371850093774,512
1,index_cued_first_diffusion_0.3_swap_recovery_9,121,2.358163390340884,512
1,index_cued_first_diffusion_0.3_swap_recovery_9,148,1.8376287317057924,512
1,index_cued_first_diffusion_0.3_swap_recovery_9,180,0.89963726233698,512
1,index_cued_first_diffusion_0.3_swap_recovery_9,195,1.542157088481396,512
1,index_cued_first_diffusion_0.3_swap_recovery_9,205,0.5219748427150857,512
1,index_cued_first_diffusion_0.3_swap_recovery_9,209,2.5289262008151088,512
1,index_cued_first_diffusion_0.3_swap_recovery_9,212,2.3343902427123986,512
1,index_cued_first_diffusion_0.3_swap_recovery_9,217,0.9422742998466876,512
1,index_cued_first_diffusion_0.3_swap_recovery_9,226,0.7335851300589648,512
1,index_cued_first_diffusion_0.3_swap_recovery_9,238,0.474333079768269,512
1,index_cued_first_diffusion_0.3_swap_recovery_9,277,1.9309637698382853,512
1,index_cued_first_diffusion_0.3_swap_recovery_10,23,1.2635777330350098,512
1,index_cued_first_diffusion_0.3_swap_recovery_10,24,1.3953822368237763,512
1,index_cued_first_diffusion_0.3_swap_recovery_10,26,1.6712943162501228,512
1,index_cued_first_diffusion_0.3_swap_recovery_10,56,2.1344128117657464,512
1,index_cued_first_diffusion_0.3_swap_recovery_10,119,1.562737334458515,512
1,index_cued_first_diffusion_0.3_swap_recovery_10,121,2.393509259179979,512
1,index_cued_first_diffusion_0.3_swap_recovery_10,148,1.6992174159555675,512
1,index_cued_first_diffusion_0.3_swap_recovery_10,180,0.5152790234622637,512
1,index_cued_first_diffusion_0.3_swap_recovery_10,195,1.2220115354253358,512
1,index_cued_first_diffusion_0.3_swap_recovery_10,205,0.581074167084228,512
1,index_cued_first_diffusion_0.3_swap_recovery_10,209,1.8388470904278371,512
1,index_cued_first_diffusion_0.3_swap_recovery_10,212,1.8565234219551714,512
1,index_cued_first_diffusion_0.3_swap_recovery_10,217,0.9616377202668638,512
1,index_cued_first_diffusion_0.3_swap_recovery_10,226,0.8374283579074989,512
1,index_cued_first_diffusion_0.3_swap_recovery_10,238,1.3563017363155865,512
1,index_cued_first_diffusion_0.3_swap_recovery_10,277,1.7227027844698126,512
1,index_cued_first_diffusion_0.3_swap_recovery_11,23,1.4144818846023786,512
1,index_cued_first_diffusion_0.3_swap_recovery_11,24,0.6586912924959784,512
1,index_cued_first_diffusion_0.3_swap_recovery_11,26,0.9974014467896205,512
1,index_cued_first_diffusion_0.3_swap_recovery_11,56,0.76599620446563,512
1,index_cued_first_diffusion_0.3_swap_recovery_11,119,1.635689896452409,512
1,index_cued_first_diffusion_0.3_swap_recovery_11,121,1.7186612079704358,512
1,index_cued_first_diffusion_0.3_swap_recovery_11,148,1.072497201995768,512
1,index_cued_first_diffusion_0.3_swap_recovery_11,180,1.0319091237259128,512
1,index_cued_first_diffusion_0.3_swap_recovery_11,195,0.816193709548199,512
1,index_cued_first_diffusion_0.3_swap_recovery_11,205,1.3291918774268896,512
1,index_cued_first_diffusion_0.3_swap_recovery_11,209,0.5856612857332113,512
1,index_cued_first_diffusion_0.3_swap_recovery_11,212,0.7910527683334716,512
1,index_cued_first_diffusion_0.3_swap_recovery_11,217,1.5591524239613095,512
1,index_cued_first_diffusion_0.3_swap_recovery_11,226,1.4809919570511174,512
1,index_cued_first_diffusion_0.3_swap_recovery_11,238,1.2151893047593827,512
1,index_cued_first_diffusion_0.3_swap_recovery_11,277,1.6286907230952186,512
1,index_cued_first_diffusion_0.3_swap_recovery_12,23,1.2661286531008116,512
1,index_cued_first_diffusion_0.3_swap_recovery_12,24,0.6476106925712561,512
1,index_cued_first_diffusion_0.3_swap_recovery_12,26,0.8234727729330849,512
1,index_cued_first_diffusion_0.3_swap_recovery_12,56,1.8991045077011028,512
1,index_cued_first_diffusion_0.3_swap_recovery_12,119,1.554522049113909,512
1,index_cued_first_diffusion_0.3_swap_recovery_12,121,2.3628782309087377,512
1,index_cued_first_diffusion_0.3_swap_recovery_12,148,1.8568278182226121,512
1,index_cued_first_diffusion_0.3_swap_recovery_12,180,0.9918687452028974,512
1,index_cued_first_diffusion_0.3_swap_recovery_12,195,1.585470060315299,512
1,index_cued_first_diffusion_0.3_swap_recovery_12,205,0.5570335998715327,512
1,index_cued_first_diffusion_0.3_swap_recovery_12,209,2.5874287016691007,512
1,index_cued_first_diffusion_0.3_swap_recovery_12,212,2.2946772443183354,512
1,index_cued_first_diffusion_0.3_swap_recovery_12,217,0.947504745733141,512
1,index_cued_first_diffusion_0.3_swap_recovery_12,226,0.7237485372010957,512
1,index_cued_first_diffusion_0.3_swap_recovery_12,238,0.4262041539791935,512
1,index_cued_first_diffusion_0.3_swap_recovery_12,277,1.915095597737908,512
1,index_cued_first_diffusion_0.3_swap_recovery_13,23,0.7243073604345606,512
1,index_cued_first_diffusion_0.3_swap_recovery_13,24,0.556019672179161,512
1,index_cued_first_diffusion_0.3_swap_recovery_13,26,0.7029455907811688,512
1,index_cued_first_diffusion_0.3_swap_recovery_13,56,1.300604821244181,512
1,index_cued_first_diffusion_0.3_swap_recovery_13,119,1.3623917595953379,512
1,index_cued_first_diffusion_0.3_swap_recovery_13,121,1.5380906419160003,512
1,index_cued_first_diffusion_0.3_swap_recovery_13,148,1.246394667318075,512
1,index_cued_first_diffusion_0.3_swap_recovery_13,180,0.9265328598625361,512
1,index_cued_first_diffusion_0.3_swap_recovery_13,195,0.965086243023026,512
1,index_cued_first_diffusion_0.3_swap_recovery_13,205,1.0392525474959924,512
1,index_cued_first_diffusion_0.3_swap_recovery_13,209,1.1365718935556068,512
1,index_cued_first_diffusion_0.3_swap_recovery_13,212,1.2346873880642701,512
1,index_cued_first_diffusion_0.3_swap_recovery_13,217,1.0036589658858641,512
1,index_cued_first_diffusion_0.3_swap_recovery_13,226,1.3327574754039124,512
1,index_cued_first_diffusion_0.3_swap_recovery_13,238,0.9763162119792389,512
1,index_cued_first_diffusion_0.3_swap_recovery_13,277,0.7607667618537457,512
2,index_cued_first_diffusion_0.3_swap_recovery_0,23,1.3794531910321628,512
2,index_cued_first_diffusion_0.3_swap_recovery_0,24,0.4904355756256369,512
2,index_cued_first_diffusion_0.3_swap_recovery_0,26,0.33933651336450876,512
2,index_cued_first_diffusion_0.3_swap_recovery_0,56,0.8693659102512437,512
2,index_cued_first_diffusion_0.3_swap_recovery_0,119,1.0223621078028575,512
2,index_cued_first_diffusion_0.3_swap_recovery_0,121,1.74284998067028,512
2,index_cued_first_diffusion_0.3_swap_recovery_0,148,1.018990353211131,512
2,index_cued_first_diffusion_0.3_swap_recovery_0,180,1.2378038223585515,512
2,index_cued_first_diffusion_0.3_swap_recovery_0,195,0.9179129697125262,512
2,index_cued_first_diffusion_0.3_swap_recovery_0,205,1.3835503653919954,512
2,index_cued_first_diffusion_0.3_swap_recovery_0,209,0.7115277622711875,512
2,index_cued_first_diffusion_0.3_swap_recovery_0,212,2.5771110795209458,512
2,index_cued_first_diffusion_0.3_swap_recovery_0,217,1.88217374829996,512
2,index_cued_first_diffusion_0.3_swap_recovery_0,226,0.9991809565935761,512
2,index_cued_first_diffusion_0.3_swap_recovery_0,238,0.9054854973352113,512
2,index_cued_first_diffusion_0.3_swap_recovery_0,277,1.4736834176071971,512
2,index_cued_first_diffusion_0.3_swap_recovery_1,23,1.1337170502050689,512
2,index_cued_first_diffusion_0.3_swap_recovery_1,24,2.8137592780989227,512
2,index_cued_first_diffusion_0.3_swap_recovery_1,26,8.490954185763746,512
2,index_cued_first_diffusion_0.3_swap_recovery_1,56,2.8288963169465813,512
2,index_cued_first_diffusion_0.3_swap_recovery_1,119,1.5831730041434793,512
2,index_cued_first_diffusion_0.3_swap_recovery_1,121,0.6695086358342939,512
2,index_cued_first_diffusion_0.3_swap_recovery_1,148,1.6667335901636169,512
2,index_cued_first_diffusion_0.3_swap_recovery_1,180,18.99923403509743,512
2,index_cued_first_diffusion_0.3_swap_recovery_1,195,2.2199379887375312,512
2,index_cued_first_diffusion_0.3_swap_recovery_1,205,2.0821727443326408,512
2,index_cued_first_diffusion_0.3_swap_recovery_1,209,2.552154696926814,512
2,index_cued_first_diffusion_0.3_swap_recovery_1,212,1.056101810140832,512
2,index_cued_first_diffusion_0.3_swap_recovery_1,217,2.157874380321675,512
2,index_cued_first_diffusion_0.3_swap_recovery_1,226,0.8099266752037426,512
2,index_cued_first_diffusion_0.3_swap_recovery_1,238,0.9503876988537507,512
2,index_cued_first_diffusion_0.3_swap_recovery_1,277,1.0420191802861969,512
2,index_cued_first_diffusion_0.3_swap_recovery_2,23,0.07871407777935815,512
2,index_cued_first_diffusion_0.3_swap_recovery_2,24,0.2858423761412717,512
2,index_cued_first_diffusion_0.3_swap_recovery_2,26,0.26174459089076635,512
2,index_cued_first_diffusion_0.3_swap_recovery_2,56,0.8509234286389731,512
2,index_cued_first_diffusion_0.3_swap_recovery_2,119,0.11805042656434601,512
2,index_cued_first_diffusion_0.3_swap_recovery_2,121,0.07738847883967774,512
2,index_cued_first_diffusion_0.3_swap_recovery_2,148,0.7168579256863066,512
2,index_cued_first_diffusion_0.3_swap_recovery_2,180,0.20791727211889816,512
2,index_cued_first_diffusion_0.3_swap_recovery_2,195,0.3673857889738523,512
2,index_cued_first_diffusion_0.3_swap_recovery_2,205,1.1821878790768579,512
2,index_cued_first_diffusion_0.3_swap_recovery_2,209,0.03121250048458931,512
2,index_cued_first_diffusion_0.3_swap_recovery_2,212,2.7583315752388056,512
2,index_cued_first_diffusion_0.3_swap_recovery_2,217,1.142408448748133,512
2,index_cued_first_diffusion_0.3_swap_recovery_2,226,0.17565782521098994,512
2,index_cued_first_diffusion_0.3_swap_recovery_2,238,0.1296440664176916,512
2,index_cued_first_diffusion_0.3_swap_recovery_2,277,0.2896893153514747,512
2,index_cued_first_diffusion_0.3_swap_recovery_3,23,1.3955689103778572,512
2,index_cued_first_diffusion_0.3_swap_recovery_3,24,0.5407849213555072,512
2,index_cued_first_diffusion_0.3_swap_recovery_3,26,0.33793652924254297,512
2,index_cued_first_diffusion_0.3_swap_recovery_3,56,0.8663290177709471,512
2,index_cued_first_diffusion_0.3_swap_recovery_3,119,0.9289917326731871,512
2,index_cued_first_diffusion_0.3_swap_recovery_3,121,1.7794099370308305,512
2,index_cued_first_diffusion_0.3_swap_recovery_3,148,1.0146128375046342,512
2,index_cued_first_diffusion_0.3_swap_recovery_3,180,1.242230818461863,512
2,index_cued_first_diffusion_0.3_swap_recovery_3,195,0.9695511319573829,512
2,index_cued_first_diffusion_0.3_swap_recovery_3,205,1.3718214652543819,512
2,index_cued_first_diffusion_0.3_swap_recovery_3,209,0.8957053612666176,512
2,index_cued_first_diffusion_0.3_swap_recovery_3,212,2.6279718422136313,512
2,index_cued_first_diffusion_0.3_swap_recovery_3,217,1.9302639369748928,512
2,index_cued_first_diffusion_0.3_swap_recovery_3,226,1.0367000152560903,512
2,index_cued_first_diffusion_0.3_swap_recovery_3,238,0.8988765545625198,512
2,index_cued_first_diffusion_0.3_swap_recovery_3,277,1.487036965125958,512
2,index_cued_first_diffusion_0.3_swap_recovery_4,23,2.462047047822496,512
2,index_cued_first_diffusion_0.3_swap_recovery_4,24,1.7076579592360326,512
2,index_cued_first_diffusion_0.3_swap_recovery_4,26,2.8423256760965065,512
2,index_cued_first_diffusion_0.3_swap_recovery_4,56,2.337774155679462,512
2,index_cued_first_diffusion_0.3_swap_recovery_4,119,0.677905143423275,512
2,index_cued_first_diffusion_0.3_swap_recovery_4,121,2.4961180520391464,512
2,index_cued_first_diffusion_0.3_swap_recovery_4,148,1.5640538505735675,512
2,index_cued_first_diffusion_0.3_swap_recovery_4,180,1.6513900061162952,512
2,index_cued_first_diffusion_0.3_swap_recovery_4,195,3.4236701776566854,512
2,index_cued_first_diffusion_0.3_swap_recovery_4,205,2.8488683719844485,512
2,index_cued_first_diffusion_0.3_swap_recovery_4,209,2.8184785702668047,512
2,index_cued_first_diffusion_0.3_swap_recovery_4,212,1.8842936600856588,512
2,index_cued_first_diffusion_0.3_swap_recovery_4,217,2.4844019748429194,512
2,index_cued_first_diffusion_0.3_swap_recovery_4,226,1.1495645137754562,512
2,index_cued_first_diffusion_0.3_swap_recovery_4,238,0.9977434612439566,512
2,index_cued_first_diffusion_0.3_swap_recovery_4,277,2.6097295321378087,512
2,index_cued_first_diffusion_0.3_swap_recovery_5,23,1.0248033097743503,512
2,index_cued_first_diffusion_0.3_swap_recovery_5,24,4.399546861797343,512
2,index_cued_first_diffusion_0.3_swap_recovery_5,26,9.447656747292053,512
2,index_cued_first_diffusion_0.3_swap_recovery_5,56,2.376026791792702,512
2,index_cued_first_diffusion_0.3_swap_recovery_5,119,1.3754276565684318,512
2,index_cued_first_diffusion_0.3_swap_recovery_5,121,0.39540043542211895,512
2,index_cued_first_diffusion_0.3_swap_recovery_5,148,1.8551832449563448,512
2,index_cued_first_diffusion_0.3_swap_recovery_5,180,3.996243451744851,512
2,index_cued_first_diffusion_0.3_swap_recovery_5,195,2.6948493695613225,512
2,index_cued_first_diffusion_0.3_swap_recovery_5,205,2.214465706598763,512
2,index_cued_first_diffusion_0.3_swap_recovery_5,209,2.805553207740923,512
2,index_cued_first_diffusion_0.3_swap_recovery_5,212,0.6337868926960065,512
2,index_cued_first_diffusion_0.3_swap_recovery_5,217,2.233264741421936,512
2,index_cued_first_diffusion_0.3_swap_recovery_5,226,0.6684759642232779,512
2,index_cued_first_diffusion_0.3_swap_recovery_5,238,1.0952014352756128,512
2,index_cued_first_diffusion_0.3_swap_recovery_5,277,0.9585853408601956,512
2,index_cued_first_diffusion_0.3_swap_recovery_6,23,1.003379777775109,512
2,index_cued_first_diffusion_0.3_swap_recovery_6,24,2.9050138592336285,512
2,index_cued_first_diffusion_0.3_swap_recovery_6,26,11.15669434604103,512
2,index_cued_first_diffusion_0.3_swap_recovery_6,56,2.495011417849198,512
2,index_cued_first_diffusion_0.3_swap_recovery_6,119,1.1223898868992372,512
2,index_cued_first_diffusion_0.3_swap_recovery_6,121,0.46371949436227566,512
2,index_cued_first_diffusion_0.3_swap_recovery_6,148,1.7771657954917606,512
2,index_cued_first_diffusion_0.3_swap_recovery_6,180,5.297897467094094,512
2,index_cued_first_diffusion_0.3_swap_recovery_6,195,2.5702860679117427,512
2,index_cued_first_diffusion_0.3_swap_recovery_6,205,2.2840753759250387,512
2,index_cued_first_diffusion_0.3_swap_recovery_6,209,2.788422850162159,512
2,index_cued_first_diffusion_0.3_swap_recovery_6,212,0.8367135160999459,512
2,index_cued_first_diffusion_0.3_swap_recovery_6,217,2.2764949300337527,512
2,index_cued_first_diffusion_0.3_swap_recovery_6,226,0.6981354693984956,512
2,index_cued_first_diffusion_0.3_swap_recovery_6,238,1.0387821893418248,512
2,index_cued_first_diffusion_0.3_swap_recovery_6,277,0.9202849512869995,512
2,index_cued_first_diffusion_0.3_swap_recovery_7,23,2.5023003815896336,512
2,index_cued_first_diffusion_0.3_swap_recovery_7,24,1.7274979731650286,512
2,index_cued_first_diffusion_0.3_swap_recovery_7,26,2.9091550463739067,512
2,index_cued_first_diffusion_0.3_swap_recovery_7,56,2.3467012905183937,512
2,index_cued_first_diffusion_0.3_swap_recovery_7,119,0.6775425124025192,512
2,index_cued_first_diffusion_0.3_swap_recovery_7,121,2.515130983783712,512
2,index_cued_first_diffusion_0.3_swap_recovery_7,148,1.5510367123106548,512
2,index_cued_first_diffusion_0.3_swap_recovery_7,180,1.7103385766372932,512
2,index_cued_first_diffusion_0.3_swap_recovery_7,195,3.428436326348514,512
2,index_cued_first_diffusion_0.3_swap_recovery_7,205,2.8203592956599755,512
2,index_cued_first_diffusion_0.3_swap_recovery_7,209,2.8353106157071575,512
2,index_cued_first_diffusion_0.3_swap_recovery_7,212,1.9024391201017763,512
2,index_cued_first_diffusion_0.3_swap_recovery_7,217,2.5580172622033874,512
2,index_cued_first_diffusion_0.3_swap_recovery_7,226,1.1456548230658208,512
2,index_cued_first_diffusion_0.3_swap_recovery_7,238,0.9925077167993719,512
2,index_cued_first_diffusion_0.3_swap_recovery_7,277,2.5792673559858774,512
2,index_cued_first_diffusion_0.3_swap_recovery_8,23,1.394885784901899,512
2,index_cued_first_diffusion_0.3_swap_recovery_8,24,0.47538746499726725,512
2,index_cued_first_diffusion_0.3_swap_recovery_8,26,0.35021566680029725,512
2,index_cued_first_diffusion_0.3_swap_recovery_8,56,0.6989749123828806,512
2,index_cued_first_diffusion_0.3_swap_recovery_8,119,1.3592092308216541,512
2,index_cued_first_diffusion_0.3_swap_recovery_8,121,1.7401551112115863,512
2,index_cued_first_diffusion_0.3_swap_recovery_8,148,1.0138102062956518,512
2,index_cued_first_diffusion_0.3_swap_recovery_8,180,1.2327123120674008,512
2,index_cued_first_diffusion_0.3_swap_recovery_8,195,1.2476193058643283,512
2,index_cued_first_diffusion_0.3_swap_recovery_8,205,1.3975966428859896,512
2,index_cued_first_diffusion_0.3_swap_recovery_8,209,0.7360167997597918,512
2,index_cued_first_diffusion_0.3_swap_recovery_8,212,2.531613304839481,512
2,index_cued_first_diffusion_0.3_swap_recovery_8,217,1.855562358442476,512
2,index_cued_first_diffusion_0.3_swap_recovery_8,226,0.999317329264065,512
2,index_cued_first_diffusion_0.3_swap_recovery_8,238,0.7539863914814788,512
2,index_cued_first_diffusion_0.3_swap_recovery_8,277,1.4634745106426021,512
2,index_cued_first_diffusion_0.3_swap_recovery_9,23,0.4384861939361422,512
2,index_cued_first_diffusion_0.3_swap_recovery_9,24,0.6574224972890969,512
2,index_cued_first_diffusion_0.3_swap_recovery_9,26,0.7653995578826631,512
2,index_cued_first_diffusion_0.3_swap_recovery_9,56,2.0161841408967867,512
2,index_cued_first_diffusion_0.3_swap_recovery_9,119,0.8149295200604731,512
2,index_cued_first_diffusion_0.3_swap_recovery_9,121,1.0800895490816862,512
2,index_cued_first_diffusion_0.3_swap_recovery_9,148,1.3375057345578871,512
2,index_cued_first_diffusion_0.3_swap_recovery_9,180,0.897587672853155,512
2,index_cued_first_diffusion_0.3_swap_recovery_9,195,1.7437269948892573,512
2,index_cued_first_diffusion_0.3_swap_recovery_9,205,1.6677567062874257,512
2,index_cued_first_diffusion_0.3_swap_recovery_9,209,2.098214663947126,512
2,index_cued_first_diffusion_0.3_swap_recovery_9,212,1.2304398970746513,512
2,index_cued_first_diffusion_0.3_swap_recovery_9,217,1.7461310772055827,512
2,index_cued_first_diffusion_0.3_swap_recovery_9,226,0.8994997600719613,512
2,index_cued_first_diffusion_0.3_swap_recovery_9,238,0.5859498871020401,512
2,index_cued_first_diffusion_0.3_swap_recovery_9,277,0.44429456365839615,512
2,index_cued_first_diffusion_0.3_swap_recovery_10,23,0.4666420674937884,512
2,index_cued_first_diffusion_0.3_swap_recovery_10,24,1.1901009661951667,512
2,index_cued_first_diffusion_0.3_swap_recovery_10,26,1.707835320906172,512
2,index_cued_first_diffusion_0.3_swap_recovery_10,56,2.1879714107722372,512
2,index_cued_first_diffusion_0.3_swap_recovery_10,119,0.7871626408251692,512
2,index_cued_first_diffusion_0.3_swap_recovery_10,121,1.0085451756856347,512
2,index_cued_first_diffusion_0.3_swap_recovery_10,148,1.3879101304095198,512
2,index_cued_first_diffusion_0.3_swap_recovery_10,180,1.3678775904045517,512
2,index_cued_first_diffusion_0.3_swap_recovery_10,195,1.3644965858237637,512
2,index_cued_first_diffusion_0.3_swap_recovery_10,205,1.2074003733140786,512
2,index_cued_first_diffusion_0.3_swap_recovery_10,209,1.468055580888371,512
2,index_cued_first_diffusion_0.3_swap_recovery_10,212,1.5483419769407372,512
2,index_cued_first_diffusion_0.3_swap_recovery_10,217,1.4687496975027465,512
2,index_cued_first_diffusion_0.3_swap_recovery_10,226,1.6757473749520202,512
2,index_cued_first_diffusion_0.3_swap_recovery_10,238,1.780964012758555,512
2,index_cued_first_diffusion_0.3_swap_recovery_10,277,0.280174021754271,512
2,index_cued_first_diffusion_0.3_swap_recovery_11,23,0.3155762931481306,512
2,index_cued_first_diffusion_0.3_swap_recovery_11,24,0.599985059838622,512
2,index_cued_first_diffusion_0.3_swap_recovery_11,26,0.8589461804438507,512
2,index_cued_first_diffusion_0.3_swap_recovery_11,56,1.0834150279612775,512
2,index_cued_first_diffusion_0.3_swap_recovery_11,119,0.6237270444203389,512
2,index_cued_first_diffusion_0.3_swap_recovery_11,121,0.5886652463588689,512
2,index_cued_first_diffusion_0.3_swap_recovery_11,148,0.5006767373376119,512
2,index_cued_first_diffusion_0.3_swap_recovery_11,180,1.0578449905741016,512
2,index_cued_first_diffusion_0.3_swap_recovery_11,195,0.6175605108580073,512
2,index_cued_first_diffusion_0.3_swap_recovery_11,205,0.2352450516245886,512
2,index_cued_first_diffusion_0.3_swap_recovery_11,209,0.5591978603504897,512
2,index_cued_first_diffusion_0.3_swap_recovery_11,212,2.32191235803187,512
2,index_cued_first_diffusion_0.3_swap_recovery_11,217,1.0092716238567678,512
2,index_cued_first_diffusion_0.3_swap_recovery_11,226,1.4298502011535974,512
2,index_cued_first_diffusion_0.3_swap_recovery_11,238,1.151046399722618,512
2,index_cued_first_diffusion_0.3_swap_recovery_11,277,0.27315955788199214,512
2,index_cued_first_diffusion_0.3_swap_recovery_12,23,0.4141294240273696,512
2,index_cued_first_diffusion_0.3_swap_recovery_12,24,0.6451055042798209,512
2,index_cued_first_diffusion_0.3_swap_recovery_12,26,0.8068804634311078,512
2,index_cued_first_diffusion_0.3_swap_recovery_12,56,1.9636380613243416,512
2,index_cued_first_diffusion_0.3_swap_recovery_12,119,0.8072609385836187,512
2,index_cued_first_diffusion_0.3_swap_recovery_12,121,1.1255937397987719,512
2,index_cued_first_diffusion_0.3_swap_recovery_12,148,1.3549117766646366,512
2,index_cued_first_diffusion_0.3_swap_recovery_12,180,0.7905679549751414,512
2,index_cued_first_diffusion_0.3_swap_recovery_12,195,1.847730965963679,512
2,index_cued_first_diffusion_0.3_swap_recovery_12,205,1.6890226648387314,512
2,index_cued_first_diffusion_0.3_swap_recovery_12,209,2.157326932322994,512
2,index_cued_first_diffusion_0.3_swap_recovery_12,212,1.2295774586520811,512
2,index_cued_first_diffusion_0.3_swap_recovery_12,217,1.7370118964264543,512
2,index_cued_first_diffusion_0.3_swap_recovery_12,226,1.01825517503306,512
2,index_cued_first_diffusion_0.3_swap_recovery_12,238,0.5314778663161419,512
2,index_cued_first_diffusion_0.3_swap_recovery_12,277,0.44896797532588556,512
2,index_cued_first_diffusion_0.3_swap_recovery_13,23,0.8178948516474223,512
2,index_cued_first_diffusion_0.3_swap_recovery_13,24,0.2559942198229909,512
2,index_cued_first_diffusion_0.3_swap_recovery_13,26,0.6890118663120706,512
2,index_cued_first_diffusion_0.3_swap_recovery_13,56,1.3556350424808767,512
2,index_cued_first_diffusion_0.3_swap_recovery_13,119,0.6468063362791521,512
2,index_cued_first_diffusion_0.3_swap_recovery_13,121,0.9576474120825378,512
2,index_cued_first_diffusion_0.3_swap_recovery_13,148,0.5745870688452226,512
2,index_cued_first_diffusion_0.3_swap_recovery_13,180,0.4485957821116861,512
2,index_cued_first_diffusion_0.3_swap_recovery_13,195,0.9927705584517392,512
2,index_cued_first_diffusion_0.3_swap_recovery_13,205,1.9821267433145637,512
2,index_cued_first_diffusion_0.3_swap_recovery_13,209,0.7865254245646174,512
2,index_cued_first_diffusion_0.3_swap_recovery_13,212,1.884111561288503,512
2,index_cued_first_diffusion_0.3_swap_recovery_13,217,1.5038294034612782,512
2,index_cued_first_diffusion_0.3_swap_recovery_13,226,0.7413223344633312,512
2,index_cued_first_diffusion_0.3_swap_recovery_13,238,0.5146036870148094,512
2,index_cued_first_diffusion_0.3_swap_recovery_13,277,0.910716192901472,512
3,index_cued_first_diffusion_0.3_swap_recovery_0,23,1.1776787394869033,512
3,index_cued_first_diffusion_0.3_swap_recovery_0,24,0.7117595306236817,512
3,index_cued_first_diffusion_0.3_swap_recovery_0,26,0.7657139278461162,512
3,index_cued_first_diffusion_0.3_swap_recovery_0,56,0.8868987826314025,512
3,index_cued_first_diffusion_0.3_swap_recovery_0,119,1.2562739274931238,512
3,index_cued_first_diffusion_0.3_swap_recovery_0,121,1.6282523175761874,512
3,index_cued_first_diffusion_0.3_swap_recovery_0,148,1.1230164264740363,512
3,index_cued_first_diffusion_0.3_swap_recovery_0,180,1.2385814466776044,512
3,index_cued_first_diffusion_0.3_swap_recovery_0,195,0.8840838845851884,512
3,index_cued_first_diffusion_0.3_swap_recovery_0,205,1.2481235952977965,512
3,index_cued_first_diffusion_0.3_swap_recovery_0,209,0.6345612680197079,512
3,index_cued_first_diffusion_0.3_swap_recovery_0,212,0.7638207524699188,512
3,index_cued_first_diffusion_0.3_swap_recovery_0,217,1.3832873797909175,512
3,index_cued_first_diffusion_0.3_swap_recovery_0,226,1.7498405165705022,512
3,index_cued_first_diffusion_0.3_swap_recovery_0,238,1.34955845698106,512
3,index_cued_first_diffusion_0.3_swap_recovery_0,277,70.58861067726332,512
3,index_cued_first_diffusion_0.3_swap_recovery_1,23,1.1536025057923798,512
3,index_cued_first_diffusion_0.3_swap_recovery_1,24,2.6163293427157814,512
3,index_cued_first_diffusion_0.3_swap_recovery_1,26,8.483468945036718,512
3,index_cued_first_diffusion_0.3_swap_recovery_1,56,2.7338017758340456,512
3,index_cued_first_diffusion_0.3_swap_recovery_1,119,1.7319724574807327,512
3,index_cued_first_diffusion_0.3_swap_recovery_1,121,0.8392894217316471,512
3,index_cued_first_diffusion_0.3_swap_recovery_1,148,1.9733981151901945,512
3,index_cued_first_diffusion_0.3_swap_recovery_1,180,21.904163043753215,512
3,index_cued_first_diffusion_0.3_swap_recovery_1,195,2.0420355237915184,512
3,index_cued_first_diffusion_0.3_swap_recovery_1,205,2.341339246204257,512
3,index_cued_first_diffusion_0.3_swap_recovery_1,209,2.79773944436121,512
3,index_cued_first_diffusion_0.3_swap_recovery_1,212,2.6700145444298484,512
3,index_cued_first_diffusion_0.3_swap_recovery_1,217,2.108305210235182,512
3,index_cued_first_diffusion_0.3_swap_recovery_1,226,1.7607179780306674,512
3,index_cued_first_diffusion_0.3_swap_recovery_1,238,1.4789949847382666,512
3,index_cued_first_diffusion_0.3_swap_recovery_1,277,70.04759119775562,512
3,index_cued_first_diffusion_0.3_swap_recovery_2,23,0.32847287959260024,512
3,index_cued_first_diffusion_0.3_swap_recovery_2,24,0.4748683725582217,512
3,index_cued_first_diffusion_0.3_swap_recovery_2,26,0.6086160331010295,512
3,index_cued_first_diffusion_0.3_swap_recovery_2,56,1.1010962425047774,512
3,index_cued_first_diffusion_0.3_swap_recovery_2,119,0.5546453648884784,512
3,index_cued_first_diffusion_0.3_swap_recovery_2,121,0.5445120469449776,512
3,index_cued_first_diffusion_0.3_swap_recovery_2,148,0.484207661512737,512
3,index_cued_first_diffusion_0.3_swap_recovery_2,180,1.4823546241529364,512
3,index_cued_first_diffusion_0.3_swap_recovery_2,195,0.4073296948123797,512
3,index_cued_first_diffusion_0.3_swap_recovery_2,205,1.0679199434662272,512
3,index_cued_first_diffusion_0.3_swap_recovery_2,209,0.5399027244196499,512
3,index_cued_first_diffusion_0.3_swap_recovery_2,212,1.230558035563384,512
3,index_cued_first_diffusion_0.3_swap_recovery_2,217,1.4832548940538,512
3,index_cued_first_diffusion_0.3_swap_recovery_2,226,1.451209393917749,512
3,index_cued_first_diffusion_0.3_swap_recovery_2,238,1.1347630459956837,512
3,index_cued_first_diffusion_0.3_swap_recovery_2,277,69.51655342603215,512
3,index_cued_first_diffusion_0.3_swap_recovery_3,23,1.2244881800671317,512
3,index_cued_first_diffusion_0.3_swap_recovery_3,24,0.6377394653361916,512
3,index_cued_first_diffusion_0.3_swap_recovery_3,26,0.7363415288211042,512
3,index_cued_first_diffusion_0.3_swap_recovery_3,56,0.8957822722515647,512
3,index_cued_first_diffusion_0.3_swap_recovery_3,119,1.181997004357552,512
3,index_cued_first_diffusion_0.3_swap_recovery_3,121,1.5910456379928752,512
3,index_cued_first_diffusion_0.3_swap_recovery_3,148,1.1185968667577673,512
3,index_cued_first_diffusion_0.3_swap_recovery_3,180,1.2246201714527136,512
3,index_cued_first_diffusion_0.3_swap_recovery_3,195,0.9469075466931884,512
3,index_cued_first_diffusion_0.3_swap_recovery_3,205,1.2271218963104538,512
3,index_cued_first_diffusion_0.3_swap_recovery_3,209,0.8233465301823552,512
3,index_cued_first_diffusion_0.3_swap_recovery_3,212,0.78844651455075,512
3,index_cued_first_diffusion_0.3_swap_recovery_3,217,1.3838375452554685,512
3,index_cued_first_diffusion_0.3_swap_recovery_3,226,1.8029102128936534,512
3,index_cued_first_diffusion_0.3_swap_recovery_3,238,1.3621548238802599,512
3,index_cued_first_diffusion_0.3_swap_recovery_3,277,70.61566992176438,512
3,index_cued_first_diffusion_0.3_swap_recovery_4,23,2.2903302029857042,512
3,index_cued_first_diffusion_0.3_swap_recovery_4,24,1.536196864849635,512
3,index_cued_first_diffusion_0.3_swap_recovery_4,26,2.600313367645853,512
3,index_cued_first_diffusion_0.3_swap_recovery_4,56,2.12127672309706,512
3,index_cued_first_diffusion_0.3_swap_recovery_4,119,0.14764058958536103,512
3,index_cued_first_diffusion_0.3_swap_recovery_4,121,2.2829048061569646,512
3,index_cued_first_diffusion_0.3_swap_recovery_4,148,1.7504355308238249,512
3,index_cued_first_diffusion_0.3_swap_recovery_4,180,1.2390658519950637,512
3,index_cued_first_diffusion_0.3_swap_recovery_4,195,3.0800417054464995,512
3,index_cued_first_diffusion_0.3_swap_recovery_4,205,3.1791876453384744,512
3,index_cued_first_diffusion_0.3_swap_recovery_4,209,2.7567171844476985,512
3,index_cued_first_diffusion_0.3_swap_recovery_4,212,1.9871379221121588,512
3,index_cued_first_diffusion_0.3_swap_recovery_4,217,2.9080066165072793,512
3,index_cued_first_diffusion_0.3_swap_recovery_4,226,1.952679309089155,512
3,index_cued_first_diffusion_0.3_swap_recovery_4,238,1.3862055338517991,512
3,index_cued_first_diffusion_0.3_swap_recovery_4,277,71.76973477879297,512
3,index_cued_first_diffusion_0.3_swap_recovery_5,23,1.023421459957377,512
3,index_cued_first_diffusion_0.3_swap_recovery_5,24,4.19265280115197,512
3,index_cued_first_diffusion_0.3_swap_recovery_5,26,9.397736124862835,512
3,index_cued_first_diffusion_0.3_swap_recovery_5,56,2.391187007863654,512
3,index_cued_first_diffusion_0.3_swap_recovery_5,119,1.524984718906481,512
3,index_cued_first_diffusion_0.3_swap_recovery_5,121,0.7178796771758128,512
3,index_cued_first_diffusion_0.3_swap_recovery_5,148,2.2805239939974635,512
3,index_cued_first_diffusion_0.3_swap_recovery_5,180,5.561753705854997,512
3,index_cued_first_diffusion_0.3_swap_recovery_5,195,2.370094849020872,512
3,index_cued_first_diffusion_0.3_swap_recovery_5,205,2.466675662950662,512
3,index_cued_first_diffusion_0.3_swap_recovery_5,209,2.991165665686224,512
3,index_cued_first_diffusion_0.3_swap_recovery_5,212,2.617638221383566,512
3,index_cued_first_diffusion_0.3_swap_recovery_5,217,2.2227401762595904,512
3,index_cued_first_diffusion_0.3_swap_recovery_5,226,1.8240500058134725,512
3,index_cued_first_diffusion_0.3_swap_recovery_5,238,1.6644279414658878,512
3,index_cued_first_diffusion_0.3_swap_recovery_5,277,69.97012512137947,512
3,index_cued_first_diffusion_0.3_swap_recovery_6,23,1.000964838875659,512
3,index_cued_first_diffusion_0.3_swap_recovery_6,24,2.6788694165500315,512
3,index_cued_first_diffusion_0.3_swap_recovery_6,26,11.091930377351463,512
3,index_cued_first_diffusion_0.3_swap_recovery_6,56,2.4743515783254963,512
3,index_cued_first_diffusion_0.3_swap_recovery_6,119,1.2526464553984389,512
3,index_cued_first_diffusion_0.3_swap_recovery_6,121,0.9007460890160444,512
3,index_cued_first_diffusion_0.3_swap_recovery_6,148,2.197445438808292,512
3,index_cued_first_diffusion_0.3_swap_recovery_6,180,6.982350600726109,512
3,index_cued_first_diffusion_0.3_swap_recovery_6,195,2.287279006212162,512
3,index_cued_first_diffusion_0.3_swap_recovery_6,205,2.5478329902065227,512
3,index_cued_first_diffusion_0.3_swap_recovery_6,209,2.9685084199484524,512
3,index_cued_first_diffusion_0.3_swap_recovery_6,212,2.6248618970219293,512
3,index_cued_first_diffusion_0.3_swap_recovery_6,217,2.276692060446015,512
3,index_cued_first_diffusion_0.3_swap_recovery_6,226,1.7704178102680062,512
3,index_cued_first_diffusion_0.3_swap_recovery_6,238,1.5631858858992385,512
3,index_cued_first_diffusion_0.3_swap_recovery_6,277,69.93153358970218,512
3,index_cued_first_diffusion_0.3_swap_recovery_7,23,2.3204177487721975,512
3,index_cued_first_diffusion_0.3_swap_recovery_7,24,1.5617724949670728,512
3,index_cued_first_diffusion_0.3_swap_recovery_7,26,2.652289931999918,512
3,index_cued_first_diffusion_0.3_swap_recovery_7,56,2.1164941896310823,512
3,index_cued_first_diffusion_0.3_swap_recovery_7,119,0.14732108468483507,512
3,index_cued_first_diffusion_0.3_swap_recovery_7,121,2.3065979455295564,512
3,index_cued_first_diffusion_0.3_swap_recovery_7,148,1.733768243585728,512
3,index_cued_first_diffusion_0.3_swap_recovery_7,180,1.228341698331271,512
3,index_cued_first_diffusion_0.3_swap_recovery_7,195,3.0826152824267132,512
3,index_cued_first_diffusion_0.3_swap_recovery_7,205,3.148061059403523,512
3,index_cued_first_diffusion_0.3_swap_recovery_7,209,2.7724291659457148,512
3,index_cued_first_diffusion_0.3_swap_recovery_7,212,1.998989156682537,512
3,index_cued_first_diffusion_0.3_swap_recovery_7,217,2.9866244870043657,512
3,index_cued_first_diffusion_0.3_swap_recovery_7,226,1.9553990790296714,512
3,index_cued_first_diffusion_0.3_swap_recovery_7,238,1.3845557395219643,512
3,index_cued_first_diffusion_0.3_swap_recovery_7,277,71.74015452317641,512
3,index_cued_first_diffusion_0.3_swap_recovery_8,23,1.2688544255973315,512
3,index_cued_first_diffusion_0.3_swap_recovery_8,24,0.6690628758133618,512
3,index_cued_first_diffusion_0.3_swap_recovery_8,26,0.7396652428697218,512
3,index_cued_first_diffusion_0.3_swap_recovery_8,56,0.8257131956937932,512
3,index_cued_first_diffusion_0.3_swap_recovery_8,119,1.5543663939133752,512
3,index_cued_first_diffusion_0.3_swap_recovery_8,121,1.7081153957629356,512
3,index_cued_first_diffusion_0.3_swap_recovery_8,148,1.1222771721747207,512
3,index_cued_first_diffusion_0.3_swap_recovery_8,180,1.2005861283246602,512
3,index_cued_first_diffusion_0.3_swap_recovery_8,195,0.9741646244205979,512
3,index_cued_first_diffusion_0.3_swap_recovery_8,205,1.264011172656101,512
3,index_cued_first_diffusion_0.3_swap_recovery_8,209,0.6715766414471294,512
3,index_cued_first_diffusion_0.3_swap_recovery_8,212,0.749496176676223,512
3,index_cued_first_diffusion_0.3_swap_recovery_8,217,1.479796325679612,512
3,index_cued_first_diffusion_0.3_swap_recovery_8,226,1.5668931377770374,512
3,index_cued_first_diffusion_0.3_swap_recovery_8,238,1.344749342017019,512
3,index_cued_first_diffusion_0.3_swap_recovery_8,277,70.61832913883124,512
3,index_cued_first_diffusion_0.3_swap_recovery_9,23,0.5213744244621688,512
3,index_cued_first_diffusion_0.3_swap_recovery_9,24,0.8521276402069349,512
3,index_cued_first_diffusion_0.3_swap_recovery_9,26,1.1097478715746492,512
3,index_cued_first_diffusion_0.3_swap_recovery_9,56,2.46025856347711,512
3,index_cued_first_diffusion_0.3_swap_recovery_9,119,0.4180943311562183,512
3,index_cued_first_diffusion_0.3_swap_recovery_9,121,0.7935923231002121,512
3,index_cued_first_diffusion_0.3_swap_recovery_9,148,1.8356822395735009,512
3,index_cued_first_diffusion_0.3_swap_recovery_9,180,1.5502178211722208,512
3,index_cued_first_diffusion_0.3_swap_recovery_9,195,1.9028027284740268,512
3,index_cued_first_diffusion_0.3_swap_recovery_9,205,1.4814132911807092,512
3,index_cued_first_diffusion_0.3_swap_recovery_9,209,2.396801775090848,512
3,index_cued_first_diffusion_0.3_swap_recovery_9,212,2.0780012004715114,512
3,index_cued_first_diffusion_0.3_swap_recovery_9,217,1.5102201174604342,512
3,index_cued_first_diffusion_0.3_swap_recovery_9,226,1.092818653030338,512
3,index_cued_first_diffusion_0.3_swap_recovery_9,238,0.992302637461481,512
3,index_cued_first_diffusion_0.3_swap_recovery_9,277,69.46390401270168,512
3,index_cued_first_diffusion_0.3_swap_recovery_10,23,0.5577535787903851,512
3,index_cued_first_diffusion_0.3_swap_recovery_10,24,1.200838044288195,512
3,index_cued_first_diffusion_0.3_swap_recovery_10,26,1.8997583500562465,512
3,index_cued_first_diffusion_0.3_swap_recovery_10,56,2.6371833870830668,512
3,index_cued_first_diffusion_0.3_swap_recovery_10,119,0.328765053749571,512
3,index_cued_first_diffusion_0.3_swap_recovery_10,121,0.8607610698135078,512
3,index_cued_first_diffusion_0.3_swap_recovery_10,148,1.6067957025580772,512
3,index_cued_first_diffusion_0.3_swap_recovery_10,180,1.5242265791366747,512
3,index_cued_first_diffusion_0.3_swap_recovery_10,195,1.4761550983195488,512
3,index_cued_first_diffusion_0.3_swap_recovery_10,205,1.275311155612298,512
3,index_cued_first_diffusion_0.3_swap_recovery_10,209,1.7623317204642968,512
3,index_cued_first_diffusion_0.3_swap_recovery_10,212,1.927499219360576,512
3,index_cued_first_diffusion_0.3_swap_recovery_10,217,1.3048746003158427,512
3,index_cued_first_diffusion_0.3_swap_recovery_10,226,1.5809924690506183,512
3,index_cued_first_diffusion_0.3_swap_recovery_10,238,1.5644554216828261,512
3,index_cued_first_diffusion_0.3_swap_recovery_10,277,69.5425905367629,512
3,index_cued_first_diffusion_0.3_swap_recovery_11,23,0.20788219336511948,512
3,index_cued_first_diffusion_0.3_swap_recovery_11,24,0.10814598043314544,512
3,index_cued_first_diffusion_0.3_swap_recovery_11,26,0.6549629424841742,512
3,index_cued_first_diffusion_0.3_swap_recovery_11,56,0.13780696189334754,512
3,index_cued_first_diffusion_0.3_swap_recovery_11,119,0.055114612827990045,512
3,index_cued_first_diffusion_0.3_swap_recovery_11,121,0.08068715586723049,512
3,index_cued_first_diffusion_0.3_swap_recovery_11,148,0.1120272820233069,512
3,index_cued_first_diffusion_0.3_swap_recovery_11,180,0.20366667445226064,512
3,index_cued_first_diffusion_0.3_swap_recovery_11,195,0.06827584146325405,512
3,index_cued_first_diffusion_0.3_swap_recovery_11,205,0.1425680341607712,512
3,index_cued_first_diffusion_0.3_swap_recovery_11,209,0.14752820700678293,512
3,index_cued_first_diffusion_0.3_swap_recovery_11,212,0.36202879417708356,512
3,index_cued_first_diffusion_0.3_swap_recovery_11,217,0.0705745454145055,512
3,index_cued_first_diffusion_0.3_swap_recovery_11,226,0.08611866918289265,512
3,index_cued_first_diffusion_0.3_swap_recovery_11,238,0.14649813674877868,512
3,index_cued_first_diffusion_0.3_swap_recovery_11,277,69.15516164558497,512
3,index_cued_first_diffusion_0.3_swap_recovery_12,23,0.4984948203841527,512
3,index_cued_first_diffusion_0.3_swap_recovery_12,24,0.7923194011821831,512
3,index_cued_first_diffusion_0.3_swap_recovery_12,26,1.1232160411092158,512
3,index_cued_first_diffusion_0.3_swap_recovery_12,56,2.4165218683617415,512
3,index_cued_first_diffusion_0.3_swap_recovery_12,119,0.38515498141688653,512
3,index_cued_first_diffusion_0.3_swap_recovery_12,121,0.7876135860739898,512
3,index_cued_first_diffusion_0.3_swap_recovery_12,148,1.8653034446021817,512
3,index_cued_first_diffusion_0.3_swap_recovery_12,180,1.64268142225218,512
3,index_cued_first_diffusion_0.3_swap_recovery_12,195,1.9838043134036987,512
3,index_cued_first_diffusion_0.3_swap_recovery_12,205,1.5209439032907413,512
3,index_cued_first_diffusion_0.3_swap_recovery_12,209,2.450931618924698,512
3,index_cued_first_diffusion_0.3_swap_recovery_12,212,2.048690660225509,512
3,index_cued_first_diffusion_0.3_swap_recovery_12,217,1.5002508610613567,512
3,index_cued_first_diffusion_0.3_swap_recovery_12,226,1.0614726652519892,512
3,index_cued_first_diffusion_0.3_swap_recovery_12,238,1.034549879384229,512
3,index_cued_first_diffusion_0.3_swap_recovery_12,277,69.45590907934697,512
3,index_cued_first_diffusion_0.3_swap_recovery_13,23,0.6615285718027957,512
3,index_cued_first_diffusion_0.3_swap_recovery_13,24,0.5321660030721144,512
3,index_cued_first_diffusion_0.3_swap_recovery_13,26,0.996285847737405,512
3,index_cued_first_diffusion_0.3_swap_recovery_13,56,0.9869928331885724,512
3,index_cued_first_diffusion_0.3_swap_recovery_13,119,0.4527347862699028,512
3,index_cued_first_diffusion_0.3_swap_recovery_13,121,0.5581710024695496,512
3,index_cued_first_diffusion_0.3_swap_recovery_13,148,0.789270090138314,512
3,index_cued_first_diffusion_0.3_swap_recovery_13,180,1.0604948529448626,512
3,index_cued_first_diffusion_0.3_swap_recovery_13,195,1.1144517270197019,512
3,index_cued_first_diffusion_0.3_swap_recovery_13,205,1.850816601291126,512
3,index_cued_first_diffusion_0.3_swap_recovery_13,209,1.0176166091188215,512
3,index_cued_first_diffusion_0.3_swap_recovery_13,212,1.0580235769783042,512
3,index_cued_first_diffusion_0.3_swap_recovery_13,217,1.6014839707695314,512
3,index_cued_first_diffusion_0.3_swap_recovery_13,226,1.1022518954107008,512
3,index_cued_first_diffusion_0.3_swap_recovery_13,238,0.8679882341403481,512
3,index_cued_first_diffusion_0.3_swap_recovery_13,277,70.02266271265849,512
4,index_cued_first_diffusion_0.3_swap_recovery_0,23,2.113963192913717,512
4,index_cued_first_diffusion_0.3_swap_recovery_0,24,1.2436737844478243,512
4,index_cued_first_diffusion_0.3_swap_recovery_0,26,0.9965300554923863,512
4,index_cued_first_diffusion_0.3_swap_recovery_0,56,1.5364118406791123,512
4,index_cued_first_diffusion_0.3_swap_recovery_0,119,1.1004010077050501,512
4,index_cued_first_diffusion_0.3_swap_recovery_0,121,2.2133226646849558,512
4,index_cued_first_diffusion_0.3_swap_recovery_0,148,1.4333693940908259,512
4,index_cued_first_diffusion_0.3_swap_recovery_0,180,1.5697174407118681,512
4,index_cued_first_diffusion_0.3_swap_recovery_0,195,1.3165476142229595,512
4,index_cued_first_diffusion_0.3_swap_recovery_0,205,1.7373011816478832,512
4,index_cued_first_diffusion_0.3_swap_recovery_0,209,1.1456413262519365,512
4,index_cued_first_diffusion_0.3_swap_recovery_0,212,2.0406712482993834,512
4,index_cued_first_diffusion_0.3_swap_recovery_0,217,2.111567496181254,512
4,index_cued_first_diffusion_0.3_swap_recovery_0,226,1.4324532632521323,512
4,index_cued_first_diffusion_0.3_swap_recovery_0,238,0.9807451642163739,512
4,index_cued_first_diffusion_0.3_swap_recovery_0,277,1.9469800669529997,512
4,index_cued_first_diffusion_0.3_swap_recovery_1,23,0.9360685556689121,512
4,index_cued_first_diffusion_0.3_swap_recovery_1,24,1.6985491969354674,512
4,index_cued_first_diffusion_0.3_swap_recovery_1,26,6.929847132501996,512
4,index_cued_first_diffusion_0.3_swap_recovery_1,56,1.3306939714111699,512
4,index_cued_first_diffusion_0.3_swap_recovery_1,119,1.238575575899957,512
4,index_cued_first_diffusion_0.3_swap_recovery_1,121,0.33907681425630376,512
4,index_cued_first_diffusion_0.3_swap_recovery_1,148,1.8083062948950326,512
4,index_cued_first_diffusion_0.3_swap_recovery_1,180,19.110445049495148,512
4,index_cued_first_diffusion_0.3_swap_recovery_1,195,1.2910229937707502,512
4,index_cued_first_diffusion_0.3_swap_recovery_1,205,1.1422256619745412,512
4,index_cued_first_diffusion_0.3_swap_recovery_1,209,2.2612475690112337,512
4,index_cued_first_diffusion_0.3_swap_recovery_1,212,0.825471987845482,512
4,index_cued_first_diffusion_0.3_swap_recovery_1,217,1.078370868909871,512
4,index_cued_first_diffusion_0.3_swap_recovery_1,226,1.1457362869589982,512
4,index_cued_first_diffusion_0.3_swap_recovery_1,238,0.8300550765995717,512
4,index_cued_first_diffusion_0.3_swap_recovery_1,277,0.5539365360726768,512
4,index_cued_first_diffusion_0.3_swap_recovery_2,23,0.8588387873941868,512
4,index_cued_first_diffusion_0.3_swap_recovery_2,24,0.9080561286108858,512
4,index_cued_first_diffusion_0.3_swap_recovery_2,26,1.0117058043188523,512
4,index_cued_first_diffusion_0.3_swap_recovery_2,56,1.8856141410367298,512
4,index_cued_first_diffusion_0.3_swap_recovery_2,119,0.8790930758106769,512
4,index_cued_first_diffusion_0.3_swap_recovery_2,121,0.5584091611002346,512
4,index_cued_first_diffusion_0.3_swap_recovery_2,148,0.5380686441793837,512
4,index_cued_first_diffusion_0.3_swap_recovery_2,180,0.679132283795582,512
4,index_cued_first_diffusion_0.3_swap_recovery_2,195,1.297014469678563,512
4,index_cued_first_diffusion_0.3_swap_recovery_2,205,1.3818671511783431,512
4,index_cued_first_diffusion_0.3_swap_recovery_2,209,1.5487316755318248,512
4,index_cued_first_diffusion_0.3_swap_recovery_2,212,2.3200752771394795,512
4,index_cued_first_diffusion_0.3_swap_recovery_2,217,1.571249332155058,512
4,index_cued_first_diffusion_0.3_swap_recovery_2,226,0.4776898477765237,512
4,index_cued_first_diffusion_0.3_swap_recovery_2,238,0.7908491635168062,512
4,index_cued_first_diffusion_0.3_swap_recovery_2,277,0.7662220047300916,512
4,index_cued_first_diffusion_0.3_swap_recovery_3,23,2.144439537205562,512
4,index_cued_first_diffusion_0.3_swap_recovery_3,24,1.248091956051793,512
4,index_cued_first_diffusion_0.3_swap_recovery_3,26,0.9298941530119729,512
4,index_cued_first_diffusion_0.3_swap_recovery_3,56,1.5510044759960724,512
4,index_cued_first_diffusion_0.3_swap_recovery_3,119,1.0982647627273858,512
4,index_cued_first_diffusion_0.3_swap_recovery_3,121,2.239695702358447,512
4,index_cued_first_diffusion_0.3_swap_recovery_3,148,1.416076454005438,512
4,index_cued_first_diffusion_0.3_swap_recovery_3,180,1.590443689372441,512
4,index_cued_first_diffusion_0.3_swap_recovery_3,195,1.3873945016439275,512
4,index_cued_first_diffusion_0.3_swap_recovery_3,205,1.7838426690679916,512
4,index_cued_first_diffusion_0.3_swap_recovery_3,209,1.2201394842219697,512
4,index_cued_first_diffusion_0.3_swap_recovery_3,212,2.088373761396018,512
4,index_cued_first_diffusion_0.3_swap_recovery_3,217,2.1889558993947276,512
4,index_cued_first_diffusion_0.3_swap_recovery_3,226,1.4739156477400577,512
4,index_cued_first_diffusion_0.3_swap_recovery_3,238,0.961716353989543,512
4,index_cued_first_diffusion_0.3_swap_recovery_3,277,1.9739005080557361,512
4,index_cued_first_diffusion_0.3_swap_recovery_4,23,2.488144474935125,512
4,index_cued_first_diffusion_0.3_swap_recovery_4,24,2.160306492746817,512
4,index_cued_first_diffusion_0.3_swap_recovery_4,26,1.7992781885998326,512
4,index_cued_first_diffusion_0.3_swap_recovery_4,56,1.5427222493542727,512
4,index_cued_first_diffusion_0.3_swap_recovery_4,119,0.9433743778830733,512
4,index_cued_first_diffusion_0.3_swap_recovery_4,121,2.59174968075207,512
4,index_cued_first_diffusion_0.3_swap_recovery_4,148,1.3313070234528053,512
4,index_cued_first_diffusion_0.3_swap_recovery_4,180,2.2515341806262326,512
4,index_cued_first_diffusion_0.3_swap_recovery_4,195,2.000577732788292,512
4,index_cued_first_diffusion_0.3_swap_recovery_4,205,1.423711318159572,512
4,index_cued_first_diffusion_0.3_swap_recovery_4,209,1.5316721698450189,512
4,index_cued_first_diffusion_0.3_swap_recovery_4,212,1.6064387406584608,512
4,index_cued_first_diffusion_0.3_swap_recovery_4,217,0.8566311125916206,512
4,index_cued_first_diffusion_0.3_swap_recovery_4,226,1.6031712729803302,512
4,index_cued_first_diffusion_0.3_swap_recovery_4,238,1.0483728923221203,512
4,index_cued_first_diffusion_0.3_swap_recovery_4,277,2.8879782523903144,512
4,index_cued_first_diffusion_0.3_swap_recovery_5,23,0.8415156797747472,512
4,index_cued_first_diffusion_0.3_swap_recovery_5,24,3.324589463470671,512
4,index_cued_first_diffusion_0.3_swap_recovery_5,26,7.814924280735077,512
4,index_cued_first_diffusion_0.3_swap_recovery_5,56,1.175788345589877,512
4,index_cued_first_diffusion_0.3_swap_recovery_5,119,1.0413505082205448,512
4,index_cued_first_diffusion_0.3_swap_recovery_5,121,0.32386789791833703,512
4,index_cued_first_diffusion_0.3_swap_recovery_5,148,2.1364374783283084,512
4,index_cued_first_diffusion_0.3_swap_recovery_5,180,3.3231515266313343,512
4,index_cued_first_diffusion_0.3_swap_recovery_5,195,1.192985419990714,512
4,index_cued_first_diffusion_0.3_swap_recovery_5,205,0.8933558095807317,512
4,index_cued_first_diffusion_0.3_swap_recovery_5,209,2.202815308472295,512
4,index_cued_first_diffusion_0.3_swap_recovery_5,212,1.0888686473031355,512
4,index_cued_first_diffusion_0.3_swap_recovery_5,217,0.94166765054054,512
4,index_cued_first_diffusion_0.3_swap_recovery_5,226,1.0003728472109525,512
4,index_cued_first_diffusion_0.3_swap_recovery_5,238,0.8963344181429265,512
4,index_cued_first_diffusion_0.3_swap_recovery_5,277,0.5504547855690838,512
4,index_cued_first_diffusion_0.3_swap_recovery_6,23,0.8522881701317055,512
4,index_cued_first_diffusion_0.3_swap_recovery_6,24,1.7552035382118785,512
4,index_cued_first_diffusion_0.3_swap_recovery_6,26,9.420664430421688,512
4,index_cued_first_diffusion_0.3_swap_recovery_6,56,1.1775691150726912,512
4,index_cued_first_diffusion_0.3_swap_recovery_6,119,0.701774954340747,512
4,index_cued_first_diffusion_0.3_swap_recovery_6,121,0.20053419109657705,512
4,index_cued_first_diffusion_0.3_swap_recovery_6,148,2.0704338411241245,512
4,index_cued_first_diffusion_0.3_swap_recovery_6,180,4.693436322736347,512
4,index_cued_first_diffusion_0.3_swap_recovery_6,195,1.1847718687859503,512
4,index_cued_first_diffusion_0.3_swap_recovery_6,205,0.9667867899022163,512
4,index_cued_first_diffusion_0.3_swap_recovery_6,209,2.127980544219549,512
4,index_cued_first_diffusion_0.3_swap_recovery_6,212,0.9464323013698837,512
4,index_cued_first_diffusion_0.3_swap_recovery_6,217,0.9496116110815962,512
4,index_cued_first_diffusion_0.3_swap_recovery_6,226,1.0872606977712747,512
4,index_cued_first_diffusion_0.3_swap_recovery_6,238,0.884661338772508,512
4,index_cued_first_diffusion_0.3_swap_recovery_6,277,0.5292949019021916,512
4,index_cued_first_diffusion_0.3_swap_recovery_7,23,2.5293798374694427,512
4,index_cued_first_diffusion_0.3_swap_recovery_7,24,2.1891367238909245,512
4,index_cued_first_diffusion_0.3_swap_recovery_7,26,1.8609964556159564,512
4,index_cued_first_diffusion_0.3_swap_recovery_7,56,1.5586428973370932,512
4,index_cued_first_diffusion_0.3_swap_recovery_7,119,0.943994187649001,512
4,index_cued_first_diffusion_0.3_swap_recovery_7,121,2.622268209814103,512
4,index_cued_first_diffusion_0.3_swap_recovery_7,148,1.310564067386824,512
4,index_cued_first_diffusion_0.3_swap_recovery_7,180,2.3160096810417885,512
4,index_cued_first_diffusion_0.3_swap_recovery_7,195,1.9992760129168197,512
4,index_cued_first_diffusion_0.3_swap_recovery_7,205,1.392595963029548,512
4,index_cued_first_diffusion_0.3_swap_recovery_7,209,1.544603723327556,512
4,index_cued_first_diffusion_0.3_swap_recovery_7,212,1.623489070264194,512
4,index_cued_first_diffusion_0.3_swap_recovery_7,217,0.9148913033089818,512
4,index_cued_first_diffusion_0.3_swap_recovery_7,226,1.5984731791784093,512
4,index_cued_first_diffusion_0.3_swap_recovery_7,238,1.0401584364820284,512
4,index_cued_first_diffusion_0.3_swap_recovery_7,277,2.8690723008603145,512
4,index_cued_first_diffusion_0.3_swap_recovery_8,23,2.145201459048909,512
4,index_cued_first_diffusion_0.3_swap_recovery_8,24,1.2048091057383896,512
4,index_cued_first_diffusion_0.3_swap_recovery_8,26,1.0119320591583756,512
4,index_cued_first_diffusion_0.3_swap_recovery_8,56,1.5504735822464166,512
4,index_cued_first_diffusion_0.3_swap_recovery_8,119,1.3934054844406045,512
4,index_cued_first_diffusion_0.3_swap_recovery_8,121,2.2198174904960495,512
4,index_cued_first_diffusion_0.3_swap_recovery_8,148,1.469883248171795,512
4,index_cued_first_diffusion_0.3_swap_recovery_8,180,1.599297997511261,512
4,index_cued_first_diffusion_0.3_swap_recovery_8,195,1.3010043333022714,512
4,index_cued_first_diffusion_0.3_swap_recovery_8,205,1.7226819487006177,512
4,index_cued_first_diffusion_0.3_swap_recovery_8,209,1.1264948562428763,512
4,index_cued_first_diffusion_0.3_swap_recovery_8,212,1.9889928685605422,512
4,index_cued_first_diffusion_0.3_swap_recovery_8,217,1.941981731386316,512
4,index_cued_first_diffusion_0.3_swap_recovery_8,226,1.1700698617858145,512
4,index_cued_first_diffusion_0.3_swap_recovery_8,238,0.7242199469412192,512
4,index_cued_first_diffusion_0.3_swap_recovery_8,277,1.9741049361994212,512
4,index_cued_first_diffusion_0.3_swap_recovery_9,23,1.249575546469364,512
4,index_cued_first_diffusion_0.3_swap_recovery_9,24,1.2573090764436334,512
4,index_cued_first_diffusion_0.3_swap_recovery_9,26,0.9101167498127729,512
4,index_cued_first_diffusion_0.3_swap_recovery_9,56,2.2591539335653104,512
4,index_cued_first_diffusion_0.3_swap_recovery_9,119,0.46893374871135857,512
4,index_cued_first_diffusion_0.3_swap_recovery_9,121,0.7815798399508026,512
4,index_cued_first_diffusion_0.3_swap_recovery_9,148,2.206926737962779,512
4,index_cued_first_diffusion_0.3_swap_recovery_9,180,0.9726818012732236,512
4,index_cued_first_diffusion_0.3_swap_recovery_9,195,1.4421364820760714,512
4,index_cued_first_diffusion_0.3_swap_recovery_9,205,1.6312001078499314,512
4,index_cued_first_diffusion_0.3_swap_recovery_9,209,2.1931018556785666,512
4,index_cued_first_diffusion_0.3_swap_recovery_9,212,1.388129297494059,512
4,index_cued_first_diffusion_0.3_swap_recovery_9,217,1.4826982351012132,512
4,index_cued_first_diffusion_0.3_swap_recovery_9,226,0.8821374242004252,512
4,index_cued_first_diffusion_0.3_swap_recovery_9,238,0.9214470902899459,512
4,index_cued_first_diffusion_0.3_swap_recovery_9,277,0.22159570533038,512
4,index_cued_first_diffusion_0.3_swap_recovery_10,23,1.2432207806126427,512
4,index_cued_first_diffusion_0.3_swap_recovery_10,24,0.9581576593043202,512
4,index_cued_first_diffusion_0.3_swap_recovery_10,26,0.7162736296373806,512
4,index_cued_first_diffusion_0.3_swap_recovery_10,56,2.166613941119691,512
4,index_cued_first_diffusion_0.3_swap_recovery_10,119,0.5546100510493563,512
4,index_cued_first_diffusion_0.3_swap_recovery_10,121,0.6960242788750023,512
4,index_cued_first_diffusion_0.3_swap_recovery_10,148,2.254173036083006,512
4,index_cued_first_diffusion_0.3_swap_recovery_10,180,1.512618813189894,512
4,index_cued_first_diffusion_0.3_swap_recovery_10,195,1.2424724252572181,512
4,index_cued_first_diffusion_0.3_swap_recovery_10,205,1.5353033550007154,512
4,index_cued_first_diffusion_0.3_swap_recovery_10,209,1.8171343857891589,512
4,index_cued_first_diffusion_0.3_swap_recovery_10,212,1.8264071526431702,512
4,index_cued_first_diffusion_0.3_swap_recovery_10,217,1.6900249245074803,512
4,index_cued_first_diffusion_0.3_swap_recovery_10,226,1.6292054196874222,512
4,index_cued_first_diffusion_0.3_swap_recovery_10,238,1.8423246982536376,512
4,index_cued_first_diffusion_0.3_swap_recovery_10,277,0.4386926385523181,512
4,index_cued_first_diffusion_0.3_swap_recovery_11,23,1.0199925830473557,512
4,index_cued_first_diffusion_0.3_swap_recovery_11,24,0.9266814308007612,512
4,index_cued_first_diffusion_0.3_swap_recovery_11,26,1.7105051933902855,512
4,index_cued_first_diffusion_0.3_swap_recovery_11,56,1.5875934572248118,512
4,index_cued_first_diffusion_0.3_swap_recovery_11,119,0.870832620938499,512
4,index_cued_first_diffusion_0.3_swap_recovery_11,121,0.9013392496533275,512
4,index_cued_first_diffusion_0.3_swap_recovery_11,148,0.7366699315637829,512
4,index_cued_first_diffusion_0.3_swap_recovery_11,180,1.8016194616733565,512
4,index_cued_first_diffusion_0.3_swap_recovery_11,195,1.4750901941741394,512
4,index_cued_first_diffusion_0.3_swap_recovery_11,205,2.1450537219332326,512
4,index_cued_first_diffusion_0.3_swap_recovery_11,209,1.1584482140900052,512
4,index_cued_first_diffusion_0.3_swap_recovery_11,212,1.7470117355778099,512
4,index_cued_first_diffusion_0.3_swap_recovery_11,217,2.58455979900918,512
4,index_cued_first_diffusion_0.3_swap_recovery_11,226,1.220152934227769,512
4,index_cued_first_diffusion_0.3_swap_recovery_11,238,1.6634936635230497,512
4,index_cued_first_diffusion_0.3_swap_recovery_11,277,0.4961325496268536,512
4,index_cued_first_diffusion_0.3_swap_recovery_12,23,1.1801372152607943,512
4,index_cued_first_diffusion_0.3_swap_recovery_12,24,1.1834724715750773,512
4,index_cued_first_diffusion_0.3_swap_recovery_12,26,0.8276427385199636,512
4,index_cued_first_diffusion_0.3_swap_recovery_12,56,2.210976839548552,512
4,index_cued_first_diffusion_0.3_swap_recovery_12,119,0.5040167582144952,512
4,index_cued_first_diffusion_0.3_swap_recovery_12,121,0.8289993439423833,512
4,index_cued_first_diffusion_0.3_swap_recovery_12,148,2.2156923575900547,512
4,index_cued_first_diffusion_0.3_swap_recovery_12,180,0.832390682498014,512
4,index_cued_first_diffusion_0.3_swap_recovery_12,195,1.3623515611548633,512
4,index_cued_first_diffusion_0.3_swap_recovery_12,205,1.5477251940058796,512
4,index_cued_first_diffusion_0.3_swap_recovery_12,209,2.235747878082993,512
4,index_cued_first_diffusion_0.3_swap_recovery_12,212,1.3873917229685189,512
4,index_cued_first_diffusion_0.3_swap_recovery_12,217,1.491298164260759,512
4,index_cued_first_diffusion_0.3_swap_recovery_12,226,0.9772463733122098,512
4,index_cued_first_diffusion_0.3_swap_recovery_12,238,0.8573947023747106,512
4,index_cued_first_diffusion_0.3_swap_recovery_12,277,0.2176298274972533,512
4,index_cued_first_diffusion_0.3_swap_recovery_13,23,1.5737923233730688,512
4,index_cued_first_diffusion_0.3_swap_recovery_13,24,0.9822445448407737,512
4,index_cued_first_diffusion_0.3_swap_recovery_13,26,0.7362298362912805,512
4,index_cued_first_diffusion_0.3_swap_recovery_13,56,0.8758426931888182,512
4,index_cued_first_diffusion_0.3_swap_recovery_13,119,0.5350274783313078,512
4,index_cued_first_diffusion_0.3_swap_recovery_13,121,1.1892810603527464,512
4,index_cued_first_diffusion_0.3_swap_recovery_13,148,1.1127391262380613,512
4,index_cued_first_diffusion_0.3_swap_recovery_13,180,1.056259649430335,512
4,index_cued_first_diffusion_0.3_swap_recovery_13,195,1.293384141795562,512
4,index_cued_first_diffusion_0.3_swap_recovery_13,205,1.3985026274045163,512
4,index_cued_first_diffusion_0.3_swap_recovery_13,209,1.6676407589169262,512
4,index_cued_first_diffusion_0.3_swap_recovery_13,212,1.260138843180754,512
4,index_cued_first_diffusion_0.3_swap_recovery_13,217,1.553543309554537,512
4,index_cued_first_diffusion_0.3_swap_recovery_13,226,0.7568533889471187,512
4,index_cued_first_diffusion_0.3_swap_recovery_13,238,1.1712344048557997,512
4,index_cued_first_diffusion_0.3_swap_recovery_13,277,1.3301387089283616,512
5,index_cued_first_diffusion_0.3_swap_recovery_0,23,0.9522877094366704,512
5,index_cued_first_diffusion_0.3_swap_recovery_0,24,0.5477679605480914,512
5,index_cued_first_diffusion_0.3_swap_recovery_0,26,0.36084227637790667,512
5,index_cued_first_diffusion_0.3_swap_recovery_0,56,0.7698578291737113,512
5,index_cued_first_diffusion_0.3_swap_recovery_0,119,0.8232866623951072,512
5,index_cued_first_diffusion_0.3_swap_recovery_0,121,1.8215704418456804,512
5,index_cued_first_diffusion_0.3_swap_recovery_0,148,1.4438508275910662,512
5,index_cued_first_diffusion_0.3_swap_recovery_0,180,0.790523108591253,512
5,index_cued_first_diffusion_0.3_swap_recovery_0,195,1.075735620998438,512
5,index_cued_first_diffusion_0.3_swap_recovery_0,205,1.9798394315008188,512
5,index_cued_first_diffusion_0.3_swap_recovery_0,209,1.2440407308935082,512
5,index_cued_first_diffusion_0.3_swap_recovery_0,212,0.9400628500243934,512
5,index_cued_first_diffusion_0.3_swap_recovery_0,217,1.7629648883140345,512
5,index_cued_first_diffusion_0.3_swap_recovery_0,226,0.9364932064508575,512
5,index_cued_first_diffusion_0.3_swap_recovery_0,238,0.6703129989837258,512
5,index_cued_first_diffusion_0.3_swap_recovery_0,277,1.0813993712831138,512
5,index_cued_first_diffusion_0.3_swap_recovery_1,23,1.256552311041431,512
5,index_cued_first_diffusion_0.3_swap_recovery_1,24,2.282485772085999,512
5,index_cued_first_diffusion_0.3_swap_recovery_1,26,8.269915218601563,512
5,index_cued_first_diffusion_0.3_swap_recovery_1,56,2.4044044190838005,512
5,index_cued_first_diffusion_0.3_swap_recovery_1,119,1.3447617153984526,512
5,index_cued_first_diffusion_0.3_swap_recovery_1,121,0.7488914914960347,512
5,index_cued_first_diffusion_0.3_swap_recovery_1,148,1.8296956598897534,512
5,index_cued_first_diffusion_0.3_swap_recovery_1,180,19.795355836991426,512
5,index_cued_first_diffusion_0.3_swap_recovery_1,195,1.791289506099351,512
5,index_cued_first_diffusion_0.3_swap_recovery_1,205,1.1590327046313995,512
5,index_cued_first_diffusion_0.3_swap_recovery_1,209,2.182153219329754,512
5,index_cued_first_diffusion_0.3_swap_recovery_1,212,1.9967260740111348,512
5,index_cued_first_diffusion_0.3_swap_recovery_1,217,1.6120172501374403,512
5,index_cued_first_diffusion_0.3_swap_recovery_1,226,1.3834669326544549,512
5,index_cued_first_diffusion_0.3_swap_recovery_1,238,1.0583651973144415,512
5,index_cued_first_diffusion_0.3_swap_recovery_1,277,1.2301571613779956,512
5,index_cued_first_diffusion_0.3_swap_recovery_2,23,0.5629014555675877,512
5,index_cued_first_diffusion_0.3_swap_recovery_2,24,0.3346740815177021,512
5,index_cued_first_diffusion_0.3_swap_recovery_2,26,0.5401221932014442,512
5,index_cued_first_diffusion_0.3_swap_recovery_2,56,1.458596968541222,512
5,index_cued_first_diffusion_0.3_swap_recovery_2,119,0.42357450881360337,512
5,index_cued_first_diffusion_0.3_swap_recovery_2,121,0.8812955687661841,512
5,index_cued_first_diffusion_0.3_swap_recovery_2,148,1.2321617118771666,512
5,index_cued_first_diffusion_0.3_swap_recovery_2,180,0.8269162843652546,512
5,index_cued_first_diffusion_0.3_swap_recovery_2,195,1.484626353704774,512
5,index_cued_first_diffusion_0.3_swap_recovery_2,205,1.6017275482399436,512
5,index_cued_first_diffusion_0.3_swap_recovery_2,209,1.7867674256038302,512
5,index_cued_first_diffusion_0.3_swap_recovery_2,212,2.0648408375864786,512
5,index_cued_first_diffusion_0.3_swap_recovery_2,217,0.8091747866419436,512
5,index_cued_first_diffusion_0.3_swap_recovery_2,226,1.1802693069086865,512
5,index_cued_first_diffusion_0.3_swap_recovery_2,238,0.3966143172191095,512
5,index_cued_first_diffusion_0.3_swap_recovery_2,277,0.4612696165153026,512
5,index_cued_first_diffusion_0.3_swap_recovery_3,23,0.9739063631974041,512
5,index_cued_first_diffusion_0.3_swap_recovery_3,24,0.6878202384234335,512
5,index_cued_first_diffusion_0.3_swap_recovery_3,26,0.2797347887847662,512
5,index_cued_first_diffusion_0.3_swap_recovery_3,56,0.787252274993101,512
5,index_cued_first_diffusion_0.3_swap_recovery_3,119,0.7356578912284161,512
5,index_cued_first_diffusion_0.3_swap_recovery_3,121,1.793450911352441,512
5,index_cued_first_diffusion_0.3_swap_recovery_3,148,1.4232422061106618,512
5,index_cued_first_diffusion_0.3_swap_recovery_3,180,0.8196455287650816,512
5,index_cued_first_diffusion_0.3_swap_recovery_3,195,1.0981039100360346,512
5,index_cued_first_diffusion_0.3_swap_recovery_3,205,2.046240626446669,512
5,index_cued_first_diffusion_0.3_swap_recovery_3,209,1.1889054796489682,512
5,index_cued_first_diffusion_0.3_swap_recovery_3,212,0.9475773642878909,512
5,index_cued_first_diffusion_0.3_swap_recovery_3,217,1.8507332967689818,512
5,index_cued_first_diffusion_0.3_swap_recovery_3,226,0.966107942741111,512
5,index_cued_first_diffusion_0.3_swap_recovery_3,238,0.6676947680625165,512
5,index_cued_first_diffusion_0.3_swap_recovery_3,277,1.1051094542033981,512
5,index_cued_first_diffusion_0.3_swap_recovery_4,23,2.432335626977348,512
5,index_cued_first_diffusion_0.3_swap_recovery_4,24,2.0010140982125293,512
5,index_cued_first_diffusion_0.3_swap_recovery_4,26,2.1766575717631165,512
5,index_cued_first_diffusion_0.3_swap_recovery_4,56,2.159748877942469,512
5,index_cued_first_diffusion_0.3_swap_recovery_4,119,0.73615894126546,512
5,index_cued_first_diffusion_0.3_swap_recovery_4,121,2.444332239084809,512
5,index_cued_first_diffusion_0.3_swap_recovery_4,148,1.3047003492081581,512
5,index_cued_first_diffusion_0.3_swap_recovery_4,180,1.7346793919506145,512
5,index_cued_first_diffusion_0.3_swap_recovery_4,195,2.649066955112688,512
5,index_cued_first_diffusion_0.3_swap_recovery_4,205,1.9834314756877371,512
5,index_cued_first_diffusion_0.3_swap_recovery_4,209,1.9352540093893196,512
5,index_cued_first_diffusion_0.3_swap_recovery_4,212,1.1817465681226857,512
5,index_cued_first_diffusion_0.3_swap_recovery_4,217,1.832958806865142,512
5,index_cued_first_diffusion_0.3_swap_recovery_4,226,1.114331494214618,512
5,index_cued_first_diffusion_0.3_swap_recovery_4,238,0.7647548485345956,512
5,index_cued_first_diffusion_0.3_swap_recovery_4,277,2.4969124499510764,512
5,index_cued_first_diffusion_0.3_swap_recovery_5,23,1.137391723683574,512
5,index_cued_first_diffusion_0.3_swap_recovery_5,24,3.76690424452711,512
5,index_cued_first_diffusion_0.3_swap_recovery_5,26,9.21790533744738,512
5,index_cued_first_diffusion_0.3_swap_recovery_5,56,1.8901132554465823,512
5,index_cued_first_diffusion_0.3_swap_recovery_5,119,1.1360385198685692,512
5,index_cued_first_diffusion_0.3_swap_recovery_5,121,0.7563219695650728,512
5,index_cued_first_diffusion_0.3_swap_recovery_5,148,2.2521584280876663,512
5,index_cued_first_diffusion_0.3_swap_recovery_5,180,4.021213988150678,512
5,index_cued_first_diffusion_0.3_swap_recovery_5,195,1.8458464809263957,512
5,index_cued_first_diffusion_0.3_swap_recovery_5,205,1.526293783156452,512
5,index_cued_first_diffusion_0.3_swap_recovery_5,209,2.184680430433178,512
5,index_cued_first_diffusion_0.3_swap_recovery_5,212,2.0564433253934897,512
5,index_cued_first_diffusion_0.3_swap_recovery_5,217,1.6270213819659283,512
5,index_cued_first_diffusion_0.3_swap_recovery_5,226,1.4344578696093047,512
5,index_cued_first_diffusion_0.3_swap_recovery_5,238,1.2619116903602074,512
5,index_cued_first_diffusion_0.3_swap_recovery_5,277,1.1197839543978152,512
5,index_cued_first_diffusion_0.3_swap_recovery_6,23,1.1207291821291334,512
5,index_cued_first_diffusion_0.3_swap_recovery_6,24,2.387123180341244,512
5,index_cued_first_diffusion_0.3_swap_recovery_6,26,10.941272145290874,512
5,index_cued_first_diffusion_0.3_swap_recovery_6,56,2.033240479942749,512
5,index_cued_first_diffusion_0.3_swap_recovery_6,119,0.858192260688701,512
5,index_cued_first_diffusion_0.3_swap_recovery_6,121,0.9137614561873723,512
5,index_cued_first_diffusion_0.3_swap_recovery_6,148,2.219259193501863,512
5,index_cued_first_diffusion_0.3_swap_recovery_6,180,5.369193856178839,512
5,index_cued_first_diffusion_0.3_swap_recovery_6,195,1.8414327912105866,512
5,index_cued_first_diffusion_0.3_swap_recovery_6,205,1.5878525205985963,512
5,index_cued_first_diffusion_0.3_swap_recovery_6,209,2.1817572838814705,512
5,index_cued_first_diffusion_0.3_swap_recovery_6,212,1.9957159734457464,512
5,index_cued_first_diffusion_0.3_swap_recovery_6,217,1.7233385046110574,512
5,index_cued_first_diffusion_0.3_swap_recovery_6,226,1.3508028779617969,512
5,index_cued_first_diffusion_0.3_swap_recovery_6,238,1.1677932880029471,512
5,index_cued_first_diffusion_0.3_swap_recovery_6,277,1.096550040191512,512
5,index_cued_first_diffusion_0.3_swap_recovery_7,23,2.458450117784188,512
5,index_cued_first_diffusion_0.3_swap_recovery_7,24,2.016750431482045,512
5,index_cued_first_diffusion_0.3_swap_recovery_7,26,2.2361792072484272,512
5,index_cued_first_diffusion_0.3_swap_recovery_7,56,2.1726844329842185,512
5,index_cued_first_diffusion_0.3_swap_recovery_7,119,0.7339104486813292,512
5,index_cued_first_diffusion_0.3_swap_recovery_7,121,2.4789354778099657,512
5,index_cued_first_diffusion_0.3_swap_recovery_7,148,1.2855742497365668,512
5,index_cued_first_diffusion_0.3_swap_recovery_7,180,1.7914821021747092,512
5,index_cued_first_diffusion_0.3_swap_recovery_7,195,2.6473395175620418,512
5,index_cued_first_diffusion_0.3_swap_recovery_7,205,1.955360711115517,512
5,index_cued_first_diffusion_0.3_swap_recovery_7,209,1.9465532516632122,512
5,index_cued_first_diffusion_0.3_swap_recovery_7,212,1.1926233208894348,512
5,index_cued_first_diffusion_0.3_swap_recovery_7,217,1.9085312214867167,512
5,index_cued_first_diffusion_0.3_swap_recovery_7,226,1.1124897586591076,512
5,index_cued_first_diffusion_0.3_swap_recovery_7,238,0.7612697186193005,512
5,index_cued_first_diffusion_0.3_swap_recovery_7,277,2.4634179828273606,512
5,index_cued_first_diffusion_0.3_swap_recovery_8,23,0.9819251168281424,512
5,index_cued_first_diffusion_0.3_swap_recovery_8,24,0.5758567233937147,512
5,index_cued_first_diffusion_0.3_swap_recovery_8,26,0.38583337563789577,512
5,index_cued_first_diffusion_0.3_swap_recovery_8,56,0.923389871507643,512
5,index_cued_first_diffusion_0.3_swap_recovery_8,119,1.1520105462860786,512
5,index_cued_first_diffusion_0.3_swap_recovery_8,121,1.8856640157782296,512
5,index_cued_first_diffusion_0.3_swap_recovery_8,148,1.4542362292027085,512
5,index_cued_first_diffusion_0.3_swap_recovery_8,180,0.8341241511671593,512
5,index_cued_first_diffusion_0.3_swap_recovery_8,195,1.1957307182011583,512
5,index_cued_first_diffusion_0.3_swap_recovery_8,205,1.9962580948729771,512
5,index_cued_first_diffusion_0.3_swap_recovery_8,209,1.2132017017157433,512
5,index_cued_first_diffusion_0.3_swap_recovery_8,212,1.0061293796338353,512
5,index_cued_first_diffusion_0.3_swap_recovery_8,217,1.5878879171312534,512
5,index_cued_first_diffusion_0.3_swap_recovery_8,226,1.3667049145125914,512
5,index_cued_first_diffusion_0.3_swap_recovery_8,238,0.8073460697463426,512
5,index_cued_first_diffusion_0.3_swap_recovery_8,277,1.105158067578797,512
5,index_cued_first_diffusion_0.3_swap_recovery_9,23,0.7879071695664803,512
5,index_cued_first_diffusion_0.3_swap_recovery_9,24,0.28284365471257644,512
5,index_cued_first_diffusion_0.3_swap_recovery_9,26,0.8024430935566592,512
5,index_cued_first_diffusion_0.3_swap_recovery_9,56,1.503195302392541,512
5,index_cued_first_diffusion_0.3_swap_recovery_9,119,0.5833464351482273,512
5,index_cued_first_diffusion_0.3_swap_recovery_9,121,0.5122786412703344,512
5,index_cued_first_diffusion_0.3_swap_recovery_9,148,2.7503533231525816,512
5,index_cued_first_diffusion_0.3_swap_recovery_9,180,0.3601574434622098,512
5,index_cued_first_diffusion_0.3_swap_recovery_9,195,0.7733858551699291,512
5,index_cued_first_diffusion_0.3_swap_recovery_9,205,2.1702325326929857,512
5,index_cued_first_diffusion_0.3_swap_recovery_9,209,1.9523873426218041,512
5,index_cued_first_diffusion_0.3_swap_recovery_9,212,1.919258446743108,512
5,index_cued_first_diffusion_0.3_swap_recovery_9,217,1.305779669598501,512
5,index_cued_first_diffusion_0.3_swap_recovery_9,226,1.1802844454735444,512
5,index_cued_first_diffusion_0.3_swap_recovery_9,238,0.5148709016120897,512
5,index_cued_first_diffusion_0.3_swap_recovery_9,277,0.7804031328690284,512
5,index_cued_first_diffusion_0.3_swap_recovery_10,23,0.8237149859752544,512
5,index_cued_first_diffusion_0.3_swap_recovery_10,24,0.7102254430817532,512
5,index_cued_first_diffusion_0.3_swap_recovery_10,26,1.5137116057185187,512
5,index_cued_first_diffusion_0.3_swap_recovery_10,56,1.6537840128009496,512
5,index_cued_first_diffusion_0.3_swap_recovery_10,119,0.6068124298489064,512
5,index_cued_first_diffusion_0.3_swap_recovery_10,121,0.6351288086417463,512
5,index_cued_first_diffusion_0.3_swap_recovery_10,148,2.7192241900233576,512
5,index_cued_first_diffusion_0.3_swap_recovery_10,180,0.7327514067759144,512
5,index_cued_first_diffusion_0.3_swap_recovery_10,195,0.8649243309062085,512
5,index_cued_first_diffusion_0.3_swap_recovery_10,205,1.695286961523038,512
5,index_cued_first_diffusion_0.3_swap_recovery_10,209,1.6559928097981778,512
5,index_cued_first_diffusion_0.3_swap_recovery_10,212,1.9703972650432928,512
5,index_cued_first_diffusion_0.3_swap_recovery_10,217,1.6122591979302319,512
5,index_cued_first_diffusion_0.3_swap_recovery_10,226,1.8517726538977706,512
5,index_cued_first_diffusion_0.3_swap_recovery_10,238,1.8547751577334364,512
5,index_cued_first_diffusion_0.3_swap_recovery_10,277,0.843545033332902,512
5,index_cued_first_diffusion_0.3_swap_recovery_11,23,0.43222649513038913,512
5,index_cued_first_diffusion_0.3_swap_recovery_11,24,0.7143273130635865,512
5,index_cued_first_diffusion_0.3_swap_recovery_11,26,1.080061014533383,512
5,index_cued_first_diffusion_0.3_swap_recovery_11,56,1.0873654798173273,512
5,index_cued_first_diffusion_0.3_swap_recovery_11,119,0.654735155990725,512
5,index_cued_first_diffusion_0.3_swap_recovery_11,121,0.4467729530880642,512
5,index_cued_first_diffusion_0.3_swap_recovery_11,148,1.4460542045602107,512
5,index_cued_first_diffusion_0.3_swap_recovery_11,180,1.1831869949170264,512
5,index_cued_first_diffusion_0.3_swap_recovery_11,195,1.598158208127038,512
5,index_cued_first_diffusion_0.3_swap_recovery_11,205,1.8496199708136836,512
5,index_cued_first_diffusion_0.3_swap_recovery_11,209,1.501562182454487,512
5,index_cued_first_diffusion_0.3_swap_recovery_11,212,0.691996897003641,512
5,index_cued_first_diffusion_0.3_swap_recovery_11,217,1.916641406381225,512
5,index_cued_first_diffusion_0.3_swap_recovery_11,226,1.1250943307205532,512
5,index_cued_first_diffusion_0.3_swap_recovery_11,238,1.129367947121736,512
5,index_cued_first_diffusion_0.3_swap_recovery_11,277,0.4958136484941522,512
5,index_cued_first_diffusion_0.3_swap_recovery_12,23,0.7984696384895492,512
5,index_cued_first_diffusion_0.3_swap_recovery_12,24,0.193533443873137,512
5,index_cued_first_diffusion_0.3_swap_recovery_12,26,0.7941799538910919,512
5,index_cued_first_diffusion_0.3_swap_recovery_12,56,1.4466062879541617,512
5,index_cued_first_diffusion_0.3_swap_recovery_12,119,0.5987052573304714,512
5,index_cued_first_diffusion_0.3_swap_recovery_12,121,0.4807365281622649,512
5,index_cued_first_diffusion_0.3_swap_recovery_12,148,2.7496309151735945,512
5,index_cued_first_diffusion_0.3_swap_recovery_12,180,0.3537850738307955,512
5,index_cued_first_diffusion_0.3_swap_recovery_12,195,0.7646643547287559,512
5,index_cued_first_diffusion_0.3_swap_recovery_12,205,2.1422512328984302,512
5,index_cued_first_diffusion_0.3_swap_recovery_12,209,1.9962461348254195,512
5,index_cued_first_diffusion_0.3_swap_recovery_12,212,1.8928571145470205,512
5,index_cued_first_diffusion_0.3_swap_recovery_12,217,1.3038036142550369,512
5,index_cued_first_diffusion_0.3_swap_recovery_12,226,1.237829244252034,512
5,index_cued_first_diffusion_0.3_swap_recovery_12,238,0.4796050284946994,512
5,index_cued_first_diffusion_0.3_swap_recovery_12,277,0.761382286568457,512
5,index_cued_first_diffusion_0.3_swap_recovery_13,23,0.3173558881159274,512
5,index_cued_first_diffusion_0.3_swap_recovery_13,24,0.3790740185377909,512
5,index_cued_first_diffusion_0.3_swap_recovery_13,26,0.7022338499378172,512
5,index_cued_first_diffusion_0.3_swap_recovery_13,56,1.320901667560558,512
5,index_cued_first_diffusion_0.3_swap_recovery_13,119,0.39053291707208976,512
5,index_cued_first_diffusion_0.3_swap_recovery_13,121,0.6316305784327851,512
5,index_cued_first_diffusion_0.3_swap_recovery_13,148,1.8231638451405034,512
5,index_cued_first_diffusion_0.3_swap_recovery_13,180,0.7261740297834063,512
5,index_cued_first_diffusion_0.3_swap_recovery_13,195,0.9943380039983902,512
5,index_cued_first_diffusion_0.3_swap_recovery_13,205,2.207513887055694,512
5,index_cued_first_diffusion_0.3_swap_recovery_13,209,1.6055376951424007,512
5,index_cued_first_diffusion_0.3_swap_recovery_13,212,0.5506682371237033,512
5,index_cued_first_diffusion_0.3_swap_recovery_13,217,0.9716192002337324,512
5,index_cued_first_diffusion_0.3_swap_recovery_13,226,0.6650040787653144,512
5,index_cued_first_diffusion_0.3_swap_recovery_13,238,0.3641285327083212,512
5,index_cued_first_diffusion_0.3_swap_recovery_13,277,0.49460233249689634,512
6,index_cued_first_diffusion_0.3_swap_recovery_0,23,2.6220781005841545,512
6,index_cued_first_diffusion_0.3_swap_recovery_0,24,2.5655254197302373,512
6,index_cued_first_diffusion_0.3_swap_recovery_0,26,2.4770836533544656,512
6,index_cued_first_diffusion_0.3_swap_recovery_0,56,2.861599921714876,512
6,index_cued_first_diffusion_0.3_swap_recovery_0,119,0.9329455183910421,512
6,index_cued_first_diffusion_0.3_swap_recovery_0,121,2.042295722263137,512
6,index_cued_first_diffusion_0.3_swap_recovery_0,148,2.461479129765094,512
6,index_cued_first_diffusion_0.3_swap_recovery_0,180,2.804873729989855,512
6,index_cued_first_diffusion_0.3_swap_recovery_0,195,2.446871254239344,512
6,index_cued_first_diffusion_0.3_swap_recovery_0,205,2.2376085931658696,512
6,index_cued_first_diffusion_0.3_swap_recovery_0,209,2.6196694539794256,512
6,index_cued_first_diffusion_0.3_swap_recovery_0,212,2.2608001796241513,512
6,index_cued_first_diffusion_0.3_swap_recovery_0,217,2.2546647725016493,512
6,index_cued_first_diffusion_0.3_swap_recovery_0,226,0.7925650255929776,512
6,index_cued_first_diffusion_0.3_swap_recovery_0,238,0.4229491875748599,512
6,index_cued_first_diffusion_0.3_swap_recovery_0,277,2.3881546920806827,512
6,index_cued_first_diffusion_0.3_swap_recovery_1,23,0.8199816336111971,512
6,index_cued_first_diffusion_0.3_swap_recovery_1,24,1.8422744551493209,512
6,index_cued_first_diffusion_0.3_swap_recovery_1,26,6.357687368341103,512
6,index_cued_first_diffusion_0.3_swap_recovery_1,56,1.786319265390108,512
6,index_cued_first_diffusion_0.3_swap_recovery_1,119,1.0929129588270166,512
6,index_cued_first_diffusion_0.3_swap_recovery_1,121,0.473302468810079,512
6,index_cued_first_diffusion_0.3_swap_recovery_1,148,0.8733823245727277,512
6,index_cued_first_diffusion_0.3_swap_recovery_1,180,19.209377176339288,512
6,index_cued_first_diffusion_0.3_swap_recovery_1,195,1.7463537703351713,512
6,index_cued_first_diffusion_0.3_swap_recovery_1,205,1.1337800054886569,512
6,index_cued_first_diffusion_0.3_swap_recovery_1,209,1.3667623499286439,512
6,index_cued_first_diffusion_0.3_swap_recovery_1,212,2.275127062194699,512
6,index_cued_first_diffusion_0.3_swap_recovery_1,217,0.789500632873079,512
6,index_cued_first_diffusion_0.3_swap_recovery_1,226,1.450979333027099,512
6,index_cued_first_diffusion_0.3_swap_recovery_1,238,1.2502060188336963,512
6,index_cued_first_diffusion_0.3_swap_recovery_1,277,0.6051580765166291,512
6,index_cued_first_diffusion_0.3_swap_recovery_2,23,2.1032163163309736,512
6,index_cued_first_diffusion_0.3_swap_recovery_2,24,2.4064739477952504,512
6,index_cued_first_diffusion_0.3_swap_recovery_2,26,2.6027245907973144,512
6,index_cued_first_diffusion_0.3_swap_recovery_2,56,3.359605765527885,512
6,index_cued_first_diffusion_0.3_swap_recovery_2,119,0.7196361005364489,512
6,index_cued_first_diffusion_0.3_swap_recovery_2,121,0.9598543255821794,512
6,index_cued_first_diffusion_0.3_swap_recovery_2,148,2.7706918064183172,512
6,index_cued_first_diffusion_0.3_swap_recovery_2,180,2.005253612042437,512
6,index_cued_first_diffusion_0.3_swap_recovery_2,195,2.6476389656198123,512
6,index_cued_first_diffusion_0.3_swap_recovery_2,205,2.239257015589961,512
6,index_cued_first_diffusion_0.3_swap_recovery_2,209,2.879889348247195,512
6,index_cued_first_diffusion_0.3_swap_recovery_2,212,3.5089674110137703,512
6,index_cued_first_diffusion_0.3_swap_recovery_2,217,2.1874480145383384,512
6,index_cued_first_diffusion_0.3_swap_recovery_2,226,1.6772720941348767,512
6,index_cued_first_diffusion_0.3_swap_recovery_2,238,1.0873560284049615,512
6,index_cued_first_diffusion_0.3_swap_recovery_2,277,1.7951307038097377,512
6,index_cued_first_diffusion_0.3_swap_recovery_3,23,2.7070051651214824,512
6,index_cued_first_diffusion_0.3_swap_recovery_3,24,2.5164207237025638,512
6,index_cued_first_diffusion_0.3_swap_recovery_3,26,2.414633961979347,512
6,index_cued_first_diffusion_0.3_swap_recovery_3,56,2.8829760980207997,512
6,index_cued_first_diffusion_0.3_swap_recovery_3,119,0.9277770678261127,512
6,index_cued_first_diffusion_0.3_swap_recovery_3,121,2.0508184352355405,512
6,index_cued_first_diffusion_0.3_swap_recovery_3,148,2.445276920868169,512
6,index_cued_first_diffusion_0.3_swap_recovery_3,180,2.8290126358593337,512
6,index_cued_first_diffusion_0.3_swap_recovery_3,195,2.488680403008536,512
6,index_cued_first_diffusion_0.3_swap_recovery_3,205,2.233159175731172,512
6,index_cued_first_diffusion_0.3_swap_recovery_3,209,2.6710808354250406,512
6,index_cued_first_diffusion_0.3_swap_recovery_3,212,2.246844500371732,512
6,index_cued_first_diffusion_0.3_swap_recovery_3,217,2.2590339817010587,512
6,index_cued_first_diffusion_0.3_swap_recovery_3,226,0.7471735088832729,512
6,index_cued_first_diffusion_0.3_swap_recovery_3,238,0.44738642175638765,512
6,index_cued_first_diffusion_0.3_swap_recovery_3,277,2.4409039276214326,512
6,index_cued_first_diffusion_0.3_swap_recovery_4,23,1.72474858729074,512
6,index_cued_first_diffusion_0.3_swap_recovery_4,24,2.5435415543439266,512
6,index_cued_first_diffusion_0.3_swap_recovery_4,26,0.394269686697443,512
6,index_cued_first_diffusion_0.3_swap_recovery_4,56,0.8671304549209113,512
6,index_cued_first_diffusion_0.3_swap_recovery_4,119,0.7216314381048972,512
6,index_cued_first_diffusion_0.3_swap_recovery_4,121,2.6269538517515425,512
6,index_cued_first_diffusion_0.3_swap_recovery_4,148,1.165484571361796,512
6,index_cued_first_diffusion_0.3_swap_recovery_4,180,2.092988073804391,512
6,index_cued_first_diffusion_0.3_swap_recovery_4,195,1.215518386550151,512
6,index_cued_first_diffusion_0.3_swap_recovery_4,205,0.7548388384721902,512
6,index_cued_first_diffusion_0.3_swap_recovery_4,209,0.8114988869707146,512
6,index_cued_first_diffusion_0.3_swap_recovery_4,212,0.9052359871083764,512
6,index_cued_first_diffusion_0.3_swap_recovery_4,217,0.8102046236429993,512
6,index_cued_first_diffusion_0.3_swap_recovery_4,226,0.6717084913473922,512
6,index_cued_first_diffusion_0.3_swap_recovery_4,238,0.4008868745165011,512
6,index_cued_first_diffusion_0.3_swap_recovery_4,277,2.8344204474059875,512
6,index_cued_first_diffusion_0.3_swap_recovery_5,23,0.9343054578768564,512
6,index_cued_first_diffusion_0.3_swap_recovery_5,24,3.397397973979003,512
6,index_cued_first_diffusion_0.3_swap_recovery_5,26,7.272357678961974,512
6,index_cued_first_diffusion_0.3_swap_recovery_5,56,2.112376619559188,512
6,index_cued_first_diffusion_0.3_swap_recovery_5,119,0.9236612918292029,512
6,index_cued_first_diffusion_0.3_swap_recovery_5,121,0.6566094232265343,512
6,index_cued_first_diffusion_0.3_swap_recovery_5,148,0.8295981721978741,512
6,index_cued_first_diffusion_0.3_swap_recovery_5,180,3.5972727363234154,512
6,index_cued_first_diffusion_0.3_swap_recovery_5,195,0.9281067455334104,512
6,index_cued_first_diffusion_0.3_swap_recovery_5,205,0.6856449501776238,512
6,index_cued_first_diffusion_0.3_swap_recovery_5,209,0.9865261421097526,512
6,index_cued_first_diffusion_0.3_swap_recovery_5,212,2.637048830700443,512
6,index_cued_first_diffusion_0.3_swap_recovery_5,217,0.6539506106908477,512
6,index_cued_first_diffusion_0.3_swap_recovery_5,226,1.4700401888218861,512
6,index_cued_first_diffusion_0.3_swap_recovery_5,238,1.5798902879939027,512
6,index_cued_first_diffusion_0.3_swap_recovery_5,277,0.6743527899302508,512
6,index_cued_first_diffusion_0.3_swap_recovery_6,23,0.954394845092744,512
6,index_cued_first_diffusion_0.3_swap_recovery_6,24,1.7673079483141052,512
6,index_cued_first_diffusion_0.3_swap_recovery_6,26,8.849524514115696,512
6,index_cued_first_diffusion_0.3_swap_recovery_6,56,2.003152427375961,512
6,index_cued_first_diffusion_0.3_swap_recovery_6,119,0.6328594050266423,512
6,index_cued_first_diffusion_0.3_swap_recovery_6,121,0.731318898679648,512
6,index_cued_first_diffusion_0.3_swap_recovery_6,148,0.8736197864400189,512
6,index_cued_first_diffusion_0.3_swap_recovery_6,180,4.905915326929602,512
6,index_cued_first_diffusion_0.3_swap_recovery_6,195,1.0745103236684772,512
6,index_cued_first_diffusion_0.3_swap_recovery_6,205,0.6305159758292807,512
6,index_cued_first_diffusion_0.3_swap_recovery_6,209,0.8266855603550316,512
6,index_cued_first_diffusion_0.3_swap_recovery_6,212,2.435119998145478,512
6,index_cued_first_diffusion_0.3_swap_recovery_6,217,0.5970170486720261,512
6,index_cued_first_diffusion_0.3_swap_recovery_6,226,1.370437211155704,512
6,index_cued_first_diffusion_0.3_swap_recovery_6,238,1.394345452003412,512
6,index_cued_first_diffusion_0.3_swap_recovery_6,277,0.7017710886764766,512
6,index_cued_first_diffusion_0.3_swap_recovery_7,23,1.7883295829490962,512
6,index_cued_first_diffusion_0.3_swap_recovery_7,24,2.5916794337968705,512
6,index_cued_first_diffusion_0.3_swap_recovery_7,26,0.41119253961192714,512
6,index_cued_first_diffusion_0.3_swap_recovery_7,56,0.8654820145150346,512
6,index_cued_first_diffusion_0.3_swap_recovery_7,119,0.7220862478826675,512
6,index_cued_first_diffusion_0.3_swap_recovery_7,121,2.657179268663061,512
6,index_cued_first_diffusion_0.3_swap_recovery_7,148,1.1766174247873258,512
6,index_cued_first_diffusion_0.3_swap_recovery_7,180,2.142688892828831,512
6,index_cued_first_diffusion_0.3_swap_recovery_7,195,1.2034176013945854,512
6,index_cued_first_diffusion_0.3_swap_recovery_7,205,0.7532350035633427,512
6,index_cued_first_diffusion_0.3_swap_recovery_7,209,0.8200693368563943,512
6,index_cued_first_diffusion_0.3_swap_recovery_7,212,0.8969080577761843,512
6,index_cued_first_diffusion_0.3_swap_recovery_7,217,0.8032646872898619,512
6,index_cued_first_diffusion_0.3_swap_recovery_7,226,0.6772093074787424,512
6,index_cued_first_diffusion_0.3_swap_recovery_7,238,0.41085839079413405,512
6,index_cued_first_diffusion_0.3_swap_recovery_7,277,2.819540018128223,512
6,index_cued_first_diffusion_0.3_swap_recovery_8,23,2.7805175032079994,512
6,index_cued_first_diffusion_0.3_swap_recovery_8,24,2.53921754269661,512
6,index_cued_first_diffusion_0.3_swap_recovery_8,26,2.4905345446205507,512
6,index_cued_first_diffusion_0.3_swap_recovery_8,56,2.7249852501615237,512
6,index_cued_first_diffusion_0.3_swap_recovery_8,119,1.2050525764767264,512
6,index_cued_first_diffusion_0.3_swap_recovery_8,121,2.0673275114067646,512
6,index_cued_first_diffusion_0.3_swap_recovery_8,148,2.5222553475434113,512
6,index_cued_first_diffusion_0.3_swap_recovery_8,180,2.8019945884732724,512
6,index_cued_first_diffusion_0.3_swap_recovery_8,195,2.6177426441324503,512
6,index_cued_first_diffusion_0.3_swap_recovery_8,205,2.1403929555655523,512
6,index_cued_first_diffusion_0.3_swap_recovery_8,209,2.585767307775865,512
6,index_cued_first_diffusion_0.3_swap_recovery_8,212,2.368829717697208,512
6,index_cued_first_diffusion_0.3_swap_recovery_8,217,2.1622995467772057,512
6,index_cued_first_diffusion_0.3_swap_recovery_8,226,1.7653137736817273,512
6,index_cued_first_diffusion_0.3_swap_recovery_8,238,0.9623388566107982,512
6,index_cued_first_diffusion_0.3_swap_recovery_8,277,2.4869861987057353,512
6,index_cued_first_diffusion_0.3_swap_recovery_9,23,2.5042018458230197,512
6,index_cued_first_diffusion_0.3_swap_recovery_9,24,2.6654293674529335,512
6,index_cued_first_diffusion_0.3_swap_recovery_9,26,2.435339513810672,512
6,index_cued_first_diffusion_0.3_swap_recovery_9,56,3.893630826354407,512
6,index_cued_first_diffusion_0.3_swap_recovery_9,119,0.27603106032401964,512
6,index_cued_first_diffusion_0.3_swap_recovery_9,121,0.5066126546590384,512
6,index_cued_first_diffusion_0.3_swap_recovery_9,148,2.0307404529411484,512
6,index_cued_first_diffusion_0.3_swap_recovery_9,180,2.465137007685116,512
6,index_cued_first_diffusion_0.3_swap_recovery_9,195,1.8991959004421188,512
6,index_cued_first_diffusion_0.3_swap_recovery_9,205,2.1009775165006843,512
6,index_cued_first_diffusion_0.3_swap_recovery_9,209,2.224826811148904,512
6,index_cued_first_diffusion_0.3_swap_recovery_9,212,3.1118225198967964,512
6,index_cued_first_diffusion_0.3_swap_recovery_9,217,1.6139942058705834,512
6,index_cued_first_diffusion_0.3_swap_recovery_9,226,1.9432907004673468,512
6,index_cued_first_diffusion_0.3_swap_recovery_9,238,0.8888117178349904,512
6,index_cued_first_diffusion_0.3_swap_recovery_9,277,1.2046554643092022,512
6,index_cued_first_diffusion_0.3_swap_recovery_10,23,2.522997862376468,512
6,index_cued_first_diffusion_0.3_swap_recovery_10,24,2.2275911550634637,512
6,index_cued_first_diffusion_0.3_swap_recovery_10,26,1.756497209109598,512
6,index_cued_first_diffusion_0.3_swap_recovery_10,56,3.627122303121281,512
6,index_cued_first_diffusion_0.3_swap_recovery_10,119,0.35682023369946336,512
6,index_cued_first_diffusion_0.3_swap_recovery_10,121,0.44958760541243137,512
6,index_cued_first_diffusion_0.3_swap_recovery_10,148,2.364619145722016,512
6,index_cued_first_diffusion_0.3_swap_recovery_10,180,2.916314668141776,512
6,index_cued_first_diffusion_0.3_swap_recovery_10,195,1.8346605792362871,512
6,index_cued_first_diffusion_0.3_swap_recovery_10,205,1.821424813881901,512
6,index_cued_first_diffusion_0.3_swap_recovery_10,209,1.995591161594097,512
6,index_cued_first_diffusion_0.3_swap_recovery_10,212,3.1707249425844863,512
6,index_cued_first_diffusion_0.3_swap_recovery_10,217,1.8051606436928935,512
6,index_cued_first_diffusion_0.3_swap_recovery_10,226,2.5170894391543075,512
6,index_cued_first_diffusion_0.3_swap_recovery_10,238,2.1062572171801985,512
6,index_cued_first_diffusion_0.3_swap_recovery_10,277,1.581806683052789,512
6,index_cued_first_diffusion_0.3_swap_recovery_11,23,1.7784427141008208,512
6,index_cued_first_diffusion_0.3_swap_recovery_11,24,2.209212998142495,512
6,index_cued_first_diffusion_0.3_swap_recovery_11,26,2.8838340698968112,512
6,index_cued_first_diffusion_0.3_swap_recovery_11,56,2.5022626674623867,512
6,index_cued_first_diffusion_0.3_swap_recovery_11,119,0.6630168945900593,512
6,index_cued_first_diffusion_0.3_swap_recovery_11,121,0.7009779370219336,512
6,index_cued_first_diffusion_0.3_swap_recovery_11,148,2.698500865155048,512
6,index_cued_first_diffusion_0.3_swap_recovery_11,180,2.7699483427843203,512
6,index_cued_first_diffusion_0.3_swap_recovery_11,195,2.876859663746753,512
6,index_cued_first_diffusion_0.3_swap_recovery_11,205,2.811954667055266,512
6,index_cued_first_diffusion_0.3_swap_recovery_11,209,2.710623910502737,512
6,index_cued_first_diffusion_0.3_swap_recovery_11,212,2.0073187531088554,512
6,index_cued_first_diffusion_0.3_swap_recovery_11,217,3.0251600722251473,512
6,index_cued_first_diffusion_0.3_swap_recovery_11,226,2.2014781508110275,512
6,index_cued_first_diffusion_0.3_swap_recovery_11,238,1.3587826794694418,512
6,index_cued_first_diffusion_0.3_swap_recovery_11,277,1.4417338020469006,512
6,index_cued_first_diffusion_0.3_swap_recovery_12,23,2.4449723847913947,512
6,index_cued_first_diffusion_0.3_swap_recovery_12,24,2.582112211423075,512
6,index_cued_first_diffusion_0.3_swap_recovery_12,26,2.341731005940699,512
6,index_cued_first_diffusion_0.3_swap_recovery_12,56,3.832726765543708,512
6,index_cued_first_diffusion_0.3_swap_recovery_12,119,0.30949076933221403,512
6,index_cued_first_diffusion_0.3_swap_recovery_12,121,0.5295194083916003,512
6,index_cued_first_diffusion_0.3_swap_recovery_12,148,1.9806135928525057,512
6,index_cued_first_diffusion_0.3_swap_recovery_12,180,2.3170397135652867,512
6,index_cued_first_diffusion_0.3_swap_recovery_12,195,1.762564096776449,512
6,index_cued_first_diffusion_0.3_swap_recovery_12,205,2.028930830195004,512
6,index_cued_first_diffusion_0.3_swap_recovery_12,209,2.2312227832922895,512
6,index_cued_first_diffusion_0.3_swap_recovery_12,212,3.0878796019942083,512
6,index_cued_first_diffusion_0.3_swap_recovery_12,217,1.6241834521248235,512
6,index_cued_first_diffusion_0.3_swap_recovery_12,226,2.0331629516610175,512
6,index_cued_first_diffusion_0.3_swap_recovery_12,238,0.890503624785224,512
6,index_cued_first_diffusion_0.3_swap_recovery_12,277,1.1834573071570333,512
6,index_cued_first_diffusion_0.3_swap_recovery_13,23,2.3434142583709274,512
6,index_cued_first_diffusion_0.3_swap_recovery_13,24,2.4899019414586068,512
6,index_cued_first_diffusion_0.3_swap_recovery_13,26,2.3568598426237712,512
6,index_cued_first_diffusion_0.3_swap_recovery_13,56,1.8145063983012977,512
6,index_cued_first_diffusion_0.3_swap_recovery_13,119,0.343934794362292,512
6,index_cued_first_diffusion_0.3_swap_recovery_13,121,0.982657312265272,512
6,index_cued_first_diffusion_0.3_swap_recovery_13,148,2.2689482469998903,512
6,index_cued_first_diffusion_0.3_swap_recovery_13,180,2.4518213001295885,512
6,index_cued_first_diffusion_0.3_swap_recovery_13,195,2.2671621043146613,512
6,index_cued_first_diffusion_0.3_swap_recovery_13,205,1.8732982518183647,512
6,index_cued_first_diffusion_0.3_swap_recovery_13,209,2.8319473434557736,512
6,index_cued_first_diffusion_0.3_swap_recovery_13,212,1.4970701294760098,512
6,index_cued_first_diffusion_0.3_swap_recovery_13,217,2.1070692298443703,512
6,index_cued_first_diffusion_0.3_swap_recovery_13,226,1.5753305204959278,512
6,index_cued_first_diffusion_0.3_swap_recovery_13,238,1.016152604934137,512
6,index_cued_first_diffusion_0.3_swap_recovery_13,277,2.029231568944617,512
7,index_cued_first_diffusion_0.3_swap_recovery_0,23,1.5344097151890947,512
7,index_cued_first_diffusion_0.3_swap_recovery_0,24,1.1156980046769627,512
7,index_cued_first_diffusion_0.3_swap_recovery_0,26,1.1634139437334305,512
7,index_cued_first_diffusion_0.3_swap_recovery_0,56,0.7932967221142442,512
7,index_cued_first_diffusion_0.3_swap_recovery_0,119,1.1474309340275262,512
7,index_cued_first_diffusion_0.3_swap_recovery_0,121,1.5883522907592107,512
7,index_cued_first_diffusion_0.3_swap_recovery_0,148,1.4536841598325363,512
7,index_cued_first_diffusion_0.3_swap_recovery_0,180,1.3897573381809294,512
7,index_cued_first_diffusion_0.3_swap_recovery_0,195,1.1067935875361568,512
7,index_cued_first_diffusion_0.3_swap_recovery_0,205,1.7501382158502778,512
7,index_cued_first_diffusion_0.3_swap_recovery_0,209,0.6648158459361053,512
7,index_cued_first_diffusion_0.3_swap_recovery_0,212,0.4756348175221383,512
7,index_cued_first_diffusion_0.3_swap_recovery_0,217,1.8140182760118329,512
7,index_cued_first_diffusion_0.3_swap_recovery_0,226,0.48059968645379336,512
7,index_cued_first_diffusion_0.3_swap_recovery_0,238,0.7062045942005912,512
7,index_cued_first_diffusion_0.3_swap_recovery_0,277,1.5079115082064476,512
7,index_cued_first_diffusion_0.3_swap_recovery_1,23,0.8416273172458524,512
7,index_cued_first_diffusion_0.3_swap_recovery_1,24,3.3125517528725053,512
7,index_cued_first_diffusion_0.3_swap_recovery_1,26,8.180546601976559,512
7,index_cued_first_diffusion_0.3_swap_recovery_1,56,3.3417473280235264,512
7,index_cued_first_diffusion_0.3_swap_recovery_1,119,1.6821874513040957,512
7,index_cued_first_diffusion_0.3_swap_recovery_1,121,0.8521352626652384,512
7,index_cued_first_diffusion_0.3_swap_recovery_1,148,2.476133785057577,512
7,index_cued_first_diffusion_0.3_swap_recovery_1,180,20.271606312745533,512
7,index_cued_first_diffusion_0.3_swap_recovery_1,195,1.956836022868757,512
7,index_cued_first_diffusion_0.3_swap_recovery_1,205,1.7032065175947237,512
7,index_cued_first_diffusion_0.3_swap_recovery_1,209,2.249428927220424,512
7,index_cued_first_diffusion_0.3_swap_recovery_1,212,2.6329280245639812,512
7,index_cued_first_diffusion_0.3_swap_recovery_1,217,1.738194489352082,512
7,index_cued_first_diffusion_0.3_swap_recovery_1,226,0.8358920728489914,512
7,index_cued_first_diffusion_0.3_swap_recovery_1,238,1.2993338026572048,512
7,index_cued_first_diffusion_0.3_swap_recovery_1,277,1.155486101540761,512
7,index_cued_first_diffusion_0.3_swap_recovery_2,23,1.1003780331968904,512
7,index_cued_first_diffusion_0.3_swap_recovery_2,24,1.2692907279971026,512
7,index_cued_first_diffusion_0.3_swap_recovery_2,26,0.8843626180122919,512
7,index_cued_first_diffusion_0.3_swap_recovery_2,56,0.58997006609397,512
7,index_cued_first_diffusion_0.3_swap_recovery_2,119,0.3564641455393753,512
7,index_cued_first_diffusion_0.3_swap_recovery_2,121,0.9770469459628296,512
7,index_cued_first_diffusion_0.3_swap_recovery_2,148,0.739905721464734,512
7,index_cued_first_diffusion_0.3_swap_recovery_2,180,1.2388482276635628,512
7,index_cued_first_diffusion_0.3_swap_recovery_2,195,0.47409529796302735,512
7,index_cued_first_diffusion_0.3_swap_recovery_2,205,0.9401557355872445,512
7,index_cued_first_diffusion_0.3_swap_recovery_2,209,0.14095738440639183,512
7,index_cued_first_diffusion_0.3_swap_recovery_2,212,1.061247480024069,512
7,index_cued_first_diffusion_0.3_swap_recovery_2,217,0.9860265771863446,512
7,index_cued_first_diffusion_0.3_swap_recovery_2,226,0.6205376263402498,512
7,index_cued_first_diffusion_0.3_swap_recovery_2,238,0.6192930759899742,512
7,index_cued_first_diffusion_0.3_swap_recovery_2,277,1.2313273683618802,512
7,index_cued_first_diffusion_0.3_swap_recovery_3,23,1.589489441575287,512
7,index_cued_first_diffusion_0.3_swap_recovery_3,24,1.1078067966952507,512
7,index_cued_first_diffusion_0.3_swap_recovery_3,26,1.108973279705992,512
7,index_cued_first_diffusion_0.3_swap_recovery_3,56,0.7826614877987534,512
7,index_cued_first_diffusion_0.3_swap_recovery_3,119,1.0627626308163105,512
7,index_cued_first_diffusion_0.3_swap_recovery_3,121,1.5893998964746467,512
7,index_cued_first_diffusion_0.3_swap_recovery_3,148,1.4466551592376589,512
7,index_cued_first_diffusion_0.3_swap_recovery_3,180,1.3827303958295558,512
7,index_cued_first_diffusion_0.3_swap_recovery_3,195,1.1904039892964084,512
7,index_cued_first_diffusion_0.3_swap_recovery_3,205,1.7981755972563513,512
7,index_cued_first_diffusion_0.3_swap_recovery_3,209,0.8666858003143533,512
7,index_cued_first_diffusion_0.3_swap_recovery_3,212,0.503354309161966,512
7,index_cued_first_diffusion_0.3_swap_recovery_3,217,1.8858484218717764,512
7,index_cued_first_diffusion_0.3_swap_recovery_3,226,0.5078705733999453,512
7,index_cued_first_diffusion_0.3_swap_recovery_3,238,0.7186153459389424,512
7,index_cued_first_diffusion_0.3_swap_recovery_3,277,1.5537482529515536,512
7,index_cued_first_diffusion_0.3_swap_recovery_4,23,2.04607435840138,512
7,index_cued_first_diffusion_0.3_swap_recovery_4,24,1.1147070916043935,512
7,index_cued_first_diffusion_0.3_swap_recovery_4,26,2.2516898012060493,512
7,index_cued_first_diffusion_0.3_swap_recovery_4,56,2.6110390423120515,512
7,index_cued_first_diffusion_0.3_swap_recovery_4,119,0.284816255711673,512
7,index_cued_first_diffusion_0.3_swap_recovery_4,121,1.9952256047903025,512
7,index_cued_first_diffusion_0.3_swap_recovery_4,148,2.039830332765008,512
7,index_cued_first_diffusion_0.3_swap_recovery_4,180,1.1497167711363276,512
7,index_cued_first_diffusion_0.3_swap_recovery_4,195,2.9710684174508404,512
7,index_cued_first_diffusion_0.3_swap_recovery_4,205,2.384917952213058,512
7,index_cued_first_diffusion_0.3_swap_recovery_4,209,2.642078102225029,512
7,index_cued_first_diffusion_0.3_swap_recovery_4,212,2.1027442955909823,512
7,index_cued_first_diffusion_0.3_swap_recovery_4,217,2.1751319568524305,512
7,index_cued_first_diffusion_0.3_swap_recovery_4,226,0.6167995582377563,512
7,index_cued_first_diffusion_0.3_swap_recovery_4,238,0.7904154368220214,512
7,index_cued_first_diffusion_0.3_swap_recovery_4,277,2.1784700558843557,512
7,index_cued_first_diffusion_0.3_swap_recovery_5,23,0.7278358344879989,512
7,index_cued_first_diffusion_0.3_swap_recovery_5,24,4.8567278271741,512
7,index_cued_first_diffusion_0.3_swap_recovery_5,26,9.121231656651851,512
7,index_cued_first_diffusion_0.3_swap_recovery_5,56,2.8801484862713425,512
7,index_cued_first_diffusion_0.3_swap_recovery_5,119,1.4752797293126065,512
7,index_cued_first_diffusion_0.3_swap_recovery_5,121,0.8717966847676925,512
7,index_cued_first_diffusion_0.3_swap_recovery_5,148,2.8490079962929196,512
7,index_cued_first_diffusion_0.3_swap_recovery_5,180,4.88877934230163,512
7,index_cued_first_diffusion_0.3_swap_recovery_5,195,2.2588161823444373,512
7,index_cued_first_diffusion_0.3_swap_recovery_5,205,1.7228804130894324,512
7,index_cued_first_diffusion_0.3_swap_recovery_5,209,2.470792897604944,512
7,index_cued_first_diffusion_0.3_swap_recovery_5,212,2.5371015859969104,512
7,index_cued_first_diffusion_0.3_swap_recovery_5,217,1.747515073076714,512
7,index_cued_first_diffusion_0.3_swap_recovery_5,226,0.7895501949695027,512
7,index_cued_first_diffusion_0.3_swap_recovery_5,238,1.5949617284821174,512
7,index_cued_first_diffusion_0.3_swap_recovery_5,277,1.056276903794458,512
7,index_cued_first_diffusion_0.3_swap_recovery_6,23,0.7323093204594395,512
7,index_cued_first_diffusion_0.3_swap_recovery_6,24,3.3737313636561788,512
7,index_cued_first_diffusion_0.3_swap_recovery_6,26,10.849425392410463,512
7,index_cued_first_diffusion_0.3_swap_recovery_6,56,2.978653466065193,512
7,index_cued_first_diffusion_0.3_swap_recovery_6,119,1.225136402740792,512
7,index_cued_first_diffusion_0.3_swap_recovery_6,121,1.0197138532494527,512
7,index_cued_first_diffusion_0.3_swap_recovery_6,148,2.8040911827622206,512
7,index_cued_first_diffusion_0.3_swap_recovery_6,180,6.263089529792278,512
7,index_cued_first_diffusion_0.3_swap_recovery_6,195,2.1714742204617945,512
7,index_cued_first_diffusion_0.3_swap_recovery_6,205,1.8127226686828974,512
7,index_cued_first_diffusion_0.3_swap_recovery_6,209,2.459710264079099,512
7,index_cued_first_diffusion_0.3_swap_recovery_6,212,2.555071129172024,512
7,index_cued_first_diffusion_0.3_swap_recovery_6,217,1.8194277678844948,512
7,index_cued_first_diffusion_0.3_swap_recovery_6,226,0.7337936336080004,512
7,index_cued_first_diffusion_0.3_swap_recovery_6,238,1.4269310976617637,512
7,index_cued_first_diffusion_0.3_swap_recovery_6,277,1.0425686635265157,512
7,index_cued_first_diffusion_0.3_swap_recovery_7,23,2.0958268743592496,512
7,index_cued_first_diffusion_0.3_swap_recovery_7,24,1.1163566168672785,512
7,index_cued_first_diffusion_0.3_swap_recovery_7,26,2.3091115969588287,512
7,index_cued_first_diffusion_0.3_swap_recovery_7,56,2.599800518089716,512
7,index_cued_first_diffusion_0.3_swap_recovery_7,119,0.28453253945099,512
7,index_cued_first_diffusion_0.3_swap_recovery_7,121,2.014568367970117,512
7,index_cued_first_diffusion_0.3_swap_recovery_7,148,2.0255276017395785,512
7,index_cued_first_diffusion_0.3_swap_recovery_7,180,1.1664759313616249,512
7,index_cued_first_diffusion_0.3_swap_recovery_7,195,2.972130706137678,512
7,index_cued_first_diffusion_0.3_swap_recovery_7,205,2.3512299160867935,512
7,index_cued_first_diffusion_0.3_swap_recovery_7,209,2.6602568961906794,512
7,index_cued_first_diffusion_0.3_swap_recovery_7,212,2.1148958499448396,512
7,index_cued_first_diffusion_0.3_swap_recovery_7,217,2.252590191142887,512
7,index_cued_first_diffusion_0.3_swap_recovery_7,226,0.6138946979872137,512
7,index_cued_first_diffusion_0.3_swap_recovery_7,238,0.792304829723916,512
7,index_cued_first_diffusion_0.3_swap_recovery_7,277,2.1476446028378393,512
7,index_cued_first_diffusion_0.3_swap_recovery_8,23,1.6281830956070276,512
7,index_cued_first_diffusion_0.3_swap_recovery_8,24,1.0805283858540637,512
7,index_cued_first_diffusion_0.3_swap_recovery_8,26,1.1537981651557818,512
7,index_cued_first_diffusion_0.3_swap_recovery_8,56,0.5811611990360257,512
7,index_cued_first_diffusion_0.3_swap_recovery_8,119,1.4349786596254361,512
7,index_cued_first_diffusion_0.3_swap_recovery_8,121,1.6097363793867019,512
7,index_cued_first_diffusion_0.3_swap_recovery_8,148,1.4141476588544641,512
7,index_cued_first_diffusion_0.3_swap_recovery_8,180,1.3479736948230456,512
7,index_cued_first_diffusion_0.3_swap_recovery_8,195,1.2917684888098662,512
7,index_cued_first_diffusion_0.3_swap_recovery_8,205,1.7780977325774676,512
7,index_cued_first_diffusion_0.3_swap_recovery_8,209,0.684964865759847,512
7,index_cued_first_diffusion_0.3_swap_recovery_8,212,0.3887599955540212,512
7,index_cued_first_diffusion_0.3_swap_recovery_8,217,1.717879709570489,512
7,index_cued_first_diffusion_0.3_swap_recovery_8,226,1.0363230565257768,512
7,index_cued_first_diffusion_0.3_swap_recovery_8,238,1.041713411357435,512
7,index_cued_first_diffusion_0.3_swap_recovery_8,277,1.592957971593895,512
7,index_cued_first_diffusion_0.3_swap_recovery_9,23,1.4693316294427017,512
7,index_cued_first_diffusion_0.3_swap_recovery_9,24,1.5301543696875783,512
7,index_cued_first_diffusion_0.3_swap_recovery_9,26,1.435010284982264,512
7,index_cued_first_diffusion_0.3_swap_recovery_9,56,2.1694858671956263,512
7,index_cued_first_diffusion_0.3_swap_recovery_9,119,0.44029304047444295,512
7,index_cued_first_diffusion_0.3_swap_recovery_9,121,1.0627805081040016,512
7,index_cued_first_diffusion_0.3_swap_recovery_9,148,2.8646784238204024,512
7,index_cued_first_diffusion_0.3_swap_recovery_9,180,1.5447775081031765,512
7,index_cued_first_diffusion_0.3_swap_recovery_9,195,1.9287889811377126,512
7,index_cued_first_diffusion_0.3_swap_recovery_9,205,1.737588255482314,512
7,index_cued_first_diffusion_0.3_swap_recovery_9,209,1.9669149910891577,512
7,index_cued_first_diffusion_0.3_swap_recovery_9,212,2.289445461491437,512
7,index_cued_first_diffusion_0.3_swap_recovery_9,217,1.377021871770427,512
7,index_cued_first_diffusion_0.3_swap_recovery_9,226,1.0658409068102763,512
7,index_cued_first_diffusion_0.3_swap_recovery_9,238,0.6045364976411349,512
7,index_cued_first_diffusion_0.3_swap_recovery_9,277,1.0291986597764715,512
7,index_cued_first_diffusion_0.3_swap_recovery_10,23,1.4965956322731242,512
7,index_cued_first_diffusion_0.3_swap_recovery_10,24,2.0605325319893257,512
7,index_cued_first_diffusion_0.3_swap_recovery_10,26,1.6823377808996607,512
7,index_cued_first_diffusion_0.3_swap_recovery_10,56,2.4983683934409333,512
7,index_cued_first_diffusion_0.3_swap_recovery_10,119,0.3896701802544862,512
7,index_cued_first_diffusion_0.3_swap_recovery_10,121,1.02237456209129,512
7,index_cued_first_diffusion_0.3_swap_recovery_10,148,2.7274007461777274,512
7,index_cued_first_diffusion_0.3_swap_recovery_10,180,1.712237132684716,512
7,index_cued_first_diffusion_0.3_swap_recovery_10,195,1.4652452027936098,512
7,index_cued_first_diffusion_0.3_swap_recovery_10,205,1.4749066918718106,512
7,index_cued_first_diffusion_0.3_swap_recovery_10,209,1.2855536014597932,512
7,index_cued_first_diffusion_0.3_swap_recovery_10,212,1.7187795895213465,512
7,index_cued_first_diffusion_0.3_swap_recovery_10,217,1.440359042093101,512
7,index_cued_first_diffusion_0.3_swap_recovery_10,226,1.7883336813391955,512
7,index_cued_first_diffusion_0.3_swap_recovery_10,238,1.7592420255461256,512
7,index_cued_first_diffusion_0.3_swap_recovery_10,277,1.3421271234878709,512
7,index_cued_first_diffusion_0.3_swap_recovery_11,23,0.8947029592398652,512
7,index_cued_first_diffusion_0.3_swap_recovery_11,24,1.0578124680192134,512
7,index_cued_first_diffusion_0.3_swap_recovery_11,26,1.0797768153794522,512
7,index_cued_first_diffusion_0.3_swap_recovery_11,56,0.992600515658258,512
7,index_cued_first_diffusion_0.3_swap_recovery_11,119,0.24252806029871168,512
7,index_cued_first_diffusion_0.3_swap_recovery_11,121,0.8460311506068207,512
7,index_cued_first_diffusion_0.3_swap_recovery_11,148,1.054127713644533,512
7,index_cued_first_diffusion_0.3_swap_recovery_11,180,0.3275493069988178,512
7,index_cued_first_diffusion_0.3_swap_recovery_11,195,0.5061685727341827,512
7,index_cued_first_diffusion_0.3_swap_recovery_11,205,1.266033764257972,512
7,index_cued_first_diffusion_0.3_swap_recovery_11,209,0.5541722498095881,512
7,index_cued_first_diffusion_0.3_swap_recovery_11,212,0.9935115111125163,512
7,index_cued_first_diffusion_0.3_swap_recovery_11,217,1.3871371659942868,512
7,index_cued_first_diffusion_0.3_swap_recovery_11,226,1.491576596400353,512
7,index_cued_first_diffusion_0.3_swap_recovery_11,238,0.8113534811119619,512
7,index_cued_first_diffusion_0.3_swap_recovery_11,277,1.0135575391017333,512
7,index_cued_first_diffusion_0.3_swap_recovery_12,23,1.4365174208453275,512
7,index_cued_first_diffusion_0.3_swap_recovery_12,24,1.5121752832925786,512
7,index_cued_first_diffusion_0.3_swap_recovery_12,26,1.402506057595355,512
7,index_cued_first_diffusion_0.3_swap_recovery_12,56,2.1345743433212387,512
7,index_cued_first_diffusion_0.3_swap_recovery_12,119,0.41955959264309217,512
7,index_cued_first_diffusion_0.3_swap_recovery_12,121,1.0942378840607325,512
7,index_cued_first_diffusion_0.3_swap_recovery_12,148,2.881788060149492,512
7,index_cued_first_diffusion_0.3_swap_recovery_12,180,1.5504765841442272,512
7,index_cued_first_diffusion_0.3_swap_recovery_12,195,1.9650862217440648,512
7,index_cued_first_diffusion_0.3_swap_recovery_12,205,1.7098521049741198,512
7,index_cued_first_diffusion_0.3_swap_recovery_12,209,2.0248367225421884,512
7,index_cued_first_diffusion_0.3_swap_recovery_12,212,2.2500240685643584,512
7,index_cued_first_diffusion_0.3_swap_recovery_12,217,1.3624319835563987,512
7,index_cued_first_diffusion_0.3_swap_recovery_12,226,1.1736129003065119,512
7,index_cued_first_diffusion_0.3_swap_recovery_12,238,0.6448144412878145,512
7,index_cued_first_diffusion_0.3_swap_recovery_12,277,1.008986228675449,512
7,index_cued_first_diffusion_0.3_swap_recovery_13,23,1.1167795725264975,512
7,index_cued_first_diffusion_0.3_swap_recovery_13,24,1.2732148131357444,512
7,index_cued_first_diffusion_0.3_swap_recovery_13,26,1.2690227123977535,512
7,index_cued_first_diffusion_0.3_swap_recovery_13,56,1.5012093460599392,512
7,index_cued_first_diffusion_0.3_swap_recovery_13,119,0.37839518385825627,512
7,index_cued_first_diffusion_0.3_swap_recovery_13,121,0.5360785712480227,512
7,index_cued_first_diffusion_0.3_swap_recovery_13,148,1.7080262624585258,512
7,index_cued_first_diffusion_0.3_swap_recovery_13,180,1.0780438632710503,512
7,index_cued_first_diffusion_0.3_swap_recovery_13,195,1.2495624752425605,512
7,index_cued_first_diffusion_0.3_swap_recovery_13,205,1.9040005905117565,512
7,index_cued_first_diffusion_0.3_swap_recovery_13,209,0.7907769111259002,512
7,index_cued_first_diffusion_0.3_swap_recovery_13,212,1.3120401782831863,512
7,index_cued_first_diffusion_0.3_swap_recovery_13,217,1.3416226416986052,512
7,index_cued_first_diffusion_0.3_swap_recovery_13,226,0.654682930080321,512
7,index_cued_first_diffusion_0.3_swap_recovery_13,238,0.39248797372573385,512
7,index_cued_first_diffusion_0.3_swap_recovery_13,277,0.9913269501564335,512
8,index_cued_first_diffusion_0.3_swap_recovery_0,23,2.306527711351009,512
8,index_cued_first_diffusion_0.3_swap_recovery_0,24,2.5246464098396952,512
8,index_cued_first_diffusion_0.3_swap_recovery_0,26,2.4032109319889425,512
8,index_cued_first_diffusion_0.3_swap_recovery_0,56,1.3789192994679715,512
8,index_cued_first_diffusion_0.3_swap_recovery_0,119,1.3335667930500574,512
8,index_cued_first_diffusion_0.3_swap_recovery_0,121,1.6884641909335842,512
8,index_cued_first_diffusion_0.3_swap_recovery_0,148,2.184941062258919,512
8,index_cued_first_diffusion_0.3_swap_recovery_0,180,2.7514280018357855,512
8,index_cued_first_diffusion_0.3_swap_recovery_0,195,2.234168610952204,512
8,index_cued_first_diffusion_0.3_swap_recovery_0,205,2.5298498042971254,512
8,index_cued_first_diffusion_0.3_swap_recovery_0,209,1.1036649474988218,512
8,index_cued_first_diffusion_0.3_swap_recovery_0,212,0.4270924559012126,512
8,index_cued_first_diffusion_0.3_swap_recovery_0,217,2.471052843546581,512
8,index_cued_first_diffusion_0.3_swap_recovery_0,226,0.8834181821020892,512
8,index_cued_first_diffusion_0.3_swap_recovery_0,238,0.6657891676417003,512
8,index_cued_first_diffusion_0.3_swap_recovery_0,277,2.5641040038774414,512
8,index_cued_first_diffusion_0.3_swap_recovery_1,23,1.7501487275305139,512
8,index_cued_first_diffusion_0.3_swap_recovery_1,24,3.97466305081075,512
8,index_cued_first_diffusion_0.3_swap_recovery_1,26,9.813437357411779,512
8,index_cued_first_diffusion_0.3_swap_recovery_1,56,3.377557176910588,512
8,index_cued_first_diffusion_0.3_swap_recovery_1,119,1.8936807682952879,512
8,index_cued_first_diffusion_0.3_swap_recovery_1,121,1.816085187723668,512
8,index_cued_first_diffusion_0.3_swap_recovery_1,148,2.421554381119038,512
8,index_cued_first_diffusion_0.3_swap_recovery_1,180,19.33978018017209,512
8,index_cued_first_diffusion_0.3_swap_recovery_1,195,1.1068261231876944,512
8,index_cued_first_diffusion_0.3_swap_recovery_1,205,1.3141679870041756,512
8,index_cued_first_diffusion_0.3_swap_recovery_1,209,2.6922048193452497,512
8,index_cued_first_diffusion_0.3_swap_recovery_1,212,2.941500763771184,512
8,index_cued_first_diffusion_0.3_swap_recovery_1,217,2.079802292851883,512
8,index_cued_first_diffusion_0.3_swap_recovery_1,226,1.3963502340228982,512
8,index_cued_first_diffusion_0.3_swap_recovery_1,238,1.224252180607591,512
8,index_cued_first_diffusion_0.3_swap_recovery_1,277,2.0357818469323745,512
8,index_cued_first_diffusion_0.3_swap_recovery_2,23,2.4945298572233097,512
8,index_cued_first_diffusion_0.3_swap_recovery_2,24,2.7757786735425087,512
8,index_cued_first_diffusion_0.3_swap_recovery_2,26,2.5705488252482844,512
8,index_cued_first_diffusion_0.3_swap_recovery_2,56,1.3619045670335164,512
8,index_cued_first_diffusion_0.3_swap_recovery_2,119,0.5579386849696819,512
8,index_cued_first_diffusion_0.3_swap_recovery_2,121,2.021948488195893,512
8,index_cued_first_diffusion_0.3_swap_recovery_2,148,2.2026453229570637,512
8,index_cued_first_diffusion_0.3_swap_recovery_2,180,2.7067239817283086,512
8,index_cued_first_diffusion_0.3_swap_recovery_2,195,2.2181172268376423,512
8,index_cued_first_diffusion_0.3_swap_recovery_2,205,2.274500328580164,512
8,index_cued_first_diffusion_0.3_swap_recovery_2,209,1.377258972604512,512
8,index_cued_first_diffusion_0.3_swap_recovery_2,212,1.310470812534531,512
8,index_cued_first_diffusion_0.3_swap_recovery_2,217,1.8029313988191285,512
8,index_cued_first_diffusion_0.3_swap_recovery_2,226,1.050581645560062,512
8,index_cued_first_diffusion_0.3_swap_recovery_2,238,0.6284285422332083,512
8,index_cued_first_diffusion_0.3_swap_recovery_2,277,2.9261875419721095,512
8,index_cued_first_diffusion_0.3_swap_recovery_3,23,2.4152201215736175,512
8,index_cued_first_diffusion_0.3_swap_recovery_3,24,2.3678713254855577,512
8,index_cued_first_diffusion_0.3_swap_recovery_3,26,2.3587701497854097,512
8,index_cued_first_diffusion_0.3_swap_recovery_3,56,1.3873805565569541,512
8,index_cued_first_diffusion_0.3_swap_recovery_3,119,1.2406648776068416,512
8,index_cued_first_diffusion_0.3_swap_recovery_3,121,1.5744313037151412,512
8,index_cued_first_diffusion_0.3_swap_recovery_3,148,2.1491520786801805,512
8,index_cued_first_diffusion_0.3_swap_recovery_3,180,2.7511636194194633,512
8,index_cued_first_diffusion_0.3_swap_recovery_3,195,2.301402467501947,512
8,index_cued_first_diffusion_0.3_swap_recovery_3,205,2.6130315879860655,512
8,index_cued_first_diffusion_0.3_swap_recovery_3,209,1.2311448409547778,512
8,index_cued_first_diffusion_0.3_swap_recovery_3,212,0.43255503868721035,512
8,index_cued_first_diffusion_0.3_swap_recovery_3,217,2.564042997858012,512
8,index_cued_first_diffusion_0.3_swap_recovery_3,226,0.9056297990578159,512
8,index_cued_first_diffusion_0.3_swap_recovery_3,238,0.6664681345734835,512
8,index_cued_first_diffusion_0.3_swap_recovery_3,277,2.642549476744704,512
8,index_cued_first_diffusion_0.3_swap_recovery_4,23,0.2903425903804063,512
8,index_cued_first_diffusion_0.3_swap_recovery_4,24,1.0297266663758253,512
8,index_cued_first_diffusion_0.3_swap_recovery_4,26,2.379960261303811,512
8,index_cued_first_diffusion_0.3_swap_recovery_4,56,2.330336443756179,512
8,index_cued_first_diffusion_0.3_swap_recovery_4,119,0.3837784116140863,512
8,index_cued_first_diffusion_0.3_swap_recovery_4,121,1.6463789471786476,512
8,index_cued_first_diffusion_0.3_swap_recovery_4,148,1.9186604999992558,512
8,index_cued_first_diffusion_0.3_swap_recovery_4,180,0.9869222362503667,512
8,index_cued_first_diffusion_0.3_swap_recovery_4,195,2.2415302442214644,512
8,index_cued_first_diffusion_0.3_swap_recovery_4,205,1.977753405666681,512
8,index_cued_first_diffusion_0.3_swap_recovery_4,209,1.9987226898783037,512
8,index_cued_first_diffusion_0.3_swap_recovery_4,212,2.3243254607047463,512
8,index_cued_first_diffusion_0.3_swap_recovery_4,217,1.7731119662605443,512
8,index_cued_first_diffusion_0.3_swap_recovery_4,226,1.032326083115952,512
8,index_cued_first_diffusion_0.3_swap_recovery_4,238,0.7583803928394762,512
8,index_cued_first_diffusion_0.3_swap_recovery_4,277,1.6971677703476535,512
8,index_cued_first_diffusion_0.3_swap_recovery_5,23,1.7683466246972213,512
8,index_cued_first_diffusion_0.3_swap_recovery_5,24,5.591392817535054,512
8,index_cued_first_diffusion_0.3_swap_recovery_5,26,10.859867852377159,512
8,index_cued_first_diffusion_0.3_swap_recovery_5,56,3.2129799425527623,512
8,index_cued_first_diffusion_0.3_swap_recovery_5,119,1.6964836611943785,512
8,index_cued_first_diffusion_0.3_swap_recovery_5,121,1.8157120801184115,512
8,index_cued_first_diffusion_0.3_swap_recovery_5,148,2.848357284839876,512
8,index_cued_first_diffusion_0.3_swap_recovery_5,180,5.4552701969603055,512
8,index_cued_first_diffusion_0.3_swap_recovery_5,195,1.892293535801179,512
8,index_cued_first_diffusion_0.3_swap_recovery_5,205,1.7685855852391716,512
8,index_cued_first_diffusion_0.3_swap_recovery_5,209,2.7542421629097085,512
8,index_cued_first_diffusion_0.3_swap_recovery_5,212,2.7949868107007174,512
8,index_cued_first_diffusion_0.3_swap_recovery_5,217,2.0947685577509425,512
8,index_cued_first_diffusion_0.3_swap_recovery_5,226,1.4337696118854388,512
8,index_cued_first_diffusion_0.3_swap_recovery_5,238,1.4922087486055935,512
8,index_cued_first_diffusion_0.3_swap_recovery_5,277,1.962781836999227,512
8,index_cued_first_diffusion_0.3_swap_recovery_6,23,1.7631906948544307,512
8,index_cued_first_diffusion_0.3_swap_recovery_6,24,3.9725407508874033,512
8,index_cued_first_diffusion_0.3_swap_recovery_6,26,12.670513305580757,512
8,index_cued_first_diffusion_0.3_swap_recovery_6,56,3.233606106570173,512
8,index_cued_first_diffusion_0.3_swap_recovery_6,119,1.4500322778461403,512
8,index_cued_first_diffusion_0.3_swap_recovery_6,121,1.9068396665604714,512
8,index_cued_first_diffusion_0.3_swap_recovery_6,148,2.8248327262931756,512
8,index_cued_first_diffusion_0.3_swap_recovery_6,180,6.720555600457196,512
8,index_cued_first_diffusion_0.3_swap_recovery_6,195,1.7378944325688814,512
8,index_cued_first_diffusion_0.3_swap_recovery_6,205,1.8010290839473275,512
8,index_cued_first_diffusion_0.3_swap_recovery_6,209,2.674083079440326,512
8,index_cued_first_diffusion_0.3_swap_recovery_6,212,2.843827298435262,512
8,index_cued_first_diffusion_0.3_swap_recovery_6,217,2.055250971803019,512
8,index_cued_first_diffusion_0.3_swap_recovery_6,226,1.3496258208876202,512
8,index_cued_first_diffusion_0.3_swap_recovery_6,238,1.3458897690891685,512
8,index_cued_first_diffusion_0.3_swap_recovery_6,277,2.02793853456909,512
8,index_cued_first_diffusion_0.3_swap_recovery_7,23,0.3220976733056369,512
8,index_cued_first_diffusion_0.3_swap_recovery_7,24,1.0379120116534999,512
8,index_cued_first_diffusion_0.3_swap_recovery_7,26,2.4022856186090085,512
8,index_cued_first_diffusion_0.3_swap_recovery_7,56,2.3033643324917383,512
8,index_cued_first_diffusion_0.3_swap_recovery_7,119,0.38410892301532146,512
8,index_cued_first_diffusion_0.3_swap_recovery_7,121,1.6838982675102117,512
8,index_cued_first_diffusion_0.3_swap_recovery_7,148,1.9117237807556586,512
8,index_cued_first_diffusion_0.3_swap_recovery_7,180,0.9291472530837641,512
8,index_cued_first_diffusion_0.3_swap_recovery_7,195,2.25152306608536,512
8,index_cued_first_diffusion_0.3_swap_recovery_7,205,1.968985866186226,512
8,index_cued_first_diffusion_0.3_swap_recovery_7,209,2.012280467824872,512
8,index_cued_first_diffusion_0.3_swap_recovery_7,212,2.336681914267145,512
8,index_cued_first_diffusion_0.3_swap_recovery_7,217,1.7854202595926747,512
8,index_cued_first_diffusion_0.3_swap_recovery_7,226,1.0296201798878464,512
8,index_cued_first_diffusion_0.3_swap_recovery_7,238,0.7584628235576597,512
8,index_cued_first_diffusion_0.3_swap_recovery_7,277,1.7087173666715398,512
8,index_cued_first_diffusion_0.3_swap_recovery_8,23,2.5289345863547625,512
8,index_cued_first_diffusion_0.3_swap_recovery_8,24,2.4855318605406542,512
8,index_cued_first_diffusion_0.3_swap_recovery_8,26,2.3891801328126734,512
8,index_cued_first_diffusion_0.3_swap_recovery_8,56,1.1041172989007868,512
8,index_cued_first_diffusion_0.3_swap_recovery_8,119,1.6380224078091847,512
8,index_cued_first_diffusion_0.3_swap_recovery_8,121,1.838149401220362,512
8,index_cued_first_diffusion_0.3_swap_recovery_8,148,2.244331877332647,512
8,index_cued_first_diffusion_0.3_swap_recovery_8,180,2.694854299929148,512
8,index_cued_first_diffusion_0.3_swap_recovery_8,195,1.6876365781026164,512
8,index_cued_first_diffusion_0.3_swap_recovery_8,205,2.5778849080286053,512
8,index_cued_first_diffusion_0.3_swap_recovery_8,209,1.0991578100280477,512
8,index_cued_first_diffusion_0.3_swap_recovery_8,212,0.3941655095630149,512
8,index_cued_first_diffusion_0.3_swap_recovery_8,217,2.3474489802181195,512
8,index_cued_first_diffusion_0.3_swap_recovery_8,226,1.388308747556894,512
8,index_cued_first_diffusion_0.3_swap_recovery_8,238,0.958482929035845,512
8,index_cued_first_diffusion_0.3_swap_recovery_8,277,2.7432657360551804,512
8,index_cued_first_diffusion_0.3_swap_recovery_9,23,2.8248571221380625,512
8,index_cued_first_diffusion_0.3_swap_recovery_9,24,3.027542147153893,512
8,index_cued_first_diffusion_0.3_swap_recovery_9,26,2.8737347773581448,512
8,index_cued_first_diffusion_0.3_swap_recovery_9,56,3.138414591784678,512
8,index_cued_first_diffusion_0.3_swap_recovery_9,119,0.6628045431578495,512
8,index_cued_first_diffusion_0.3_swap_recovery_9,121,1.5565607179823064,512
8,index_cued_first_diffusion_0.3_swap_recovery_9,148,3.527557474932752,512
8,index_cued_first_diffusion_0.3_swap_recovery_9,180,3.1266456311133677,512
8,index_cued_first_diffusion_0.3_swap_recovery_9,195,2.9890193356577317,512
8,index_cued_first_diffusion_0.3_swap_recovery_9,205,2.935278529190473,512
8,index_cued_first_diffusion_0.3_swap_recovery_9,209,2.7637703116876997,512
8,index_cued_first_diffusion_0.3_swap_recovery_9,212,2.4590388294222567,512
8,index_cued_first_diffusion_0.3_swap_recovery_9,217,2.2277320529839484,512
8,index_cued_first_diffusion_0.3_swap_recovery_9,226,1.2256042489760506,512
8,index_cued_first_diffusion_0.3_swap_recovery_9,238,0.6126957441300575,512
8,index_cued_first_diffusion_0.3_swap_recovery_9,277,2.6138411635515792,512
8,index_cued_first_diffusion_0.3_swap_recovery_10,23,2.8646828205207364,512
8,index_cued_first_diffusion_0.3_swap_recovery_10,24,3.244574838406244,512
8,index_cued_first_diffusion_0.3_swap_recovery_10,26,3.1900616360507144,512
8,index_cued_first_diffusion_0.3_swap_recovery_10,56,3.389344391725933,512
8,index_cued_first_diffusion_0.3_swap_recovery_10,119,0.6051323697557054,512
8,index_cued_first_diffusion_0.3_swap_recovery_10,121,1.7032408495308686,512
8,index_cued_first_diffusion_0.3_swap_recovery_10,148,3.567417754292056,512
8,index_cued_first_diffusion_0.3_swap_recovery_10,180,3.164456930888085,512
8,index_cued_first_diffusion_0.3_swap_recovery_10,195,2.546294396387645,512
8,index_cued_first_diffusion_0.3_swap_recovery_10,205,2.077173205305838,512
8,index_cued_first_diffusion_0.3_swap_recovery_10,209,2.0343673069699415,512
8,index_cued_first_diffusion_0.3_swap_recovery_10,212,1.8788803831568246,512
8,index_cued_first_diffusion_0.3_swap_recovery_10,217,1.8271741450463304,512
8,index_cued_first_diffusion_0.3_swap_recovery_10,226,1.8911052166773215,512
8,index_cued_first_diffusion_0.3_swap_recovery_10,238,1.8815275982750386,512
8,index_cued_first_diffusion_0.3_swap_recovery_10,277,2.915271327631981,512
8,index_cued_first_diffusion_0.3_swap_recovery_11,23,2.187177521018596,512
8,index_cued_first_diffusion_0.3_swap_recovery_11,24,2.4036261361654967,512
8,index_cued_first_diffusion_0.3_swap_recovery_11,26,2.049664632078291,512
8,index_cued_first_diffusion_0.3_swap_recovery_11,56,1.2943138623781767,512
8,index_cued_first_diffusion_0.3_swap_recovery_11,119,0.3980899672143597,512
8,index_cued_first_diffusion_0.3_swap_recovery_11,121,1.7174593832197982,512
8,index_cued_first_diffusion_0.3_swap_recovery_11,148,2.4052684561927506,512
8,index_cued_first_diffusion_0.3_swap_recovery_11,180,2.20991925525054,512
8,index_cued_first_diffusion_0.3_swap_recovery_11,195,2.1558448598220425,512
8,index_cued_first_diffusion_0.3_swap_recovery_11,205,2.438100782157906,512
8,index_cued_first_diffusion_0.3_swap_recovery_11,209,0.8620674053096637,512
8,index_cued_first_diffusion_0.3_swap_recovery_11,212,1.051849965130418,512
8,index_cued_first_diffusion_0.3_swap_recovery_11,217,2.317927159948164,512
8,index_cued_first_diffusion_0.3_swap_recovery_11,226,1.1931019435226122,512
8,index_cued_first_diffusion_0.3_swap_recovery_11,238,1.1433573570160198,512
8,index_cued_first_diffusion_0.3_swap_recovery_11,277,2.7243232520704295,512
8,index_cued_first_diffusion_0.3_swap_recovery_12,23,2.79582371769331,512
8,index_cued_first_diffusion_0.3_swap_recovery_12,24,2.975541184680906,512
8,index_cued_first_diffusion_0.3_swap_recovery_12,26,2.8455247441168297,512
8,index_cued_first_diffusion_0.3_swap_recovery_12,56,3.0913116231359474,512
8,index_cued_first_diffusion_0.3_swap_recovery_12,119,0.6386579090571427,512
8,index_cued_first_diffusion_0.3_swap_recovery_12,121,1.5148218646940057,512
8,index_cued_first_diffusion_0.3_swap_recovery_12,148,3.5141577423209007,512
8,index_cued_first_diffusion_0.3_swap_recovery_12,180,3.084949359191606,512
8,index_cued_first_diffusion_0.3_swap_recovery_12,195,2.9625031282183483,512
8,index_cued_first_diffusion_0.3_swap_recovery_12,205,2.8982952899456746,512
8,index_cued_first_diffusion_0.3_swap_recovery_12,209,2.8172435173935986,512
8,index_cued_first_diffusion_0.3_swap_recovery_12,212,2.4190354915019654,512
8,index_cued_first_diffusion_0.3_swap_recovery_12,217,2.2269617965529354,512
8,index_cued_first_diffusion_0.3_swap_recovery_12,226,1.3047033785514905,512
8,index_cued_first_diffusion_0.3_swap_recovery_12,238,0.595083316988969,512
8,index_cued_first_diffusion_0.3_swap_recovery_12,277,2.577109631422527,512
8,index_cued_first_diffusion_0.3_swap_recovery_13,23,2.309484657203934,512
8,index_cued_first_diffusion_0.3_swap_recovery_13,24,2.8156084719130146,512
8,index_cued_first_diffusion_0.3_swap_recovery_13,26,2.7582895513181853,512
8,index_cued_first_diffusion_0.3_swap_recovery_13,56,1.740815724424787,512
8,index_cued_first_diffusion_0.3_swap_recovery_13,119,0.634663223980431,512
8,index_cued_first_diffusion_0.3_swap_recovery_13,121,1.8040008107239776,512
8,index_cued_first_diffusion_0.3_swap_recovery_13,148,2.7144439530316813,512
8,index_cued_first_diffusion_0.3_swap_recovery_13,180,2.729947175048338,512
8,index_cued_first_diffusion_0.3_swap_recovery_13,195,2.605724483043726,512
8,index_cued_first_diffusion_0.3_swap_recovery_13,205,2.912969168928671,512
8,index_cued_first_diffusion_0.3_swap_recovery_13,209,1.7493073286859449,512
8,index_cued_first_diffusion_0.3_swap_recovery_13,212,1.495104649070468,512
8,index_cued_first_diffusion_0.3_swap_recovery_13,217,1.9776865461727742,512
8,index_cued_first_diffusion_0.3_swap_recovery_13,226,0.46082473271112573,512
8,index_cued_first_diffusion_0.3_swap_recovery_13,238,0.4675409150328753,512
8,index_cued_first_diffusion_0.3_swap_recovery_13,277,2.7486900143243123,512
9,index_cued_first_diffusion_0.3_swap_recovery_0,23,1.509037817235304,512
9,index_cued_first_diffusion_0.3_swap_recovery_0,24,1.2476920969438319,512
9,index_cued_first_diffusion_0.3_swap_recovery_0,26,0.33466077066653943,512
9,index_cued_first_diffusion_0.3_swap_recovery_0,56,0.4992791661232511,512
9,index_cued_first_diffusion_0.3_swap_recovery_0,119,1.0981593344994565,512
9,index_cued_first_diffusion_0.3_swap_recovery_0,121,1.6974847180857402,512
9,index_cued_first_diffusion_0.3_swap_recovery_0,148,1.0425834186793925,512
9,index_cued_first_diffusion_0.3_swap_recovery_0,180,1.5657816808502534,512
9,index_cued_first_diffusion_0.3_swap_recovery_0,195,207.2799892978634,512
9,index_cued_first_diffusion_0.3_swap_recovery_0,205,1.143551632020914,512
9,index_cued_first_diffusion_0.3_swap_recovery_0,209,0.7842978795397624,512
9,index_cued_first_diffusion_0.3_swap_recovery_0,212,1.1022232981220945,512
9,index_cued_first_diffusion_0.3_swap_recovery_0,217,2.570087220088127,512
9,index_cued_first_diffusion_0.3_swap_recovery_0,226,1.0096941489389297,512
9,index_cued_first_diffusion_0.3_swap_recovery_0,238,0.9073159661357476,512
9,index_cued_first_diffusion_0.3_swap_recovery_0,277,1.3518825546357522,512
9,index_cued_first_diffusion_0.3_swap_recovery_1,23,0.7588447723937093,512
9,index_cued_first_diffusion_0.3_swap_recovery_1,24,1.9416286803076845,512
9,index_cued_first_diffusion_0.3_swap_recovery_1,26,8.328286127737169,512
9,index_cued_first_diffusion_0.3_swap_recovery_1,56,2.989544429540012,512
9,index_cued_first_diffusion_0.3_swap_recovery_1,119,1.4875904243437468,512
9,index_cued_first_diffusion_0.3_swap_recovery_1,121,0.7307306578950489,512
9,index_cued_first_diffusion_0.3_swap_recovery_1,148,1.5398764354633898,512
9,index_cued_first_diffusion_0.3_swap_recovery_1,180,17.838234150107237,512
9,index_cued_first_diffusion_0.3_swap_recovery_1,195,209.23354036815107,512
9,index_cued_first_diffusion_0.3_swap_recovery_1,205,1.4653747944722062,512
9,index_cued_first_diffusion_0.3_swap_recovery_1,209,2.227188274559439,512
9,index_cued_first_diffusion_0.3_swap_recovery_1,212,2.635991146433931,512
9,index_cued_first_diffusion_0.3_swap_recovery_1,217,2.3710325234739065,512
9,index_cued_first_diffusion_0.3_swap_recovery_1,226,1.0547417803644241,512
9,index_cued_first_diffusion_0.3_swap_recovery_1,238,1.1277230397214633,512
9,index_cued_first_diffusion_0.3_swap_recovery_1,277,1.0517763217035783,512
9,index_cued_first_diffusion_0.3_swap_recovery_2,23,0.5355908761530223,512
9,index_cued_first_diffusion_0.3_swap_recovery_2,24,0.7855238358249621,512
9,index_cued_first_diffusion_0.3_swap_recovery_2,26,0.47140462813575523,512
9,index_cued_first_diffusion_0.3_swap_recovery_2,56,0.4863295124360394,512
9,index_cued_first_diffusion_0.3_swap_recovery_2,119,0.4027647633137428,512
9,index_cued_first_diffusion_0.3_swap_recovery_2,121,0.5385705190616932,512
9,index_cued_first_diffusion_0.3_swap_recovery_2,148,1.094122693349798,512
9,index_cued_first_diffusion_0.3_swap_recovery_2,180,0.8060247779081214,512
9,index_cued_first_diffusion_0.3_swap_recovery_2,195,207.66535608285585,512
9,index_cued_first_diffusion_0.3_swap_recovery_2,205,0.5896152878518424,512
9,index_cued_first_diffusion_0.3_swap_recovery_2,209,0.9803727289810985,512
9,index_cued_first_diffusion_0.3_swap_recovery_2,212,0.46320990060111156,512
9,index_cued_first_diffusion_0.3_swap_recovery_2,217,1.8042899239916879,512
9,index_cued_first_diffusion_0.3_swap_recovery_2,226,0.29662527237363784,512
9,index_cued_first_diffusion_0.3_swap_recovery_2,238,0.1962051819803914,512
9,index_cued_first_diffusion_0.3_swap_recovery_2,277,0.3124425859963479,512
9,index_cued_first_diffusion_0.3_swap_recovery_3,23,1.5595835463523529,512
9,index_cued_first_diffusion_0.3_swap_recovery_3,24,1.3145047042770641,512
9,index_cued_first_diffusion_0.3_swap_recovery_3,26,0.30881247726402805,512
9,index_cued_first_diffusion_0.3_swap_recovery_3,56,0.4845595839217355,512
9,index_cued_first_diffusion_0.3_swap_recovery_3,119,1.0346981912517272,512
9,index_cued_first_diffusion_0.3_swap_recovery_3,121,1.6822642646641197,512
9,index_cued_first_diffusion_0.3_swap_recovery_3,148,1.041249689322009,512
9,index_cued_first_diffusion_0.3_swap_recovery_3,180,1.5957642583485425,512
9,index_cued_first_diffusion_0.3_swap_recovery_3,195,207.26852947113827,512
9,index_cued_first_diffusion_0.3_swap_recovery_3,205,1.1699453554946446,512
9,index_cued_first_diffusion_0.3_swap_recovery_3,209,0.948449085245145,512
9,index_cued_first_diffusion_0.3_swap_recovery_3,212,1.1493386848464786,512
9,index_cued_first_diffusion_0.3_swap_recovery_3,217,2.6681844122897873,512
9,index_cued_first_diffusion_0.3_swap_recovery_3,226,1.0517031985961953,512
9,index_cued_first_diffusion_0.3_swap_recovery_3,238,0.897914525282495,512
9,index_cued_first_diffusion_0.3_swap_recovery_3,277,1.392697468042687,512
9,index_cued_first_diffusion_0.3_swap_recovery_4,23,2.1484918442579515,512
9,index_cued_first_diffusion_0.3_swap_recovery_4,24,2.3155720072308856,512
9,index_cued_first_diffusion_0.3_swap_recovery_4,26,2.1232719216669436,512
9,index_cued_first_diffusion_0.3_swap_recovery_4,56,2.5732542973620918,512
9,index_cued_first_diffusion_0.3_swap_recovery_4,119,0.377225806533206,512
9,index_cued_first_diffusion_0.3_swap_recovery_4,121,2.3581126815190228,512
9,index_cued_first_diffusion_0.3_swap_recovery_4,148,1.4932545712420804,512
9,index_cued_first_diffusion_0.3_swap_recovery_4,180,2.011101648847095,512
9,index_cued_first_diffusion_0.3_swap_recovery_4,195,210.00105047102022,512
9,index_cued_first_diffusion_0.3_swap_recovery_4,205,2.1767076787966193,512
9,index_cued_first_diffusion_0.3_swap_recovery_4,209,2.2147977459585615,512
9,index_cued_first_diffusion_0.3_swap_recovery_4,212,2.482619811058133,512
9,index_cued_first_diffusion_0.3_swap_recovery_4,217,2.017949816850307,512
9,index_cued_first_diffusion_0.3_swap_recovery_4,226,1.17819150876364,512
9,index_cued_first_diffusion_0.3_swap_recovery_4,238,1.0113447519347305,512
9,index_cued_first_diffusion_0.3_swap_recovery_4,277,2.5253426084107664,512
9,index_cued_first_diffusion_0.3_swap_recovery_5,23,0.6028532861283123,512
9,index_cued_first_diffusion_0.3_swap_recovery_5,24,3.72295820328746,512
9,index_cued_first_diffusion_0.3_swap_recovery_5,26,9.325689837218322,512
9,index_cued_first_diffusion_0.3_swap_recovery_5,56,2.4311264802148855,512
9,index_cued_first_diffusion_0.3_swap_recovery_5,119,1.3043332206354172,512
9,index_cued_first_diffusion_0.3_swap_recovery_5,121,0.6226409643251709,512
9,index_cued_first_diffusion_0.3_swap_recovery_5,148,1.6145000147182902,512
9,index_cued_first_diffusion_0.3_swap_recovery_5,180,3.1636410955315575,512
9,index_cued_first_diffusion_0.3_swap_recovery_5,195,209.22137560085838,512
9,index_cued_first_diffusion_0.3_swap_recovery_5,205,1.4315830920657844,512
9,index_cued_first_diffusion_0.3_swap_recovery_5,209,2.406091886674853,512
9,index_cued_first_diffusion_0.3_swap_recovery_5,212,2.445499327007651,512
9,index_cued_first_diffusion_0.3_swap_recovery_5,217,2.4015107407408274,512
9,index_cued_first_diffusion_0.3_swap_recovery_5,226,0.9295130244300328,512
9,index_cued_first_diffusion_0.3_swap_recovery_5,238,1.3678293707176574,512
9,index_cued_first_diffusion_0.3_swap_recovery_5,277,0.937250492084553,512
9,index_cued_first_diffusion_0.3_swap_recovery_6,23,0.5895362345953159,512
9,index_cued_first_diffusion_0.3_swap_recovery_6,24,2.0383972356792546,512
9,index_cued_first_diffusion_0.3_swap_recovery_6,26,11.114075254166279,512
9,index_cued_first_diffusion_0.3_swap_recovery_6,56,2.5658659100907566,512
9,index_cued_first_diffusion_0.3_swap_recovery_6,119,1.0362625161424728,512
9,index_cued_first_diffusion_0.3_swap_recovery_6,121,0.8007390733569344,512
9,index_cued_first_diffusion_0.3_swap_recovery_6,148,1.5401737534649609,512
9,index_cued_first_diffusion_0.3_swap_recovery_6,180,4.377326893460111,512
9,index_cued_first_diffusion_0.3_swap_recovery_6,195,209.23136647506277,512
9,index_cued_first_diffusion_0.3_swap_recovery_6,205,1.520492580239309,512
9,index_cued_first_diffusion_0.3_swap_recovery_6,209,2.3820033555496405,512
9,index_cued_first_diffusion_0.3_swap_recovery_6,212,2.514564467471565,512
9,index_cued_first_diffusion_0.3_swap_recovery_6,217,2.3699223286960587,512
9,index_cued_first_diffusion_0.3_swap_recovery_6,226,0.9473689958472867,512
9,index_cued_first_diffusion_0.3_swap_recovery_6,238,1.2387655942917273,512
9,index_cued_first_diffusion_0.3_swap_recovery_6,277,0.9133632136013677,512
9,index_cued_first_diffusion_0.3_swap_recovery_7,23,2.1901448592978214,512
9,index_cued_first_diffusion_0.3_swap_recovery_7,24,2.351681679885309,512
9,index_cued_first_diffusion_0.3_swap_recovery_7,26,2.178902886086493,512
9,index_cued_first_diffusion_0.3_swap_recovery_7,56,2.5821301441209945,512
9,index_cued_first_diffusion_0.3_swap_recovery_7,119,0.3771830581356738,512
9,index_cued_first_diffusion_0.3_swap_recovery_7,121,2.38309681786086,512
9,index_cued_first_diffusion_0.3_swap_recovery_7,148,1.497628961529432,512
9,index_cued_first_diffusion_0.3_swap_recovery_7,180,2.0677102433419376,512
9,index_cued_first_diffusion_0.3_swap_recovery_7,195,209.9971564628221,512
9,index_cued_first_diffusion_0.3_swap_recovery_7,205,2.1434187982199124,512
9,index_cued_first_diffusion_0.3_swap_recovery_7,209,2.231564562024738,512
9,index_cued_first_diffusion_0.3_swap_recovery_7,212,2.496598282952405,512
9,index_cued_first_diffusion_0.3_swap_recovery_7,217,2.0286281633064913,512
9,index_cued_first_diffusion_0.3_swap_recovery_7,226,1.175346098183562,512
9,index_cued_first_diffusion_0.3_swap_recovery_7,238,1.007105293308412,512
9,index_cued_first_diffusion_0.3_swap_recovery_7,277,2.498039323295954,512
9,index_cued_first_diffusion_0.3_swap_recovery_8,23,1.6044991652536067,512
9,index_cued_first_diffusion_0.3_swap_recovery_8,24,1.2475430918043284,512
9,index_cued_first_diffusion_0.3_swap_recovery_8,26,0.3690171667604226,512
9,index_cued_first_diffusion_0.3_swap_recovery_8,56,0.6672403885621998,512
9,index_cued_first_diffusion_0.3_swap_recovery_8,119,1.4238107109870715,512
9,index_cued_first_diffusion_0.3_swap_recovery_8,121,1.750189587814753,512
9,index_cued_first_diffusion_0.3_swap_recovery_8,148,1.047880675811917,512
9,index_cued_first_diffusion_0.3_swap_recovery_8,180,1.5905926249826157,512
9,index_cued_first_diffusion_0.3_swap_recovery_8,195,207.86532474655047,512
9,index_cued_first_diffusion_0.3_swap_recovery_8,205,1.1161822575426172,512
9,index_cued_first_diffusion_0.3_swap_recovery_8,209,0.7776975181241392,512
9,index_cued_first_diffusion_0.3_swap_recovery_8,212,0.974277271258853,512
9,index_cued_first_diffusion_0.3_swap_recovery_8,217,2.468952305296805,512
9,index_cued_first_diffusion_0.3_swap_recovery_8,226,1.1533702971597317,512
9,index_cued_first_diffusion_0.3_swap_recovery_8,238,0.8864552680757867,512
9,index_cued_first_diffusion_0.3_swap_recovery_8,277,1.4167313422677794,512
9,index_cued_first_diffusion_0.3_swap_recovery_9,23,0.9115118061377386,512
9,index_cued_first_diffusion_0.3_swap_recovery_9,24,0.9248463687208459,512
9,index_cued_first_diffusion_0.3_swap_recovery_9,26,0.5563162221984144,512
9,index_cued_first_diffusion_0.3_swap_recovery_9,56,1.4487270814025819,512
9,index_cued_first_diffusion_0.3_swap_recovery_9,119,0.40332960960097475,512
9,index_cued_first_diffusion_0.3_swap_recovery_9,121,0.6518447554243068,512
9,index_cued_first_diffusion_0.3_swap_recovery_9,148,0.8649543433848927,512
9,index_cued_first_diffusion_0.3_swap_recovery_9,180,0.9445312202388024,512
9,index_cued_first_diffusion_0.3_swap_recovery_9,195,207.83111057627875,512
9,index_cued_first_diffusion_0.3_swap_recovery_9,205,1.1100199538555886,512
9,index_cued_first_diffusion_0.3_swap_recovery_9,209,2.1671728912454387,512
9,index_cued_first_diffusion_0.3_swap_recovery_9,212,1.8346504440127136,512
9,index_cued_first_diffusion_0.3_swap_recovery_9,217,2.413439174511833,512
9,index_cued_first_diffusion_0.3_swap_recovery_9,226,0.9828294968862494,512
9,index_cued_first_diffusion_0.3_swap_recovery_9,238,0.6272592411153314,512
9,index_cued_first_diffusion_0.3_swap_recovery_9,277,0.6356611042481317,512
9,index_cued_first_diffusion_0.3_swap_recovery_10,23,0.9261277162371662,512
9,index_cued_first_diffusion_0.3_swap_recovery_10,24,0.5326995706028558,512
9,index_cued_first_diffusion_0.3_swap_recovery_10,26,1.3435773341350445,512
9,index_cued_first_diffusion_0.3_swap_recovery_10,56,1.8178533382940636,512
9,index_cued_first_diffusion_0.3_swap_recovery_10,119,0.35833698950491244,512
9,index_cued_first_diffusion_0.3_swap_recovery_10,121,0.7344487964580371,512
9,index_cued_first_diffusion_0.3_swap_recovery_10,148,0.9477163604489378,512
9,index_cued_first_diffusion_0.3_swap_recovery_10,180,1.5269889290388563,512
9,index_cued_first_diffusion_0.3_swap_recovery_10,195,207.79090834490336,512
9,index_cued_first_diffusion_0.3_swap_recovery_10,205,0.8871042974266259,512
9,index_cued_first_diffusion_0.3_swap_recovery_10,209,1.4755334738656076,512
9,index_cued_first_diffusion_0.3_swap_recovery_10,212,1.3386961089498648,512
9,index_cued_first_diffusion_0.3_swap_recovery_10,217,1.8932711090452667,512
9,index_cued_first_diffusion_0.3_swap_recovery_10,226,1.797478082194378,512
9,index_cued_first_diffusion_0.3_swap_recovery_10,238,1.7737097620213955,512
9,index_cued_first_diffusion_0.3_swap_recovery_10,277,0.6598208416212475,512
9,index_cued_first_diffusion_0.3_swap_recovery_11,23,0.24440078666783333,512
9,index_cued_first_diffusion_0.3_swap_recovery_11,24,0.9855381202771245,512
9,index_cued_first_diffusion_0.3_swap_recovery_11,26,1.4096292905317862,512
9,index_cued_first_diffusion_0.3_swap_recovery_11,56,1.176906417072006,512
9,index_cued_first_diffusion_0.3_swap_recovery_11,119,0.34977279521044613,512
9,index_cued_first_diffusion_0.3_swap_recovery_11,121,0.1366132893961619,512
9,index_cued_first_diffusion_0.3_swap_recovery_11,148,0.8008712046078363,512
9,index_cued_first_diffusion_0.3_swap_recovery_11,180,1.7812963444271046,512
9,index_cued_first_diffusion_0.3_swap_recovery_11,195,207.75119921981536,512
9,index_cued_first_diffusion_0.3_swap_recovery_11,205,1.2286203777949574,512
9,index_cued_first_diffusion_0.3_swap_recovery_11,209,0.5512549826303208,512
9,index_cued_first_diffusion_0.3_swap_recovery_11,212,1.2704038781958669,512
9,index_cued_first_diffusion_0.3_swap_recovery_11,217,2.1444682574167597,512
9,index_cued_first_diffusion_0.3_swap_recovery_11,226,1.3970377265655567,512
9,index_cued_first_diffusion_0.3_swap_recovery_11,238,0.9319821400793032,512
9,index_cued_first_diffusion_0.3_swap_recovery_11,277,0.3002355371107231,512
9,index_cued_first_diffusion_0.3_swap_recovery_12,23,0.8529571363844669,512
9,index_cued_first_diffusion_0.3_swap_recovery_12,24,0.8490869994469143,512
9,index_cued_first_diffusion_0.3_swap_recovery_12,26,0.5516764503849358,512
9,index_cued_first_diffusion_0.3_swap_recovery_12,56,1.4140441379935693,512
9,index_cued_first_diffusion_0.3_swap_recovery_12,119,0.3793158377124348,512
9,index_cued_first_diffusion_0.3_swap_recovery_12,121,0.657435104939941,512
9,index_cued_first_diffusion_0.3_swap_recovery_12,148,0.8827377718691272,512
9,index_cued_first_diffusion_0.3_swap_recovery_12,180,0.7873686207736809,512
9,index_cued_first_diffusion_0.3_swap_recovery_12,195,207.90397101217098,512
9,index_cued_first_diffusion_0.3_swap_recovery_12,205,1.050530807110098,512
9,index_cued_first_diffusion_0.3_swap_recovery_12,209,2.215701248195188,512
9,index_cued_first_diffusion_0.3_swap_recovery_12,212,1.796522583580766,512
9,index_cued_first_diffusion_0.3_swap_recovery_12,217,2.408969824910454,512
9,index_cued_first_diffusion_0.3_swap_recovery_12,226,1.1102096136116077,512
9,index_cued_first_diffusion_0.3_swap_recovery_12,238,0.5872843522441442,512
9,index_cued_first_diffusion_0.3_swap_recovery_12,277,0.6181495039516782,512
9,index_cued_first_diffusion_0.3_swap_recovery_13,23,0.9549941377986568,512
9,index_cued_first_diffusion_0.3_swap_recovery_13,24,0.8617015530438921,512
9,index_cued_first_diffusion_0.3_swap_recovery_13,26,0.4424527091501854,512
9,index_cued_first_diffusion_0.3_swap_recovery_13,56,1.565876400561923,512
9,index_cued_first_diffusion_0.3_swap_recovery_13,119,0.3864928432671566,512
9,index_cued_first_diffusion_0.3_swap_recovery_13,121,0.445313995123223,512
9,index_cued_first_diffusion_0.3_swap_recovery_13,148,0.30489963935506004,512
9,index_cued_first_diffusion_0.3_swap_recovery_13,180,1.1310179451583118,512
9,index_cued_first_diffusion_0.3_swap_recovery_13,195,207.4552468324708,512
9,index_cued_first_diffusion_0.3_swap_recovery_13,205,1.1320424979206423,512
9,index_cued_first_diffusion_0.3_swap_recovery_13,209,1.307194810223907,512
9,index_cued_first_diffusion_0.3_swap_recovery_13,212,1.6547335092828077,512
9,index_cued_first_diffusion_0.3_swap_recovery_13,217,2.024536284631625,512
9,index_cued_first_diffusion_0.3_swap_recovery_13,226,0.5177254060966914,512
9,index_cued_first_diffusion_0.3_swap_recovery_13,238,0.3093199726668484,512
9,index_cued_first_diffusion_0.3_swap_recovery_13,277,0.7959921273981003,512
10,index_cued_first_diffusion_0.3_swap_recovery_0,23,21.705574072408645,512
10,index_cued_first_diffusion_0.3_swap_recovery_0,24,0.6361559252696404,512
10,index_cued_first_diffusion_0.3_swap_recovery_0,26,0.5511117909110049,512
10,index_cued_first_diffusion_0.3_swap_recovery_0,56,0.7679606709783915,512
10,index_cued_first_diffusion_0.3_swap_recovery_0,119,0.8020899104403663,512
10,index_cued_first_diffusion_0.3_swap_recovery_0,121,1.567221981887505,512
10,index_cued_first_diffusion_0.3_swap_recovery_0,148,0.9772706923345205,512
10,index_cued_first_diffusion_0.3_swap_recovery_0,180,1.3220876859863777,512
10,index_cued_first_diffusion_0.3_swap_recovery_0,195,1.0192895529422505,512
10,index_cued_first_diffusion_0.3_swap_recovery_0,205,1.198157305789819,512
10,index_cued_first_diffusion_0.3_swap_recovery_0,209,1.185906836457249,512
10,index_cued_first_diffusion_0.3_swap_recovery_0,212,1.79418037775502,512
10,index_cued_first_diffusion_0.3_swap_recovery_0,217,0.8612754293329856,512
10,index_cued_first_diffusion_0.3_swap_recovery_0,226,2.210568193744936,512
10,index_cued_first_diffusion_0.3_swap_recovery_0,238,1.9488777164084095,512
10,index_cued_first_diffusion_0.3_swap_recovery_0,277,1.1214016830556746,512
10,index_cued_first_diffusion_0.3_swap_recovery_1,23,21.904216035268174,512
10,index_cued_first_diffusion_0.3_swap_recovery_1,24,2.305590995157556,512
10,index_cued_first_diffusion_0.3_swap_recovery_1,26,8.170137146600382,512
10,index_cued_first_diffusion_0.3_swap_recovery_1,56,3.02860177837242,512
10,index_cued_first_diffusion_0.3_swap_recovery_1,119,0.36425900089089064,512
10,index_cued_first_diffusion_0.3_swap_recovery_1,121,1.12278834410716,512
10,index_cued_first_diffusion_0.3_swap_recovery_1,148,2.0137006884220323,512
10,index_cued_first_diffusion_0.3_swap_recovery_1,180,17.86786049334234,512
10,index_cued_first_diffusion_0.3_swap_recovery_1,195,2.0295567174138642,512
10,index_cued_first_diffusion_0.3_swap_recovery_1,205,1.9292800747977779,512
10,index_cued_first_diffusion_0.3_swap_recovery_1,209,1.814699892915509,512
10,index_cued_first_diffusion_0.3_swap_recovery_1,212,2.2047584052109643,512
10,index_cued_first_diffusion_0.3_swap_recovery_1,217,1.1609284804762452,512
10,index_cued_first_diffusion_0.3_swap_recovery_1,226,1.8129827968965646,512
10,index_cued_first_diffusion_0.3_swap_recovery_1,238,1.5457653485045477,512
10,index_cued_first_diffusion_0.3_swap_recovery_1,277,1.4513695892511547,512
10,index_cued_first_diffusion_0.3_swap_recovery_2,23,21.1952891497874,512
10,index_cued_first_diffusion_0.3_swap_recovery_2,24,0.15610715771485528,512
10,index_cued_first_diffusion_0.3_swap_recovery_2,26,0.5135247699158183,512
10,index_cued_first_diffusion_0.3_swap_recovery_2,56,0.6530710857269364,512
10,index_cued_first_diffusion_0.3_swap_recovery_2,119,1.397393187084886,512
10,index_cued_first_diffusion_0.3_swap_recovery_2,121,0.6082344320912211,512
10,index_cued_first_diffusion_0.3_swap_recovery_2,148,0.5154669494790901,512
10,index_cued_first_diffusion_0.3_swap_recovery_2,180,0.4610610886023986,512
10,index_cued_first_diffusion_0.3_swap_recovery_2,195,1.2239758244335752,512
10,index_cued_first_diffusion_0.3_swap_recovery_2,205,1.3290108826082991,512
10,index_cued_first_diffusion_0.3_swap_recovery_2,209,1.0600420414880436,512
10,index_cued_first_diffusion_0.3_swap_recovery_2,212,1.0111740493616557,512
10,index_cued_first_diffusion_0.3_swap_recovery_2,217,1.389153417958172,512
10,index_cued_first_diffusion_0.3_swap_recovery_2,226,1.8544007109579466,512
10,index_cued_first_diffusion_0.3_swap_recovery_2,238,1.4226268519528946,512
10,index_cued_first_diffusion_0.3_swap_recovery_2,277,0.20599870125493444,512
10,index_cued_first_diffusion_0.3_swap_recovery_3,23,21.73703423376796,512
10,index_cued_first_diffusion_0.3_swap_recovery_3,24,0.7138402574761098,512
10,index_cued_first_diffusion_0.3_swap_recovery_3,26,0.5488747527250804,512
10,index_cued_first_diffusion_0.3_swap_recovery_3,56,0.7530352583156585,512
10,index_cued_first_diffusion_0.3_swap_recovery_3,119,0.9075576443506163,512
10,index_cued_first_diffusion_0.3_swap_recovery_3,121,1.7024161763665302,512
10,index_cued_first_diffusion_0.3_swap_recovery_3,148,0.9809884380276425,512
10,index_cued_first_diffusion_0.3_swap_recovery_3,180,1.3370934788384528,512
10,index_cued_first_diffusion_0.3_swap_recovery_3,195,1.0466404184631213,512
10,index_cued_first_diffusion_0.3_swap_recovery_3,205,1.1529515120269047,512
10,index_cued_first_diffusion_0.3_swap_recovery_3,209,1.1698339255367465,512
10,index_cued_first_diffusion_0.3_swap_recovery_3,212,1.8516657476911227,512
10,index_cued_first_diffusion_0.3_swap_recovery_3,217,0.8206286313817854,512
10,index_cued_first_diffusion_0.3_swap_recovery_3,226,2.2483674673045826,512
10,index_cued_first_diffusion_0.3_swap_recovery_3,238,1.9471953084752567,512
10,index_cued_first_diffusion_0.3_swap_recovery_3,277,1.1218040290340738,512
10,index_cued_first_diffusion_0.3_swap_recovery_4,23,22.897945516964448,512
10,index_cued_first_diffusion_0.3_swap_recovery_4,24,2.132572265791374,512
10,index_cued_first_diffusion_0.3_swap_recovery_4,26,2.3013968218223084,512
10,index_cued_first_diffusion_0.3_swap_recovery_4,56,2.7867354815853633,512
10,index_cued_first_diffusion_0.3_swap_recovery_4,119,1.8091982039243732,512
10,index_cued_first_diffusion_0.3_swap_recovery_4,121,2.530932984018923,512
10,index_cued_first_diffusion_0.3_swap_recovery_4,148,1.8439136577203146,512
10,index_cued_first_diffusion_0.3_swap_recovery_4,180,1.9830255428848038,512
10,index_cued_first_diffusion_0.3_swap_recovery_4,195,2.624323823535069,512
10,index_cued_first_diffusion_0.3_swap_recovery_4,205,2.2747380776736605,512
10,index_cued_first_diffusion_0.3_swap_recovery_4,209,2.7136435884151355,512
10,index_cued_first_diffusion_0.3_swap_recovery_4,212,2.45779663291352,512
10,index_cued_first_diffusion_0.3_swap_recovery_4,217,2.1682955348496193,512
10,index_cued_first_diffusion_0.3_swap_recovery_4,226,2.3787327210964766,512
10,index_cued_first_diffusion_0.3_swap_recovery_4,238,2.0192145931767027,512
10,index_cued_first_diffusion_0.3_swap_recovery_4,277,2.5514728895289576,512
10,index_cued_first_diffusion_0.3_swap_recovery_5,23,21.77717027678658,512
10,index_cued_first_diffusion_0.3_swap_recovery_5,24,4.047947969312949,512
10,index_cued_first_diffusion_0.3_swap_recovery_5,26,9.193439518596279,512
10,index_cued_first_diffusion_0.3_swap_recovery_5,56,2.469919199873459,512
10,index_cued_first_diffusion_0.3_swap_recovery_5,119,0.42122063393370734,512
10,index_cued_first_diffusion_0.3_swap_recovery_5,121,0.8997235377316394,512
10,index_cued_first_diffusion_0.3_swap_recovery_5,148,2.314780388075541,512
10,index_cued_first_diffusion_0.3_swap_recovery_5,180,3.360772079422914,512
10,index_cued_first_diffusion_0.3_swap_recovery_5,195,1.8439146844194392,512
10,index_cued_first_diffusion_0.3_swap_recovery_5,205,1.6600483667628487,512
10,index_cued_first_diffusion_0.3_swap_recovery_5,209,2.0551274366110395,512
10,index_cued_first_diffusion_0.3_swap_recovery_5,212,1.9826572761138277,512
10,index_cued_first_diffusion_0.3_swap_recovery_5,217,1.2440270904310833,512
10,index_cued_first_diffusion_0.3_swap_recovery_5,226,1.924338190663763,512
10,index_cued_first_diffusion_0.3_swap_recovery_5,238,1.4994961778150124,512
10,index_cued_first_diffusion_0.3_swap_recovery_5,277,1.3692341156750225,512
10,index_cued_first_diffusion_0.3_swap_recovery_6,23,21.774392546403867,512
10,index_cued_first_diffusion_0.3_swap_recovery_6,24,2.3844815631906373,512
10,index_cued_first_diffusion_0.3_swap_recovery_6,26,10.961897550931427,512
10,index_cued_first_diffusion_0.3_swap_recovery_6,56,2.5961355801588772,512
10,index_cued_first_diffusion_0.3_swap_recovery_6,119,0.5484682093112099,512
10,index_cued_first_diffusion_0.3_swap_recovery_6,121,0.9364630555520478,512
10,index_cued_first_diffusion_0.3_swap_recovery_6,148,2.2465994399818,512
10,index_cued_first_diffusion_0.3_swap_recovery_6,180,4.569692780053127,512
10,index_cued_first_diffusion_0.3_swap_recovery_6,195,1.8396942282674038,512
10,index_cued_first_diffusion_0.3_swap_recovery_6,205,1.7192324673103312,512
10,index_cued_first_diffusion_0.3_swap_recovery_6,209,2.0828857984683835,512
10,index_cued_first_diffusion_0.3_swap_recovery_6,212,2.077066448318564,512
10,index_cued_first_diffusion_0.3_swap_recovery_6,217,1.3203144692020894,512
10,index_cued_first_diffusion_0.3_swap_recovery_6,226,1.9033824774864674,512
10,index_cued_first_diffusion_0.3_swap_recovery_6,238,1.5179842011145155,512
10,index_cued_first_diffusion_0.3_swap_recovery_6,277,1.3296897339190514,512
10,index_cued_first_diffusion_0.3_swap_recovery_7,23,22.937387617771126,512
10,index_cued_first_diffusion_0.3_swap_recovery_7,24,2.1614628757111163,512
10,index_cued_first_diffusion_0.3_swap_recovery_7,26,2.362070598487149,512
10,index_cued_first_diffusion_0.3_swap_recovery_7,56,2.7992308703631497,512
10,index_cued_first_diffusion_0.3_swap_recovery_7,119,1.8097487709999176,512
10,index_cued_first_diffusion_0.3_swap_recovery_7,121,2.5393780738196225,512
10,index_cued_first_diffusion_0.3_swap_recovery_7,148,1.8290694917235033,512
10,index_cued_first_diffusion_0.3_swap_recovery_7,180,2.0412696116643807,512
10,index_cued_first_diffusion_0.3_swap_recovery_7,195,2.6193335010726244,512
10,index_cued_first_diffusion_0.3_swap_recovery_7,205,2.241942811849903,512
10,index_cued_first_diffusion_0.3_swap_recovery_7,209,2.732084731467391,512
10,index_cued_first_diffusion_0.3_swap_recovery_7,212,2.4701128468212286,512
10,index_cued_first_diffusion_0.3_swap_recovery_7,217,2.2425343737121963,512
10,index_cued_first_diffusion_0.3_swap_recovery_7,226,2.3766296969827128,512
10,index_cued_first_diffusion_0.3_swap_recovery_7,238,2.012291968362704,512
10,index_cued_first_diffusion_0.3_swap_recovery_7,277,2.51240816627838,512
10,index_cued_first_diffusion_0.3_swap_recovery_8,23,21.770251327491124,512
10,index_cued_first_diffusion_0.3_swap_recovery_8,24,0.6375035892182773,512
10,index_cued_first_diffusion_0.3_swap_recovery_8,26,0.5694029159214729,512
10,index_cued_first_diffusion_0.3_swap_recovery_8,56,0.9199263462342496,512
10,index_cued_first_diffusion_0.3_swap_recovery_8,119,0.7526382473073336,512
10,index_cued_first_diffusion_0.3_swap_recovery_8,121,1.4438144069470409,512
10,index_cued_first_diffusion_0.3_swap_recovery_8,148,0.9328084647553927,512
10,index_cued_first_diffusion_0.3_swap_recovery_8,180,1.3300311158261187,512
10,index_cued_first_diffusion_0.3_swap_recovery_8,195,1.4881916325916338,512
10,index_cued_first_diffusion_0.3_swap_recovery_8,205,1.076783123448533,512
10,index_cued_first_diffusion_0.3_swap_recovery_8,209,1.159098012452676,512
10,index_cued_first_diffusion_0.3_swap_recovery_8,212,1.6755295582071694,512
10,index_cued_first_diffusion_0.3_swap_recovery_8,217,0.8651469818133493,512
10,index_cued_first_diffusion_0.3_swap_recovery_8,226,1.4928992303358812,512
10,index_cued_first_diffusion_0.3_swap_recovery_8,238,1.624206568134717,512
10,index_cued_first_diffusion_0.3_swap_recovery_8,277,1.093260675199477,512
10,index_cued_first_diffusion_0.3_swap_recovery_9,23,21.306036938474026,512
10,index_cued_first_diffusion_0.3_swap_recovery_9,24,0.623934484922658,512
10,index_cued_first_diffusion_0.3_swap_recovery_9,26,0.3166872086881395,512
10,index_cued_first_diffusion_0.3_swap_recovery_9,56,1.2352510953296756,512
10,index_cued_first_diffusion_0.3_swap_recovery_9,119,1.3930042243792742,512
10,index_cued_first_diffusion_0.3_swap_recovery_9,121,1.5587234205520688,512
10,index_cued_first_diffusion_0.3_swap_recovery_9,148,1.7839952157712422,512
10,index_cued_first_diffusion_0.3_swap_recovery_9,180,0.8298754684882512,512
10,index_cued_first_diffusion_0.3_swap_recovery_9,195,0.5004073593243942,512
10,index_cued_first_diffusion_0.3_swap_recovery_9,205,0.6877466658121639,512
10,index_cued_first_diffusion_0.3_swap_recovery_9,209,1.2201249480826755,512
10,index_cued_first_diffusion_0.3_swap_recovery_9,212,1.2392498112296706,512
10,index_cued_first_diffusion_0.3_swap_recovery_9,217,0.7808123148891708,512
10,index_cued_first_diffusion_0.3_swap_recovery_9,226,1.2921921182686593,512
10,index_cued_first_diffusion_0.3_swap_recovery_9,238,1.3018620054616692,512
10,index_cued_first_diffusion_0.3_swap_recovery_9,277,0.8068909349307772,512
10,index_cued_first_diffusion_0.3_swap_recovery_10,23,21.341841976117315,512
10,index_cued_first_diffusion_0.3_swap_recovery_10,24,0.9340346521260511,512
10,index_cued_first_diffusion_0.3_swap_recovery_10,26,1.108097883624481,512
10,index_cued_first_diffusion_0.3_swap_recovery_10,56,1.6684049834662873,512
10,index_cued_first_diffusion_0.3_swap_recovery_10,119,1.461316825402824,512
10,index_cued_first_diffusion_0.3_swap_recovery_10,121,1.4728283901917347,512
10,index_cued_first_diffusion_0.3_swap_recovery_10,148,1.6998102233708665,512
10,index_cued_first_diffusion_0.3_swap_recovery_10,180,1.3839779148907363,512
10,index_cued_first_diffusion_0.3_swap_recovery_10,195,0.26807919921322165,512
10,index_cued_first_diffusion_0.3_swap_recovery_10,205,1.2297421320621231,512
10,index_cued_first_diffusion_0.3_swap_recovery_10,209,0.8903126090601274,512
10,index_cued_first_diffusion_0.3_swap_recovery_10,212,0.9529048467592931,512
10,index_cued_first_diffusion_0.3_swap_recovery_10,217,1.2280024486685508,512
10,index_cued_first_diffusion_0.3_swap_recovery_10,226,0.9006314978871905,512
10,index_cued_first_diffusion_0.3_swap_recovery_10,238,1.2774386171357663,512
10,index_cued_first_diffusion_0.3_swap_recovery_10,277,0.5561633164598744,512
10,index_cued_first_diffusion_0.3_swap_recovery_11,23,21.09669760844688,512
10,index_cued_first_diffusion_0.3_swap_recovery_11,24,0.5782034403247064,512
10,index_cued_first_diffusion_0.3_swap_recovery_11,26,1.578325351563607,512
10,index_cued_first_diffusion_0.3_swap_recovery_11,56,1.447148096043099,512
10,index_cued_first_diffusion_0.3_swap_recovery_11,119,1.7054862087864986,512
10,index_cued_first_diffusion_0.3_swap_recovery_11,121,0.9916324553155433,512
10,index_cued_first_diffusion_0.3_swap_recovery_11,148,0.7096776173576643,512
10,index_cued_first_diffusion_0.3_swap_recovery_11,180,1.4807712371900321,512
10,index_cued_first_diffusion_0.3_swap_recovery_11,195,1.504005354143486,512
10,index_cued_first_diffusion_0.3_swap_recovery_11,205,2.1640222460703242,512
10,index_cued_first_diffusion_0.3_swap_recovery_11,209,1.436795075751434,512
10,index_cued_first_diffusion_0.3_swap_recovery_11,212,1.7780387501587005,512
10,index_cued_first_diffusion_0.3_swap_recovery_11,217,2.0063292223644815,512
10,index_cued_first_diffusion_0.3_swap_recovery_11,226,1.2522710480260577,512
10,index_cued_first_diffusion_0.3_swap_recovery_11,238,1.1442680214889331,512
10,index_cued_first_diffusion_0.3_swap_recovery_11,277,0.499056253242826,512
10,index_cued_first_diffusion_0.3_swap_recovery_12,23,21.331424096729812,512
10,index_cued_first_diffusion_0.3_swap_recovery_12,24,0.5865485715146518,512
10,index_cued_first_diffusion_0.3_swap_recovery_12,26,0.28517258592831163,512
10,index_cued_first_diffusion_0.3_swap_recovery_12,56,1.2104754265352267,512
10,index_cued_first_diffusion_0.3_swap_recovery_12,119,1.4283536050362935,512
10,index_cued_first_diffusion_0.3_swap_recovery_12,121,1.605251105164203,512
10,index_cued_first_diffusion_0.3_swap_recovery_12,148,1.813078308498317,512
10,index_cued_first_diffusion_0.3_swap_recovery_12,180,0.6920383305080227,512
10,index_cued_first_diffusion_0.3_swap_recovery_12,195,0.48114447487415335,512
10,index_cued_first_diffusion_0.3_swap_recovery_12,205,0.6144559881545952,512
10,index_cued_first_diffusion_0.3_swap_recovery_12,209,1.271758927748719,512
10,index_cued_first_diffusion_0.3_swap_recovery_12,212,1.2031819350745363,512
10,index_cued_first_diffusion_0.3_swap_recovery_12,217,0.7965856262590923,512
10,index_cued_first_diffusion_0.3_swap_recovery_12,226,1.157612211901026,512
10,index_cued_first_diffusion_0.3_swap_recovery_12,238,1.3486941477005914,512
10,index_cued_first_diffusion_0.3_swap_recovery_12,277,0.8151176158250569,512
10,index_cued_first_diffusion_0.3_swap_recovery_13,23,21.107933003836344,512
10,index_cued_first_diffusion_0.3_swap_recovery_13,24,0.17478148740562696,512
10,index_cued_first_diffusion_0.3_swap_recovery_13,26,0.20843988946649056,512
10,index_cued_first_diffusion_0.3_swap_recovery_13,56,1.8479100977450922,512
10,index_cued_first_diffusion_0.3_swap_recovery_13,119,1.4125833387984241,512
10,index_cued_first_diffusion_0.3_swap_recovery_13,121,1.217076145660681,512
10,index_cued_first_diffusion_0.3_swap_recovery_13,148,1.0310591983305921,512
10,index_cued_first_diffusion_0.3_swap_recovery_13,180,0.7732235634519986,512
10,index_cued_first_diffusion_0.3_swap_recovery_13,195,0.6580713103141684,512
10,index_cued_first_diffusion_0.3_swap_recovery_13,205,0.3389376022369087,512
10,index_cued_first_diffusion_0.3_swap_recovery_13,209,0.4398767169369339,512
10,index_cued_first_diffusion_0.3_swap_recovery_13,212,1.9454041753404967,512
10,index_cued_first_diffusion_0.3_swap_recovery_13,217,1.0024069530354727,512
10,index_cued_first_diffusion_0.3_swap_recovery_13,226,1.8527367713193539,512
10,index_cued_first_diffusion_0.3_swap_recovery_13,238,1.309296944264437,512
10,index_cued_first_diffusion_0.3_swap_recovery_13,277,0.7769001280428686,512
11,index_cued_first_diffusion_0.3_swap_recovery_0,23,99129.64677050128,512
11,index_cued_first_diffusion_0.3_swap_recovery_0,24,147051.71125412517,512
11,index_cued_first_diffusion_0.3_swap_recovery_0,26,286889.8115555049,512
11,index_cued_first_diffusion_0.3_swap_recovery_0,56,21205.298299368078,512
11,index_cued_first_diffusion_0.3_swap_recovery_0,119,1854667.2087356257,512
11,index_cued_first_diffusion_0.3_swap_recovery_0,121,651012.5797527481,512
11,index_cued_first_diffusion_0.3_swap_recovery_0,148,1.986733042873883,512
11,index_cued_first_diffusion_0.3_swap_recovery_0,180,1.5167073264556286,512
11,index_cued_first_diffusion_0.3_swap_recovery_0,195,1.7110824772292006,512
11,index_cued_first_diffusion_0.3_swap_recovery_0,205,2.0141379218504056,512
11,index_cued_first_diffusion_0.3_swap_recovery_0,209,1.3572967785938477,512
11,index_cued_first_diffusion_0.3_swap_recovery_0,212,1.5039413639723356,512
11,index_cued_first_diffusion_0.3_swap_recovery_0,217,1.9068058019618932,512
11,index_cued_first_diffusion_0.3_swap_recovery_0,226,1.0298047766626608,512
11,index_cued_first_diffusion_0.3_swap_recovery_0,238,0.9289158139396383,512
11,index_cued_first_diffusion_0.3_swap_recovery_0,277,1.9616349308548182,512
11,index_cued_first_diffusion_0.3_swap_recovery_1,23,99129.26796951657,512
11,index_cued_first_diffusion_0.3_swap_recovery_1,24,147052.32072476792,512
11,index_cued_first_diffusion_0.3_swap_recovery_1,26,286890.7256118128,512
11,index_cued_first_diffusion_0.3_swap_recovery_1,56,21205.698914995133,512
11,index_cued_first_diffusion_0.3_swap_recovery_1,119,1854667.7481306281,512
11,index_cued_first_diffusion_0.3_swap_recovery_1,121,651011.4665099496,512
11,index_cued_first_diffusion_0.3_swap_recovery_1,148,1.3029037100418714,512
11,index_cued_first_diffusion_0.3_swap_recovery_1,180,18.00223445400001,512
11,index_cued_first_diffusion_0.3_swap_recovery_1,195,1.9326089594492784,512
11,index_cued_first_diffusion_0.3_swap_recovery_1,205,1.937833439870793,512
11,index_cued_first_diffusion_0.3_swap_recovery_1,209,1.5657444728276606,512
11,index_cued_first_diffusion_0.3_swap_recovery_1,212,1.378930739783181,512
11,index_cued_first_diffusion_0.3_swap_recovery_1,217,1.0419052676902034,512
11,index_cued_first_diffusion_0.3_swap_recovery_1,226,0.8601970628460687,512
11,index_cued_first_diffusion_0.3_swap_recovery_1,238,0.8159540508442011,512
11,index_cued_first_diffusion_0.3_swap_recovery_1,277,0.909701738694453,512
11,index_cued_first_diffusion_0.3_swap_recovery_2,23,99128.97545830545,512
11,index_cued_first_diffusion_0.3_swap_recovery_2,24,147051.58843022102,512
11,index_cued_first_diffusion_0.3_swap_recovery_2,26,286889.8103941503,512
11,index_cued_first_diffusion_0.3_swap_recovery_2,56,21205.925665050323,512
11,index_cued_first_diffusion_0.3_swap_recovery_2,119,1854666.4220723277,512
11,index_cued_first_diffusion_0.3_swap_recovery_2,121,651011.6017412167,512
11,index_cued_first_diffusion_0.3_swap_recovery_2,148,2.240323275100237,512
11,index_cued_first_diffusion_0.3_swap_recovery_2,180,0.7988251734599826,512
11,index_cued_first_diffusion_0.3_swap_recovery_2,195,1.9879038587130202,512
11,index_cued_first_diffusion_0.3_swap_recovery_2,205,2.22056114765786,512
11,index_cued_first_diffusion_0.3_swap_recovery_2,209,1.4828691665618243,512
11,index_cued_first_diffusion_0.3_swap_recovery_2,212,1.8636586288590684,512
11,index_cued_first_diffusion_0.3_swap_recovery_2,217,2.2762627115012686,512
11,index_cued_first_diffusion_0.3_swap_recovery_2,226,1.057344610768518,512
11,index_cued_first_diffusion_0.3_swap_recovery_2,238,0.9948443160301671,512
11,index_cued_first_diffusion_0.3_swap_recovery_2,277,0.7373686405663,512
11,index_cued_first_diffusion_0.3_swap_recovery_3,23,99129.66374218655,512
11,index_cued_first_diffusion_0.3_swap_recovery_3,24,147051.60028840028,512
11,index_cued_first_diffusion_0.3_swap_recovery_3,26,286889.7619168672,512
11,index_cued_first_diffusion_0.3_swap_recovery_3,56,21205.31704649281,512
11,index_cued_first_diffusion_0.3_swap_recovery_3,119,1854667.1145796394,512
11,index_cued_first_diffusion_0.3_swap_recovery_3,121,651012.5980426836,512
11,index_cued_first_diffusion_0.3_swap_recovery_3,148,1.9952976424236033,512
11,index_cued_first_diffusion_0.3_swap_recovery_3,180,1.5482085325465285,512
11,index_cued_first_diffusion_0.3_swap_recovery_3,195,1.7337543073928172,512
11,index_cued_first_diffusion_0.3_swap_recovery_3,205,1.9644277117936966,512
11,index_cued_first_diffusion_0.3_swap_recovery_3,209,1.4569574762039905,512
11,index_cued_first_diffusion_0.3_swap_recovery_3,212,1.552284363414263,512
11,index_cued_first_diffusion_0.3_swap_recovery_3,217,1.8433445982110057,512
11,index_cued_first_diffusion_0.3_swap_recovery_3,226,0.9948415203237412,512
11,index_cued_first_diffusion_0.3_swap_recovery_3,238,0.8882106271208674,512
11,index_cued_first_diffusion_0.3_swap_recovery_3,277,1.9781485326649402,512
11,index_cued_first_diffusion_0.3_swap_recovery_4,23,99130.62092248269,512
11,index_cued_first_diffusion_0.3_swap_recovery_4,24,147052.2059927195,512
11,index_cued_first_diffusion_0.3_swap_recovery_4,26,286888.94644176285,512
11,index_cued_first_diffusion_0.3_swap_recovery_4,56,21205.04308006748,512
11,index_cued_first_diffusion_0.3_swap_recovery_4,119,1854666.4138441922,512
11,index_cued_first_diffusion_0.3_swap_recovery_4,121,651013.3638320965,512
11,index_cued_first_diffusion_0.3_swap_recovery_4,148,1.8801334730590633,512
11,index_cued_first_diffusion_0.3_swap_recovery_4,180,2.1108359546946516,512
11,index_cued_first_diffusion_0.3_swap_recovery_4,195,2.2912078973643757,512
11,index_cued_first_diffusion_0.3_swap_recovery_4,205,1.7332373313619616,512
11,index_cued_first_diffusion_0.3_swap_recovery_4,209,1.2167678228608758,512
11,index_cued_first_diffusion_0.3_swap_recovery_4,212,1.0614696136886275,512
11,index_cued_first_diffusion_0.3_swap_recovery_4,217,1.8452836780787556,512
11,index_cued_first_diffusion_0.3_swap_recovery_4,226,0.9689044105440029,512
11,index_cued_first_diffusion_0.3_swap_recovery_4,238,0.9644615067505945,512
11,index_cued_first_diffusion_0.3_swap_recovery_4,277,2.8795552880572677,512
11,index_cued_first_diffusion_0.3_swap_recovery_5,23,99129.1149905257,512
11,index_cued_first_diffusion_0.3_swap_recovery_5,24,147052.52773868007,512
11,index_cued_first_diffusion_0.3_swap_recovery_5,26,286888.70782714366,512
11,index_cued_first_diffusion_0.3_swap_recovery_5,56,21205.63808274398,512
11,index_cued_first_diffusion_0.3_swap_recovery_5,119,1854667.5579833002,512
11,index_cued_first_diffusion_0.3_swap_recovery_5,121,651011.4109127838,512
11,index_cued_first_diffusion_0.3_swap_recovery_5,148,1.0302246552681187,512
11,index_cued_first_diffusion_0.3_swap_recovery_5,180,3.152887012834847,512
11,index_cued_first_diffusion_0.3_swap_recovery_5,195,1.5702438665371048,512
11,index_cued_first_diffusion_0.3_swap_recovery_5,205,1.475081860745438,512
11,index_cued_first_diffusion_0.3_swap_recovery_5,209,1.608353162834168,512
11,index_cued_first_diffusion_0.3_swap_recovery_5,212,1.3552355480425686,512
11,index_cued_first_diffusion_0.3_swap_recovery_5,217,1.012211125615048,512
11,index_cued_first_diffusion_0.3_swap_recovery_5,226,0.6778223289108243,512
11,index_cued_first_diffusion_0.3_swap_recovery_5,238,0.9254426761059765,512
11,index_cued_first_diffusion_0.3_swap_recovery_5,277,0.8745534744822505,512
11,index_cued_first_diffusion_0.3_swap_recovery_6,23,99129.13438818915,512
11,index_cued_first_diffusion_0.3_swap_recovery_6,24,147052.27663727256,512
11,index_cued_first_diffusion_0.3_swap_recovery_6,26,286890.8970368055,512
11,index_cued_first_diffusion_0.3_swap_recovery_6,56,21205.65325238737,512
11,index_cued_first_diffusion_0.3_swap_recovery_6,119,1854667.2330332103,512
11,index_cued_first_diffusion_0.3_swap_recovery_6,121,651011.4572405393,512
11,index_cued_first_diffusion_0.3_swap_recovery_6,148,1.00730764527873,512
11,index_cued_first_diffusion_0.3_swap_recovery_6,180,4.371235679918212,512
11,index_cued_first_diffusion_0.3_swap_recovery_6,195,1.6118591202140067,512
11,index_cued_first_diffusion_0.3_swap_recovery_6,205,1.4578779893949707,512
11,index_cued_first_diffusion_0.3_swap_recovery_6,209,1.5232809726963406,512
11,index_cued_first_diffusion_0.3_swap_recovery_6,212,1.3312910736682175,512
11,index_cued_first_diffusion_0.3_swap_recovery_6,217,1.0357759427647266,512
11,index_cued_first_diffusion_0.3_swap_recovery_6,226,0.747850107696284,512
11,index_cued_first_diffusion_0.3_swap_recovery_6,238,0.8921057512718866,512
11,index_cued_first_diffusion_0.3_swap_recovery_6,277,0.8201083332685735,512
11,index_cued_first_diffusion_0.3_swap_recovery_7,23,99130.6694498856,512
11,index_cued_first_diffusion_0.3_swap_recovery_7,24,147052.24261549397,512
11,index_cued_first_diffusion_0.3_swap_recovery_7,26,286888.97025473265,512
11,index_cued_first_diffusion_0.3_swap_recovery_7,56,21205.03324517839,512
11,index_cued_first_diffusion_0.3_swap_recovery_7,119,1854666.4135796665,512
11,index_cued_first_diffusion_0.3_swap_recovery_7,121,651013.3990072553,512
11,index_cued_first_diffusion_0.3_swap_recovery_7,148,1.8874482689900751,512
11,index_cued_first_diffusion_0.3_swap_recovery_7,180,2.1694728170544644,512
11,index_cued_first_diffusion_0.3_swap_recovery_7,195,2.2846918630156163,512
11,index_cued_first_diffusion_0.3_swap_recovery_7,205,1.7234096000035217,512
11,index_cued_first_diffusion_0.3_swap_recovery_7,209,1.2334807215735784,512
11,index_cued_first_diffusion_0.3_swap_recovery_7,212,1.0721678283015006,512
11,index_cued_first_diffusion_0.3_swap_recovery_7,217,1.8675575623639746,512
11,index_cued_first_diffusion_0.3_swap_recovery_7,226,0.9576857797030581,512
11,index_cued_first_diffusion_0.3_swap_recovery_7,238,0.946772997354642,512
11,index_cued_first_diffusion_0.3_swap_recovery_7,277,2.856777688080258,512
11,index_cued_first_diffusion_0.3_swap_recovery_8,23,99129.70105391544,512
11,index_cued_first_diffusion_0.3_swap_recovery_8,24,147051.6897395874,512
11,index_cued_first_diffusion_0.3_swap_recovery_8,26,286889.801101818,512
11,index_cued_first_diffusion_0.3_swap_recovery_8,56,21205.215872507062,512
11,index_cued_first_diffusion_0.3_swap_recovery_8,119,1854667.5556833278,512
11,index_cued_first_diffusion_0.3_swap_recovery_8,121,651012.6041971748,512
11,index_cued_first_diffusion_0.3_swap_recovery_8,148,1.991892879599981,512
11,index_cued_first_diffusion_0.3_swap_recovery_8,180,1.5570924726542494,512
11,index_cued_first_diffusion_0.3_swap_recovery_8,195,1.9990911306717718,512
11,index_cued_first_diffusion_0.3_swap_recovery_8,205,1.876662273936625,512
11,index_cued_first_diffusion_0.3_swap_recovery_8,209,1.325249298038108,512
11,index_cued_first_diffusion_0.3_swap_recovery_8,212,1.4799900765756435,512
11,index_cued_first_diffusion_0.3_swap_recovery_8,217,1.899716449448195,512
11,index_cued_first_diffusion_0.3_swap_recovery_8,226,1.382167892788226,512
11,index_cued_first_diffusion_0.3_swap_recovery_8,238,0.6981494330600474,512
11,index_cued_first_diffusion_0.3_swap_recovery_8,277,1.9619868529931155,512
11,index_cued_first_diffusion_0.3_swap_recovery_9,23,99129.32268387794,512
11,index_cued_first_diffusion_0.3_swap_recovery_9,24,147051.89548696313,512
11,index_cued_first_diffusion_0.3_swap_recovery_9,26,286889.7093774831,512
11,index_cued_first_diffusion_0.3_swap_recovery_9,56,21206.587295847596,512
11,index_cued_first_diffusion_0.3_swap_recovery_9,119,1854666.4353701784,512
11,index_cued_first_diffusion_0.3_swap_recovery_9,121,651011.6990151766,512
11,index_cued_first_diffusion_0.3_swap_recovery_9,148,0.41872255608748965,512
11,index_cued_first_diffusion_0.3_swap_recovery_9,180,0.8288977686087433,512
11,index_cued_first_diffusion_0.3_swap_recovery_9,195,0.7977618513528731,512
11,index_cued_first_diffusion_0.3_swap_recovery_9,205,1.5654849664085166,512
11,index_cued_first_diffusion_0.3_swap_recovery_9,209,1.8052082295401082,512
11,index_cued_first_diffusion_0.3_swap_recovery_9,212,1.5362643348313947,512
11,index_cued_first_diffusion_0.3_swap_recovery_9,217,1.3892766752295156,512
11,index_cued_first_diffusion_0.3_swap_recovery_9,226,1.402423160833692,512
11,index_cued_first_diffusion_0.3_swap_recovery_9,238,0.9942632151520485,512
11,index_cued_first_diffusion_0.3_swap_recovery_9,277,0.3538949924622429,512
11,index_cued_first_diffusion_0.3_swap_recovery_10,23,99129.35563893564,512
11,index_cued_first_diffusion_0.3_swap_recovery_10,24,147051.87779565496,512
11,index_cued_first_diffusion_0.3_swap_recovery_10,26,286889.237593841,512
11,index_cued_first_diffusion_0.3_swap_recovery_10,56,21206.4989802148,512
11,index_cued_first_diffusion_0.3_swap_recovery_10,119,1854666.4317031722,512
11,index_cued_first_diffusion_0.3_swap_recovery_10,121,651011.6364454489,512
11,index_cued_first_diffusion_0.3_swap_recovery_10,148,0.8451442271554586,512
11,index_cued_first_diffusion_0.3_swap_recovery_10,180,1.3887087815061578,512
11,index_cued_first_diffusion_0.3_swap_recovery_10,195,0.9012439083601305,512
11,index_cued_first_diffusion_0.3_swap_recovery_10,205,1.9271933978712614,512
11,index_cued_first_diffusion_0.3_swap_recovery_10,209,1.1070254122055547,512
11,index_cued_first_diffusion_0.3_swap_recovery_10,212,1.1520670607567776,512
11,index_cued_first_diffusion_0.3_swap_recovery_10,217,1.915589534406806,512
11,index_cued_first_diffusion_0.3_swap_recovery_10,226,2.166067713876016,512
11,index_cued_first_diffusion_0.3_swap_recovery_10,238,1.9639069450960913,512
11,index_cued_first_diffusion_0.3_swap_recovery_10,277,0.3532571595952578,512
11,index_cued_first_diffusion_0.3_swap_recovery_11,23,99128.88244547162,512
11,index_cued_first_diffusion_0.3_swap_recovery_11,24,147051.32660968363,512
11,index_cued_first_diffusion_0.3_swap_recovery_11,26,286890.16157320514,512
11,index_cued_first_diffusion_0.3_swap_recovery_11,56,21205.138214703155,512
11,index_cued_first_diffusion_0.3_swap_recovery_11,119,1854666.4194355235,512
11,index_cued_first_diffusion_0.3_swap_recovery_11,121,651011.6253206946,512
11,index_cued_first_diffusion_0.3_swap_recovery_11,148,2.049011767315703,512
11,index_cued_first_diffusion_0.3_swap_recovery_11,180,1.8218957990900724,512
11,index_cued_first_diffusion_0.3_swap_recovery_11,195,2.244971185964968,512
11,index_cued_first_diffusion_0.3_swap_recovery_11,205,2.957868529985571,512
11,index_cued_first_diffusion_0.3_swap_recovery_11,209,1.4154633919250699,512
11,index_cued_first_diffusion_0.3_swap_recovery_11,212,1.3629328120761415,512
11,index_cued_first_diffusion_0.3_swap_recovery_11,217,2.9459067768304754,512
11,index_cued_first_diffusion_0.3_swap_recovery_11,226,2.3599985934278056,512
11,index_cued_first_diffusion_0.3_swap_recovery_11,238,1.8570016457350607,512
11,index_cued_first_diffusion_0.3_swap_recovery_11,277,0.5659437205909275,512
11,index_cued_first_diffusion_0.3_swap_recovery_12,23,99129.28286746767,512
11,index_cued_first_diffusion_0.3_swap_recovery_12,24,147051.81514470727,512
11,index_cued_first_diffusion_0.3_swap_recovery_12,26,286889.62208940147,512
11,index_cued_first_diffusion_0.3_swap_recovery_12,56,21206.53054279848,512
11,index_cued_first_diffusion_0.3_swap_recovery_12,119,1854666.419144596,512
11,index_cued_first_diffusion_0.3_swap_recovery_12,121,651011.7251380724,512
11,index_cued_first_diffusion_0.3_swap_recovery_12,148,0.36465395046104804,512
11,index_cued_first_diffusion_0.3_swap_recovery_12,180,0.6745810426331891,512
11,index_cued_first_diffusion_0.3_swap_recovery_12,195,0.6414981605819188,512
11,index_cued_first_diffusion_0.3_swap_recovery_12,205,1.4967096326346896,512
11,index_cued_first_diffusion_0.3_swap_recovery_12,209,1.8503733930962492,512
11,index_cued_first_diffusion_0.3_swap_recovery_12,212,1.4989135865057617,512
11,index_cued_first_diffusion_0.3_swap_recovery_12,217,1.3988408874135008,512
11,index_cued_first_diffusion_0.3_swap_recovery_12,226,1.5456676689067579,512
11,index_cued_first_diffusion_0.3_swap_recovery_12,238,0.9379331279534429,512
11,index_cued_first_diffusion_0.3_swap_recovery_12,277,0.3810609574623915,512
11,index_cued_first_diffusion_0.3_swap_recovery_13,23,99129.29343137804,512
11,index_cued_first_diffusion_0.3_swap_recovery_13,24,147051.6669318622,512
11,index_cued_first_diffusion_0.3_swap_recovery_13,26,286889.623930984,512
11,index_cued_first_diffusion_0.3_swap_recovery_13,56,21204.835573385335,512
11,index_cued_first_diffusion_0.3_swap_recovery_13,119,1854666.3966090446,512
11,index_cued_first_diffusion_0.3_swap_recovery_13,121,651012.0281460246,512
11,index_cued_first_diffusion_0.3_swap_recovery_13,148,1.3584601963397929,512
11,index_cued_first_diffusion_0.3_swap_recovery_13,180,1.107607996685184,512
11,index_cued_first_diffusion_0.3_swap_recovery_13,195,1.3964972152863842,512
11,index_cued_first_diffusion_0.3_swap_recovery_13,205,1.2836670990989982,512
11,index_cued_first_diffusion_0.3_swap_recovery_13,209,1.513900303077756,512
11,index_cued_first_diffusion_0.3_swap_recovery_13,212,1.1024151382914433,512
11,index_cued_first_diffusion_0.3_swap_recovery_13,217,2.0502348878673757,512
11,index_cued_first_diffusion_0.3_swap_recovery_13,226,1.5901765929797103,512
11,index_cued_first_diffusion_0.3_swap_recovery_13,238,1.357850921711949,512
11,index_cued_first_diffusion_0.3_swap_recovery_13,277,1.3968045598989738,512
12,index_cued_first_diffusion_0.3_swap_recovery_0,23,2.176968813541974,512
12,index_cued_first_diffusion_0.3_swap_recovery_0,24,1.4635038386432504,512
12,index_cued_first_diffusion_0.3_swap_recovery_0,26,2.41186999115706,512
12,index_cued_first_diffusion_0.3_swap_recovery_0,56,2.328054214982248,512
12,index_cued_first_diffusion_0.3_swap_recovery_0,119,1.288241313154856,512
12,index_cued_first_diffusion_0.3_swap_recovery_0,121,1.8350398768462899,512
12,index_cued_first_diffusion_0.3_swap_recovery_0,148,1.713699235661022,512
12,index_cued_first_diffusion_0.3_swap_recovery_0,180,1.7563844200393937,512
12,index_cued_first_diffusion_0.3_swap_recovery_0,195,3.0357008787141595,512
12,index_cued_first_diffusion_0.3_swap_recovery_0,205,2.46355220064052,512
12,index_cued_first_diffusion_0.3_swap_recovery_0,209,2.5268761832251654,512
12,index_cued_first_diffusion_0.3_swap_recovery_0,212,1.8636506424245414,512
12,index_cued_first_diffusion_0.3_swap_recovery_0,217,2.5780370069683722,512
12,index_cued_first_diffusion_0.3_swap_recovery_0,226,0.25154977984105265,512
12,index_cued_first_diffusion_0.3_swap_recovery_0,238,0.09870343651738323,512
12,index_cued_first_diffusion_0.3_swap_recovery_0,277,1.7861023523424344,512
12,index_cued_first_diffusion_0.3_swap_recovery_1,23,2.075273380705111,512
12,index_cued_first_diffusion_0.3_swap_recovery_1,24,3.7961560305992177,512
12,index_cued_first_diffusion_0.3_swap_recovery_1,26,7.246826110604562,512
12,index_cued_first_diffusion_0.3_swap_recovery_1,56,1.2636241828727326,512
12,index_cued_first_diffusion_0.3_swap_recovery_1,119,1.767151341322472,512
12,index_cued_first_diffusion_0.3_swap_recovery_1,121,2.4348403537069183,512
12,index_cued_first_diffusion_0.3_swap_recovery_1,148,0.768172547581647,512
12,index_cued_first_diffusion_0.3_swap_recovery_1,180,20.762897385596965,512
12,index_cued_first_diffusion_0.3_swap_recovery_1,195,1.2757492290871497,512
12,index_cued_first_diffusion_0.3_swap_recovery_1,205,0.8994585390700802,512
12,index_cued_first_diffusion_0.3_swap_recovery_1,209,1.9520158528282059,512
12,index_cued_first_diffusion_0.3_swap_recovery_1,212,1.5623969104859434,512
12,index_cued_first_diffusion_0.3_swap_recovery_1,217,1.2344873910392935,512
12,index_cued_first_diffusion_0.3_swap_recovery_1,226,0.8898366246799375,512
12,index_cued_first_diffusion_0.3_swap_recovery_1,238,0.9589621456518986,512
12,index_cued_first_diffusion_0.3_swap_recovery_1,277,2.855862563753748,512
12,index_cued_first_diffusion_0.3_swap_recovery_2,23,2.575272318259411,512
12,index_cued_first_diffusion_0.3_swap_recovery_2,24,1.8348551277345915,512
12,index_cued_first_diffusion_0.3_swap_recovery_2,26,2.538279733650055,512
12,index_cued_first_diffusion_0.3_swap_recovery_2,56,2.767834651945787,512
12,index_cued_first_diffusion_0.3_swap_recovery_2,119,0.5246279698641978,512
12,index_cued_first_diffusion_0.3_swap_recovery_2,121,2.357467086938295,512
12,index_cued_first_diffusion_0.3_swap_recovery_2,148,1.8572480058329865,512
12,index_cued_first_diffusion_0.3_swap_recovery_2,180,1.6318385277086358,512
12,index_cued_first_diffusion_0.3_swap_recovery_2,195,3.152593750895403,512
12,index_cued_first_diffusion_0.3_swap_recovery_2,205,2.5103889217002133,512
12,index_cued_first_diffusion_0.3_swap_recovery_2,209,2.809122443735909,512
12,index_cued_first_diffusion_0.3_swap_recovery_2,212,2.6651727592479615,512
12,index_cued_first_diffusion_0.3_swap_recovery_2,217,2.2412434347763144,512
12,index_cued_first_diffusion_0.3_swap_recovery_2,226,1.1928841681019036,512
12,index_cued_first_diffusion_0.3_swap_recovery_2,238,0.9597303051241787,512
12,index_cued_first_diffusion_0.3_swap_recovery_2,277,2.756406020333306,512
12,index_cued_first_diffusion_0.3_swap_recovery_3,23,2.272169451838452,512
12,index_cued_first_diffusion_0.3_swap_recovery_3,24,1.3351371491955468,512
12,index_cued_first_diffusion_0.3_swap_recovery_3,26,2.3500809343704754,512
12,index_cued_first_diffusion_0.3_swap_recovery_3,56,2.3502954612814135,512
12,index_cued_first_diffusion_0.3_swap_recovery_3,119,1.211357171946028,512
12,index_cued_first_diffusion_0.3_swap_recovery_3,121,1.8207088419838144,512
12,index_cued_first_diffusion_0.3_swap_recovery_3,148,1.6862225765054262,512
12,index_cued_first_diffusion_0.3_swap_recovery_3,180,1.767773419990129,512
12,index_cued_first_diffusion_0.3_swap_recovery_3,195,3.0959468716491196,512
12,index_cued_first_diffusion_0.3_swap_recovery_3,205,2.4755949784832576,512
12,index_cued_first_diffusion_0.3_swap_recovery_3,209,2.563238783200069,512
12,index_cued_first_diffusion_0.3_swap_recovery_3,212,1.888982614828616,512
12,index_cued_first_diffusion_0.3_swap_recovery_3,217,2.619197994888898,512
12,index_cued_first_diffusion_0.3_swap_recovery_3,226,0.19672881835903913,512
12,index_cued_first_diffusion_0.3_swap_recovery_3,238,0.10630226063246545,512
12,index_cued_first_diffusion_0.3_swap_recovery_3,277,1.7997958168541661,512
12,index_cued_first_diffusion_0.3_swap_recovery_4,23,0.06736051272582552,512
12,index_cued_first_diffusion_0.3_swap_recovery_4,24,0.09072839991501885,512
12,index_cued_first_diffusion_0.3_swap_recovery_4,26,0.06192743265293808,512
12,index_cued_first_diffusion_0.3_swap_recovery_4,56,0.041401012379506656,512
12,index_cued_first_diffusion_0.3_swap_recovery_4,119,0.03606425129572594,512
12,index_cued_first_diffusion_0.3_swap_recovery_4,121,0.03950891465708853,512
12,index_cued_first_diffusion_0.3_swap_recovery_4,148,0.18777903177049055,512
12,index_cued_first_diffusion_0.3_swap_recovery_4,180,0.1350687126105952,512
12,index_cued_first_diffusion_0.3_swap_recovery_4,195,0.037034371695074696,512
12,index_cued_first_diffusion_0.3_swap_recovery_4,205,0.039216417928786315,512
12,index_cued_first_diffusion_0.3_swap_recovery_4,209,0.03529864879687446,512
12,index_cued_first_diffusion_0.3_swap_recovery_4,212,0.04133531578391848,512
12,index_cued_first_diffusion_0.3_swap_recovery_4,217,0.041429510003534564,512
12,index_cued_first_diffusion_0.3_swap_recovery_4,226,0.02812154273893693,512
12,index_cued_first_diffusion_0.3_swap_recovery_4,238,0.029894311752382073,512
12,index_cued_first_diffusion_0.3_swap_recovery_4,277,0.03401556022460186,512
12,index_cued_first_diffusion_0.3_swap_recovery_5,23,2.053612837138516,512
12,index_cued_first_diffusion_0.3_swap_recovery_5,24,5.554515481101311,512
12,index_cued_first_diffusion_0.3_swap_recovery_5,26,8.219753921060995,512
12,index_cued_first_diffusion_0.3_swap_recovery_5,56,1.5700409578914156,512
12,index_cued_first_diffusion_0.3_swap_recovery_5,119,1.571806864998149,512
12,index_cued_first_diffusion_0.3_swap_recovery_5,121,2.2949710565811436,512
12,index_cued_first_diffusion_0.3_swap_recovery_5,148,0.8929399730437841,512
12,index_cued_first_diffusion_0.3_swap_recovery_5,180,4.901559625262217,512
12,index_cued_first_diffusion_0.3_swap_recovery_5,195,0.8051737827079303,512
12,index_cued_first_diffusion_0.3_swap_recovery_5,205,0.6980878646584237,512
12,index_cued_first_diffusion_0.3_swap_recovery_5,209,1.7302720368977988,512
12,index_cued_first_diffusion_0.3_swap_recovery_5,212,1.899999295813052,512
12,index_cued_first_diffusion_0.3_swap_recovery_5,217,1.0873795941873028,512
12,index_cued_first_diffusion_0.3_swap_recovery_5,226,0.9174493549922351,512
12,index_cued_first_diffusion_0.3_swap_recovery_5,238,1.285128035905771,512
12,index_cued_first_diffusion_0.3_swap_recovery_5,277,2.7110536434370465,512
12,index_cued_first_diffusion_0.3_swap_recovery_6,23,2.0518070677059232,512
12,index_cued_first_diffusion_0.3_swap_recovery_6,24,3.8214537435193616,512
12,index_cued_first_diffusion_0.3_swap_recovery_6,26,9.91257502614787,512
12,index_cued_first_diffusion_0.3_swap_recovery_6,56,1.4661500681514819,512
12,index_cued_first_diffusion_0.3_swap_recovery_6,119,1.2925143616035806,512
12,index_cued_first_diffusion_0.3_swap_recovery_6,121,2.361302926680222,512
12,index_cued_first_diffusion_0.3_swap_recovery_6,148,0.9007161627647561,512
12,index_cued_first_diffusion_0.3_swap_recovery_6,180,6.295913676560028,512
12,index_cued_first_diffusion_0.3_swap_recovery_6,195,0.851688866047963,512
12,index_cued_first_diffusion_0.3_swap_recovery_6,205,0.619299029028888,512
12,index_cued_first_diffusion_0.3_swap_recovery_6,209,1.580722855010607,512
12,index_cued_first_diffusion_0.3_swap_recovery_6,212,1.7048448218097279,512
12,index_cued_first_diffusion_0.3_swap_recovery_6,217,1.0751110683607843,512
12,index_cued_first_diffusion_0.3_swap_recovery_6,226,0.7984237761857425,512
12,index_cued_first_diffusion_0.3_swap_recovery_6,238,1.1119006250673151,512
12,index_cued_first_diffusion_0.3_swap_recovery_6,277,2.7566970409246085,512
12,index_cued_first_diffusion_0.3_swap_recovery_7,23,0.06621934831556285,512
12,index_cued_first_diffusion_0.3_swap_recovery_7,24,0.12065529978239342,512
12,index_cued_first_diffusion_0.3_swap_recovery_7,26,0.09701440119220035,512
12,index_cued_first_diffusion_0.3_swap_recovery_7,56,0.04191301983218251,512
12,index_cued_first_diffusion_0.3_swap_recovery_7,119,0.033779987595971464,512
12,index_cued_first_diffusion_0.3_swap_recovery_7,121,0.05709381536551879,512
12,index_cued_first_diffusion_0.3_swap_recovery_7,148,0.20432782595422072,512
12,index_cued_first_diffusion_0.3_swap_recovery_7,180,0.19500870366028827,512
12,index_cued_first_diffusion_0.3_swap_recovery_7,195,0.031253720958081065,512
12,index_cued_first_diffusion_0.3_swap_recovery_7,205,0.03593669846800428,512
12,index_cued_first_diffusion_0.3_swap_recovery_7,209,0.02772100766320327,512
12,index_cued_first_diffusion_0.3_swap_recovery_7,212,0.04096861678621987,512
12,index_cued_first_diffusion_0.3_swap_recovery_7,217,0.09501433789930681,512
12,index_cued_first_diffusion_0.3_swap_recovery_7,226,0.020128795064095165,512
12,index_cued_first_diffusion_0.3_swap_recovery_7,238,0.02920063321440868,512
12,index_cued_first_diffusion_0.3_swap_recovery_7,277,0.04177132261859243,512
12,index_cued_first_diffusion_0.3_swap_recovery_8,23,2.372084123344739,512
12,index_cued_first_diffusion_0.3_swap_recovery_8,24,1.4157465010438974,512
12,index_cued_first_diffusion_0.3_swap_recovery_8,26,2.427578910231244,512
12,index_cued_first_diffusion_0.3_swap_recovery_8,56,2.215881841501978,512
12,index_cued_first_diffusion_0.3_swap_recovery_8,119,1.6043531605851045,512
12,index_cued_first_diffusion_0.3_swap_recovery_8,121,1.8705831099248043,512
12,index_cued_first_diffusion_0.3_swap_recovery_8,148,1.8004453039748145,512
12,index_cued_first_diffusion_0.3_swap_recovery_8,180,1.7253000620864596,512
12,index_cued_first_diffusion_0.3_swap_recovery_8,195,2.9113085744491913,512
12,index_cued_first_diffusion_0.3_swap_recovery_8,205,2.393884473331849,512
12,index_cued_first_diffusion_0.3_swap_recovery_8,209,2.4932604118220545,512
12,index_cued_first_diffusion_0.3_swap_recovery_8,212,1.8934121961431987,512
12,index_cued_first_diffusion_0.3_swap_recovery_8,217,2.4302789181182503,512
12,index_cued_first_diffusion_0.3_swap_recovery_8,226,1.2793227460062069,512
12,index_cued_first_diffusion_0.3_swap_recovery_8,238,0.6456630763402691,512
12,index_cued_first_diffusion_0.3_swap_recovery_8,277,1.807598350362435,512
12,index_cued_first_diffusion_0.3_swap_recovery_9,23,2.8250957664459366,512
12,index_cued_first_diffusion_0.3_swap_recovery_9,24,1.9762418358606653,512
12,index_cued_first_diffusion_0.3_swap_recovery_9,26,2.3467831066985685,512
12,index_cued_first_diffusion_0.3_swap_recovery_9,56,3.280973794527098,512
12,index_cued_first_diffusion_0.3_swap_recovery_9,119,0.48143790635675415,512
12,index_cued_first_diffusion_0.3_swap_recovery_9,121,2.3947758043408296,512
12,index_cued_first_diffusion_0.3_swap_recovery_9,148,1.8178143978875272,512
12,index_cued_first_diffusion_0.3_swap_recovery_9,180,1.836334945151774,512
12,index_cued_first_diffusion_0.3_swap_recovery_9,195,2.920207980619545,512
12,index_cued_first_diffusion_0.3_swap_recovery_9,205,2.4507968093348005,512
12,index_cued_first_diffusion_0.3_swap_recovery_9,209,2.5500030371203692,512
12,index_cued_first_diffusion_0.3_swap_recovery_9,212,2.264708427224393,512
12,index_cued_first_diffusion_0.3_swap_recovery_9,217,1.9732145513470658,512
12,index_cued_first_diffusion_0.3_swap_recovery_9,226,1.415544255733842,512
12,index_cued_first_diffusion_0.3_swap_recovery_9,238,0.7060792310810118,512
12,index_cued_first_diffusion_0.3_swap_recovery_9,277,2.970162168100078,512
12,index_cued_first_diffusion_0.3_swap_recovery_10,23,2.8686649153678223,512
12,index_cued_first_diffusion_0.3_swap_recovery_10,24,2.5528641215299075,512
12,index_cued_first_diffusion_0.3_swap_recovery_10,26,1.8221462961354824,512
12,index_cued_first_diffusion_0.3_swap_recovery_10,56,3.0670799026103435,512
12,index_cued_first_diffusion_0.3_swap_recovery_10,119,0.3965340909065025,512
12,index_cued_first_diffusion_0.3_swap_recovery_10,121,2.4982006499239104,512
12,index_cued_first_diffusion_0.3_swap_recovery_10,148,2.0913576962293887,512
12,index_cued_first_diffusion_0.3_swap_recovery_10,180,2.0463112837534982,512
12,index_cued_first_diffusion_0.3_swap_recovery_10,195,2.6977459968234476,512
12,index_cued_first_diffusion_0.3_swap_recovery_10,205,2.0002929971773713,512
12,index_cued_first_diffusion_0.3_swap_recovery_10,209,2.1203573177101105,512
12,index_cued_first_diffusion_0.3_swap_recovery_10,212,2.26860468890935,512
12,index_cued_first_diffusion_0.3_swap_recovery_10,217,2.040697376537977,512
12,index_cued_first_diffusion_0.3_swap_recovery_10,226,1.973540751030391,512
12,index_cued_first_diffusion_0.3_swap_recovery_10,238,1.9706672544169264,512
12,index_cued_first_diffusion_0.3_swap_recovery_10,277,2.9912707689296667,512
12,index_cued_first_diffusion_0.3_swap_recovery_11,23,2.3003653823464996,512
12,index_cued_first_diffusion_0.3_swap_recovery_11,24,1.5270286388395498,512
12,index_cued_first_diffusion_0.3_swap_recovery_11,26,2.8296249687157857,512
12,index_cued_first_diffusion_0.3_swap_recovery_11,56,2.0470700306502807,512
12,index_cued_first_diffusion_0.3_swap_recovery_11,119,0.12140553764649048,512
12,index_cued_first_diffusion_0.3_swap_recovery_11,121,2.2905909131044826,512
12,index_cued_first_diffusion_0.3_swap_recovery_11,148,1.798796985523719,512
12,index_cued_first_diffusion_0.3_swap_recovery_11,180,1.2935320859595283,512
12,index_cued_first_diffusion_0.3_swap_recovery_11,195,3.2751090788819694,512
12,index_cued_first_diffusion_0.3_swap_recovery_11,205,2.985314917004008,512
12,index_cued_first_diffusion_0.3_swap_recovery_11,209,2.5994385062683323,512
12,index_cued_first_diffusion_0.3_swap_recovery_11,212,1.529884187038964,512
12,index_cued_first_diffusion_0.3_swap_recovery_11,217,3.1814255128355313,512
12,index_cued_first_diffusion_0.3_swap_recovery_11,226,1.7050656008753955,512
12,index_cued_first_diffusion_0.3_swap_recovery_11,238,1.3188894816717418,512
12,index_cued_first_diffusion_0.3_swap_recovery_11,277,2.8615112101750206,512
12,index_cued_first_diffusion_0.3_swap_recovery_12,23,2.8106403989069513,512
12,index_cued_first_diffusion_0.3_swap_recovery_12,24,1.951964796673231,512
12,index_cued_first_diffusion_0.3_swap_recovery_12,26,2.260961241752368,512
12,index_cued_first_diffusion_0.3_swap_recovery_12,56,3.2194188552905745,512
12,index_cued_first_diffusion_0.3_swap_recovery_12,119,0.44911318593838656,512
12,index_cued_first_diffusion_0.3_swap_recovery_12,121,2.3769674064425557,512
12,index_cued_first_diffusion_0.3_swap_recovery_12,148,1.797933669077311,512
12,index_cued_first_diffusion_0.3_swap_recovery_12,180,1.8086433628787493,512
12,index_cued_first_diffusion_0.3_swap_recovery_12,195,2.801877728834069,512
12,index_cued_first_diffusion_0.3_swap_recovery_12,205,2.3857255891372056,512
12,index_cued_first_diffusion_0.3_swap_recovery_12,209,2.5711576647590952,512
12,index_cued_first_diffusion_0.3_swap_recovery_12,212,2.237237614736515,512
12,index_cued_first_diffusion_0.3_swap_recovery_12,217,1.9840280744118475,512
12,index_cued_first_diffusion_0.3_swap_recovery_12,226,1.5105488571961412,512
12,index_cued_first_diffusion_0.3_swap_recovery_12,238,0.6881008345496442,512
12,index_cued_first_diffusion_0.3_swap_recovery_12,277,2.940128439624984,512
12,index_cued_first_diffusion_0.3_swap_recovery_13,23,2.287506047605697,512
12,index_cued_first_diffusion_0.3_swap_recovery_13,24,1.8487433025133146,512
12,index_cued_first_diffusion_0.3_swap_recovery_13,26,2.2830712052709945,512
12,index_cued_first_diffusion_0.3_swap_recovery_13,56,1.2023467231242266,512
12,index_cued_first_diffusion_0.3_swap_recovery_13,119,0.508820767291403,512
12,index_cued_first_diffusion_0.3_swap_recovery_13,121,2.0554651100114114,512
12,index_cued_first_diffusion_0.3_swap_recovery_13,148,1.3842760969376435,512
12,index_cued_first_diffusion_0.3_swap_recovery_13,180,1.558747209622112,512
12,index_cued_first_diffusion_0.3_swap_recovery_13,195,3.0607576955705937,512
12,index_cued_first_diffusion_0.3_swap_recovery_13,205,2.2867412831116964,512
12,index_cued_first_diffusion_0.3_swap_recovery_13,209,2.757675869050955,512
12,index_cued_first_diffusion_0.3_swap_recovery_13,212,0.861858792989977,512
12,index_cued_first_diffusion_0.3_swap_recovery_13,217,2.2501660083802326,512
12,index_cued_first_diffusion_0.3_swap_recovery_13,226,1.1198472355656974,512
12,index_cued_first_diffusion_0.3_swap_recovery_13,238,0.9743462252490482,512
12,index_cued_first_diffusion_0.3_swap_recovery_13,277,2.227125779145119,512
13,index_cued_first_diffusion_0.3_swap_recovery_0,23,0.7990215972646302,512
13,index_cued_first_diffusion_0.3_swap_recovery_0,24,0.5483262312537238,512
13,index_cued_first_diffusion_0.3_swap_recovery_0,26,0.5266716915859246,512
13,index_cued_first_diffusion_0.3_swap_recovery_0,56,1.352877986388239,512
13,index_cued_first_diffusion_0.3_swap_recovery_0,119,1.027757264513013,512
13,index_cued_first_diffusion_0.3_swap_recovery_0,121,1.546248642016069,512
13,index_cued_first_diffusion_0.3_swap_recovery_0,148,1.2896179533537544,512
13,index_cued_first_diffusion_0.3_swap_recovery_0,180,1.0642729749058286,512
13,index_cued_first_diffusion_0.3_swap_recovery_0,195,0.42359467424145336,512
13,index_cued_first_diffusion_0.3_swap_recovery_0,205,1.0923815287922456,512
13,index_cued_first_diffusion_0.3_swap_recovery_0,209,0.9429623326514915,512
13,index_cued_first_diffusion_0.3_swap_recovery_0,212,1.3223269555953803,512
13,index_cued_first_diffusion_0.3_swap_recovery_0,217,1.1963843499643771,512
13,index_cued_first_diffusion_0.3_swap_recovery_0,226,1.036960964630951,512
13,index_cued_first_diffusion_0.3_swap_recovery_0,238,1.0640039155456829,512
13,index_cued_first_diffusion_0.3_swap_recovery_0,277,0.7633242188724989,512
13,index_cued_first_diffusion_0.3_swap_recovery_1,23,1.4225641939607314,512
13,index_cued_first_diffusion_0.3_swap_recovery_1,24,2.5145161047246694,512
13,index_cued_first_diffusion_0.3_swap_recovery_1,26,7.24052020116772,512
13,index_cued_first_diffusion_0.3_swap_recovery_1,56,2.079532360416871,512
13,index_cued_first_diffusion_0.3_swap_recovery_1,119,1.5434241605836403,512
13,index_cued_first_diffusion_0.3_swap_recovery_1,121,0.940211331584722,512
13,index_cued_first_diffusion_0.3_swap_recovery_1,148,1.538617571977486,512
13,index_cued_first_diffusion_0.3_swap_recovery_1,180,19.51009408609675,512
13,index_cued_first_diffusion_0.3_swap_recovery_1,195,2.205600976686158,512
13,index_cued_first_diffusion_0.3_swap_recovery_1,205,1.9821813020111048,512
13,index_cued_first_diffusion_0.3_swap_recovery_1,209,2.0706503897433906,512
13,index_cued_first_diffusion_0.3_swap_recovery_1,212,1.8003943648918448,512
13,index_cued_first_diffusion_0.3_swap_recovery_1,217,1.498580346025164,512
13,index_cued_first_diffusion_0.3_swap_recovery_1,226,1.2506380083095343,512
13,index_cued_first_diffusion_0.3_swap_recovery_1,238,1.3614870978857927,512
13,index_cued_first_diffusion_0.3_swap_recovery_1,277,1.618735950472504,512
13,index_cued_first_diffusion_0.3_swap_recovery_2,23,0.7361328787011251,512
13,index_cued_first_diffusion_0.3_swap_recovery_2,24,0.13371934311773065,512
13,index_cued_first_diffusion_0.3_swap_recovery_2,26,0.4555072903817631,512
13,index_cued_first_diffusion_0.3_swap_recovery_2,56,1.6560033013234805,512
13,index_cued_first_diffusion_0.3_swap_recovery_2,119,0.5605726643640742,512
13,index_cued_first_diffusion_0.3_swap_recovery_2,121,0.9153079727824933,512
13,index_cued_first_diffusion_0.3_swap_recovery_2,148,1.164792167711047,512
13,index_cued_first_diffusion_0.3_swap_recovery_2,180,0.4962933596400296,512
13,index_cued_first_diffusion_0.3_swap_recovery_2,195,0.6919356816282767,512
13,index_cued_first_diffusion_0.3_swap_recovery_2,205,1.256012652598181,512
13,index_cued_first_diffusion_0.3_swap_recovery_2,209,0.8032198263660513,512
13,index_cued_first_diffusion_0.3_swap_recovery_2,212,2.304545205867852,512
13,index_cued_first_diffusion_0.3_swap_recovery_2,217,0.5987045947126097,512
13,index_cued_first_diffusion_0.3_swap_recovery_2,226,0.716744087950081,512
13,index_cued_first_diffusion_0.3_swap_recovery_2,238,0.5572519057318734,512
13,index_cued_first_diffusion_0.3_swap_recovery_2,277,0.8377601088003929,512
13,index_cued_first_diffusion_0.3_swap_recovery_3,23,0.8185086796008434,512
13,index_cued_first_diffusion_0.3_swap_recovery_3,24,0.6376121833608803,512
13,index_cued_first_diffusion_0.3_swap_recovery_3,26,0.5408868349918089,512
13,index_cued_first_diffusion_0.3_swap_recovery_3,56,1.3663270225080113,512
13,index_cued_first_diffusion_0.3_swap_recovery_3,119,0.9515285401958581,512
13,index_cued_first_diffusion_0.3_swap_recovery_3,121,1.5205505643856023,512
13,index_cued_first_diffusion_0.3_swap_recovery_3,148,1.280496832772569,512
13,index_cued_first_diffusion_0.3_swap_recovery_3,180,1.0694708374384572,512
13,index_cued_first_diffusion_0.3_swap_recovery_3,195,0.4019788745065339,512
13,index_cued_first_diffusion_0.3_swap_recovery_3,205,1.0854216098215068,512
13,index_cued_first_diffusion_0.3_swap_recovery_3,209,0.9406294551177361,512
13,index_cued_first_diffusion_0.3_swap_recovery_3,212,1.3345570777230562,512
13,index_cued_first_diffusion_0.3_swap_recovery_3,217,1.2738011849097204,512
13,index_cued_first_diffusion_0.3_swap_recovery_3,226,1.0784482282594485,512
13,index_cued_first_diffusion_0.3_swap_recovery_3,238,1.0641814068031703,512
13,index_cued_first_diffusion_0.3_swap_recovery_3,277,0.7669426621907305,512
13,index_cued_first_diffusion_0.3_swap_recovery_4,23,2.1267471767686574,512
13,index_cued_first_diffusion_0.3_swap_recovery_4,24,2.0264399398302544,512
13,index_cued_first_diffusion_0.3_swap_recovery_4,26,2.413292533852943,512
13,index_cued_first_diffusion_0.3_swap_recovery_4,56,1.3838243113757087,512
13,index_cued_first_diffusion_0.3_swap_recovery_4,119,0.5338296001844929,512
13,index_cued_first_diffusion_0.3_swap_recovery_4,121,2.1351547500085664,512
13,index_cued_first_diffusion_0.3_swap_recovery_4,148,1.2761399025587732,512
13,index_cued_first_diffusion_0.3_swap_recovery_4,180,1.7292129505593181,512
13,index_cued_first_diffusion_0.3_swap_recovery_4,195,2.9309494082502034,512
13,index_cued_first_diffusion_0.3_swap_recovery_4,205,2.23064169653247,512
13,index_cued_first_diffusion_0.3_swap_recovery_4,209,2.6534802757816007,512
13,index_cued_first_diffusion_0.3_swap_recovery_4,212,0.8877234161101347,512
13,index_cued_first_diffusion_0.3_swap_recovery_4,217,2.2385427755621707,512
13,index_cued_first_diffusion_0.3_swap_recovery_4,226,1.2337382785393798,512
13,index_cued_first_diffusion_0.3_swap_recovery_4,238,1.1567889958742237,512
13,index_cued_first_diffusion_0.3_swap_recovery_4,277,2.25276638038181,512
13,index_cued_first_diffusion_0.3_swap_recovery_5,23,1.3060089319187125,512
13,index_cued_first_diffusion_0.3_swap_recovery_5,24,4.1788729410917504,512
13,index_cued_first_diffusion_0.3_swap_recovery_5,26,8.14421567775692,512
13,index_cued_first_diffusion_0.3_swap_recovery_5,56,1.8610069471638613,512
13,index_cued_first_diffusion_0.3_swap_recovery_5,119,1.328254045892466,512
13,index_cued_first_diffusion_0.3_swap_recovery_5,121,0.8841563805743029,512
13,index_cued_first_diffusion_0.3_swap_recovery_5,148,1.7115260999883906,512
13,index_cued_first_diffusion_0.3_swap_recovery_5,180,4.164138996717419,512
13,index_cued_first_diffusion_0.3_swap_recovery_5,195,2.1914510129839755,512
13,index_cued_first_diffusion_0.3_swap_recovery_5,205,1.6749198023039735,512
13,index_cued_first_diffusion_0.3_swap_recovery_5,209,2.263170110894863,512
13,index_cued_first_diffusion_0.3_swap_recovery_5,212,1.9013722527275454,512
13,index_cued_first_diffusion_0.3_swap_recovery_5,217,1.5428701174567094,512
13,index_cued_first_diffusion_0.3_swap_recovery_5,226,1.2221547859098882,512
13,index_cued_first_diffusion_0.3_swap_recovery_5,238,1.5510531901311686,512
13,index_cued_first_diffusion_0.3_swap_recovery_5,277,1.4896196899401222,512
13,index_cued_first_diffusion_0.3_swap_recovery_6,23,1.2817769353269046,512
13,index_cued_first_diffusion_0.3_swap_recovery_6,24,2.609188159840798,512
13,index_cued_first_diffusion_0.3_swap_recovery_6,26,9.708873911651692,512
13,index_cued_first_diffusion_0.3_swap_recovery_6,56,1.912573142690834,512
13,index_cued_first_diffusion_0.3_swap_recovery_6,119,1.0487367380220438,512
13,index_cued_first_diffusion_0.3_swap_recovery_6,121,1.0652897706199949,512
13,index_cued_first_diffusion_0.3_swap_recovery_6,148,1.6289657185490682,512
13,index_cued_first_diffusion_0.3_swap_recovery_6,180,5.458744741205202,512
13,index_cued_first_diffusion_0.3_swap_recovery_6,195,2.1643692084777406,512
13,index_cued_first_diffusion_0.3_swap_recovery_6,205,1.729405574782569,512
13,index_cued_first_diffusion_0.3_swap_recovery_6,209,2.2599251613357536,512
13,index_cued_first_diffusion_0.3_swap_recovery_6,212,1.827750428691353,512
13,index_cued_first_diffusion_0.3_swap_recovery_6,217,1.6611904154553154,512
13,index_cued_first_diffusion_0.3_swap_recovery_6,226,1.1863656193000227,512
13,index_cued_first_diffusion_0.3_swap_recovery_6,238,1.4592362855705547,512
13,index_cued_first_diffusion_0.3_swap_recovery_6,277,1.4733604520522827,512
13,index_cued_first_diffusion_0.3_swap_recovery_7,23,2.1589125220838565,512
13,index_cued_first_diffusion_0.3_swap_recovery_7,24,2.050593561513345,512
13,index_cued_first_diffusion_0.3_swap_recovery_7,26,2.4740585321798796,512
13,index_cued_first_diffusion_0.3_swap_recovery_7,56,1.3848227629170253,512
13,index_cued_first_diffusion_0.3_swap_recovery_7,119,0.5310149738195471,512
13,index_cued_first_diffusion_0.3_swap_recovery_7,121,2.1593415029151855,512
13,index_cued_first_diffusion_0.3_swap_recovery_7,148,1.2834100633410097,512
13,index_cued_first_diffusion_0.3_swap_recovery_7,180,1.7904198721109914,512
13,index_cued_first_diffusion_0.3_swap_recovery_7,195,2.928001482554073,512
13,index_cued_first_diffusion_0.3_swap_recovery_7,205,2.2006457889331883,512
13,index_cued_first_diffusion_0.3_swap_recovery_7,209,2.670330744713046,512
13,index_cued_first_diffusion_0.3_swap_recovery_7,212,0.8998265057637632,512
13,index_cued_first_diffusion_0.3_swap_recovery_7,217,2.3150708372877427,512
13,index_cued_first_diffusion_0.3_swap_recovery_7,226,1.230010069132526,512
13,index_cued_first_diffusion_0.3_swap_recovery_7,238,1.1540670753411295,512
13,index_cued_first_diffusion_0.3_swap_recovery_7,277,2.2186751337576878,512
13,index_cued_first_diffusion_0.3_swap_recovery_8,23,0.8415805822021485,512
13,index_cued_first_diffusion_0.3_swap_recovery_8,24,0.5557841574608859,512
13,index_cued_first_diffusion_0.3_swap_recovery_8,26,0.5493565546813037,512
13,index_cued_first_diffusion_0.3_swap_recovery_8,56,1.2290853642452602,512
13,index_cued_first_diffusion_0.3_swap_recovery_8,119,1.3499913863252806,512
13,index_cued_first_diffusion_0.3_swap_recovery_8,121,1.5955646208472776,512
13,index_cued_first_diffusion_0.3_swap_recovery_8,148,1.3361637776780366,512
13,index_cued_first_diffusion_0.3_swap_recovery_8,180,1.0643831399810755,512
13,index_cued_first_diffusion_0.3_swap_recovery_8,195,1.132855980926188,512
13,index_cued_first_diffusion_0.3_swap_recovery_8,205,1.0204101146128344,512
13,index_cued_first_diffusion_0.3_swap_recovery_8,209,0.9183109895887216,512
13,index_cued_first_diffusion_0.3_swap_recovery_8,212,1.3618888486672662,512
13,index_cued_first_diffusion_0.3_swap_recovery_8,217,1.0284310590857149,512
13,index_cued_first_diffusion_0.3_swap_recovery_8,226,1.2642986603871216,512
13,index_cued_first_diffusion_0.3_swap_recovery_8,238,1.1475214682535295,512
13,index_cued_first_diffusion_0.3_swap_recovery_8,277,0.7530783709131113,512
13,index_cued_first_diffusion_0.3_swap_recovery_9,23,0.921549452317231,512
13,index_cued_first_diffusion_0.3_swap_recovery_9,24,0.531747316840398,512
13,index_cued_first_diffusion_0.3_swap_recovery_9,26,0.1986575263879642,512
13,index_cued_first_diffusion_0.3_swap_recovery_9,56,2.5382378791387747,512
13,index_cued_first_diffusion_0.3_swap_recovery_9,119,0.2890621182173264,512
13,index_cued_first_diffusion_0.3_swap_recovery_9,121,0.8524941084116269,512
13,index_cued_first_diffusion_0.3_swap_recovery_9,148,1.0416358946049356,512
13,index_cued_first_diffusion_0.3_swap_recovery_9,180,0.7048424793491133,512
13,index_cued_first_diffusion_0.3_swap_recovery_9,195,0.953820379237912,512
13,index_cued_first_diffusion_0.3_swap_recovery_9,205,0.7458897365198902,512
13,index_cued_first_diffusion_0.3_swap_recovery_9,209,1.6327992693724234,512
13,index_cued_first_diffusion_0.3_swap_recovery_9,212,1.9724177435197654,512
13,index_cued_first_diffusion_0.3_swap_recovery_9,217,1.0512968609451099,512
13,index_cued_first_diffusion_0.3_swap_recovery_9,226,0.9805343426233899,512
13,index_cued_first_diffusion_0.3_swap_recovery_9,238,0.7086254610302537,512
13,index_cued_first_diffusion_0.3_swap_recovery_9,277,1.22156983972248,512
13,index_cued_first_diffusion_0.3_swap_recovery_10,23,0.9552626042386025,512
13,index_cued_first_diffusion_0.3_swap_recovery_10,24,0.9327789547413543,512
13,index_cued_first_diffusion_0.3_swap_recovery_10,26,1.013348236687315,512
13,index_cued_first_diffusion_0.3_swap_recovery_10,56,2.5296342657355853,512
13,index_cued_first_diffusion_0.3_swap_recovery_10,119,0.31370809071995764,512
13,index_cued_first_diffusion_0.3_swap_recovery_10,121,0.9248668075435993,512
13,index_cued_first_diffusion_0.3_swap_recovery_10,148,1.1447194278350574,512
13,index_cued_first_diffusion_0.3_swap_recovery_10,180,1.1666665465330883,512
13,index_cued_first_diffusion_0.3_swap_recovery_10,195,0.5991436828822736,512
13,index_cued_first_diffusion_0.3_swap_recovery_10,205,1.3256073379007804,512
13,index_cued_first_diffusion_0.3_swap_recovery_10,209,1.0684297637169848,512
13,index_cued_first_diffusion_0.3_swap_recovery_10,212,2.072675556463332,512
13,index_cued_first_diffusion_0.3_swap_recovery_10,217,1.4467655536446633,512
13,index_cued_first_diffusion_0.3_swap_recovery_10,226,1.7751129550275322,512
13,index_cued_first_diffusion_0.3_swap_recovery_10,238,1.765060536167012,512
13,index_cued_first_diffusion_0.3_swap_recovery_10,277,1.2063239133234216,512
13,index_cued_first_diffusion_0.3_swap_recovery_11,23,0.6304899728166129,512
13,index_cued_first_diffusion_0.3_swap_recovery_11,24,0.6203812573335179,512
13,index_cued_first_diffusion_0.3_swap_recovery_11,26,1.5347073068849795,512
13,index_cued_first_diffusion_0.3_swap_recovery_11,56,0.9154402211283145,512
13,index_cued_first_diffusion_0.3_swap_recovery_11,119,0.4570169510162032,512
13,index_cued_first_diffusion_0.3_swap_recovery_11,121,0.5299504238227154,512
13,index_cued_first_diffusion_0.3_swap_recovery_11,148,0.8786543735076151,512
13,index_cued_first_diffusion_0.3_swap_recovery_11,180,0.9198716634376234,512
13,index_cued_first_diffusion_0.3_swap_recovery_11,195,0.972336721584013,512
13,index_cued_first_diffusion_0.3_swap_recovery_11,205,2.0797820169433137,512
13,index_cued_first_diffusion_0.3_swap_recovery_11,209,1.1655022877779144,512
13,index_cued_first_diffusion_0.3_swap_recovery_11,212,0.864775464848188,512
13,index_cued_first_diffusion_0.3_swap_recovery_11,217,1.5701234650931992,512
13,index_cued_first_diffusion_0.3_swap_recovery_11,226,1.0170743757151033,512
13,index_cued_first_diffusion_0.3_swap_recovery_11,238,0.8777004108468401,512
13,index_cued_first_diffusion_0.3_swap_recovery_11,277,0.9760463121691294,512
13,index_cued_first_diffusion_0.3_swap_recovery_12,23,0.9383119829260909,512
13,index_cued_first_diffusion_0.3_swap_recovery_12,24,0.5049737556123551,512
13,index_cued_first_diffusion_0.3_swap_recovery_12,26,0.19224375488194725,512
13,index_cued_first_diffusion_0.3_swap_recovery_12,56,2.4929736687914468,512
13,index_cued_first_diffusion_0.3_swap_recovery_12,119,0.2997523082914472,512
13,index_cued_first_diffusion_0.3_swap_recovery_12,121,0.8664596639851891,512
13,index_cued_first_diffusion_0.3_swap_recovery_12,148,1.0710062359719479,512
13,index_cued_first_diffusion_0.3_swap_recovery_12,180,0.6711613052463012,512
13,index_cued_first_diffusion_0.3_swap_recovery_12,195,1.03716334686343,512
13,index_cued_first_diffusion_0.3_swap_recovery_12,205,0.7066078781657201,512
13,index_cued_first_diffusion_0.3_swap_recovery_12,209,1.6900433375742636,512
13,index_cued_first_diffusion_0.3_swap_recovery_12,212,1.9487149961548744,512
13,index_cued_first_diffusion_0.3_swap_recovery_12,217,1.0740542377219184,512
13,index_cued_first_diffusion_0.3_swap_recovery_12,226,1.0855230319180227,512
13,index_cued_first_diffusion_0.3_swap_recovery_12,238,0.702247690144489,512
13,index_cued_first_diffusion_0.3_swap_recovery_12,277,1.20928227692566,512
13,index_cued_first_diffusion_0.3_swap_recovery_13,23,0.13110879635408995,512
13,index_cued_first_diffusion_0.3_swap_recovery_13,24,0.0553092415058226,512
13,index_cued_first_diffusion_0.3_swap_recovery_13,26,0.0809320277956764,512
13,index_cued_first_diffusion_0.3_swap_recovery_13,56,0.0891628569297121,512
13,index_cued_first_diffusion_0.3_swap_recovery_13,119,0.10583208817224105,512
13,index_cued_first_diffusion_0.3_swap_recovery_13,121,0.08558641176417159,512
13,index_cued_first_diffusion_0.3_swap_recovery_13,148,0.11342104773425137,512
13,index_cued_first_diffusion_0.3_swap_recovery_13,180,0.10708753813472122,512
13,index_cued_first_diffusion_0.3_swap_recovery_13,195,0.17482876321276541,512
13,index_cued_first_diffusion_0.3_swap_recovery_13,205,0.14320463585277282,512
13,index_cued_first_diffusion_0.3_swap_recovery_13,209,0.12361143183111226,512
13,index_cued_first_diffusion_0.3_swap_recovery_13,212,0.1299172634669198,512
13,index_cued_first_diffusion_0.3_swap_recovery_13,217,0.03547562143543051,512
13,index_cued_first_diffusion_0.3_swap_recovery_13,226,0.061476379699317144,512
13,index_cued_first_diffusion_0.3_swap_recovery_13,238,0.11282267050125781,512
13,index_cued_first_diffusion_0.3_swap_recovery_13,277,0.05900054809091365,512
