model_A,model_B,n_trials,prep_steps,neural_dim,procrustes_auc,procrustes_auc_shared_q,procrustes_distance,centroid_distance_pointcloud,sliced_wasserstein_neural,mmd2_rbf,procrustes_curve_independent,procrustes_curve_shared_q,sliced_wasserstein,sliced_wasserstein_behaviour_mean,sliced_wasserstein_behaviour_median,sliced_wasserstein_behaviour_std,sliced_wasserstein_behaviour_max,behaviour_trials_evaluated,ablation_direction_idx,student_run,num_behaviour_samples
index_cued_first_diffusion_0.3_swap_7_ablated_dir_00,index_cued_first_diffusion_0.3_swap_recovery_0,16,26,16,0.5472770257886161,1.4960385099410947,0.5472770257886161,26.97468045438907,7.985075755791153,0.09040200680995547,"[0.8083096581054068, 0.7188988979578161, 0.6966040009433235, 0.6238579419275324, 0.5646772226866797, 0.5547630550325138, 0.5945858618553799, 0.6034400658137484, 0.6526753035650241, 0.6312237479221722, 0.6244128629562575, 0.5808747460330116, 0.5808042156566163, 0.48674467577510183, 0.42564936245814894, 0.40187745079197584, 0.3680016999356054, 0.33663393733798547, 0.329155982155838, 0.3671420267566134, 0.6576906542396299, 0.623227717245526, 0.6162375232974199, 0.6611546992837939, 0.722225753155969, 0.8049768733352617]","[1.659592224523927, 1.7596294627028033, 1.7444723328817706, 1.710764978935987, 1.7275459028530782, 1.6501250659487705, 1.6020450353410713, 1.6043471246202168, 1.6292089949548962, 1.6485306296817654, 1.6295071832317305, 1.7028053202699656, 1.6231225930924225, 1.5949269223072309, 1.582919999956513, 1.5809323040342735, 1.5546220244546423, 1.5805044937448016, 1.5755614017561346, 1.55870965774907, 1.4046533634815517, 1.3782135884894213, 1.2961323768255915, 1.2195337759156097, 1.1524886349277124, 1.1118039560989188]",3.072540460920173,3.072540460920173,2.0224586209849926,3.702565033624438,16.77799034045129,16,0,index_cued_first_diffusion_0.3_swap_recovery_0,512
index_cued_first_diffusion_0.3_swap_7_ablated_dir_00,index_cued_first_diffusion_0.3_swap_recovery_1,16,26,16,0.522610897044649,1.4515909669640723,0.522610897044649,27.57463887961032,7.694288345516156,0.07544218949740988,"[0.829242844302747, 0.7453745846090218, 0.6581805470772647, 0.5253568322381886, 0.5064785160306887, 0.587762441509522, 0.559435629287773, 0.5422828410528866, 0.6133389311165593, 0.6314910256217129, 0.6285097774925543, 0.5608213666893429, 0.510566428364416, 0.5035689086203863, 0.4410002143001621, 0.3980574608534047, 0.3499129470391241, 0.3316877898639828, 0.31899650717365935, 0.2891847966068363, 0.6009409698154117, 0.608560961919556, 0.6093039383762305, 0.6104841547187889, 0.6682021554644517, 0.7475243503351492]","[1.4182533256668188, 1.4099379077031147, 1.377456513069657, 1.3229829863059308, 1.3161515039266853, 1.4431909011328516, 1.424871978464651, 1.4610105882068525, 1.5644865910444612, 1.6343530227613088, 1.6740108882432847, 1.7085992019199252, 1.6748646473157094, 1.646404715947526, 1.6074078842914248, 1.6130675547885116, 1.604093966954876, 1.5858112932600736, 1.5855037989089458, 1.5748327458829, 1.6721000790395226, 1.623472211279877, 1.4805162942374734, 1.3128223953090712, 1.1759872919038923, 1.076603032667878]",1.7070440654575596,1.7070440654575596,0.37993713124962325,3.726920929057516,14.115223484663597,16,0,index_cued_first_diffusion_0.3_swap_recovery_1,512
index_cued_first_diffusion_0.3_swap_7_ablated_dir_00,index_cued_first_diffusion_0.3_swap_recovery_2,16,26,16,0.5667181826413324,0.9815785786606978,0.5667181826413324,28.326139884555346,7.573515853806524,0.0568298314404192,"[0.8018503868433685, 0.8614834797116034, 0.9826522164257511, 0.8078973037644296, 0.7378629335349038, 0.6365914054774849, 0.6510216224055768, 0.6019262460531761, 0.5783431446381665, 0.5417546599612935, 0.5261833064666678, 0.509983826453072, 0.5339158236341489, 0.5155580128205665, 0.48587810194709513, 0.47469959165559933, 0.46550841066286874, 0.4681759898074359, 0.46513818717435707, 0.4600238645407922, 0.5130485948793394, 0.45444283432349286, 0.5062480179788561, 0.5553796917755767, 0.6342589699243611, 0.7315426384726834]","[1.32269547231534, 1.4353955237886666, 1.4791093641999031, 1.3549528901135908, 1.3050628314647015, 1.1276944958080724, 1.0225246108853916, 0.9787903220908825, 0.9485208239503369, 0.9419280131622104, 0.8999787028385633, 0.8692672293153635, 0.8420901118650461, 0.8309902566247143, 0.8150093718638245, 0.8055746086073584, 0.8089737004189129, 0.8057429784618994, 0.8101529428892611, 0.829233199888818, 1.1841767411656239, 1.216027025847766, 1.1231561311218656, 1.0159107961286988, 0.9461517679103637, 0.9265617372172746]",2.9149561928286105,2.9149561928286105,2.0666794333164358,3.7374060073035476,16.802384685893806,16,0,index_cued_first_diffusion_0.3_swap_recovery_2,512
index_cued_first_diffusion_0.3_swap_7_ablated_dir_00,index_cued_first_diffusion_0.3_swap_recovery_3,16,26,16,0.5783299252250211,1.0563502140258545,0.5783299252250211,32.49630595252244,8.508374793149002,0.10020958432806248,"[0.9002561729300612, 1.1239527727049856, 0.875083699573215, 0.6916023665469734, 0.6307117762229357, 0.6241063353023392, 0.5867123965771738, 0.5466160814090573, 0.5646404647579893, 0.5051990553241732, 0.49421121235597304, 0.5087125521621061, 0.5225297942095088, 0.5789989454097962, 0.5511031715518622, 0.5383393244839885, 0.5512218422213345, 0.532942686155773, 0.5099479412543899, 0.4962715469344531, 0.5636909585128287, 0.5055553851110762, 0.48927240434875074, 0.5706651843635591, 0.6514088004083279, 0.7459065429658913]","[1.5671697134757046, 1.7434354863666173, 1.4790498718420364, 1.3779276690955407, 1.2940330292887534, 1.2105287858644203, 1.086697772520775, 1.054131386802916, 1.009976692165979, 0.9959187192565795, 0.969377741310588, 0.9379796041733232, 0.9128510067306812, 0.9032867585311558, 0.8848799889934287, 0.9211210971974593, 0.9232129924367364, 0.9317373415975775, 0.9575948963491103, 1.0246939426867132, 1.201417384612704, 1.1616677913400357, 1.0916300228295197, 1.0511205197533262, 1.0356745836975962, 1.0431512449815838]",3.0963449494799953,3.0963449494799953,2.0563945038138223,3.6932298324069848,16.756703394414416,16,0,index_cued_first_diffusion_0.3_swap_recovery_3,512
index_cued_first_diffusion_0.3_swap_7_ablated_dir_00,index_cued_first_diffusion_0.3_swap_recovery_4,16,26,16,0.5346030309526548,1.4519505110664515,0.5346030309526548,27.69313126572339,8.227116659913445,0.11427207059509492,"[0.6839168921571266, 0.5677017142206453, 0.6094874211510525, 0.5781765424975405, 0.5131858335176015, 0.5699172670840936, 0.6146165350431851, 0.6531926504231178, 0.6561790729629556, 0.633763205807081, 0.6110727669198062, 0.5117393993566777, 0.5183589265555651, 0.5210017837445402, 0.49106455187856274, 0.47326797223682715, 0.45310415722595, 0.44599960060367755, 0.3978112086738462, 0.40873472757176904, 0.5495784900688258, 0.5406521300639826, 0.5684209299411374, 0.6142278818781747, 0.6770237383733396, 0.7588837017810126]","[1.4480701951336834, 1.6980149334932735, 1.8656392794452874, 1.7964204758616993, 1.7487590798024462, 1.7055512784030984, 1.7362451473448335, 1.8224449778003724, 1.8130602246793293, 1.7497613120464675, 1.6907676771230693, 1.6778732962533254, 1.56061107049728, 1.4860249137981927, 1.482769801815946, 1.4569035328401128, 1.436477259769887, 1.4359445222923486, 1.4547343788860148, 1.4140536559996908, 1.2704374429986132, 1.2236682337114373, 1.1012906305593735, 0.9969129097565146, 0.9430106721510292, 0.9186029656624974]",2.664771806090487,2.664771806090487,1.4415323054164082,3.4778916120733134,15.137444694737198,16,0,index_cued_first_diffusion_0.3_swap_recovery_4,512
index_cued_first_diffusion_0.3_swap_7_ablated_dir_00,index_cued_first_diffusion_0.3_swap_recovery_5,16,26,16,0.650989892987521,1.6810772443379578,0.650989892987521,62.677454610502494,16.999350641839904,0.5361091348539804,"[0.772091534738579, 0.708387596179905, 0.7514707616916595, 0.7452305322894897, 0.8596603045234252, 0.8367413054004942, 0.824740744315258, 0.7667619977819167, 0.7090297458281614, 0.6889306313397455, 0.6233626565901287, 0.5833955776680827, 0.5248461121108045, 0.5306944014862854, 0.500557922858714, 0.4689888233297376, 0.46337413849437237, 0.4441907967604448, 0.4457903509065617, 0.44732746708888294, 0.7647370350309012, 0.7968325851596827, 0.8305112013278221, 0.8650099185473485, 0.8945883417386143, 0.9290610037156272]","[1.7268798868039605, 1.9557725561110464, 2.2275600579826977, 2.3142016866527526, 2.460988705891948, 2.39933092560808, 2.301772900556787, 2.154033279582139, 2.0759360894663224, 1.9855972912159874, 1.9256479089381935, 1.8618597203418925, 1.7687176193433007, 1.6944429768564688, 1.7226629234153952, 1.704917727819108, 1.6478596454590932, 1.6352864442994508, 1.60439620367781, 1.5754163112638968, 1.1136210199531376, 1.0768330580456626, 1.0521704227311561, 1.0407619620296369, 1.0331932572597546, 1.023175429766397]",0.8487369986186546,0.8487369986186546,0.18076961218762108,1.7890875994595468,7.380323970333864,16,0,index_cued_first_diffusion_0.3_swap_recovery_5,512
index_cued_first_diffusion_0.3_swap_7_ablated_dir_00,index_cued_first_diffusion_0.3_swap_recovery_6,16,26,16,0.60142743124402,1.394412539111691,0.60142743124402,32.27877197841769,9.3162815475817,0.12074747029175825,"[0.8620192242307658, 0.9406496501234384, 0.8325091929998758, 0.7241092971337876, 0.6925832762506452, 0.7527317816503393, 0.7744181491748724, 0.7459242803787423, 0.7320524579021849, 0.6320032313473654, 0.5971069530281843, 0.5799144338730335, 0.5251735404770002, 0.5238935322805599, 0.49703890290661507, 0.47035471548274715, 0.4219271897473022, 0.39234991063208735, 0.31706713754674637, 0.34582170553575886, 0.615966651646944, 0.5916192098485527, 0.639897518201994, 0.6951101466163618, 0.7549187174783, 0.8219240359313993]","[1.4273775970955291, 1.5157373132773413, 1.5874664199632709, 1.5532278438349347, 1.5817987408614913, 1.6252247561970128, 1.6122288640987779, 1.5737478036095887, 1.5529952347226414, 1.459882002176726, 1.4832343418999834, 1.539046569261072, 1.4356083371628392, 1.4357561723210772, 1.4576688261202777, 1.464717772873774, 1.4603520539149022, 1.4598038307797898, 1.477312453429784, 1.4310094338224333, 1.377984921275619, 1.338121260001805, 1.268310655571339, 1.1873856279420096, 1.1286695260138704, 1.0674929144476744]",0.4239796625652446,0.4239796625652446,0.06506214643747181,1.3051337266048042,5.46861290865701,16,0,index_cued_first_diffusion_0.3_swap_recovery_6,512
index_cued_first_diffusion_0.3_swap_7_ablated_dir_00,index_cued_first_diffusion_0.3_swap_recovery_7,16,26,16,0.5406621324597827,1.0882606777358295,0.5406621324597827,29.043506014380828,8.785800902700768,0.08654296571467879,"[0.7283888609040731, 0.6056306321879931, 0.5941478636587642, 0.5980342316035383, 0.5876140408325111, 0.5803966465295195, 0.6647156167473323, 0.6961915435370432, 0.7023688400849409, 0.6462447295822026, 0.5808086135762479, 0.5618931680788726, 0.5507621058767049, 0.5101047664318185, 0.48034769570283076, 0.46641011128152526, 0.44686060440275976, 0.43380256546185697, 0.4035266666635598, 0.4324189621404547, 0.4519196209516367, 0.4740952434348948, 0.508484266867123, 0.6098044685721539, 0.7051315549140125, 0.8026129087640317]","[1.354388735422493, 1.2713364321067757, 1.1808373803066399, 1.1843442428802375, 1.129153449514426, 1.2556066887855815, 1.3030915103060934, 1.2560471986042492, 1.2147881842646526, 1.1929251236514904, 1.155774750205995, 1.1445331660259868, 1.1290159192357012, 1.0964346811512726, 1.0655971426979496, 1.0659287189478988, 1.0220864985437637, 1.0597295982677406, 1.0683864540654795, 1.078773476810409, 1.202472837570994, 1.1631278079618075, 1.0458884103136306, 0.9571070468049551, 0.920529596567742, 0.9081338756577046]",2.675668840598768,2.675668840598768,1.4639793878914389,3.473910501776917,15.106643268434253,16,0,index_cued_first_diffusion_0.3_swap_recovery_7,512
index_cued_first_diffusion_0.3_swap_7_ablated_dir_00,index_cued_first_diffusion_0.3_swap_recovery_8,16,26,16,0.5276675368108465,1.2393108779803548,0.5276675368108465,26.87014370153861,7.752155454418192,0.07766130822390516,"[0.8968332104996952, 0.7340845594148306, 0.7203372105291229, 0.6553753510606039, 0.5651791133412546, 0.5773172824355974, 0.5497898754374886, 0.5863148988304026, 0.5787287776969776, 0.5528631961690317, 0.5083122196421218, 0.4885117883457955, 0.4833060933924435, 0.468170014259556, 0.47259773679096534, 0.41521965645519227, 0.38897271816764784, 0.34284243618599314, 0.3031981687153879, 0.2992491827926665, 0.5589672903480389, 0.5785212592239027, 0.6386591455338936, 0.6856380589770241, 0.7272837938036242, 0.7829990485651976]","[1.5927604953337025, 1.5991469743016609, 1.6253348950218787, 1.578673557900601, 1.450768301317383, 1.533945194517258, 1.553324712652544, 1.4250734723579717, 1.3644562649342924, 1.2847267422971438, 1.261239759960511, 1.1925593453452292, 1.1245723689855218, 1.1085646082903775, 1.0990955014039447, 1.1257167787960412, 1.1690916073890103, 1.1640109777195575, 1.181628833040383, 1.196788073122419, 1.3476489548746777, 1.2778588437088088, 1.162440063068174, 1.0785256003353687, 1.026411434084735, 0.9881994287937566]",3.0418451101147608,3.0418451101147608,2.0055193792406065,3.7242376601854144,16.798110780703606,16,0,index_cued_first_diffusion_0.3_swap_recovery_8,512
index_cued_first_diffusion_0.3_swap_7_ablated_dir_00,index_cued_first_diffusion_0.3_swap_recovery_9,16,26,16,0.5060748872390857,1.33699927206248,0.5060748872390857,42.78584374861734,12.08773409418707,0.17069309447197012,"[0.7418567226641599, 0.7116232967246886, 0.6199479461402332, 0.5688122047561488, 0.4752351652439273, 0.5176535002380868, 0.5136624944781975, 0.49050722372930317, 0.4680773057672423, 0.5106409275350927, 0.5211226392228442, 0.5519864594135161, 0.5446278612917647, 0.5168048493167077, 0.4170861306578163, 0.34714895003763474, 0.33031318390382897, 0.3211421409596789, 0.3597169357681065, 0.4391536829214493, 0.5339492625536743, 0.5491788281695056, 0.6167387109839133, 0.6941231804166833, 0.7558071883864073, 0.823917276535388]","[1.5483024405346422, 1.7180234130622065, 1.83246946119238, 1.8706322749190254, 1.845027653304896, 1.7836465620513622, 1.7190333452068216, 1.5302090800659878, 1.422079373446993, 1.309549835578366, 1.2321433887664148, 1.1882806606516028, 1.145600050925312, 1.1447394566202413, 1.2199681484123208, 1.2808039433156637, 1.3552732807251235, 1.4080891995185338, 1.4658369191972676, 1.5196379159129465, 1.1895887977409147, 1.15960835760429, 1.0932903432291723, 1.0429435277545789, 1.0155994249704317, 0.9915108783686081]",2.55384012831324,2.55384012831324,1.374070985242518,3.6616759242412305,16.201763316994928,16,0,index_cued_first_diffusion_0.3_swap_recovery_9,512
index_cued_first_diffusion_0.3_swap_7_ablated_dir_00,index_cued_first_diffusion_0.3_swap_recovery_10,16,26,16,0.8074922563752426,1.8355791302878428,0.8074922563752426,52.15729074871102,14.019463590889565,0.2221941784211524,"[0.7453328925540347, 0.6823783912865324, 0.6390913162388407, 0.5873195224592773, 0.5269825456081381, 0.5345947472881095, 0.6473509116332918, 0.7368961186372658, 0.7996895531230375, 0.8951119471145099, 0.8651003888992802, 0.9533070269557455, 0.9076161449250392, 0.9286091432071846, 0.9621357654444689, 0.9946995897858457, 0.9878474711055285, 1.0491450710851218, 1.1040250014988153, 1.199746551576952, 1.015038303586853, 0.8744134303048863, 0.7746506846541299, 0.7493260389080485, 0.7852939656183415, 0.8435251770680953]","[1.487001906963088, 1.5583391556489392, 1.5319004960401374, 1.4688197109534953, 1.5016179658211395, 1.683636851022969, 1.8615495226409156, 1.8810685441380097, 1.9424264075973094, 2.0446981530555624, 2.0574750998791, 2.184839426189332, 2.2050981613584737, 2.2835237068933933, 2.3841083013800994, 2.4764079626962006, 2.501866769044881, 2.5775274873590366, 2.655612783755591, 2.7130076162261374, 1.8121142405623616, 1.5138672161749045, 1.3045577686127807, 1.1840994475664277, 1.1151019121900154, 1.0765834543902817]",2.5359841058118615,2.5359841058118615,1.5347930246178243,3.4138727458228564,15.208315028225009,16,0,index_cued_first_diffusion_0.3_swap_recovery_10,512
index_cued_first_diffusion_0.3_swap_7_ablated_dir_00,index_cued_first_diffusion_0.3_swap_recovery_11,16,26,16,0.7955316445429828,1.6520553897404575,0.7955316445429828,43.397974006931406,12.476693265282666,0.2560911382789488,"[0.7287390806996541, 0.7478479781815367, 0.8144186260103163, 1.004396574974475, 1.1330463686256076, 1.3605708669703325, 1.4388785924458898, 1.373360758910304, 1.2976649340250204, 1.2144142211299735, 1.0681001921488646, 0.96301775168344, 0.7287413957388794, 0.5861076917163858, 0.5208721693006463, 0.48740007485364695, 0.3797623108645193, 0.37313657415128654, 0.3600574966140261, 0.4086011696653006, 0.7303604957379212, 0.7060092432613584, 0.7118282671229398, 0.7321373656595074, 0.7707425211115865, 0.8159591537279184]","[1.4477545601064383, 1.7489212550297981, 1.9057465662463409, 2.0652352110678383, 2.2245415890431937, 2.394498192773426, 2.455607722764663, 2.3722560098014456, 2.2979146452609327, 2.14391564209363, 2.0176247319395815, 1.8987283465281142, 1.6976433924980796, 1.5379575525135287, 1.511297298397237, 1.4742656489022303, 1.4665163287691354, 1.4488342572830986, 1.4753559609977596, 1.5477183756339792, 1.3329520043445136, 1.2949842022773266, 1.2093282527018572, 1.1217355727300695, 1.0681463997288414, 1.0356753877441298]",3.1716682667749265,3.1716682667749265,2.4911012378644406,3.931772426854863,17.690536539833158,16,0,index_cued_first_diffusion_0.3_swap_recovery_11,512
index_cued_first_diffusion_0.3_swap_7_ablated_dir_00,index_cued_first_diffusion_0.3_swap_recovery_12,16,26,16,0.8514406781200903,1.480636309056326,0.8514406781200903,38.65998334653348,11.261136728693376,0.1816053030773649,"[0.8896225551070767, 0.7880420725753974, 0.7068270098812562, 0.6883851557932978, 0.7123900140437189, 0.6967197751123592, 0.638529219778835, 0.6362442968859979, 0.6675419659714005, 0.6951566126330632, 0.7263827316050037, 0.7646566091365739, 0.7817271746020097, 0.798676492812457, 0.9525729920131176, 1.0966201718520014, 1.1879653177011607, 1.3933798056228104, 1.5974596284884297, 1.8558273145312185, 0.911368992208869, 0.7217952357989229, 0.7062761575956651, 0.7469513287658234, 0.7955180674360331, 0.8512644214467624]","[1.205224995348677, 1.1907965778272458, 1.1707610597133449, 1.1476219625920434, 1.1569315963690026, 1.2122026454661308, 1.2264315394128293, 1.3140452969131986, 1.431882780787326, 1.5107571990646083, 1.6551041648232596, 1.7305094148673141, 1.7234663020919645, 1.758925144831462, 1.9045085635550694, 2.018647458871411, 2.1225163997649537, 2.3433950725503605, 2.5392875261751344, 2.7630073880809123, 1.3453936251965568, 1.1355313834225065, 1.0447190870376812, 0.9918952754333503, 0.9724025584922139, 0.9663830289005213]",2.5231891378135023,2.5231891378135023,1.3207339831958291,3.644319606507443,16.13911442394075,16,0,index_cued_first_diffusion_0.3_swap_recovery_12,512
index_cued_first_diffusion_0.3_swap_7_ablated_dir_00,index_cued_first_diffusion_0.3_swap_recovery_13,16,26,16,0.5877159339048745,1.7017182384787337,0.5877159339048745,25.70705717181687,7.887332398585419,0.09416329872551665,"[0.7534273116885903, 0.7225731316967214, 0.698552692652434, 0.7294319794726905, 0.6225231161951607, 0.653141755103821, 0.7099093724660516, 0.7202491850287384, 0.8091186863081755, 0.8432887398912876, 0.7827226790840077, 0.7252740488442474, 0.6217519630421087, 0.550446058602053, 0.4989065942261289, 0.46252171952516075, 0.4112036063927136, 0.39049532570757156, 0.38481902604486007, 0.41230710343192684, 0.5878875099232449, 0.4638439053817168, 0.47820907176489613, 0.564451888390524, 0.6737467456217365, 0.7730494417689278]","[1.4983960539207581, 1.8026199489288, 1.931334464163397, 1.9511829131501572, 1.890077976984016, 1.8822280339058814, 1.8777220317212806, 1.941294153529798, 2.0440351947369026, 2.07575940886673, 2.099886272627489, 2.124426525131004, 2.0323202921246764, 1.9558735368346531, 1.94333092280744, 1.8882252835985591, 1.838851404736154, 1.862267033034116, 1.852682165049558, 1.8372510004320055, 1.5012099555923293, 1.3174062178965718, 1.1833215563384611, 1.0969850676463138, 1.051038044463023, 1.0282935383747454]",2.8429903445663496,2.8429903445663496,1.7107983361209746,3.597606706236444,16.26945680995363,16,0,index_cued_first_diffusion_0.3_swap_recovery_13,512
index_cued_first_diffusion_0.3_swap_7_ablated_dir_01,index_cued_first_diffusion_0.3_swap_recovery_0,16,26,16,0.5092860476642868,1.3639767275299564,0.5092860476642868,50.07916508405404,13.272695791589557,0.08260931089835855,"[0.9065143022368619, 0.6909303505560002, 0.5201589044075909, 0.5302075659159243, 0.5289872558145245, 0.5125038237963622, 0.5761464019824639, 0.5778921346495628, 0.595631962449779, 0.5364983942340714, 0.5534054915587514, 0.5028034662196083, 0.47212677673789955, 0.44958393323645585, 0.4282270019178045, 0.40108565758213, 0.34520247237492796, 0.31865012953442184, 0.33572950767368315, 0.33666518538879026, 0.6206325960752102, 0.5492860162487984, 0.5583290379115128, 0.6652038944000723, 0.7600363279754907, 0.8445115990223766]","[1.7552964737536512, 1.768115598807407, 1.699606778260876, 1.6677825798618933, 1.7390983398361808, 1.6440447763512152, 1.6617841211634559, 1.6772530856806034, 1.6255095899350966, 1.6688488658313023, 1.6553379345410828, 1.544879926338678, 1.4421558925576896, 1.3810227174241103, 1.272423304940087, 1.1811581814487984, 1.192969848814479, 1.1801949713326638, 1.1355707613644268, 1.1375968059683244, 1.312791704002409, 1.226426900134196, 1.135296111512101, 1.0750982016634494, 1.0443720775883838, 1.032815207086246]",0.29465731675038537,0.29465731675038537,0.21528285817477819,0.24297847546214452,1.0663542622714846,16,1,index_cued_first_diffusion_0.3_swap_recovery_0,512
index_cued_first_diffusion_0.3_swap_7_ablated_dir_01,index_cued_first_diffusion_0.3_swap_recovery_1,16,26,16,0.5028214053704183,1.160453709857007,0.5028214053704183,48.123219341001274,12.294939155787926,0.07488285156005403,"[0.7985231925079589, 0.6327439854207254, 0.5576002632082542, 0.4976186086505157, 0.5159194063326452, 0.5268844205208912, 0.5131819629324368, 0.5489092249931472, 0.5635501219640829, 0.575336796146643, 0.5651821486898458, 0.4710997270389253, 0.40838711685179485, 0.3991780515657822, 0.38579063013725895, 0.3676350890368769, 0.34754553776157887, 0.35256959914732744, 0.3522356773985986, 0.36934132381604357, 0.7304624198519798, 0.6216441965605723, 0.5932961768007684, 0.6456713325425207, 0.7262584756732048, 0.8121053006689506]","[1.4001902133039321, 1.2524383294867965, 1.1848451973297776, 1.2675772432799126, 1.2758476885737249, 1.4021172619842945, 1.3664583437444249, 1.3836654861695192, 1.412504809953144, 1.416148970354169, 1.3365443008240654, 1.253092438387968, 1.1731643475888303, 1.0764834400676624, 0.9694728485010431, 0.9134224598402727, 0.8800276596729651, 0.8902831294010505, 0.8900764185281104, 0.858302215223698, 1.7091345369461586, 1.5104806830811648, 1.3000466392269001, 1.1580177454275173, 1.0755318063626185, 1.0320346993488525]",3.3675274813337674,3.3675274813337674,2.182334661693292,4.276975374299359,18.475780797464655,16,1,index_cued_first_diffusion_0.3_swap_recovery_1,512
index_cued_first_diffusion_0.3_swap_7_ablated_dir_01,index_cued_first_diffusion_0.3_swap_recovery_2,16,26,16,0.5426950101131769,1.0717774738160895,0.5426950101131769,46.25562085707455,11.621684762197988,0.06907008954496252,"[0.8198951239647937, 0.7588036802189925, 0.6968721288407316, 0.583722313377655, 0.5738788162946056, 0.539474136114782, 0.49872677399949744, 0.47445633067100085, 0.4730056579021645, 0.4540744043503655, 0.4612744046688628, 0.470024864703408, 0.49694860472753916, 0.510089637611624, 0.5352924288852666, 0.5600222795110665, 0.5568877702179891, 0.5683031608711125, 0.5818865460759298, 0.5741457178537799, 0.5092638712075256, 0.5096494125209067, 0.5486385260724809, 0.6349655270781914, 0.7227054732553554, 0.8140204678587322]","[1.293826162876493, 1.2711733571898405, 1.1267406779686244, 1.0712685304904974, 1.0846905507564806, 1.0192642596455732, 1.0544992018833843, 1.0423725383597346, 1.0378900673545732, 1.0763736915194828, 1.0894113927468725, 1.0886481630980076, 1.082923198358633, 1.0900356621308762, 1.0986638484220912, 1.1034887342036606, 1.1088028489106427, 1.115301051831021, 1.1131228294600641, 1.1229824653214082, 1.2486472516231515, 1.3005074966324444, 1.206155216183271, 1.1114490934711188, 1.0511780140319615, 1.0074221923733362]",1.099685353897084,1.099685353897084,1.2385658454519746,0.32996089083816516,1.7140404824375846,16,1,index_cued_first_diffusion_0.3_swap_recovery_2,512
index_cued_first_diffusion_0.3_swap_7_ablated_dir_01,index_cued_first_diffusion_0.3_swap_recovery_3,16,26,16,0.5418189246313496,1.1624131672902271,0.5418189246313496,54.465864257835,13.353332599264007,0.09569980175014259,"[0.7510284585082092, 0.6843054991529837, 0.510073838348136, 0.46719167746303225, 0.49253484154880944, 0.4746069098058045, 0.49276373617858915, 0.49361284901104197, 0.5412661876820508, 0.5109897882776692, 0.5205633219330453, 0.5028141009437379, 0.509788842952585, 0.5599058573207183, 0.5771550412370374, 0.6134895512893865, 0.6145174485369268, 0.6077641119548548, 0.613455082321919, 0.6130130157304299, 0.49411303122473177, 0.48547384996435133, 0.5251129255581442, 0.6466750234609386, 0.7455103871848765, 0.8301617841583715]","[1.37930814305958, 1.409153352471246, 1.1623689825563883, 1.1082116429349007, 1.108855418225727, 1.2046380928034535, 1.2277635101163558, 1.2042135269961947, 1.239258497019379, 1.2482689840570371, 1.2846776729538567, 1.2697532364617583, 1.2732150543810428, 1.231116863712898, 1.2341188998963126, 1.2075637343504917, 1.2117504202838982, 1.213143827867947, 1.2032202769485791, 1.2046683911936031, 1.2400211645424455, 1.2249100819784264, 1.1578214460021103, 1.0957709827513047, 1.052581359505651, 1.032045716010213]",0.30742569881000736,0.30742569881000736,0.215514371295871,0.267228376038181,1.1313814660795178,16,1,index_cued_first_diffusion_0.3_swap_recovery_3,512
index_cued_first_diffusion_0.3_swap_7_ablated_dir_01,index_cued_first_diffusion_0.3_swap_recovery_4,16,26,16,0.519583774549974,1.2604099768086114,0.519583774549974,49.75158449511521,12.943020474807469,0.09884009035113417,"[0.8018722608395383, 0.6611206135812844, 0.5418959432095594, 0.4971788930065255, 0.4638822818258806, 0.4907228387036554, 0.5209900352808362, 0.5444866873729645, 0.5902313623973839, 0.5796196835538842, 0.548101951857711, 0.4916497604480179, 0.44725162645160343, 0.4549637550395857, 0.43525650798035714, 0.4835955101923832, 0.4664794635921445, 0.45086150286647597, 0.4183124818865213, 0.44578450334820285, 0.5258313380703485, 0.5461334847209159, 0.6180344968891063, 0.6989012391236562, 0.7678117490572981, 0.838288594846499]","[1.435033428131266, 1.5579498811884154, 1.6350532752426394, 1.6099721432579417, 1.6318722684851932, 1.5453991386580455, 1.5700531013558214, 1.6454518075618387, 1.6169591163208972, 1.6258131424879332, 1.5790119948807322, 1.4551714401413909, 1.314756543029705, 1.20229566119898, 1.141424845689838, 1.062719633820214, 1.0481344975068196, 1.0571358084058842, 1.063170674418443, 1.053751227598194, 1.1103477963340318, 1.0952444458002275, 1.02400296713589, 0.9745602187832464, 0.9527272264406831, 0.9603276544305229]",2.006794751607627,2.006794751607627,2.000892067544144,0.5681065722286853,3.0151054931589747,16,1,index_cued_first_diffusion_0.3_swap_recovery_4,512
index_cued_first_diffusion_0.3_swap_7_ablated_dir_01,index_cued_first_diffusion_0.3_swap_recovery_5,16,26,16,0.6322781480962811,1.4245286576748066,0.6322781480962811,67.13668956177081,21.24403466126688,0.5001176044525496,"[0.8495602835427002, 0.6540973173542727, 0.5815082913229092, 0.6177769345624033, 0.7374914061752372, 0.7326171478510172, 0.7665859687939366, 0.742998646846853, 0.6891585275388639, 0.5934645743385896, 0.5935609081170864, 0.5164332624255666, 0.4496901920149834, 0.43918996677135635, 0.4616111666578886, 0.4801896505523522, 0.5063647372586684, 0.5217501216490253, 0.5371677163322872, 0.5658024532271241, 0.7743045078551819, 0.8397805607217985, 0.8804075968071043, 0.9149442670529917, 0.9375080206855274, 0.9600955316378655]","[1.6702756664950347, 1.7739898237386267, 1.917361765184988, 2.0603471772132402, 2.241610348421521, 2.225495284799519, 2.192291385136563, 2.0706614234442235, 1.9015797479223413, 1.7669439617360625, 1.6457522466013836, 1.5164862335915668, 1.3600425548153243, 1.3042480544470119, 1.2172072055485483, 1.1340856608292849, 1.0879239423312212, 1.075183849113522, 1.0454310616414038, 1.0199079401242785, 1.0482233897953628, 1.040290781812304, 1.0243248963882507, 1.01716401107231, 1.0122747378124088, 1.0075595655523866]",2.649285682278823,2.649285682278823,2.0818911578661834,2.047199751900286,9.339573942551894,16,1,index_cued_first_diffusion_0.3_swap_recovery_5,512
index_cued_first_diffusion_0.3_swap_7_ablated_dir_01,index_cued_first_diffusion_0.3_swap_recovery_6,16,26,16,0.5637821033632607,1.4704736250982655,0.5637821033632607,48.667458853688174,13.422786491122922,0.10025909359806484,"[0.8030505862907317, 0.7138318715124402, 0.5806257759978237, 0.5250032205988066, 0.4985321864432295, 0.6202001156049203, 0.7265028741698321, 0.7941789427411478, 0.767002046864734, 0.709542572904851, 0.6870511391486095, 0.5878923531939434, 0.5178326140546986, 0.482773087176236, 0.42130818481533927, 0.3860579206508852, 0.3369551259902863, 0.3459620739535311, 0.3240519233857844, 0.34344972832502463, 0.5303634617299995, 0.6337189557986365, 0.6971879753088558, 0.7653417113524678, 0.8210346419736557, 0.8808177812073473]","[1.5320624455284433, 1.4456680099396038, 1.406256172588782, 1.388750879357998, 1.4613146128614818, 1.7500016332580433, 1.935875523814581, 1.989315318469445, 2.024022590178065, 1.9670064341281406, 1.9192767572311933, 1.8198239689745381, 1.6993975701114952, 1.6648694636370955, 1.579087858973123, 1.4335200933490562, 1.4079585522617402, 1.3995793841193656, 1.3677974388409182, 1.3505298957002076, 1.2904264887515808, 1.250235388258114, 1.1813532584889117, 1.1256398252899524, 1.085996758241507, 1.0451583059314857]",2.740716944900467,2.740716944900467,2.078283227416243,2.428655024245015,11.059523830255898,16,1,index_cued_first_diffusion_0.3_swap_recovery_6,512
index_cued_first_diffusion_0.3_swap_7_ablated_dir_01,index_cued_first_diffusion_0.3_swap_recovery_7,16,26,16,0.5333117339926652,1.10734301364781,0.5333117339926652,49.943311389401366,13.307607500728768,0.08499201554766056,"[0.8561240655878612, 0.6773283850263573, 0.5911713403692171, 0.6234503673944282, 0.611549277974638, 0.5715453544319694, 0.5461013276711182, 0.6097532150936477, 0.590699545262088, 0.5407426867275221, 0.5083069205207543, 0.46255107512173055, 0.4842053545469591, 0.4295717849291518, 0.4446034610261111, 0.45082174043401313, 0.4570302944100606, 0.4470802840854173, 0.42893505216369926, 0.4498079382403445, 0.5088834174464656, 0.48602795995038683, 0.5926974629279377, 0.7041566071630012, 0.7885693052272571, 0.8649057857421739]","[1.5558127692604926, 1.4398649182591958, 1.3427104173080637, 1.2953014414146666, 1.2694328783695275, 1.3301515811583413, 1.3534114356712488, 1.3872017173741114, 1.3618159622901347, 1.3350168469229855, 1.2493392981731724, 1.155257207852306, 1.086747205879906, 1.059947737775019, 1.0440480371173182, 1.009610434697223, 0.9985652464811907, 0.9966921929988811, 0.9904170757525231, 0.9817153270802247, 1.0368777063682193, 0.9892083646496947, 0.9520260864306895, 0.9323641435483582, 0.9374727947708019, 0.9556318237380106]",2.0144010507251857,2.0144010507251857,2.011505905468485,0.5764945952390933,3.0165875799409747,16,1,index_cued_first_diffusion_0.3_swap_recovery_7,512
index_cued_first_diffusion_0.3_swap_7_ablated_dir_01,index_cued_first_diffusion_0.3_swap_recovery_8,16,26,16,0.4977018433233966,1.3449522798422142,0.4977018433233966,48.81335667579126,12.556031386358512,0.08167032417540288,"[0.8828269395298379, 0.7388090245889773, 0.6250341106743391, 0.6239502088900188, 0.568994422468134, 0.5109604993091129, 0.4775896963582357, 0.4539165711184835, 0.4596245966134726, 0.4257824790413132, 0.40609261801914903, 0.3887341964519376, 0.4072266786054631, 0.42406921593565144, 0.42247294064185065, 0.4243603803464122, 0.4152950536583716, 0.4149790804357222, 0.4147497961763574, 0.41826050753284333, 0.5516719105260571, 0.5532399795217859, 0.5727426852077024, 0.6550694820336134, 0.7371856805684317, 0.8160452838399098]","[1.542128848470956, 1.4327315900953244, 1.3734342076952815, 1.3483297298792338, 1.2778375987412594, 1.4091660380122835, 1.5483658699685452, 1.5255112690135353, 1.545921856672483, 1.542637005111613, 1.5639687456903104, 1.509904876495155, 1.5070940576789607, 1.5005323542175777, 1.4908795707019975, 1.4861565439983049, 1.484086642106314, 1.4879800983152698, 1.47363449538618, 1.464323792619801, 1.3628234550094307, 1.2045762910266464, 1.1044365273640107, 1.035312925077449, 1.0122446880618594, 1.0116092454465204]",0.1149815900151744,0.1149815900151744,0.08652871165407566,0.0950363212427531,0.3617227021874547,16,1,index_cued_first_diffusion_0.3_swap_recovery_8,512
index_cued_first_diffusion_0.3_swap_7_ablated_dir_01,index_cued_first_diffusion_0.3_swap_recovery_9,16,26,16,0.5201578419993726,1.4336019430322804,0.5201578419993726,56.55322092089947,15.641318783363019,0.14537905341376922,"[0.7644581720068666, 0.7003009291533984, 0.5590761779501463, 0.5090038213114836, 0.49141785276739086, 0.4941467304501906, 0.5642992359938975, 0.4832749845213531, 0.5136108348920262, 0.5062162226108137, 0.5695146239103921, 0.5565054619557328, 0.5642879025573188, 0.5774496725528777, 0.544660185983911, 0.48129144437304916, 0.3903890263745854, 0.31554871782238636, 0.26201418244343894, 0.22663645322066886, 0.5181909539483074, 0.6097306070177425, 0.6905801241268401, 0.7581797090367113, 0.8155915474199894, 0.8799148071712025]","[1.4873252215497073, 1.6095866711922089, 1.6661672754542811, 1.660806932235689, 1.7047224921533346, 1.8107684385836649, 1.8703581442281423, 1.7706810446593264, 1.6961565210269454, 1.5847872386782853, 1.5183665167480622, 1.491556939874061, 1.4669160315215077, 1.4469260467158003, 1.4372361275013894, 1.4530207343766672, 1.4818083758994522, 1.5271208612841973, 1.5593727957009602, 1.6090641222674704, 1.326163957142629, 1.1987895910023842, 1.0984222740208451, 1.0361811655451885, 1.0093336864698437, 0.9913478475642029]",1.3905815686121117,1.3905815686121117,1.37489126600452,0.6779166387726587,2.5289262008151088,16,1,index_cued_first_diffusion_0.3_swap_recovery_9,512
index_cued_first_diffusion_0.3_swap_7_ablated_dir_01,index_cued_first_diffusion_0.3_swap_recovery_10,16,26,16,0.5797818444893522,1.6327007120250525,0.5797818444893522,53.783948856191955,15.99764904277161,0.15731517053593558,"[0.8278591283667093, 0.682510441541553, 0.5747139500770791, 0.5290774636883131, 0.5283410218448688, 0.5143609968039461, 0.5965382203416629, 0.6382659435372444, 0.6214902680056258, 0.6132368886942897, 0.6144588313658269, 0.5928946371703929, 0.575709797462875, 0.5238803533225653, 0.4855263872667577, 0.41256864486755573, 0.4035934673923652, 0.4242803163948631, 0.44247080829784385, 0.46990041624754453, 0.7856481769894088, 0.7984193619974914, 0.7653025258207375, 0.7876938144420793, 0.8352878136065375, 0.8884556907207476]","[1.4950518075180408, 1.551897954329254, 1.5052617385387423, 1.5207246097649123, 1.6339092387120124, 1.8074534332165855, 1.9172339824812858, 1.9939015272541531, 1.9644981857971324, 1.9814725179721735, 1.9684183173570988, 1.9692242199039693, 1.9425513119025577, 1.9288587003202098, 1.9076438595647756, 1.8554487107151463, 1.8804764887232275, 1.9100904877034603, 1.9275982712704727, 1.9317596463997933, 1.52774935833299, 1.2843218868942525, 1.154230459544901, 1.0802437637770872, 1.0440253430563016, 1.027397190719702]",1.4382460590489572,1.4382460590489572,1.4790597856411456,0.5130796786156658,2.393509259179979,16,1,index_cued_first_diffusion_0.3_swap_recovery_10,512
index_cued_first_diffusion_0.3_swap_7_ablated_dir_01,index_cued_first_diffusion_0.3_swap_recovery_11,16,26,16,0.7458241263365404,1.627722932223887,0.7458241263365404,46.84997498228376,15.772665428963485,0.22676930865743994,"[0.8354107587293351, 0.7407527955555887, 0.6603073293432549, 0.8481833287464332, 1.0298241918925435, 1.0994326949512672, 1.1659064942579533, 1.1801190045108683, 1.1897814305624193, 1.212335181969556, 1.1548213949897959, 0.9978937567577412, 0.7826695404108142, 0.5824095266447632, 0.46169425098536526, 0.3947618247394557, 0.3715477109062379, 0.3308454734722505, 0.3232656627155354, 0.3130764282992557, 0.7706869240794708, 0.7142990678485921, 0.6985683028220614, 0.7365590718467026, 0.7894491921346642, 0.849062649885582]","[1.5657807502450871, 1.713390039107583, 1.7981002164190316, 1.906045019129593, 2.0837293320232146, 2.184123497073898, 2.2646155002531962, 2.2439226842951694, 2.1996328366474853, 2.220774471918343, 2.151188228394817, 2.010295549575935, 1.7936547401090173, 1.6260058493237537, 1.566982236965771, 1.499133469245953, 1.5198559953413877, 1.5056639586437592, 1.4452603326659599, 1.409538481248138, 1.3683010163039748, 1.2710997312017493, 1.152929498891737, 1.0672483667610873, 1.029978078403853, 1.0128734655082303]",1.1688407692754332,1.1688407692754332,1.1438432533775753,0.3671542966377755,1.7186612079704358,16,1,index_cued_first_diffusion_0.3_swap_recovery_11,512
index_cued_first_diffusion_0.3_swap_7_ablated_dir_01,index_cued_first_diffusion_0.3_swap_recovery_12,16,26,16,0.8174765748780752,1.3794349983350176,0.8174765748780752,53.07222220130973,16.1084297285297,0.17298135495322187,"[0.8529121461332938, 0.7639704900710119, 0.5898796973252155, 0.5272850025216502, 0.5600509964780827, 0.5721887814875999, 0.5859804906311008, 0.6042358904676484, 0.6160907371405181, 0.7638052827140841, 0.911705557525338, 0.9115638081024566, 0.9326819591722709, 0.9137014609437974, 0.9549188545399678, 0.9303147047617019, 1.0847284756854074, 1.2340057393294255, 1.303720159956131, 1.4598731735585326, 0.935975961524812, 0.7657994718871277, 0.7570844858392034, 0.8198278249585443, 0.8706553204699785, 0.915781093343406]","[1.2339184390479625, 1.1500514891006686, 1.0183176023293004, 1.0044429932552237, 0.9893331140883015, 1.072980537239971, 1.1800482179219367, 1.2595746880654266, 1.3206179926945787, 1.4048659393113, 1.5825562093118954, 1.6123397427157993, 1.6584354760078712, 1.6996499056747671, 1.7703672795375809, 1.7978817551057187, 1.9789649530955933, 2.1229707104817113, 2.203808699510478, 2.368257540176596, 1.450972162944286, 1.1514363979312754, 1.0197062550613636, 0.9748081441613752, 0.9683294065495999, 0.9752670498277122]",1.4024735069112513,1.4024735069112513,1.4103253511073603,0.6765155303727258,2.5874287016691007,16,1,index_cued_first_diffusion_0.3_swap_recovery_12,512
index_cued_first_diffusion_0.3_swap_7_ablated_dir_01,index_cued_first_diffusion_0.3_swap_recovery_13,16,26,16,0.525822516225536,1.422979762885818,0.525822516225536,43.43499083331234,12.493281908066441,0.09609338253971178,"[0.7264047669005447, 0.7043778503399942, 0.603258667953176, 0.5194341260392932, 0.5119071146684353, 0.5370416468125019, 0.6139200042300968, 0.757924583339711, 0.7877679003954249, 0.7848203791184925, 0.7927934992115931, 0.6429501831263826, 0.5127795008396565, 0.4251638968514889, 0.3491638613045269, 0.2756292335120742, 0.2243652971849358, 0.22173119514867506, 0.2091024197831556, 0.21858515079268215, 0.5045668598608359, 0.5470033354684756, 0.6156255040766656, 0.7199244816514501, 0.7974370838996949, 0.8618185256084864]","[1.5819221610227352, 1.673486072475882, 1.7034638207063413, 1.7506051008003891, 1.7742603533124182, 1.8219511921206448, 1.828175052263509, 1.8872870739873453, 1.9409763502347752, 1.9348324421238834, 1.836201814062346, 1.6953671930429681, 1.5453217024245167, 1.45098017122059, 1.3509323407904754, 1.2126961294071772, 1.1946019239817445, 1.1835977677683074, 1.1704379300003784, 1.151666603636092, 1.2955851345670542, 1.1741783497815306, 1.0738077065220144, 1.0348579918620426, 1.0171610750165543, 1.0081629248218311]",1.0503990537870422,1.0503990537870422,1.0214557566909281,0.2672884401013944,1.5380906419160003,16,1,index_cued_first_diffusion_0.3_swap_recovery_13,512
index_cued_first_diffusion_0.3_swap_7_ablated_dir_02,index_cued_first_diffusion_0.3_swap_recovery_0,16,26,16,0.5203792717802613,1.3047657621473376,0.5203792717802613,53.098533389001524,13.396326441571958,0.08539069286745149,"[0.983528476790472, 0.8176631896989726, 0.6517127693561883, 0.5037424482031221, 0.471461100650188, 0.494267790825527, 0.5387665846327171, 0.5602893626771285, 0.5112834042246336, 0.5177163090621003, 0.4603355131610683, 0.4535446523298138, 0.4521578405629408, 0.4213052613420252, 0.43125861665622484, 0.42957241836995474, 0.43873319457407073, 0.4238150987890838, 0.44272536446041494, 0.44007177332979197, 0.5806839174581263, 0.5619525193865433, 0.6005136188246559, 0.6737518621044736, 0.746354257246925, 0.828835919929735]","[1.7937882358764914, 1.869993713558279, 1.8384205147932118, 1.699438774612182, 1.7377968189643804, 1.6986237650277163, 1.7548313743882145, 1.743738397190381, 1.6149181711123848, 1.5723906290672198, 1.467429575693512, 1.357222117926389, 1.2727255796545704, 1.1754728069324576, 1.0849800049735352, 1.0432068682563347, 1.0108814418149017, 0.976330826946633, 0.9424900258989654, 0.9198597743234304, 1.1610331480278935, 1.2190416113812426, 1.1683934135908898, 1.1098314441694914, 1.066847809230461, 1.0422341807157014]",1.1844514531905608,1.1844514531905608,1.0206762305069943,0.539556941113995,2.5771110795209458,16,2,index_cued_first_diffusion_0.3_swap_recovery_0,512
index_cued_first_diffusion_0.3_swap_7_ablated_dir_02,index_cued_first_diffusion_0.3_swap_recovery_1,16,26,16,0.5084466377931433,1.1494097441080628,0.5084466377931433,50.20621631129015,13.242745963727971,0.08430767723364563,"[0.9509199876959469, 0.6676494164456156, 0.6225031283234014, 0.5530098465890524, 0.5004677070653692, 0.5936271663742416, 0.6166490685031626, 0.5935239923996858, 0.6058843701420111, 0.5956566345518481, 0.5322754908692472, 0.44809702359695264, 0.401370015803375, 0.3738071865818205, 0.3575515209973676, 0.3530810104911729, 0.35498405868532185, 0.36166322220040037, 0.3880174399749011, 0.39315109159503747, 0.6223332760497011, 0.5374593670302392, 0.528232342214008, 0.6209440720533842, 0.7165663100850698, 0.8112956603027279]","[1.5876752621862353, 1.3445619798530728, 1.2821566102743251, 1.214659020466082, 1.1874936983672602, 1.3801959146724592, 1.4434943330621928, 1.4503623129579701, 1.5148361330731794, 1.4831630553748776, 1.3913994503949825, 1.2836636429692698, 1.1837722884138309, 1.0888084094834056, 0.992521915162188, 0.959606941755021, 0.9461366092352405, 0.9233098379262573, 0.9200745196402688, 0.8968032811087008, 1.4072103520904893, 1.256212145067681, 1.0910370585816043, 1.0041361373235835, 0.9659534121613598, 0.9584933126024258]",3.19103445444102,3.19103445444102,1.8744531672481288,4.453058840270521,18.99923403509743,16,2,index_cued_first_diffusion_0.3_swap_recovery_1,512
index_cued_first_diffusion_0.3_swap_7_ablated_dir_02,index_cued_first_diffusion_0.3_swap_recovery_2,16,26,16,0.5730592472674052,1.0329179468275482,0.5730592472674052,47.5555844716739,12.33312786161332,0.07747266890534521,"[0.9051568733507274, 0.9420813567561583, 0.8394982394526008, 0.6067425683322607, 0.5186804623787151, 0.5370900704403385, 0.5554596043878022, 0.48572401978641583, 0.4515349164216932, 0.43766221198516086, 0.44762084531921353, 0.47604963827589747, 0.5094867610476184, 0.5501608041635349, 0.5725889895467575, 0.5769657900844989, 0.5883491726908959, 0.6096721821533075, 0.6185057207184941, 0.6239804702829377, 0.5483171183200728, 0.5722009609077158, 0.6205510258257707, 0.6503008987848935, 0.7123853117207628, 0.7907057049873112]","[1.5113034656926703, 1.4466224582513967, 1.3310068706946658, 1.1444577845525596, 1.08756401141852, 0.9105706565640099, 0.9157934766261944, 0.8486600988313483, 0.8795455872605469, 0.9119808724321475, 0.9679302603566798, 0.9939465280130373, 1.0252094318462441, 1.033651621768825, 1.0474899389303187, 1.0648358596228593, 1.0690897767022787, 1.0663968588387376, 1.0793067391366205, 1.0968263327666417, 1.1273744646862323, 1.2264813112661235, 1.1874536338112027, 1.104629866071287, 1.0364735961110567, 0.9938336962207607]",0.5421222485101245,0.5421222485101245,0.27379348351601906,0.677023168907562,2.7583315752388056,16,2,index_cued_first_diffusion_0.3_swap_recovery_2,512
index_cued_first_diffusion_0.3_swap_7_ablated_dir_02,index_cued_first_diffusion_0.3_swap_recovery_3,16,26,16,0.56821287825519,1.1169174266382855,0.56821287825519,56.939321648269235,14.375845978264966,0.10290612841849911,"[0.9154879406984057, 0.8991001302550352, 0.5962275442741184, 0.5309661986491363, 0.5517714985603406, 0.5300574144100147, 0.5646418424187286, 0.5154461250234111, 0.5255979413808074, 0.46711340452297684, 0.4344759850253822, 0.458055370346973, 0.4833997742840434, 0.5654449483539485, 0.5814129473098187, 0.6218910717817894, 0.6417941676017671, 0.6404825363712885, 0.6524367256153146, 0.6547271633572602, 0.5402627326593591, 0.5089362852629773, 0.5639605546711303, 0.6505310138414476, 0.731177705352352, 0.8117595659126225]","[1.4999884431765342, 1.5236306679621374, 1.197239075301479, 1.0621744250802658, 1.0720054816186795, 1.0912487541969074, 1.1365228936997727, 1.1001843169271222, 1.1911688723343805, 1.1877165146005901, 1.1576339953863073, 1.1563299634865067, 1.152836052787956, 1.1202819293883277, 1.1468050312051759, 1.117640556606883, 1.1279214784148077, 1.1304642004794663, 1.1220147611494504, 1.1326892558027128, 1.2521829038899235, 1.2509834384133132, 1.1657873877588143, 1.1073315727566022, 1.0641657941388534, 1.0457990952414433]",1.2077369985643027,1.2077369985643027,1.0256564263803623,0.5430816494682935,2.6279718422136313,16,2,index_cued_first_diffusion_0.3_swap_recovery_3,512
index_cued_first_diffusion_0.3_swap_7_ablated_dir_02,index_cued_first_diffusion_0.3_swap_recovery_4,16,26,16,0.5354758985527057,1.2292681023704404,0.5354758985527057,51.65809410711227,13.663404920928329,0.10465888226299946,"[0.7989482925122768, 0.6147485274858595, 0.5863326217938175, 0.5055307809041941, 0.49482030443023495, 0.5376431659103305, 0.49431137470609066, 0.4795770203293942, 0.464245101016602, 0.40838415678402956, 0.40887380578216986, 0.39366371490268093, 0.44985203910178784, 0.5099549752172166, 0.5285997862220891, 0.5541147329555218, 0.5732620400382107, 0.5816660194635237, 0.5732821823273951, 0.5939243624369174, 0.5731448124030143, 0.6001519024325424, 0.6570350517037169, 0.7277775922149279, 0.7883237028904762, 0.8473588853229308]","[1.4725934610411693, 1.6257990774254518, 1.7065757567017985, 1.671456665996589, 1.62255502342533, 1.571852592604473, 1.6579935771832788, 1.6966663694430435, 1.573852196681491, 1.4775324385260877, 1.3966713199787928, 1.271817898751212, 1.167219621849135, 1.0825593343252085, 1.0527965688003564, 1.027137113616253, 1.0038104872463904, 0.9998410478447661, 0.9811940874720059, 0.9706132862292429, 1.0747425860634099, 1.1062347237818935, 1.032571911223063, 0.9976401617152496, 0.9727511603823866, 0.9655778476879014]",2.1222513845612823,2.1222513845612823,2.399910601750979,0.7480791331842611,3.4236701776566854,16,2,index_cued_first_diffusion_0.3_swap_recovery_4,512
index_cued_first_diffusion_0.3_swap_7_ablated_dir_02,index_cued_first_diffusion_0.3_swap_recovery_5,16,26,16,0.6421434777934637,1.3846224476617495,0.6421434777934637,66.91907562294983,21.718423852109716,0.4917374435854672,"[0.9352947459385053, 0.7460074164294125, 0.6594404219447468, 0.6006426542107659, 0.6546574672438769, 0.7179837456524595, 0.7430894106161404, 0.7089055028648873, 0.6343626143070588, 0.5814119879804239, 0.5350888143179001, 0.5101218968002009, 0.4691239257047184, 0.496514176976208, 0.49952409471431675, 0.530617737439823, 0.5427231726897884, 0.5597246383454183, 0.5890201829128261, 0.6104013942506561, 0.7848571258699327, 0.8500644198820958, 0.8832634154964221, 0.91091122772523, 0.9321920098189065, 0.9548671909331781]","[1.7606239935832415, 1.8245717607247207, 1.9454290181017724, 1.9947582956025711, 2.107651758114261, 2.10739947126955, 2.136162324352141, 2.090800322655636, 1.883054005310384, 1.7356298812887025, 1.5537653459391982, 1.419003336231461, 1.2786523587823704, 1.1951409664298922, 1.1161637225875152, 1.0813946419844025, 1.036327214625613, 1.0194702265472457, 1.0094853371583705, 0.9843905233087249, 1.0063021545789834, 1.0194678298080384, 1.021545600796289, 1.0231391232202849, 1.0219067898747458, 1.0165192662419802]",2.3859044473578894,2.3859044473578894,2.0348244757775538,2.1459364833559027,9.447656747292053,16,2,index_cued_first_diffusion_0.3_swap_recovery_5,512
index_cued_first_diffusion_0.3_swap_7_ablated_dir_02,index_cued_first_diffusion_0.3_swap_recovery_6,16,26,16,0.5512397897550821,1.3934345518126507,0.5512397897550821,49.398686064555555,13.578785132980341,0.09547649871528308,"[0.8183323289884651, 0.676529997313004, 0.6192002225050018, 0.5346216775786095, 0.5118063137273363, 0.5563750651675864, 0.7454476245124082, 0.6905475575482986, 0.6298395456621004, 0.556372211641535, 0.4962253989064617, 0.44506887403048434, 0.4107003187728704, 0.3947102036333533, 0.4168507740269892, 0.43417196904688143, 0.4421547363139333, 0.4509530607293579, 0.4432887788171304, 0.47276983191408417, 0.5772979229162255, 0.6636889193175514, 0.7233328265616306, 0.7730239625968456, 0.8203371252035148, 0.8755069013894109]","[1.5764099957917586, 1.5449989013227015, 1.5680598542702031, 1.5175338977032744, 1.5206642682235842, 1.7332209615924317, 1.9236350334027532, 1.9146747533558366, 1.8573954099682948, 1.7851482802579006, 1.6754639928844148, 1.5555937476172916, 1.486819692314099, 1.4020498605615441, 1.3523975580676602, 1.2914707335479083, 1.2390991663291455, 1.2089923508964933, 1.18173080923227, 1.1728118888032106, 1.2716506909596326, 1.2654171662954226, 1.199898842211873, 1.1441857764559082, 1.1002269662628386, 1.0559054933926884]",2.4771542121816434,2.4771542121816434,2.0268303627627566,2.531767014334728,11.15669434604103,16,2,index_cued_first_diffusion_0.3_swap_recovery_6,512
index_cued_first_diffusion_0.3_swap_7_ablated_dir_02,index_cued_first_diffusion_0.3_swap_recovery_7,16,26,16,0.5412930734059554,1.096535753513472,0.5412930734059554,51.923535262330994,13.630560847212713,0.08459826999871067,"[0.8261110819720395, 0.7334106201299303, 0.5749391277814226, 0.5734431244432148, 0.6158824466465216, 0.6220573424075508, 0.6380072755530732, 0.6827777602013971, 0.6241592316131382, 0.5487449242147501, 0.43782566884590324, 0.43669227712972647, 0.42582117659702334, 0.4099977549465798, 0.42457602413089474, 0.43030629363205636, 0.45747565732456585, 0.4574797238821748, 0.44809145442894827, 0.4646461605614119, 0.5087012069793987, 0.5428623398524168, 0.6350788617539803, 0.7282474544173068, 0.8024987573769952, 0.8736834054368832]","[1.4293801093152507, 1.3578840133506054, 1.210489709841008, 1.1431054230722026, 1.1241087925920474, 1.1616327400066762, 1.2795241742513472, 1.2875986038427618, 1.3306074813833662, 1.2914359022710975, 1.2255053896565544, 1.2174793734542595, 1.1399413000076015, 1.145510078598837, 1.1388493076316046, 1.0887413435662912, 1.0772003622043675, 1.0783934320108524, 1.0751603534352692, 1.058363866526368, 1.021168724744433, 1.0041045210883506, 0.9679496910099101, 0.9485245339278235, 0.9461668997064248, 0.9515870370251704]",2.137605999540814,2.137605999540814,2.4245008360540137,0.7534358227207852,3.428436326348514,16,2,index_cued_first_diffusion_0.3_swap_recovery_7,512
index_cued_first_diffusion_0.3_swap_7_ablated_dir_02,index_cued_first_diffusion_0.3_swap_recovery_8,16,26,16,0.5123613453256167,1.3437358627237077,0.5123613453256167,50.50119507806463,13.296081884178458,0.08552661781886706,"[0.9252385301027595, 0.6367076741155305, 0.5900666592030722, 0.543968827609953, 0.5581545198464288, 0.5495960522727034, 0.5184366953952785, 0.48973316301554776, 0.436545961646721, 0.4640633985062862, 0.4232474076953107, 0.43669130411414736, 0.45575846337872017, 0.4501902765675865, 0.4683700223548603, 0.46253592335431876, 0.4560526258771174, 0.4542034579960252, 0.4664854333909208, 0.4846510072215872, 0.5332623143229058, 0.5729646826075616, 0.5956257575101443, 0.6696586401738589, 0.7370082677277462, 0.8095943550206463]","[1.527792104981671, 1.3330878862553546, 1.2808464262912835, 1.2111973417517068, 1.1697714672291413, 1.323899491899803, 1.5408375399017538, 1.552539299228814, 1.6119383082760494, 1.5854384217783648, 1.5862016574308686, 1.5799088110860884, 1.5374191817732208, 1.5411147058965375, 1.5267264307051016, 1.5137850158701451, 1.5057706338790362, 1.513181850073326, 1.5018414182114177, 1.4803178675047444, 1.3873986064747026, 1.2249083956272642, 1.1132910263895783, 1.0462426099811428, 1.0108838096245067, 0.98937635037123]",1.2031585832911782,1.2031585832911782,1.2401658089658647,0.5395058219223644,2.531613304839481,16,2,index_cued_first_diffusion_0.3_swap_recovery_8,512
index_cued_first_diffusion_0.3_swap_7_ablated_dir_02,index_cued_first_diffusion_0.3_swap_recovery_9,16,26,16,0.5089525728721481,1.429507509895585,0.5089525728721481,58.50310522685649,15.637278079254026,0.15127243116663636,"[1.0093537861009965, 0.8033444940388607, 0.6730705054930719, 0.544903716750961, 0.423169778164656, 0.5042576345615697, 0.5061069364983848, 0.43679777533747804, 0.3961303374365924, 0.4487237874128821, 0.49891477137668755, 0.5220958812746708, 0.5395499296953666, 0.5338194508448376, 0.493878547807132, 0.4367879453475896, 0.3946184402978282, 0.33886273342478723, 0.28718312243325245, 0.243545447721174, 0.5095442248621198, 0.5932625625412312, 0.6525083409509485, 0.7257681416985656, 0.7911809812249512, 0.8601290288595081]","[1.5624179814585533, 1.6168530205984315, 1.7362559417876968, 1.7170252647889919, 1.7005148762936064, 1.8698878158305923, 1.9874191156380505, 1.8606898777142455, 1.7048880810420033, 1.5350278475297379, 1.436464114546935, 1.4200992817329936, 1.3654269448071465, 1.3555082824965707, 1.3865423908513541, 1.451046061864419, 1.4713007447391766, 1.505850532261543, 1.5387718923638767, 1.5684129708212575, 1.3010887623655094, 1.1854606404327974, 1.0965517311261712, 1.0454069219206752, 1.0251624342366026, 1.0086614375311118]",1.1514761510496458,1.1514761510496458,0.9897946545768237,0.5375600476117789,2.098214663947126,16,2,index_cued_first_diffusion_0.3_swap_recovery_9,512
index_cued_first_diffusion_0.3_swap_7_ablated_dir_02,index_cued_first_diffusion_0.3_swap_recovery_10,16,26,16,0.5605002800320564,1.5089842761848118,0.5605002800320564,55.015363277178814,16.905958362533447,0.14507827644744997,"[0.8216546171585779, 0.7421375562570088, 0.6516228249872675, 0.6145483493993835, 0.5876567194665098, 0.5336423080467583, 0.5776035619005453, 0.5540001519650647, 0.5553695811682904, 0.5648699013829207, 0.5579364050472886, 0.533025005926263, 0.4656974936523452, 0.43308418652346803, 0.4201163814300629, 0.4044040856772337, 0.39842256610431886, 0.39048147257928584, 0.4054009330438373, 0.4189650899079717, 0.7513654247034746, 0.8020426259668723, 0.7694749831467916, 0.7777767938307294, 0.8172167667810681, 0.8706376067188366]","[1.6530456698639342, 1.6552044491948177, 1.580048126537441, 1.4999486915731841, 1.5799148835532706, 1.7360140934844706, 1.8687914756693298, 1.9092453305474004, 1.8717855962405696, 1.861124479002443, 1.8451888095867504, 1.800661986812735, 1.6753043476025329, 1.6244412848289074, 1.6005370532559728, 1.5677404715856784, 1.549802673798216, 1.538193752675382, 1.5518357760129935, 1.5337312449575906, 1.3136380892166042, 1.2479302853302603, 1.200317531533491, 1.150673951016717, 1.1089253637026424, 1.0721371963074722]",1.3061234329141738,1.3061234329141738,1.3778938604070357,0.47201394825237136,2.1879714107722372,16,2,index_cued_first_diffusion_0.3_swap_recovery_10,512
index_cued_first_diffusion_0.3_swap_7_ablated_dir_02,index_cued_first_diffusion_0.3_swap_recovery_11,16,26,16,0.6856234626919113,1.6234305806258218,0.6856234626919113,50.275263434711135,15.933906522145445,0.22325792137594325,"[0.9499008736900937, 0.8032644178276184, 0.7580877360451728, 0.8126955343068982, 0.919407053629493, 1.126434060764791, 1.241451015599173, 1.1878418750383468, 1.0364703154120634, 0.914893430310436, 0.7464482296956962, 0.5790727988689166, 0.46558148892716517, 0.3864751494515336, 0.3951556513729871, 0.4046119804451761, 0.4205444045117759, 0.43286782104726984, 0.45488813406394674, 0.4432582315784912, 0.6484587384629641, 0.6429498987465238, 0.6544257049190674, 0.700019408581023, 0.7601887633946784, 0.8315355002868744]","[1.6149561855264023, 1.7690551096582916, 1.7504413435524293, 1.8004776129950582, 1.9466671941104556, 2.185136424890181, 2.428413043398341, 2.435658630531689, 2.325039468771857, 2.2305584427647274, 2.0861493830577165, 1.9595459953850651, 1.805886092941949, 1.6309128877648813, 1.526353705505296, 1.4852619604446502, 1.4528080075593073, 1.42522109218929, 1.3772979203688422, 1.385065411723495, 1.3331313132770892, 1.2783323107294107, 1.1661259142263918, 1.0794794389730797, 1.0349485637782516, 1.0074994698208286]",0.8266300089726708,0.8266300089726708,0.6206437776391731,0.5090845358043622,2.32191235803187,16,2,index_cued_first_diffusion_0.3_swap_recovery_11,512
index_cued_first_diffusion_0.3_swap_7_ablated_dir_02,index_cued_first_diffusion_0.3_swap_recovery_12,16,26,16,0.7604309238336109,1.4066401070021253,0.7604309238336109,56.249356309595996,16.010501442644788,0.1709053300666864,"[0.902526984342756, 0.7382996736287949, 0.5857065736363152, 0.5371022019141592, 0.4533225877738925, 0.5019354689440203, 0.5439480781726724, 0.5837227838220371, 0.6779274319070344, 0.7724219489881452, 0.8828747978962052, 0.9202196864643419, 0.8857383891996753, 0.8449608829725825, 0.8676347968569212, 0.8842548853757823, 0.939884267485661, 1.0359313208238086, 1.055294372713906, 1.1915233806162613, 0.7883016830630081, 0.7512515576635743, 0.7553758035202381, 0.8098420965677074, 0.8595706227193086, 0.9057904695529043]","[1.3175353876566136, 1.0825011043825303, 1.0378398072621593, 0.9861669138919922, 0.9315245970288067, 0.9670488177551819, 1.108072273789404, 1.2014894157821556, 1.292410771226136, 1.4385566004938812, 1.6269299513071067, 1.750533699050804, 1.7859034259892639, 1.8269132959340475, 1.8949663707421915, 1.9991145630618388, 2.082741591909607, 2.200868724899713, 2.2671334248835064, 2.429942128821569, 1.4108765263096494, 1.1279210992130522, 1.0173530831899336, 0.9804126241447337, 0.975484735622286, 0.9823390830707818]",1.1604661748727396,1.1604661748727396,1.071924457415916,0.5532870200567779,2.157326932322994,16,2,index_cued_first_diffusion_0.3_swap_recovery_12,512
index_cued_first_diffusion_0.3_swap_7_ablated_dir_02,index_cued_first_diffusion_0.3_swap_recovery_13,16,26,16,0.5486091861124391,1.3715842132000846,0.5486091861124391,45.6851774828222,12.795654041197245,0.09830716677078122,"[0.8354880545076648, 0.7531643964033248, 0.639639632461785, 0.5975263178582713, 0.48083131159231557, 0.600925707190723, 0.7142048289893577, 0.9053495982400089, 0.8582382154026832, 0.8840414687452579, 0.7669975063025579, 0.6129957073545154, 0.4688217097928576, 0.3482915985435006, 0.29964726228136795, 0.24811409017008682, 0.25764643632040907, 0.2709486650978028, 0.2500423505892027, 0.2632153716117601, 0.4472351829016032, 0.5424269257144607, 0.6555410474094963, 0.7394749847508174, 0.8071684253802421, 0.8672121411303494]","[1.61952929329419, 1.696849255380675, 1.7473504865752238, 1.759331785160742, 1.7422703081899549, 1.8008714866874251, 1.9383262271422854, 2.0127546312762243, 1.9454518369903369, 1.9040036479877054, 1.765209043123029, 1.5465393483725665, 1.3771419120408321, 1.2605979626159192, 1.1552717495920517, 1.0891227985314809, 1.050819476650462, 1.0244571015385366, 0.9907418681615808, 0.9707461941824274, 1.1910022748247093, 1.1636462182859215, 1.0978600581385038, 1.0642547020365445, 1.043139372776356, 1.0273303005872287]",0.941386155315142,0.941386155315142,0.8022101381060198,0.48235612988696425,1.9821267433145637,16,2,index_cued_first_diffusion_0.3_swap_recovery_13,512
index_cued_first_diffusion_0.3_swap_7_ablated_dir_03,index_cued_first_diffusion_0.3_swap_recovery_0,16,26,16,0.4994043591016623,1.453470302155377,0.4994043591016623,45.73592129563629,12.095519420331705,0.06883165425008486,"[0.8461723238988599, 0.6647392161819156, 0.5234782330556814, 0.4544088614355489, 0.4374882560760143, 0.4331584423484152, 0.45188842233437726, 0.5130263373107004, 0.5429380788111671, 0.5385765164753008, 0.50245581057565, 0.4595064955598868, 0.47304631330439273, 0.4176682448935374, 0.4010279160478543, 0.40393034839180947, 0.40320511532665676, 0.40365576562936056, 0.3878761702300737, 0.3729723939392395, 0.6869425249964006, 0.6329243705665113, 0.6107136058660251, 0.6747394817172692, 0.7539212871550761, 0.8342779329298518]","[1.7187367061169923, 1.6452896910070007, 1.6194356007811006, 1.5990140888547246, 1.6863596968902714, 1.6505918366466923, 1.70287470530696, 1.7647852887259614, 1.7900736247643045, 1.7993768722623142, 1.7853140159830463, 1.7128796503219905, 1.699278999623307, 1.6399458826192788, 1.543279217199861, 1.491769836440721, 1.4446377923320763, 1.41261835794752, 1.3381067449509985, 1.3171689519498393, 1.2932772153588494, 1.2222636989489588, 1.1326102764883894, 1.0781227994096365, 1.0462025118316751, 1.031164292671653]",5.461878851861716,5.461878851861716,1.2081300930822538,16.81861205716644,70.58861067726332,16,3,index_cued_first_diffusion_0.3_swap_recovery_0,512
index_cued_first_diffusion_0.3_swap_7_ablated_dir_03,index_cued_first_diffusion_0.3_swap_recovery_1,16,26,16,0.4697013779067968,1.2001657742775353,0.4697013779067968,43.627611650278624,11.479506897482525,0.06062054093233138,"[0.8570174868278054, 0.6064096216486171, 0.4898448312267923, 0.44389833474386964, 0.44379843110171036, 0.48782453431145484, 0.5105686056735318, 0.4874650796023404, 0.4727341489655841, 0.47502930822429584, 0.47418635103076184, 0.4374976845699374, 0.4046243573432972, 0.3900564032889237, 0.36695190683755236, 0.3758819986754053, 0.34197998543788705, 0.3310623844624676, 0.3215076311319036, 0.3188751428319662, 0.7054626808939792, 0.5861807929029499, 0.573819374923848, 0.6342258346012455, 0.7071319919817338, 0.7934193315015158]","[1.489478614064937, 1.2372045547937776, 1.1539454419824693, 1.1558424829285778, 1.1545676214899727, 1.2862732842667568, 1.2202532479737211, 1.2699572798593457, 1.3151120310588427, 1.3638151405753662, 1.3623029034838963, 1.3438792698009854, 1.316289544834987, 1.2923846617455794, 1.2470293238071424, 1.2189255921041422, 1.1941030744303915, 1.1465964251029215, 1.1006780569588077, 1.0958114924455808, 1.6038461762149159, 1.3943675162511016, 1.2382343635345134, 1.1427527050097812, 1.0821448060300174, 1.0465076549997103]",7.9176727335675805,7.9176727335675805,2.224822228219719,16.7946841756286,70.04759119775562,16,3,index_cued_first_diffusion_0.3_swap_recovery_1,512
index_cued_first_diffusion_0.3_swap_7_ablated_dir_03,index_cued_first_diffusion_0.3_swap_recovery_2,16,26,16,0.5247120961424956,1.173818368820134,0.5247120961424956,42.91218428044796,10.951545064814374,0.07299614423118006,"[0.852934072251831, 0.68083202146412, 0.5967421936798664, 0.5341212307690949, 0.48336611112632305, 0.5110318346423037, 0.532624729010221, 0.5650234222637437, 0.5300232472577687, 0.5169839669698421, 0.4894856589107473, 0.4789590464056845, 0.4693981775414564, 0.4801700992240528, 0.48798292489810885, 0.47972949693480804, 0.48668805975138385, 0.506266256922054, 0.5159786022642276, 0.5006530867729689, 0.564614665621553, 0.609540861697179, 0.58165106271617, 0.5901328452546825, 0.651482032053561, 0.7451316588540967]","[1.4328490723760325, 1.331038677006348, 1.24943270431625, 1.233683372025348, 1.1769811232206262, 1.262371621733006, 1.2588367473434823, 1.2452345713861046, 1.2102101521567528, 1.2152022003863259, 1.2266103916350182, 1.1864721235137194, 1.1587741827973321, 1.153279766767902, 1.1485461166434445, 1.1836334734638483, 1.1797514852425657, 1.1908675220034977, 1.2200626123155531, 1.2398144613314168, 1.2607522598248389, 1.342185925273758, 1.2886562541377786, 1.1899591542422474, 1.1199345082893666, 1.0611232921578768]",5.150641523969799,5.150641523969799,0.8382679882836284,16.62404795756816,69.51655342603215,16,3,index_cued_first_diffusion_0.3_swap_recovery_2,512
index_cued_first_diffusion_0.3_swap_7_ablated_dir_03,index_cued_first_diffusion_0.3_swap_recovery_3,16,26,16,0.5488000642800358,1.142390399434896,0.5488000642800358,49.52481438864567,12.487521952413179,0.09811723145246443,"[0.8324153832054925, 0.6604133454304503, 0.5179351340757634, 0.5138728434782788, 0.5093972408752976, 0.46668921869957436, 0.5179901207788412, 0.5434876195005566, 0.6009397363263649, 0.6300082454528291, 0.5990834993991266, 0.5851097988450166, 0.5569738622360245, 0.5239881722519234, 0.5228904368003728, 0.5390843127805354, 0.531123910536776, 0.5394782810794915, 0.5310461790597998, 0.5381130568073358, 0.5413551214608952, 0.537702095357688, 0.5639451169469119, 0.6497391058897757, 0.7286763401297326, 0.8071023709576419]","[1.4878909157184415, 1.4098777640150881, 1.1365976897395418, 1.0986609034888672, 1.137125738462603, 1.1634726511863747, 1.169093789704222, 1.1024175774199798, 1.1269399595982699, 1.2137380083501967, 1.155388286985702, 1.134295911194456, 1.1613689135074177, 1.1217569466165167, 1.1571415415824555, 1.1361895667800135, 1.1276924124154057, 1.1641134317503412, 1.169094039025603, 1.1694712761823582, 1.3289237433323309, 1.3701076694707448, 1.302083803276374, 1.2137960884097934, 1.144131797468147, 1.0894508349705472]",5.472562882410463,5.472562882410463,1.2032425922123418,16.822683528490522,70.61566992176438,16,3,index_cued_first_diffusion_0.3_swap_recovery_3,512
index_cued_first_diffusion_0.3_swap_7_ablated_dir_03,index_cued_first_diffusion_0.3_swap_recovery_4,16,26,16,0.5696907808716365,1.3850524955315018,0.5696907808716365,46.255404581334254,12.343742837092217,0.09306278232440046,"[0.8027750836328295, 0.6608087712695121, 0.5540808555641102, 0.47503999980659006, 0.43169655688636166, 0.5349113996315522, 0.660363476932708, 0.7426692706382587, 0.8079817423294781, 0.8301163674782971, 0.7579714932260821, 0.6888612678939401, 0.6116867817364815, 0.5130382435030925, 0.5256546688984226, 0.4793190074625639, 0.4660466239483667, 0.4294133735638094, 0.42610592914298157, 0.4467400044854797, 0.5028551478633793, 0.48634662989730887, 0.5713728750737018, 0.6584572164010526, 0.7399444481514793, 0.8181812181222471]","[1.3788643522206225, 1.5323772289899686, 1.61048537642149, 1.5844539612221098, 1.5949670491844214, 1.62504925846144, 1.717853006495733, 1.839647537082393, 1.8183577964549698, 1.7828673013934575, 1.735343634332639, 1.6517586996240592, 1.5891573112850599, 1.4990635343274012, 1.457203412088535, 1.3898871091022622, 1.3227321797606095, 1.2605027558096067, 1.1934549886115848, 1.1608306642138135, 1.185015126966106, 1.1538407210920445, 1.07037973430362, 1.0326430082446791, 1.0108844595625706, 1.0063537053562908]",6.436742164545343,6.436742164545343,2.2020907646270125,16.885684166350586,71.76973477879297,16,3,index_cued_first_diffusion_0.3_swap_recovery_4,512
index_cued_first_diffusion_0.3_swap_7_ablated_dir_03,index_cued_first_diffusion_0.3_swap_recovery_5,16,26,16,0.6215174596165753,1.412923831189585,0.6215174596165753,60.996920786163344,20.866756298383542,0.4855406458614083,"[0.8886885605674385, 0.6899050105824492, 0.5638888519933816, 0.49148236071473556, 0.6492769988563104, 0.6697476989315032, 0.6363978687095769, 0.6482139290169492, 0.6692021213958085, 0.6228496827921062, 0.5663074051129049, 0.5317299928704308, 0.5070357935168095, 0.49615154407798323, 0.4636586090193417, 0.5001393658274532, 0.5232602731220795, 0.5192812822026363, 0.5487431167227169, 0.5835226274305627, 0.806034077358002, 0.8361942865432558, 0.874882195732352, 0.9080606940847252, 0.9315112768767789, 0.9552652125127722]","[1.7473484023811396, 1.6922390622298966, 1.7746470737185582, 1.870500187840029, 2.0700542075581407, 1.9583216907045424, 1.8332041464754352, 1.789652818889724, 1.6965969012056317, 1.6575996983677344, 1.5986598234016058, 1.5787972447804992, 1.5176221763442677, 1.4566196041625845, 1.3852381605534747, 1.3393177536355663, 1.2936300600115724, 1.283762974438868, 1.249561621320428, 1.2161066585157767, 1.0376292974246548, 1.0128077332549168, 1.0153238306523205, 1.015297276226562, 1.0139248522809463, 1.0104611114898103]",7.076066070858145,7.076066070858145,2.380640928442263,16.36471394122485,69.97012512137947,16,3,index_cued_first_diffusion_0.3_swap_recovery_5,512
index_cued_first_diffusion_0.3_swap_7_ablated_dir_03,index_cued_first_diffusion_0.3_swap_recovery_6,16,26,16,0.5513392641463405,1.4337273341248862,0.5513392641463405,44.508408203943056,12.506338263279801,0.09280082658743793,"[0.8972761569181938, 0.6718936487391435, 0.4946697305567362, 0.43693487585752633, 0.45674429403091177, 0.5820495650034343, 0.6343372496181495, 0.6174269801414192, 0.6623268125806953, 0.6113193589842989, 0.5578441589338612, 0.5216908061076092, 0.496156162430387, 0.4580759516149761, 0.4703731537870323, 0.4616222863934358, 0.4620150542745297, 0.4600004607468713, 0.4286725396020923, 0.42537147247247287, 0.5722435869931666, 0.6461989591828238, 0.7195203887749166, 0.7784675712659898, 0.8233669559238107, 0.8737215306589237]","[1.2967825054436901, 1.3994123160330023, 1.3911382339401088, 1.3866883531101502, 1.4487524623691521, 1.7859618883897945, 1.9254368910110042, 1.9609709214457576, 1.9568920480397127, 1.8711061727467326, 1.8052514774291053, 1.722125194753378, 1.6522607553024162, 1.576455766196235, 1.5023957649985555, 1.444807396277637, 1.3910395043055594, 1.363617872030707, 1.3141218015944718, 1.3073017468882708, 1.2517446869954365, 1.238708189903313, 1.1889435666727246, 1.1307769810120119, 1.090473575759985, 1.0442717346399328]",7.159351028422253,7.159351028422253,2.3808152922688293,16.39702494460438,69.93153358970218,16,3,index_cued_first_diffusion_0.3_swap_recovery_6,512
index_cued_first_diffusion_0.3_swap_7_ablated_dir_03,index_cued_first_diffusion_0.3_swap_recovery_7,16,26,16,0.4944319966844303,1.2216739399002499,0.4944319966844303,44.65974335488521,12.19186668134535,0.0694465806245892,"[0.9594126380462128, 0.7342494286975674, 0.5668679191732802, 0.5359375626263956, 0.5066354874888874, 0.49973698924516147, 0.5500907631887362, 0.5864818537964639, 0.5949967826151031, 0.5230148531197979, 0.4414048343301863, 0.40083088273002426, 0.3845382524713803, 0.40471048501740226, 0.3870668312666397, 0.3851086015625197, 0.3769092077881134, 0.37396616979972325, 0.3627506055936411, 0.37132871970140363, 0.48286645635627157, 0.4663733103699559, 0.5664288172351999, 0.6814249261109189, 0.7658434441525399, 0.8519248206695355]","[1.5303142708683652, 1.4365485476392472, 1.2961840666761313, 1.246820584357621, 1.2425987908946605, 1.3524838434801656, 1.4197618384480122, 1.416078765027265, 1.4337912103009671, 1.4284628266052712, 1.3548428650755406, 1.3745607015954604, 1.3130607253051763, 1.3282722363109385, 1.3368545547919124, 1.3052952109693945, 1.2899605609746858, 1.2812328993700173, 1.3036575732490896, 1.2727762480516158, 1.1103676122922785, 1.0437314075879112, 0.9928411854722838, 0.9688295813825346, 0.9643567095645771, 0.9699895130991093]",6.445989489418285,6.445989489418285,2.2115460675803194,16.875995248792343,71.74015452317641,16,3,index_cued_first_diffusion_0.3_swap_recovery_7,512
index_cued_first_diffusion_0.3_swap_7_ablated_dir_03,index_cued_first_diffusion_0.3_swap_recovery_8,16,26,16,0.47521250276517524,1.3122299914809257,0.47521250276517524,45.03279359398938,12.004646569164336,0.0838217877021572,"[0.953958701325557, 0.7163720316115767, 0.5685601672113926, 0.5485694328153333, 0.5381999287502812, 0.4899991764215163, 0.48889526688536533, 0.44802103813510324, 0.440195380179853, 0.41835177012018393, 0.41541587825615195, 0.4213390173480159, 0.4073533781615233, 0.41031904034479777, 0.37577532860737717, 0.3579144911947616, 0.37009611736531456, 0.36020740569338366, 0.3517957986252304, 0.34828253022303457, 0.5399099870079734, 0.5620463916592446, 0.5647907126473023, 0.6284623575708067, 0.710430152129747, 0.794485884533011]","[1.557057367414519, 1.3797220085279982, 1.3154649059229133, 1.2959093028674302, 1.2814208985747604, 1.2931923612305296, 1.3971535290005963, 1.3905671696799762, 1.3961664859711442, 1.391525004932563, 1.3910337772582289, 1.39246231320117, 1.3662566798860332, 1.416823955856097, 1.447215521846244, 1.4451428362037007, 1.4451285689486786, 1.4689139575271757, 1.51920874792247, 1.5120592713829482, 1.4620890917304556, 1.3469025362538567, 1.235361562908681, 1.1419567520105502, 1.0850600631386376, 1.0454275840279363]",5.484853586853429,5.484853586853429,1.2322986504903806,16.820642936978704,70.61832913883124,16,3,index_cued_first_diffusion_0.3_swap_recovery_8,512
index_cued_first_diffusion_0.3_swap_7_ablated_dir_03,index_cued_first_diffusion_0.3_swap_recovery_9,16,26,16,0.5050464489811961,1.3530018965463728,0.5050464489811961,50.54143237327383,14.248527320948849,0.12683765500726607,"[0.8927516637803643, 0.7011850046576824, 0.5661715659800343, 0.5191424197247446, 0.4690408022810999, 0.5027141185633964, 0.5118313075570753, 0.48877568965774615, 0.510573544674631, 0.4731617008094759, 0.5030240016310457, 0.4966833520538847, 0.47400784041113564, 0.48054399944050463, 0.4262932290598772, 0.4090670549185423, 0.3670281970767165, 0.3441939356636092, 0.3695672851315975, 0.4152470049614203, 0.5304236633801551, 0.5556059707626743, 0.6238688406546532, 0.7199213766651714, 0.7945282350300696, 0.8644634017479508]","[1.5458683710043015, 1.5839342998508121, 1.61029210952276, 1.6156956625692465, 1.6507069076967977, 1.7287422125841276, 1.718597467430003, 1.6044042336788462, 1.5154552300435016, 1.3935545711169603, 1.3027864843711996, 1.2556323339541449, 1.1871396283521372, 1.175574665223363, 1.232262161226727, 1.333033084434461, 1.425873120651651, 1.5195861807601696, 1.6167476870913138, 1.691109540874203, 1.299374460473555, 1.2203190760134575, 1.1222011157757563, 1.0605433289192772, 1.0334233297093471, 1.016252464759451]",5.653709976912128,5.653709976912128,1.4958167043205717,16.48673806321366,69.46390401270168,16,3,index_cued_first_diffusion_0.3_swap_recovery_9,512
index_cued_first_diffusion_0.3_swap_7_ablated_dir_03,index_cued_first_diffusion_0.3_swap_recovery_10,16,26,16,0.6547862868400758,1.6748212629007122,0.6547862868400758,52.461277621803454,16.517526898244846,0.17903340204827767,"[0.8032120416829102, 0.7131504426378366, 0.607882751584907, 0.5781465929841395, 0.5445977340413491, 0.5076806072415625, 0.5572271990251992, 0.6063040426975163, 0.6529325656964242, 0.6749084017119212, 0.6584904945996082, 0.6748056876523106, 0.6281145104361531, 0.6275466180325403, 0.6248410609691684, 0.6609258330837768, 0.6828581095495079, 0.6824946579586172, 0.7649083667808682, 0.7753954405473166, 0.8100521049384621, 0.8121328958913434, 0.7664461657240295, 0.7743271781794064, 0.808124023021844, 0.8570879040294088]","[1.394850115875812, 1.4171760509479427, 1.368807590355605, 1.38763844627805, 1.4754722903860018, 1.6771797359577576, 1.81799117547098, 1.936811092351578, 2.0269422354412576, 2.1343177805665268, 2.124762524039614, 2.150405067915029, 2.092477963203196, 2.092962244612419, 2.090887661966475, 2.1062148703611094, 2.1077294837430793, 2.0611186635095113, 2.0948703678863443, 2.0662410111152165, 1.4992291276587295, 1.2716919794765147, 1.164456420966534, 1.0953855986233179, 1.0625176735412813, 1.0492814422130685]",5.690643249190289,5.690643249190289,1.5443410004097504,16.495045501986787,69.5425905367629,16,3,index_cued_first_diffusion_0.3_swap_recovery_10,512
index_cued_first_diffusion_0.3_swap_7_ablated_dir_03,index_cued_first_diffusion_0.3_swap_recovery_11,16,26,16,0.7673303138099629,1.6438826026962952,0.7673303138099629,39.19268691673332,14.48114870801818,0.21786648590658164,"[0.8939567671953239, 0.6986611865609438, 0.5795506710091289, 0.6415057480272708, 0.8510954219109925, 1.1228593166735712, 1.278458614988161, 1.3085894913290927, 1.3434566165736939, 1.3567779515300122, 1.197796098731467, 1.0114308838081316, 0.8810026860287062, 0.6784403522778426, 0.5782875281934072, 0.48172205426359127, 0.4112878861873637, 0.4063853342250461, 0.407701002937972, 0.41292926998347257, 0.7404203611474324, 0.6498659611981633, 0.6491654501219845, 0.6878623840703063, 0.7319398377909219, 0.7928353317853964]","[1.6707816686279755, 1.6328190259403232, 1.6076007083201806, 1.7170134225527003, 1.9737236688909843, 2.1546171642012255, 2.2661974305745556, 2.2570960936355844, 2.2655605965079086, 2.2981795716370588, 2.175739061223814, 2.020011158140613, 1.914605308169806, 1.7571231716897693, 1.6382767990765787, 1.5694027785589384, 1.5775506365867242, 1.6105943742257172, 1.5638411505051795, 1.5598795880058411, 1.300825703400405, 1.248434224120032, 1.1644411171863138, 1.0898515155926032, 1.0393483637367587, 1.0056484066201306]",4.4836904798178505,4.4836904798178505,0.14018749802705938,16.698725304485002,69.15516164558497,16,3,index_cued_first_diffusion_0.3_swap_recovery_11,512
index_cued_first_diffusion_0.3_swap_7_ablated_dir_03,index_cued_first_diffusion_0.3_swap_recovery_12,16,26,16,0.8385163096473524,1.4418238998750372,0.8385163096473524,43.1575036090278,14.59169654128031,0.15344780272416958,"[0.7854078274383463, 0.6746396639427779, 0.6064121764371692, 0.5219128239885971, 0.482400926248215, 0.5764859388245533, 0.5736883560817898, 0.6033460512209086, 0.6950431741569713, 0.7096592163921757, 0.7773791208075814, 0.7751757359640771, 0.8884158736933714, 0.951874000932692, 1.0426066280973854, 1.191111261237937, 1.3103490655202799, 1.4880480194205732, 1.5281410513604408, 1.652925013343183, 0.8111048292950033, 0.7048074994744894, 0.7315410745467812, 0.8013472863955924, 0.8570182938088811, 0.9065741118411196]","[1.3149044575894147, 1.1600151286571183, 1.0894630268373515, 1.0385577291071901, 1.0522910401645365, 1.1312453005891685, 1.2189236730559703, 1.2666615824804714, 1.3189890137137075, 1.3339911988820927, 1.4887539198893058, 1.529120557972296, 1.6485350580143587, 1.7335022235725488, 1.8882283174402559, 2.0274739276587805, 2.196363883819556, 2.444913768547057, 2.558506614280386, 2.735023444197606, 1.373438448743624, 1.12387823253908, 1.0195361868603996, 0.984900706349995, 0.9781067286411496, 0.9790989118845018]",5.660491159141982,5.660491159141982,1.510597382176049,16.483494321852454,69.45590907934697,16,3,index_cued_first_diffusion_0.3_swap_recovery_12,512
index_cued_first_diffusion_0.3_swap_7_ablated_dir_03,index_cued_first_diffusion_0.3_swap_recovery_13,16,26,16,0.5755102788313344,1.4762361011499572,0.5755102788313344,40.75109573090711,11.803507595746499,0.09011286378442529,"[0.7566461968718949, 0.6055242226431924, 0.5646611955316437, 0.545985200793722, 0.5258938486817404, 0.6197218267801119, 0.6763581876160275, 0.7462841573158394, 0.8741883242949066, 0.8458128886132611, 0.8263337395842392, 0.7771187141582202, 0.7099578610137054, 0.5700573712001789, 0.48825334036651474, 0.4575627701625474, 0.398388961908498, 0.3735361530441898, 0.3759469487994088, 0.33220688503903295, 0.41457513733845164, 0.4358428643881106, 0.5543152009979189, 0.6739116951037967, 0.7685025071243323, 0.8480082973583155]","[1.5061572475432032, 1.5619062264556518, 1.5941960513827433, 1.6263139743032087, 1.6468914065094642, 1.7528256464611198, 1.84182339252611, 1.9354782848586736, 2.002229263944727, 1.9960802325505458, 2.0153694891178326, 1.9250410194272127, 1.8621059429210431, 1.7404985308019492, 1.6016984558719476, 1.5542004879701978, 1.4737177777829924, 1.4030383823858679, 1.3667589214669098, 1.294493514781991, 1.0823396991294139, 0.9763602976172282, 0.9530809439431357, 0.9553455244803442, 0.9710422514195555, 0.9924485760348205]",5.292058707188158,5.292058707188158,1.0069512284281132,16.717106517049515,70.02266271265849,16,3,index_cued_first_diffusion_0.3_swap_recovery_13,512
index_cued_first_diffusion_0.3_swap_7_ablated_dir_04,index_cued_first_diffusion_0.3_swap_recovery_0,16,26,16,0.46762628591530503,1.3036320677747095,0.46762628591530503,45.34479414948678,11.656019234423365,0.0843636897722827,"[0.7835120915406981, 0.5375736937069724, 0.49509103696378787, 0.47198660442215257, 0.44284901961027245, 0.4331096307748489, 0.4446777016700498, 0.47654746346100824, 0.4525928108090864, 0.4294303934169699, 0.39617109835283876, 0.3852946957783416, 0.3858281350646113, 0.38363418124766646, 0.3714362784097175, 0.38809536289987867, 0.3993784284153269, 0.37819288488495545, 0.3717910586198786, 0.34771744015123307, 0.6698931143172806, 0.6163887198535467, 0.6103904998257037, 0.6877241364736317, 0.7678674336172775, 0.8457311305610888]","[1.6210057671757792, 1.5988356071069818, 1.6809031489220299, 1.6726748764017783, 1.705501696918703, 1.6166539401557747, 1.5673952436560321, 1.5449332800600581, 1.4986047141006236, 1.484291101122354, 1.461838998830563, 1.39091403156378, 1.3047815268699345, 1.2153323289318338, 1.1454494204653896, 1.1104606296871826, 1.097102986365691, 1.0958835471594572, 1.1054307854012262, 1.1111892818404758, 1.29749009414749, 1.3365373137021996, 1.247880312272581, 1.1573916665645072, 1.1034655629711896, 1.0659775666734457]",1.5574560463594165,1.5574560463594165,1.484890617384969,0.40913838930040947,2.2133226646849558,16,4,index_cued_first_diffusion_0.3_swap_recovery_0,512
index_cued_first_diffusion_0.3_swap_7_ablated_dir_04,index_cued_first_diffusion_0.3_swap_recovery_1,16,26,16,0.47815460990161646,1.1466915740930335,0.47815460990161646,44.02971098683464,11.325903460867922,0.07778522007609878,"[0.7972680551831862, 0.5491459552802322, 0.5036124284961421, 0.4827179260083043, 0.44379752607513495, 0.4966095608144819, 0.4775217053963752, 0.48800590093135515, 0.5009917090853918, 0.5129560833234201, 0.5299935419581426, 0.5147443293759439, 0.42311663057862886, 0.3999443567520053, 0.3590963917016035, 0.34946134932298645, 0.346287265171739, 0.3509515410269116, 0.3553613971103512, 0.35099439128622545, 0.6575551863177987, 0.6032353653910527, 0.583552848990092, 0.6329136116293635, 0.7170558667637528, 0.8075259221259998]","[1.2699567386110753, 1.133277995243418, 1.1603469871459666, 1.189188162408365, 1.1489438635739582, 1.2948247040075103, 1.2974077368139767, 1.3123524598552148, 1.3838595417631392, 1.380749197167025, 1.3901083857190295, 1.318037237527119, 1.1850337304348728, 1.05449063947459, 0.9472584423140297, 0.9002445295418118, 0.8904445218480008, 0.8787194969736174, 0.87408514180595, 0.8789270371030282, 1.625058712401438, 1.5896588642942913, 1.4377945079223304, 1.2468416722484448, 1.1288977174140151, 1.0649025442243736]",2.6574768482629443,2.6574768482629443,1.1921559314294776,4.4925320765112655,19.110445049495148,16,4,index_cued_first_diffusion_0.3_swap_recovery_1,512
index_cued_first_diffusion_0.3_swap_7_ablated_dir_04,index_cued_first_diffusion_0.3_swap_recovery_2,16,26,16,0.4901986145874948,1.0381916404779628,0.4901986145874948,41.32670919732962,10.522525583661494,0.07285036367524966,"[0.7200284042753932, 0.5658291499237732, 0.5248509528877422, 0.48883273673298344, 0.4151819729595669, 0.4160995585105327, 0.39276125635965087, 0.41338550915514044, 0.4398182901390509, 0.44520823139052396, 0.4355341931861893, 0.4605576716363594, 0.49811800311480564, 0.5212409397131309, 0.5315655667848076, 0.537393185496012, 0.5379727103677777, 0.5561209592850781, 0.5590798180479722, 0.553519810913108, 0.5292085328332375, 0.4944192408998827, 0.473042028806579, 0.5539871259592436, 0.6606559303676971, 0.7615328033326438]","[1.2566386283263917, 1.225370283296769, 1.1264604390078063, 1.0684407410972516, 0.9466319283023202, 0.8505501591877292, 0.8775921879279385, 0.8490941250876947, 0.9193843510264468, 0.982606299097065, 1.0834682554956763, 1.1087825289388944, 1.1375029688678124, 1.166386742866955, 1.1651607114970526, 1.1780780252316678, 1.1732478771058188, 1.156769180007307, 1.1604911010157801, 1.1744012573407534, 1.1928537151350493, 1.2096355034008477, 1.1109640624340889, 1.0264073706756254, 0.9874910517707167, 0.9737849448975333]",1.0920385592470763,1.0920385592470763,0.8935746022107813,0.5110360126411234,2.3200752771394795,16,4,index_cued_first_diffusion_0.3_swap_recovery_2,512
index_cued_first_diffusion_0.3_swap_7_ablated_dir_04,index_cued_first_diffusion_0.3_swap_recovery_3,16,26,16,0.5295705599571402,1.1383873952512134,0.5295705599571402,49.696895222069,11.946048504787878,0.09967408994460092,"[0.7616629222054931, 0.61211598300281, 0.4663208593615183, 0.4567993990741212, 0.48371418916703546, 0.4369611995399746, 0.4403921805823668, 0.47081514754234866, 0.43242042709037704, 0.4133858660071548, 0.47695518583605967, 0.49402157789204265, 0.5196932705363241, 0.571578241297224, 0.5730813008499901, 0.6048714368531946, 0.6240217435399905, 0.612863472835981, 0.6043752405300622, 0.5846739666962127, 0.5603648807417407, 0.5369843194286518, 0.5709301814777054, 0.6690547471990919, 0.7551856864015957, 0.83284518859865]","[1.2298401620669395, 1.126738649775615, 0.9965713030703, 0.9846237083073028, 0.9853410609057679, 1.1141032134420192, 1.1186353672831542, 1.1298616774503505, 1.1817482430075283, 1.1761771984713463, 1.2004977548600113, 1.1968693839744537, 1.2008208370503857, 1.1823271608499741, 1.2093123390695328, 1.1875535472300525, 1.187066394572498, 1.2026950357356931, 1.1970531651663165, 1.2095456109338505, 1.4230138689124876, 1.447988568739714, 1.352028838621558, 1.2458861686337928, 1.1703296698460932, 1.1127268591765613]",1.5810093472649427,1.5810093472649427,1.512460061868065,0.4281186962530066,2.239695702358447,16,4,index_cued_first_diffusion_0.3_swap_recovery_3,512
index_cued_first_diffusion_0.3_swap_7_ablated_dir_04,index_cued_first_diffusion_0.3_swap_recovery_4,16,26,16,0.47194183584991445,1.1238922063544365,0.47194183584991445,45.28518631410114,12.03952191941562,0.1067347727227218,"[0.6614918931901931, 0.5759867656620329, 0.47276433818535546, 0.44382804313586693, 0.4323835728133693, 0.41161438061807465, 0.4123064143193264, 0.4006347513907657, 0.3691447196887478, 0.3641780760037182, 0.37307400278466385, 0.3743230599327198, 0.4317789434211534, 0.4538290596569811, 0.47555214996091183, 0.5065726015731309, 0.5061559364391747, 0.4935912973998018, 0.47185580862953913, 0.48229556299888315, 0.5470452706690134, 0.5011472768379878, 0.5685024384671201, 0.6806629109318306, 0.7674951782046303, 0.8460384515557556]","[1.262731766638789, 1.3459466917276914, 1.4285984095764686, 1.422201558434376, 1.3784095230804865, 1.3493452986341135, 1.3745225299240929, 1.4347898072448806, 1.3691795025758966, 1.3176657622924133, 1.3041371232342551, 1.21168293086055, 1.1016543871626812, 1.0136943624809454, 1.000847118756722, 0.9555147022386616, 0.9613725792798241, 0.9851105053675375, 0.9852452990163603, 0.9999715717071876, 1.188278871879155, 1.1276210351708875, 0.9915688586996508, 0.9366913765525858, 0.9306244513081026, 0.9503144493808611]",1.7541856350053724,1.7541856350053724,1.6048050068193955,0.5803458379025633,2.8879782523903144,16,4,index_cued_first_diffusion_0.3_swap_recovery_4,512
index_cued_first_diffusion_0.3_swap_7_ablated_dir_04,index_cued_first_diffusion_0.3_swap_recovery_5,16,26,16,0.5846898956269764,1.361410956407461,0.5846898956269764,62.018219762777264,20.113751887000095,0.5009631467633507,"[0.7328376858829749, 0.5384991611367544, 0.4700374907388929, 0.5184376725331464, 0.5783359303430956, 0.5752813900753518, 0.5361617711213603, 0.49480976762756224, 0.48064069014700467, 0.49051338993939825, 0.4869650647223093, 0.45590269527724164, 0.4825296150683759, 0.5090117959254232, 0.5112335609321541, 0.5498242327047926, 0.5689333874212439, 0.5842813318096642, 0.5863542123384407, 0.6095644804958785, 0.7930034512015186, 0.8318494609028355, 0.8692051471672833, 0.9050074185639377, 0.9311222308020647, 0.9560261887283282]","[1.504100512783336, 1.5809544902482688, 1.7151668030463316, 1.8924302147371481, 2.044522092118917, 2.0898976673254364, 2.0248659349659754, 1.9165267386540423, 1.796098050915965, 1.6588223981596786, 1.5614519057615142, 1.4665230063884227, 1.3194240808989004, 1.2369391647430301, 1.1719607389348958, 1.1267527370129509, 1.0999004470214393, 1.0796019111614101, 1.07747327321604, 1.0603985065306252, 1.0719759274033958, 1.0548374832996703, 1.0420823921760283, 1.0291622553257564, 1.0203537527416473, 1.0130252748296513]",1.7967800042174549,1.7967800042174549,1.0651095777618402,1.7785545483107856,7.814924280735077,16,4,index_cued_first_diffusion_0.3_swap_recovery_5,512
index_cued_first_diffusion_0.3_swap_7_ablated_dir_04,index_cued_first_diffusion_0.3_swap_recovery_6,16,26,16,0.48625325456142154,1.3616234254307145,0.48625325456142154,44.56577754939758,12.030552534383688,0.10686529522524224,"[0.7068485864998502, 0.6219551374019868, 0.5254043257114605, 0.46338340955006263, 0.43352685926102175, 0.5154774724912112, 0.5149836227723376, 0.47779686776907454, 0.4386710980444854, 0.42511229836500736, 0.46739457173933274, 0.41228931140017805, 0.41379213595468156, 0.40717273532284387, 0.39423527916599893, 0.40126626264640364, 0.39556483931168945, 0.3921951590314975, 0.3694625176772953, 0.3808288606009738, 0.5262589490696925, 0.6189012781307041, 0.6839927965567183, 0.7558681014411005, 0.8163207632263704, 0.8746113454098108]","[1.4228765525820066, 1.5235665277798398, 1.5549414864119995, 1.5670704533808986, 1.569828734891599, 1.7070190726911074, 1.7107863833347223, 1.687603120704902, 1.6678910548939423, 1.5741957903391393, 1.5544671071191778, 1.4661562812626936, 1.3965385065121199, 1.3588506098507305, 1.3278842447828687, 1.2681140098721762, 1.2584956231313116, 1.2577072673738705, 1.2708600262848764, 1.2882271521915054, 1.2791021690088922, 1.3178861149640857, 1.257509357048413, 1.1754153798050815, 1.1173942516535942, 1.066520119236047]",1.8467940385588082,1.8467940385588082,1.0270237438367456,2.1955803109277863,9.420664430421688,16,4,index_cued_first_diffusion_0.3_swap_recovery_6,512
index_cued_first_diffusion_0.3_swap_7_ablated_dir_04,index_cued_first_diffusion_0.3_swap_recovery_7,16,26,16,0.47992466739301953,1.1407291746690724,0.47992466739301953,44.906367627927615,12.02815261262974,0.08944105673462233,"[0.7245194713517004, 0.6038828022076027, 0.5043848070011467, 0.5460640690141859, 0.5459433027057827, 0.5194801576432808, 0.5110299901839, 0.5307252860240367, 0.4804140913453393, 0.40862489866784857, 0.4233203310794357, 0.414181990371217, 0.3882015368795818, 0.41601758875760186, 0.39692777425068726, 0.4002606219260555, 0.4055295703771666, 0.397304605712807, 0.35653134227649363, 0.35101013249932195, 0.45983727638396243, 0.49574071974520134, 0.6058300453321444, 0.7192471586095746, 0.7991047711287853, 0.8723734928389958]","[1.3212151603986801, 1.2035623664507134, 1.1072266312877432, 1.0407027481118685, 1.0112465313453967, 1.0686601782874061, 1.1316240661930472, 1.2330285300855943, 1.294588721241819, 1.3254569887608791, 1.3261058158760222, 1.3377839059621295, 1.3154367462550747, 1.3239537250585651, 1.3039776676557426, 1.27405116855483, 1.2632869107066176, 1.2685183415218033, 1.2619447468564944, 1.272443035921993, 1.169809245810109, 1.068629914813029, 0.9958651910823948, 0.9579958952365298, 0.9569535206823695, 0.9709967348767433]",1.7695970030983115,1.7695970030983115,1.6109811247213015,0.5858577450347735,2.8690723008603145,16,4,index_cued_first_diffusion_0.3_swap_recovery_7,512
index_cued_first_diffusion_0.3_swap_7_ablated_dir_04,index_cued_first_diffusion_0.3_swap_recovery_8,16,26,16,0.46983383427281117,1.379506464816117,0.46983383427281117,45.3509284113997,11.568367795579315,0.0898087362154546,"[0.8282050086899996, 0.6056921252244489, 0.5634630582091665, 0.5732433060616338, 0.5419147026243016, 0.505306905377547, 0.4550210534029819, 0.4379862178766576, 0.36565531421488934, 0.3842777917033292, 0.3735258271090604, 0.39885074227427936, 0.4241465247416497, 0.40780221856879334, 0.3993673241001768, 0.4159610002633417, 0.4161990274319641, 0.4078473574961077, 0.4013429969290042, 0.3987575201499689, 0.5445556280454794, 0.5216791730624337, 0.5459745904090075, 0.6191576024879487, 0.7013075497969158, 0.7850832583740099]","[1.4477543116336156, 1.3942499072174728, 1.385628146230915, 1.3446272047169114, 1.344771219329397, 1.4680228549841507, 1.5493254642605143, 1.5446361095287862, 1.5811065381607627, 1.547171679899537, 1.5585845314468905, 1.5241421847851155, 1.4813570529280704, 1.492758785552369, 1.492061682945076, 1.484927873104196, 1.4810246233337196, 1.4874942168397862, 1.466924161278715, 1.4476368485131776, 1.524471246406294, 1.4251132969830167, 1.302237389107625, 1.1760328552006092, 1.1067633149612643, 1.0644434833757266]",1.53402318187068,1.53402318187068,1.5101784152091058,0.4231241356664428,2.2198174904960495,16,4,index_cued_first_diffusion_0.3_swap_recovery_8,512
index_cued_first_diffusion_0.3_swap_7_ablated_dir_04,index_cued_first_diffusion_0.3_swap_recovery_9,16,26,16,0.4908382587126224,1.368847659655813,0.4908382587126224,49.482837675211414,13.957341985776957,0.1416637934203,"[0.7508701530166815, 0.6204132346009219, 0.5198719567273051, 0.49710984872150055, 0.4475212383060919, 0.5198638151762534, 0.47479286610360444, 0.4695728071063703, 0.43750300422815674, 0.5148541268553447, 0.5260062713266649, 0.5169419092081537, 0.5228685614182579, 0.5333648908179104, 0.4624536122872016, 0.39061004902624946, 0.3282923803773895, 0.29003881574683615, 0.2895125100776183, 0.3233603140643649, 0.5315948476593688, 0.5819902915188916, 0.654435499739506, 0.7242157697209908, 0.7839868226025224, 0.8503684132047293]","[1.560432785484787, 1.6137229968859814, 1.7250577714374364, 1.7635930878208985, 1.6993213091083648, 1.7786788596261618, 1.7719158356262785, 1.6891340858664992, 1.6806327996405066, 1.5779414913771046, 1.497918393245656, 1.433234253174757, 1.3281625654904128, 1.2627653591279424, 1.2479587185288081, 1.242640863369986, 1.305313951621337, 1.3545377002775187, 1.3991759575930116, 1.4344496766255947, 1.2760940311254574, 1.190849380094625, 1.078182016972925, 1.001618242994904, 0.9725920142498755, 0.9686627928533952]",1.2667952270131146,1.2667952270131146,1.2534423114564988,0.5808040347334965,2.2591539335653104,16,4,index_cued_first_diffusion_0.3_swap_recovery_9,512
index_cued_first_diffusion_0.3_swap_7_ablated_dir_04,index_cued_first_diffusion_0.3_swap_recovery_10,16,26,16,0.5937543283016863,1.6521225785240323,0.5937543283016863,50.51732406367049,14.604285190272872,0.15873987711746573,"[0.6903148736663058, 0.5887211483294711, 0.5509433571308974, 0.5606927571265697, 0.5332693222844571, 0.46380094435214275, 0.47459647820434836, 0.5287487976810152, 0.5550668891756844, 0.5777253233615824, 0.6033190137440192, 0.6182551813095863, 0.56981919094921, 0.5391295356687655, 0.5090212278892626, 0.4971821344928877, 0.5197224317850122, 0.5467805550414498, 0.5934231886469564, 0.6384204360122779, 0.8764158189715608, 0.8606416972550289, 0.7983088817539661, 0.8027058201837518, 0.8411262920659631, 0.889237351189645]","[1.3219059444761456, 1.3374157887016942, 1.3484413922362743, 1.400134208450998, 1.4760098067467056, 1.7088264056547573, 1.8988378168095337, 2.0153032703323768, 2.103519897963222, 2.163825599870661, 2.1755246251792983, 2.142708317333541, 2.047120368818589, 1.9870707229838722, 1.9492530559919543, 1.9132352691794194, 1.9325067835812484, 1.9554462531912424, 2.003753143396033, 2.0528653897765112, 1.6177558716074816, 1.3406289341530988, 1.1509907829886092, 1.055047093057059, 1.0147594894576404, 1.0065075638498902]",1.382703574347651,1.382703574347651,1.5239610840953048,0.552161412556474,2.254173036083006,16,4,index_cued_first_diffusion_0.3_swap_recovery_10,512
index_cued_first_diffusion_0.3_swap_7_ablated_dir_04,index_cued_first_diffusion_0.3_swap_recovery_11,16,26,16,0.5918287005375358,1.463582486763671,0.5918287005375358,43.236199024819385,14.324238490005879,0.22947032119828192,"[0.7148989197537866, 0.5734197130950747, 0.5513745111719885, 0.7027157464284804, 0.8121819712459671, 0.9886401317733777, 0.9529187557299862, 0.8576265122911917, 0.7819728805102053, 0.670684877505611, 0.6083944719622377, 0.5230753920143372, 0.4652015484144094, 0.39889851482048283, 0.36835031605532964, 0.37983560239339076, 0.38494069031232503, 0.393786300069283, 0.4209310063533081, 0.4087244876714519, 0.669065922833344, 0.6482765419157187, 0.645591963427461, 0.6812411266715283, 0.7395365193952513, 0.8054225000745867]","[1.4981738749201663, 1.6540468014049747, 1.66606230963999, 1.817924717811331, 1.9655376782256462, 2.132763488800053, 2.125596571449961, 2.001477255135748, 1.9146232740359863, 1.8109624877029624, 1.7178173351523474, 1.621619336779236, 1.524603495908389, 1.4075923638012928, 1.3473794927524088, 1.3043762620261876, 1.305335846025965, 1.3069313511709302, 1.245695841873596, 1.223307020128352, 1.1882548867877392, 1.1707531324435216, 1.1427390938389999, 1.1038001382492204, 1.076465976957816, 1.0567831205854215]",1.3778235462783888,1.3778235462783888,1.3476215642009541,0.5410405456781686,2.58455979900918,16,4,index_cued_first_diffusion_0.3_swap_recovery_11,512
index_cued_first_diffusion_0.3_swap_7_ablated_dir_04,index_cued_first_diffusion_0.3_swap_recovery_12,16,26,16,0.5817289513209765,1.174762810090052,0.5817289513209765,50.29775885474313,14.653713120124198,0.17729754396509845,"[0.7641665730599954, 0.601972595161819, 0.5395983165311001, 0.49490373982386293, 0.45904665145000806, 0.47494325956147126, 0.45368937933541176, 0.42390018724213085, 0.4184445567321133, 0.3920867267757271, 0.40954304242287987, 0.4458317366547812, 0.4334200517200152, 0.41787498364729864, 0.47979651757132247, 0.5193639415302264, 0.6290808189994044, 0.7795533278273935, 0.8864255525739201, 1.042366335000844, 0.8925311430383993, 0.754603021638985, 0.736559118054094, 0.780930277519618, 0.8325032462921768, 0.8878018414207756]","[1.1247423554981921, 1.0089825877499545, 0.9296426675386898, 0.924134287038651, 0.884378975755202, 0.8915943693417342, 0.9611152549948364, 1.0179974621582542, 1.0345491869677312, 1.0853446603341637, 1.2004267321726199, 1.2456125232402946, 1.2752887646642999, 1.3630886400036364, 1.4627391054272814, 1.5268027212393973, 1.6505347106168942, 1.775665506941206, 1.8625736145329528, 1.9817998182552878, 1.3837146483206948, 1.1322392526882907, 1.0067509123217766, 0.9527047890286716, 0.9456501859863395, 0.9562610145467954]",1.2412571144254076,1.2412571144254076,1.1818048434179358,0.5806797009916337,2.235747878082993,16,4,index_cued_first_diffusion_0.3_swap_recovery_12,512
index_cued_first_diffusion_0.3_swap_7_ablated_dir_04,index_cued_first_diffusion_0.3_swap_recovery_13,16,26,16,0.49137005156669994,1.3648381395663924,0.49137005156669994,40.75041391442249,11.55453058407143,0.09909242697549803,"[0.7164967665753604, 0.6175209787699532, 0.5516610946979777, 0.5096009488886915, 0.44083264587386173, 0.5231776304400563, 0.5367344800016505, 0.5674978366740528, 0.5959589814775386, 0.5947769193890058, 0.6573900669441491, 0.5987521601399108, 0.5195291502834863, 0.41398836215941537, 0.34390265647253726, 0.2834372496587118, 0.28341752405866494, 0.27473419328915644, 0.28201060760036556, 0.2525868981931669, 0.5569231096149573, 0.5335092675667662, 0.5797267206951847, 0.6922974067503889, 0.7795838894141602, 0.855644356785415]","[1.5155678193951179, 1.5798663773105694, 1.6465193896681585, 1.7448686923300973, 1.7188654870894058, 1.716520429556744, 1.6949698733829848, 1.7129861970572524, 1.7420160272809682, 1.725198304788021, 1.7352831137909206, 1.6109018540140556, 1.4610674084796023, 1.3337026037232549, 1.2486284331748065, 1.1295180107778553, 1.1363337133072025, 1.1586348880603219, 1.1726975262645327, 1.186704741947836, 1.328431247566428, 1.2407191418199814, 1.1279861979709707, 1.053444446953147, 1.0193838197832843, 1.0055195858604897]",1.1558033059768729,1.1558033059768729,1.180257732604273,0.311868179545721,1.6676407589169262,16,4,index_cued_first_diffusion_0.3_swap_recovery_13,512
index_cued_first_diffusion_0.3_swap_7_ablated_dir_05,index_cued_first_diffusion_0.3_swap_recovery_0,16,26,16,0.48673152500895217,1.3549357891453788,0.48673152500895217,50.18964474095575,13.267722614823015,0.08945034350638337,"[0.9404485298725008, 0.6741978685159732, 0.47928167841595953, 0.49609300758467706, 0.5280150804154198, 0.47191433012262685, 0.49006850861619916, 0.5189173316231271, 0.4948755304728138, 0.49923546281254716, 0.4355225490605481, 0.42619475482443014, 0.394921133285843, 0.4003448813079692, 0.3888689101192058, 0.3970401558479796, 0.39820237871580394, 0.35970270141591637, 0.36623947950224994, 0.38804734395956236, 0.6324156846398487, 0.5374761461004424, 0.5637949395954747, 0.6684675684515086, 0.7560990563698486, 0.8377178070410589]","[1.7742123252226922, 1.7702469043591855, 1.7196075938163617, 1.6883340623791645, 1.7885243148657681, 1.7570554937020557, 1.7196539773447275, 1.7538331745194864, 1.7390927836072039, 1.6844699178444371, 1.6222587691723676, 1.5200787283684225, 1.3985479313732587, 1.3066272953138127, 1.1920100650103311, 1.1342877916593657, 1.097367478415198, 1.0894074026310063, 1.069266476765491, 1.0765401273916355, 1.23675443907342, 1.2122801469205648, 1.145147455413108, 1.0744225248229704, 1.034995345595345, 1.020828309607613]",1.0750522446505235,1.0750522446505235,0.9461752797305318,0.45108757669642713,1.9798394315008188,16,5,index_cued_first_diffusion_0.3_swap_recovery_0,512
index_cued_first_diffusion_0.3_swap_7_ablated_dir_05,index_cued_first_diffusion_0.3_swap_recovery_1,16,26,16,0.49845563660162306,1.1577555407707627,0.49845563660162306,47.88179269946115,12.7314465619414,0.0784315604019773,"[0.8274764473375646, 0.6231902572346038, 0.5356318432584503, 0.5442660404792334, 0.5316506319168386, 0.5565066406191386, 0.5124469638416492, 0.5010424645793378, 0.5257703108203916, 0.5413429882495989, 0.540289874609737, 0.4874694819361392, 0.41412122696644105, 0.3614576376264219, 0.3671156673225951, 0.3664633771643116, 0.3981101172995555, 0.3817936934028386, 0.4071022720802908, 0.41399082099863943, 0.5798557743559623, 0.597564334766098, 0.5846085182791629, 0.6430668303912336, 0.7265924804903222, 0.8093161585688521]","[1.4882400185324482, 1.247161667707336, 1.186652644853549, 1.1897698006745823, 1.1780695917667772, 1.3041944282003364, 1.2654232374214152, 1.2721207766421485, 1.3878938852568987, 1.3849195770592166, 1.396752241302873, 1.324045900703017, 1.2644726691315653, 1.1875535433907947, 1.0851593753644992, 1.0376715034610722, 1.0015174308116255, 0.9820593422259514, 0.9729456649779236, 0.9674321832296613, 1.4554305691453557, 1.3963756257131397, 1.216100457537583, 1.0975660552305442, 1.0442307426060715, 1.0240102727193316]",3.1465794043840267,3.1465794043840267,1.7016533781183956,4.6136065076954145,19.795355836991426,16,5,index_cued_first_diffusion_0.3_swap_recovery_1,512
index_cued_first_diffusion_0.3_swap_7_ablated_dir_05,index_cued_first_diffusion_0.3_swap_recovery_2,16,26,16,0.5240534930221701,1.053046250025283,0.5240534930221701,45.22717886036826,11.556591469884477,0.07221694209346441,"[0.8947610431852491, 0.7675896388244251, 0.6461598619277501, 0.5563452544309485, 0.5730449589095642, 0.5623678570895944, 0.529365007202404, 0.46830133286134895, 0.44128704316011225, 0.42599472647312414, 0.39828555305192415, 0.4190339523043681, 0.43677571613448507, 0.46381708066956673, 0.4970164252822552, 0.503563871909785, 0.5323018457258945, 0.545616932343135, 0.5508812583148619, 0.5490820277189717, 0.565646152415731, 0.5544608508497413, 0.5450437253800434, 0.5922491761130998, 0.672641582366869, 0.7622769310475837]","[1.3165060278470975, 1.2570103031783626, 1.0949401743080027, 1.0590566063257985, 1.0313264012117254, 1.0720996026151208, 1.0879713688382875, 1.0265495270878096, 1.0162679155351226, 1.0277703438542118, 1.0208236954608738, 1.0185155924672091, 1.0614735561011879, 1.0577217995091248, 1.0788076456518152, 1.1041647358025106, 1.1029130872091748, 1.1224458555033427, 1.1351452125824637, 1.1436926763534752, 1.2665677108764117, 1.263889746550431, 1.1489561333683946, 1.0480136298258418, 0.9907768973210158, 0.968098538392181]",1.0028458103168894,1.0028458103168894,0.8541059265657194,0.5337743416939195,2.0648408375864786,16,5,index_cued_first_diffusion_0.3_swap_recovery_2,512
index_cued_first_diffusion_0.3_swap_7_ablated_dir_05,index_cued_first_diffusion_0.3_swap_recovery_3,16,26,16,0.5384700216651866,1.1234787217159927,0.5384700216651866,54.52863665393249,13.700417382306547,0.10246650012931469,"[0.834144567821505, 0.8012384067621792, 0.5219718948312779, 0.4738837757102683, 0.5316800524725837, 0.5245867606832727, 0.5106861090786855, 0.47619770524521426, 0.4645203342145606, 0.42922513073419993, 0.4371482041977501, 0.4647534604155715, 0.48666135755594736, 0.553768331765907, 0.5709327416528495, 0.5985378813226708, 0.6260996287401888, 0.6202740676884, 0.6237265037082871, 0.6218538418449328, 0.516601685883944, 0.48044947960656026, 0.5149024762607118, 0.616419808997178, 0.7144868883389942, 0.805083503343932]","[1.448042740538863, 1.495218966159552, 1.2254271042956455, 1.179998725566483, 1.1895872435730659, 1.2054551745484894, 1.1948106997185142, 1.1479215405738832, 1.1661375063913235, 1.141193698171953, 1.1447184998755544, 1.1360456984507525, 1.1585318639527769, 1.1224373891487966, 1.1559375557539484, 1.1365892420443886, 1.1267160893800818, 1.142480837914284, 1.1451734951561, 1.1259124813627428, 1.1927450389966863, 1.202204038420928, 1.1338917611271275, 1.0729801365396603, 1.033634883804977, 1.0213514468373266]",1.0856989403156796,1.0856989403156796,0.9700071529692575,0.46400581440773864,2.046240626446669,16,5,index_cued_first_diffusion_0.3_swap_recovery_3,512
index_cued_first_diffusion_0.3_swap_7_ablated_dir_05,index_cued_first_diffusion_0.3_swap_recovery_4,16,26,16,0.5526504039407478,1.2397237016320706,0.5526504039407478,49.444026188767815,13.256220075304507,0.10714138640678794,"[0.8398859843618989, 0.6758354732101587, 0.5896417026588907, 0.5309378309494266, 0.5408822554203631, 0.5605315777091165, 0.5461062797773995, 0.701993077839068, 0.8066867756928773, 0.7468805174059359, 0.6790525712740553, 0.5648011507603068, 0.47198409055271245, 0.43947757651409974, 0.4571235641646189, 0.4446003447177386, 0.4731030427762088, 0.4486785101830893, 0.42771830513486886, 0.4612117348120049, 0.5022713730876367, 0.46726184228808754, 0.573279702960966, 0.6750512487003005, 0.7514328916650471, 0.8248481400470301]","[1.3595081769052497, 1.4451786453879436, 1.5298130819539675, 1.5004921574168713, 1.4807479058795756, 1.4853730089858581, 1.5501964160361836, 1.7179959846217085, 1.7703110539590816, 1.687529269279147, 1.6903369204130432, 1.5072657737064268, 1.2854615238061382, 1.1773385611352398, 1.0574021132999842, 0.9986745222699287, 0.9506268550384355, 0.9294120557370179, 0.9282913360659897, 0.9150580073568455, 1.1506568966943653, 1.2004116836179453, 1.0898331176086173, 1.024349636118336, 0.9903043309236897, 0.9800025933377378]",1.809255231517648,1.809255231517648,1.9593427425385284,0.5963652837615466,2.649066955112688,16,5,index_cued_first_diffusion_0.3_swap_recovery_4,512
index_cued_first_diffusion_0.3_swap_7_ablated_dir_05,index_cued_first_diffusion_0.3_swap_recovery_5,16,26,16,0.6316068832583946,1.4968906789075969,0.6316068832583946,66.55167485003088,21.682273835701032,0.49737233453637675,"[0.9158558868933652, 0.6917376000460859, 0.6360016025607147, 0.6763447556402752, 0.8120825803394535, 0.768127645870528, 0.688634889816639, 0.6126161299948621, 0.618651611020893, 0.5634926898689527, 0.5288297737848071, 0.5208429663963449, 0.43214691089896157, 0.45609902713694217, 0.4569399130837691, 0.5000589920558339, 0.5242212848495521, 0.5439002229375745, 0.5453226420802533, 0.5740629182805322, 0.7887342427538211, 0.834012339238712, 0.8733042326940155, 0.9080937830227143, 0.9320540425292292, 0.9550764487402225]","[1.811358543491609, 1.859052891972421, 1.9671843438988932, 2.077948840644892, 2.2923999742571928, 2.2286837667136545, 2.082391515978708, 1.990368419928152, 1.9341502221686586, 1.8491859109914566, 1.810611684232471, 1.717632621419539, 1.575370485433094, 1.4587580403717384, 1.3825966590573888, 1.3322669116753583, 1.2595337493131562, 1.229252555735102, 1.1854021017921785, 1.1596659816791197, 1.0505870081377573, 1.0284054693577698, 1.0164824003734916, 1.0123537331270147, 1.0096343150507092, 1.0071175530835779]",2.3271553989387126,2.3271553989387126,1.7364339314461619,1.980684844524992,9.21790533744738,16,5,index_cued_first_diffusion_0.3_swap_recovery_5,512
index_cued_first_diffusion_0.3_swap_7_ablated_dir_05,index_cued_first_diffusion_0.3_swap_recovery_6,16,26,16,0.5643661836556731,1.3258818872510787,0.5643661836556731,47.91835734866132,13.472799950833865,0.10117771399284514,"[0.8633066869310482, 0.6761346345684827, 0.5358572519094896, 0.5507857344400122, 0.568361841517154, 0.7361724870331402, 0.7738935653977232, 0.804583453631893, 0.7390308413689304, 0.677240150729979, 0.5750160949204542, 0.5128847195972499, 0.4686609018724516, 0.438092379788852, 0.40408745110358063, 0.3863734328981431, 0.38027198834583936, 0.36102713956803023, 0.35199668034339837, 0.3889035110569233, 0.5269730353097732, 0.6316081500953039, 0.7103506914828076, 0.7768399186393212, 0.8263866111334224, 0.8806695296592398]","[1.5484927953605414, 1.6019377289888215, 1.5655974958188277, 1.506430056142977, 1.6114702633739195, 1.8421796486891218, 1.8786529625137343, 1.7988281579624867, 1.7930987285593574, 1.6365121704515233, 1.5290406190227308, 1.413257162147367, 1.3228713857647674, 1.256231113328717, 1.1749629622811748, 1.0819735042392729, 1.0415600564229677, 1.0320381726859678, 1.0093309453053159, 1.0264969231619219, 1.2819085135254498, 1.2905274149483257, 1.2143446836801581, 1.1514765467549612, 1.1077104884888895, 1.0604899331780369]",2.4242509396352805,2.4242509396352805,1.782385647910822,2.4252402547790397,10.941272145290874,16,5,index_cued_first_diffusion_0.3_swap_recovery_6,512
index_cued_first_diffusion_0.3_swap_7_ablated_dir_05,index_cued_first_diffusion_0.3_swap_recovery_7,16,26,16,0.5138181265976278,1.090020448326144,0.5138181265976278,48.88592227721582,13.106323681482024,0.09221380806060431,"[0.9219057777528027, 0.7019964853024716, 0.556269204526446, 0.5801918104818522, 0.54257582156527, 0.5081609633794888, 0.5392810090499779, 0.5400451209494438, 0.572527956111843, 0.5626562685011859, 0.4712917667569025, 0.4641799875353233, 0.43441172291614416, 0.39036172585103096, 0.41363460483425485, 0.40455526500398037, 0.433909148560185, 0.4237737964063726, 0.4201665910061826, 0.4422759866671371, 0.5177165079865184, 0.48434455068526083, 0.5774374131704898, 0.6997953299620148, 0.7861604153743074, 0.8611979001556724]","[1.56066272654307, 1.3185137669369003, 1.1529446557981133, 1.134478339768767, 1.1663052029229903, 1.1240445530631333, 1.0807196842900082, 1.0837267277045615, 1.1719798908312176, 1.2276536166389245, 1.2058657377201945, 1.2121118190377032, 1.175242118053645, 1.1747861641369983, 1.162061510048752, 1.1430462072212981, 1.1181546179854231, 1.1421185006785455, 1.1291168902240778, 1.0957263376780066, 1.0796831736830574, 1.061821880975493, 0.9994608992635935, 0.9636949170003957, 0.9561971876971712, 0.9614917876984794]",1.8225969969202587,1.8225969969202587,1.9509569813893646,0.6020672147747301,2.6473395175620418,16,5,index_cued_first_diffusion_0.3_swap_recovery_7,512
index_cued_first_diffusion_0.3_swap_7_ablated_dir_05,index_cued_first_diffusion_0.3_swap_recovery_8,16,26,16,0.4875080958100643,1.4337513515209792,0.4875080958100643,48.55566026896672,12.925337704982407,0.0858435134838692,"[0.9565365646807518, 0.7062871660025679, 0.5593710321963477, 0.5739780961907879, 0.5622519077243479, 0.47437434588181804, 0.4687935201270103, 0.48927247337731194, 0.444128135570201, 0.4435533547910604, 0.43234111928387686, 0.3715157515145858, 0.38750226301779234, 0.37127482128587147, 0.3842576865818527, 0.37500118187696674, 0.3724805810231851, 0.3547757222382371, 0.3575788592480984, 0.37129222463019446, 0.57284041232346, 0.6044829593620645, 0.6397145236883444, 0.7028864535184232, 0.7639578917978102, 0.826059450938156]","[1.6354174822450769, 1.4676665209252417, 1.408431966869647, 1.3865671323429396, 1.4099328934805393, 1.4740964521044944, 1.5714296982286753, 1.546683902149405, 1.6409901259556563, 1.69697437541002, 1.7198205213502638, 1.6768112659975838, 1.6380224020383702, 1.6269146411750248, 1.600306420905823, 1.6044007382750667, 1.6027764548641366, 1.6173454143568942, 1.6051912451081431, 1.5777662783871866, 1.494438155927321, 1.3109283441610253, 1.1723139576264376, 1.0738062355524065, 1.0333430551265994, 1.005736400208031]",1.1544660558246418,1.1544660558246418,1.1285843069324377,0.4203780125161823,1.9962580948729771,16,5,index_cued_first_diffusion_0.3_swap_recovery_8,512
index_cued_first_diffusion_0.3_swap_7_ablated_dir_05,index_cued_first_diffusion_0.3_swap_recovery_9,16,26,16,0.5117965790671277,1.5502606654913222,0.5117965790671277,55.4780313205597,15.534750305773798,0.14839894720334923,"[0.9115953278699214, 0.689442417769599, 0.5329634519209936, 0.542270287051913, 0.5252284390683204, 0.5273560809442659, 0.4869109164134964, 0.4730549037525121, 0.524852695747387, 0.5158417240883711, 0.49290165279322085, 0.51068070617096, 0.4795105655245697, 0.4978789812909978, 0.4766296659231955, 0.413414772059477, 0.3788478009737856, 0.3597184964243458, 0.35291495087569913, 0.3835721143877213, 0.5454820797495364, 0.5604377555240716, 0.6370140532498, 0.7235233809600974, 0.7916019675556091, 0.8577270631808297]","[1.6523746700232531, 1.7072257201482268, 1.7559226661687264, 1.719555549710715, 1.737817904314999, 1.7865549465681416, 1.779110748868526, 1.7152860907297989, 1.7345429964599435, 1.6707666876926655, 1.6469409663266763, 1.6682915208734, 1.6434199266282037, 1.6272196938348047, 1.6797291917892225, 1.783145577496738, 1.8284716350324663, 1.8989340355899544, 1.9423936379508033, 2.0029210065904866, 1.3547698293695785, 1.1931296810375316, 1.0802264641017838, 1.0214595511603677, 1.0036622975810352, 0.9981832834759126]",1.1361954618776626,1.1361954618776626,0.7951751315615698,0.7080697243093913,2.7503533231525816,16,5,index_cued_first_diffusion_0.3_swap_recovery_9,512
index_cued_first_diffusion_0.3_swap_7_ablated_dir_05,index_cued_first_diffusion_0.3_swap_recovery_10,16,26,16,0.6907715548328088,1.7714088392854297,0.6907715548328088,53.42251755714821,15.807026436100696,0.16041627363159883,"[0.7750777621737294, 0.6439742622487945, 0.5488781626834116, 0.5651486019866223, 0.572125719287578, 0.5530805469447507, 0.5077129345148851, 0.6211994630245952, 0.7170305148964934, 0.7887389044219326, 0.8163983775242943, 0.8489009147190626, 0.82348759338965, 0.7304190363677553, 0.6998143249445505, 0.6744894124629462, 0.6382158687158592, 0.681085527166804, 0.7463805859131393, 0.7563399407149897, 0.8912971130577402, 0.866772548339824, 0.7982736625026106, 0.8020461317733847, 0.838125558506871, 0.8851716769152471]","[1.517858773245575, 1.5122509562280428, 1.4829974371953256, 1.4933233147423612, 1.55928522545369, 1.721434489285647, 1.8183690418570106, 1.9373343452675298, 2.14264955713275, 2.275216818867235, 2.387689435805809, 2.41408862153995, 2.365061587877444, 2.303526081039598, 2.239903402250135, 2.1876712628875494, 2.1366257479164257, 2.172431216173612, 2.2196927278659837, 2.1956295781829853, 1.583641093043537, 1.3207882951933982, 1.171323046899568, 1.0863134931641922, 1.0517898874556806, 1.0373275429458526]",1.3590191433144663,1.3590191433144663,1.5629854018243754,0.6014621519027505,2.7192241900233576,16,5,index_cued_first_diffusion_0.3_swap_recovery_10,512
index_cued_first_diffusion_0.3_swap_7_ablated_dir_05,index_cued_first_diffusion_0.3_swap_recovery_11,16,26,16,0.7178196318988876,1.697143437388942,0.7178196318988876,46.91211161373968,15.943281255362491,0.22749043275482772,"[0.9114715218179955, 0.7380153908237315, 0.6649129957052968, 0.8509708325231248, 1.0912243278106482, 1.2567248827188497, 1.250142325447962, 1.22898586757803, 1.2350108995228712, 1.0832944993593518, 0.9135884677831482, 0.7861092297411459, 0.6299058504546546, 0.4363776270519577, 0.38931217043747973, 0.37625344014485873, 0.3557551280922214, 0.34542181835942315, 0.35549982415623377, 0.35000496966565614, 0.712894029173237, 0.6381369794743967, 0.644554819086765, 0.7001820622925747, 0.7611287935288686, 0.8263348750591804]","[1.6844309861035789, 1.8116694261411825, 1.8390007209580916, 2.012251807714966, 2.2856312748118683, 2.4589178284600903, 2.4508824408129577, 2.4361566826069785, 2.4047314021946624, 2.3230719066091967, 2.2045766154107374, 2.0682525196498696, 1.9026646667025666, 1.6730589735702455, 1.561664044963273, 1.5116570315160813, 1.462642349448514, 1.4697283836468398, 1.4283059128517865, 1.43229989205028, 1.3439764780208654, 1.3102204008006744, 1.2110399169200294, 1.112975243919249, 1.057643427326802, 1.0209890639057861]",1.0845615126385768,1.0845615126385768,1.1062299052689402,0.4686613528900149,1.916641406381225,16,5,index_cued_first_diffusion_0.3_swap_recovery_11,512
index_cued_first_diffusion_0.3_swap_7_ablated_dir_05,index_cued_first_diffusion_0.3_swap_recovery_12,16,26,16,0.7712475096887467,1.5033692615752248,0.7712475096887467,53.530965318267896,16.552222703260178,0.17643899132314134,"[0.8283605002228928, 0.6689930705424194, 0.5476832786101876, 0.5826046433908295, 0.6046962055563699, 0.6590436730129406, 0.6666969206509368, 0.6936090312027513, 0.7679391638899418, 0.7377748727410173, 0.8187490465195343, 0.8354415463725051, 0.8352652015775259, 0.7898584496901557, 0.8230601809410903, 0.8497477573558136, 0.8489865835815877, 0.9890428410960866, 1.0826467529735202, 1.1859299342741547, 0.8257794049295435, 0.8079048766956519, 0.8086039342074643, 0.853755523124209, 0.8906503935357412, 0.9275834306479827]","[1.356457914156406, 1.1780748236820289, 1.0732460188792807, 1.0153219064320798, 1.0282857668076804, 1.1338936522413101, 1.2562788359549562, 1.3668974050994824, 1.4864097909008827, 1.650055914519576, 1.8141582446365112, 1.8917628581967538, 1.9267474396409066, 1.9059381852014836, 2.0172788196342295, 2.107499547252264, 2.1469575128688847, 2.311385988199469, 2.4034890966123195, 2.5406062259479962, 1.5146856162432392, 1.1873825524499424, 1.026262334101944, 0.9732208926428987, 0.9662663289952794, 0.9745321734724824]",1.1246428818296825,1.1246428818296825,0.7963247961903206,0.7167701882697345,2.7496309151735945,16,5,index_cued_first_diffusion_0.3_swap_recovery_12,512
index_cued_first_diffusion_0.3_swap_7_ablated_dir_05,index_cued_first_diffusion_0.3_swap_recovery_13,16,26,16,0.6106066841497498,1.4861128309131826,0.6106066841497498,43.63587164362863,12.7738906734151,0.0990255938132909,"[0.7872036304908422, 0.681027207813585, 0.5124408428554698, 0.527830180130673, 0.4707993895551831, 0.5453273105946416, 0.5509548441317796, 0.7406551259067855, 0.9766356109204886, 1.0664408347689944, 1.1234404886312113, 0.9646683552755867, 0.8499464062826242, 0.6537664302237491, 0.5626238433759514, 0.44161155794412355, 0.3335108780220082, 0.29388061809852534, 0.3342459055698318, 0.3049181604503422, 0.5053143527541593, 0.5459652222377638, 0.6126389233287199, 0.6960505424136961, 0.7701746246020961, 0.8346086335201731]","[1.5734868645977313, 1.7113817194006269, 1.7467817718896195, 1.7855552919400959, 1.8196490872269118, 1.8534385491973768, 1.836793643390913, 1.9562758078307902, 2.1521996068631317, 2.1679522455278737, 2.1859408824894064, 1.9641232729223583, 1.7684743204274993, 1.5831507926630686, 1.4074504584257244, 1.2772136104246596, 1.1850983488816254, 1.1607496766081815, 1.154913226043224, 1.1447028965658312, 1.1987400663973795, 1.1524139154445514, 1.0737374076220072, 1.03918980374783, 1.0208159684216886, 1.0108956021829967]",0.8840299226315831,0.8840299226315831,0.6836189643515658,0.552676388805808,2.207513887055694,16,5,index_cued_first_diffusion_0.3_swap_recovery_13,512
index_cued_first_diffusion_0.3_swap_7_ablated_dir_06,index_cued_first_diffusion_0.3_swap_recovery_0,16,26,16,1.1765219164692187,1.9579721514872146,1.1765219164692187,52.398045620587794,12.455433023388577,0.12625758725751635,"[1.0508353323504043, 1.089706685461148, 1.0084213043625276, 0.9106333046628226, 1.026113138287535, 0.7801861684499222, 0.7153569084977365, 0.7461655194094083, 0.7285411197124979, 0.7582035232076908, 0.7742699286540052, 0.8524279735454466, 0.9667545171794671, 1.0757355885921156, 1.3113296614864831, 1.7275244564007446, 2.34645295245678, 2.991724973538458, 3.255523708354627, 3.3683605365711, 0.6711286429557648, 0.539774013127348, 0.5692965275513538, 0.671321555852348, 0.7583453162302993, 0.8417082749537041]","[1.727473142816366, 1.8156827316995514, 1.781130043237658, 1.764212913924428, 1.9336466107112962, 1.7831889433585923, 1.8383594707143507, 1.8334597777376618, 1.8405909279484376, 1.8896412101821636, 1.9066538983256873, 1.8829888690149992, 1.9482201810133948, 2.0274079733108126, 2.248234804245065, 2.7230123855327464, 3.20379977253083, 3.6569150902907426, 3.7925730850822266, 3.8919090463658867, 1.368242553720257, 1.2104126962572215, 1.1106264465187259, 1.0540530696010382, 1.0288469642917348, 1.019459803287767]",2.136947772159489,2.136947772159489,2.4175129731600133,0.7179194178536846,2.861599921714876,16,6,index_cued_first_diffusion_0.3_swap_recovery_0,512
index_cued_first_diffusion_0.3_swap_7_ablated_dir_06,index_cued_first_diffusion_0.3_swap_recovery_1,16,26,16,1.1035983768685849,1.7483686227415631,1.1035983768685849,51.415149725544275,11.91936862435484,0.1250312621030908,"[1.0668464283334012, 0.9324277333656908, 0.795078960856819, 0.7130482359531819, 0.6869681294226768, 0.8131786849562025, 0.7385243306878775, 0.6895705740625186, 0.7704262894221194, 0.7827024031772937, 0.7701577077625658, 0.8021434715323181, 0.8766085983974728, 1.003376897144359, 1.2531929741763352, 1.6526336625015323, 2.2584982777925187, 2.751409641321286, 3.229138590875505, 3.240319998010779, 0.6911255056205117, 0.4706369753622985, 0.5113925819653145, 0.614912294879122, 0.7113313299265331, 0.8026614704873394]","[1.561577524605709, 1.5203752532904609, 1.4612347666456555, 1.3706565130208304, 1.3695085612496252, 1.4848569019498716, 1.3567820559413053, 1.3330905652511358, 1.467144326531784, 1.5605659760159654, 1.6349303666016108, 1.7503535115429782, 1.820094438806764, 1.9330591622786375, 2.0906807996635814, 2.4422472152853327, 2.9076078007854367, 3.2634972750004265, 3.607379159670405, 3.761945899096654, 1.5587117245830533, 1.2930008606235472, 1.136705563082187, 1.0459616967847611, 1.0077891906759648, 0.9972316891996033]",2.6920690562649074,2.6920690562649074,1.30848418438117,4.464726155192335,19.209377176339288,16,6,index_cued_first_diffusion_0.3_swap_recovery_1,512
index_cued_first_diffusion_0.3_swap_7_ablated_dir_06,index_cued_first_diffusion_0.3_swap_recovery_2,16,26,16,0.9901708088071349,1.4733700003275723,0.9901708088071349,47.68447086684491,11.352573886315938,0.11087057335246953,"[0.8137856708722155, 1.0297977848053248, 1.0532841754473092, 0.9033442725942865, 0.8789154422611554, 0.8461791410088833, 0.734227085562571, 0.6364137420067881, 0.6964979624641306, 0.672246647291586, 0.690834637307923, 0.7470186608623378, 0.7725300233537866, 0.8678376116389064, 1.059447246820855, 1.418970686978724, 1.878256198766941, 2.2211070603662955, 2.4067961358510703, 2.5049164752101176, 0.6137788807580602, 0.5056097542045741, 0.5062727409855936, 0.5938744365489093, 0.6981011343469472, 0.802580512212644]","[1.4695975075151875, 1.5597506947951412, 1.6101155354414336, 1.4783228326955633, 1.5217349178083077, 1.6120094265446656, 1.4831651906069268, 1.368835011685676, 1.298988220028945, 1.2362463305107796, 1.154378111290489, 1.1637767699279085, 1.1675606524475763, 1.21696323979261, 1.344939153864417, 1.7011524220626835, 2.157645365405461, 2.5204504472016342, 2.704453562023845, 2.8996650656917122, 1.2408183539506754, 1.2668337949827901, 1.1800852433271138, 1.112240804815811, 1.06161942395919, 1.0221413677958606]",2.184401002899341,2.184401002899341,2.21335251506415,0.7786565569541819,3.5089674110137703,16,6,index_cued_first_diffusion_0.3_swap_recovery_2,512
index_cued_first_diffusion_0.3_swap_7_ablated_dir_06,index_cued_first_diffusion_0.3_swap_recovery_3,16,26,16,0.8864883087109101,1.3862322665852056,0.8864883087109101,57.272075074933866,13.03066071607098,0.15055412058381512,"[0.8796365348505591, 1.0899791604116036, 0.9481308603618729, 0.7527030845235321, 0.8202686157794656, 0.8245111283637576, 0.7324788706259588, 0.6758469755926024, 0.7253196478813151, 0.6836007234211833, 0.6690899226615762, 0.7336808043170726, 0.7536207323407528, 0.7633665946492396, 0.8764693489800037, 1.0529891849098627, 1.3507724317928829, 1.7891249037817567, 1.938686825489059, 1.855294787112257, 0.5406164876896303, 0.5408975485601043, 0.6030082857182504, 0.6959145321880686, 0.7714641854343438, 0.8420842329444592]","[1.468566847043948, 1.7138700361403791, 1.472816191662879, 1.284932892570708, 1.2991558796293028, 1.4076201303781446, 1.297829050418929, 1.3127661628825038, 1.3061063679535279, 1.2477170167701574, 1.2035593743449882, 1.202587485683074, 1.2283931272930593, 1.2800113069506938, 1.367817044682723, 1.5996825293410633, 1.8339207653478267, 2.220835019718872, 2.3594040508277123, 2.4938537845890605, 1.240912354330178, 1.1910168870219822, 1.1212689534620168, 1.0714242151800322, 1.038103125228029, 1.0243035105710465]",2.144261485194499,2.144261485194499,2.42776894480039,0.7275404725783686,2.8829760980207997,16,6,index_cued_first_diffusion_0.3_swap_recovery_3,512
index_cued_first_diffusion_0.3_swap_7_ablated_dir_06,index_cued_first_diffusion_0.3_swap_recovery_4,16,26,16,0.9329196722464904,1.717862701055796,0.9329196722464904,51.595848862511815,12.431819588638554,0.13955104035299182,"[0.8639211561573008, 0.8449721115040102, 0.8317079393982098, 0.6114133522413288, 0.5879293565024872, 0.6879450363237442, 0.6550290868028904, 0.6573386818181426, 0.7254624654002638, 0.7095407044567593, 0.7177855505452989, 0.7641339607217097, 0.7770757513628943, 0.8262149921830502, 0.998909277813763, 1.2728053864099642, 1.685302019801126, 2.1131525158876863, 2.378307456062101, 2.294472945380291, 0.5467080486496384, 0.5203873951012487, 0.6424450853594288, 0.7374423992479007, 0.8043754152516294, 0.8661879322090626]","[1.373665977777421, 1.5930111762199197, 1.695748612321892, 1.6864603154936348, 1.7284372651548991, 1.6900036273140044, 1.7736639413574309, 1.83896873848348, 1.870060936896107, 1.846719227316296, 1.8294835165353305, 1.7946404748670308, 1.758790556035832, 1.7793578813948998, 1.8782511360989584, 2.114130360059147, 2.4688330367724665, 2.810780921938253, 2.980182208184208, 2.9382287783084378, 1.2264539506368215, 1.1377342160206971, 1.043960363202949, 1.004214676777158, 0.9921235007437442, 0.9947156408567713]",1.2838162971431224,1.2838162971431224,0.8861832210146439,0.7893387684482457,2.8344204474059875,16,6,index_cued_first_diffusion_0.3_swap_recovery_4,512
index_cued_first_diffusion_0.3_swap_7_ablated_dir_06,index_cued_first_diffusion_0.3_swap_recovery_5,16,26,16,1.1413485096536722,1.7438865166819166,1.1413485096536722,68.31427278464342,20.100602438377322,0.5173651718010714,"[0.9269388421882598, 1.039748122024831, 1.0544573187986765, 1.0189041891886397, 1.1738178142293094, 1.1730075178901942, 0.9470690849100093, 0.8527844839315161, 0.8575030471414354, 0.8265263853138825, 0.793208194536049, 0.8679274257896304, 0.8767862114454018, 0.9613706617277862, 1.1449233347186452, 1.5077666882228367, 1.9436423349909613, 2.283742778173268, 2.5379603639807398, 2.408922779600883, 0.8455835944489944, 0.8583557161981901, 0.8911101111628057, 0.9215975363855572, 0.9431197621273368, 0.9635127459275235]","[1.5058546186644086, 1.709994520376124, 1.9803650332802063, 2.108361744427408, 2.314773890221767, 2.163146202172877, 1.9621118353236946, 1.7577645822262005, 1.676916070711778, 1.6318205451925876, 1.5758339870232432, 1.5465657205328605, 1.5616758657210579, 1.612174511254106, 1.8341979216911062, 2.1721126139402904, 2.512645494431066, 2.788442129576982, 3.0432490338334626, 2.988194758064897, 1.048705455573671, 1.0310554492829416, 1.0253941174263907, 1.0211730826857897, 1.0161888551173759, 1.0105174086194835]",1.8336962437445103,1.8336962437445103,0.9604157999933045,1.6896117654823857,7.272357678961974,16,6,index_cued_first_diffusion_0.3_swap_recovery_5,512
index_cued_first_diffusion_0.3_swap_7_ablated_dir_06,index_cued_first_diffusion_0.3_swap_recovery_6,16,26,16,1.118080932900953,1.8974981063117613,1.118080932900953,49.31445974513811,12.140205073807227,0.13472066201687027,"[0.884642398852725, 0.9189500822366674, 0.9538703464743774, 0.8751067756545243, 0.8828813366050663, 0.9230508361208042, 0.8307492662931223, 0.7031569862715684, 0.723952093770499, 0.7098730266867916, 0.7195673292987634, 0.8024002104496495, 0.8156944074382586, 0.9457189958316486, 1.2356263927813176, 1.609087804293066, 2.120773271700237, 2.6463163620958285, 2.875244464463529, 3.1090446408056844, 0.7067792131219339, 0.6954897915774165, 0.7455878527706422, 0.7947645613005001, 0.8393698408498727, 0.8894543342132779]","[1.5886048866005067, 1.8048797671834422, 1.9492478945827212, 1.919449237865713, 2.000201190409325, 2.047724866835469, 1.968993875797683, 1.8366797407337772, 1.7891947188653892, 1.7235935853240454, 1.6998601972192442, 1.7164278813076017, 1.7631874757557124, 1.9003217552418346, 2.1362010207351054, 2.5135720670299757, 2.933289916141276, 3.2658364876887047, 3.3428223613987997, 3.5746101163651653, 1.325841580768719, 1.279197017812084, 1.2272155411770023, 1.1674428970793347, 1.1201555311523312, 1.0694031926701717]",1.8592809881550187,1.8592809881550187,1.0144525843806105,2.086462971971616,8.849524514115696,16,6,index_cued_first_diffusion_0.3_swap_recovery_6,512
index_cued_first_diffusion_0.3_swap_7_ablated_dir_06,index_cued_first_diffusion_0.3_swap_recovery_7,16,26,16,1.1820119336169248,1.6683792294609705,1.1820119336169248,51.93064600251704,12.932816954893934,0.13736146107779534,"[0.9030824087536703, 1.0211249524046542, 0.9190535336712877, 0.7893893893323424, 0.6330878326939695, 0.7083273747581684, 0.7522423149785786, 0.8303253089936175, 0.8921475150892081, 0.9104265290608171, 0.8589505354069293, 0.8975505136107985, 0.9061870627541567, 1.0062865569471753, 1.3100123999251634, 1.7821465862725854, 2.3668859975696606, 3.059982032626579, 3.448085138413947, 3.511279137587134, 0.5584629488554034, 0.5252529844737613, 0.6276759536427617, 0.7298081893555753, 0.8010237050398396, 0.870109152398196]","[1.5337119431649588, 1.5951419570377736, 1.5104630039298956, 1.4362694635733155, 1.4036411481595514, 1.4082448964119905, 1.4127707976807113, 1.4443092061867366, 1.5066482668973045, 1.4981656100290208, 1.4269219024733009, 1.4657969768169066, 1.4793998737754, 1.621410456061527, 1.851928765305239, 2.248808096852414, 2.77983856552852, 3.3649148517991905, 3.719306795340562, 3.9603786179512235, 1.1224155817214978, 1.0198739958636414, 0.9595622980447263, 0.9420888516832261, 0.9504632714153638, 0.9644814877274306]",1.2962348630197675,1.2962348630197675,0.8811950361456095,0.7992970570492606,2.819540018128223,16,6,index_cued_first_diffusion_0.3_swap_recovery_7,512
index_cued_first_diffusion_0.3_swap_7_ablated_dir_06,index_cued_first_diffusion_0.3_swap_recovery_8,16,26,16,1.132895245598726,1.5799842056141087,1.132895245598726,51.538017240536824,12.026218559435781,0.13010940106172475,"[0.8603710458638576, 0.8768703074212824, 0.7567807111373622, 0.7551608615175828, 0.6831023231056376, 0.6414023889361481, 0.643603509072655, 0.5938357646390433, 0.6746170043237836, 0.6718843006051315, 0.710315201666327, 0.7892501460608038, 0.8722022499801932, 1.0557926903253438, 1.3043778478103005, 1.7904202040028687, 2.4131548974430443, 2.9745025931555085, 3.271713801323995, 3.512771239536072, 0.7704999824664311, 0.6741607171142168, 0.6770410462807509, 0.7187691339530526, 0.7766746489780161, 0.8323745835587794]","[1.627320370122168, 1.559646031324986, 1.52362748575483, 1.3773642539807525, 1.295503237383494, 1.250899234476086, 1.2958190766781628, 1.213209353944122, 1.1603130551999556, 1.1525519239727255, 1.1623306785212748, 1.1487809546221979, 1.2020549594831562, 1.3089261139877433, 1.5775922267678155, 2.13272057164858, 2.8256871419140084, 3.339958436164934, 3.6506087788657373, 3.774788642942762, 1.4010709358166844, 1.229948397036527, 1.1135116799444122, 1.0486335790085124, 1.0186068890624846, 1.003551044807591]",2.2638472415958377,2.2638472415958377,2.488760371663143,0.523244398617988,2.8019945884732724,16,6,index_cued_first_diffusion_0.3_swap_recovery_8,512
index_cued_first_diffusion_0.3_swap_7_ablated_dir_06,index_cued_first_diffusion_0.3_swap_recovery_9,16,26,16,1.469508406357872,2.1314771826409884,1.469508406357872,57.7536005077436,14.52649364258107,0.1670004945262369,"[0.9041966058998361, 0.9179804311200283, 0.9622533831489041, 0.838049249156526, 0.7241222765168807, 0.835403686939277, 0.7687117196501302, 0.7267027073729784, 0.7089585822079176, 0.6792384250567742, 0.6462061979503343, 0.7093595411489214, 0.7785048221255257, 0.994947474871322, 1.4149611121706114, 2.174285487427866, 3.3539044994590164, 4.424084138388377, 5.528680343254626, 6.408523659363377, 0.8451952814279265, 0.6333192201254383, 0.6849055786605123, 0.7549200347428114, 0.808724230611039, 0.8663563589152701]","[1.586669570418507, 1.8058430819611415, 1.9962508599562747, 1.8999595550189927, 1.9394104778778887, 2.026001680445416, 1.8906340657838383, 1.6629259431744812, 1.6017879485061006, 1.5307410567401434, 1.4894363325605706, 1.464831497866619, 1.4889807987483026, 1.6043685750258436, 2.015647578152313, 2.7856439169323473, 3.9462208304313604, 4.888412069573726, 5.966668050829614, 6.748955690260385, 1.3118942360992694, 1.1127819526678364, 1.009771830505568, 0.9760618296579686, 0.9728741535034612, 0.9779359023539769]",1.9852935978450612,1.9852935978450612,2.0658589847209163,0.9088133971438033,3.893630826354407,16,6,index_cued_first_diffusion_0.3_swap_recovery_9,512
index_cued_first_diffusion_0.3_swap_7_ablated_dir_06,index_cued_first_diffusion_0.3_swap_recovery_10,16,26,16,2.317161464774466,2.979479830488625,2.317161464774466,50.20036591816768,14.38154910098676,0.11332695366235657,"[0.9071373899004797, 0.8789144260320182, 0.738084698907977, 0.6169893837186046, 0.6656889324971595, 0.7666110131110994, 0.8189683172002901, 0.9472914264800868, 1.1522711921756699, 1.3512416764606872, 1.4274652810100774, 1.6560057313207464, 1.9171135698285489, 2.317162775310864, 3.105586953128003, 4.3694880999547685, 6.162308204175481, 7.675649133516831, 8.772460068215223, 9.220897342310474, 1.3138780550581324, 0.9303172723115045, 0.8249913413642528, 0.8407495268889654, 0.8688892305994418, 0.9072114752179274]","[1.409676110992251, 1.4375204513741453, 1.4845018139715997, 1.4926760648857365, 1.625975551730163, 1.6924402386756854, 1.7790757998497368, 1.885084253634566, 2.127241987201558, 2.3791717287857757, 2.490449278058629, 2.6273269884093793, 2.8424211171335636, 3.2203249706452053, 3.93113329497849, 5.123217112441089, 6.830246472459287, 8.192136629923768, 9.109940124956774, 9.587976414920899, 1.685072548972416, 1.351405831800276, 1.1908355981171739, 1.1010685555170363, 1.0580279535986543, 1.0327335103330184]",2.065891603938966,2.065891603938966,2.050924189387148,0.8276638255743042,3.627122303121281,16,6,index_cued_first_diffusion_0.3_swap_recovery_10,512
index_cued_first_diffusion_0.3_swap_7_ablated_dir_06,index_cued_first_diffusion_0.3_swap_recovery_11,16,26,16,1.4448425042379835,2.031161320848538,1.4448425042379835,50.3545031776825,15.039229891998815,0.25101105275817037,"[0.9270916501650407, 1.0810099747473214, 1.2045688032057147, 1.3700116986984123, 1.6064071472184493, 1.7511345554164637, 1.5850202170143564, 1.4270222877108794, 1.3573485597407406, 1.2890216558910204, 1.1589886563174177, 1.1701119583457595, 1.2170898298837634, 1.2396056124186114, 1.4776062326989206, 1.901423778648499, 2.5227993557352364, 3.0102389876839966, 3.238842932600131, 3.6019772880923173, 0.7266875170614302, 0.6345356423262826, 0.6510706108480812, 0.704046038103947, 0.7626778874158902, 0.8262241145628259]","[1.6789489975438656, 1.9617358389588144, 2.1384737402366514, 2.2756362698758767, 2.5414328178699335, 2.586695960528236, 2.4636903877726146, 2.267889835684742, 2.1263026904957623, 1.9880027530640165, 1.8478360043978022, 1.7087309945190545, 1.6923597172744365, 1.698066080606194, 1.9952582568581398, 2.3591646076997583, 3.0037035578409945, 3.363982162283719, 3.5991496742564557, 3.8140657029658045, 1.399766975430206, 1.2850658900538516, 1.1794932279780959, 1.0981297188484707, 1.0578955301597295, 1.0363828952613812]",2.1650067617575,2.1650067617575,2.3557378328024408,0.7497465858056211,3.0251600722251473,16,6,index_cued_first_diffusion_0.3_swap_recovery_11,512
index_cued_first_diffusion_0.3_swap_7_ablated_dir_06,index_cued_first_diffusion_0.3_swap_recovery_12,16,26,16,2.1599256789044268,2.559209649616592,2.1599256789044268,54.566082217943,15.2315795287843,0.18906023804831817,"[0.9650279219876652, 0.9468651087568454, 0.8550399637366486, 0.7887211675013297, 0.8490769357916884, 0.8283416096491552, 0.7453899528918901, 0.7524579006862694, 0.8286272844647579, 0.9029106854404583, 0.9893941708734902, 1.1623002226202082, 1.4086709670486344, 1.7941639448927251, 2.5842921243964043, 3.8903559312397293, 5.662247757804264, 7.376807465433938, 8.643627091697105, 9.90534936471827, 1.0454675751012397, 0.7746564439774932, 0.7774746659743503, 0.830613271891739, 0.8738127099696643, 0.9177787479259405]","[1.392297497925979, 1.342520641973667, 1.2565056891241306, 1.1846174072154751, 1.238327937669464, 1.372175516377993, 1.3838871410428202, 1.4176888620075971, 1.4474119208281984, 1.5501222651192692, 1.6519842200603962, 1.7521397863873427, 1.989810177417282, 2.362822495922128, 3.080136553385314, 4.306101452813871, 6.013286004576673, 7.6389920511747915, 8.901697173170888, 10.204477817002784, 1.3750988407257543, 1.0593322345630218, 0.9578585093604419, 0.9354765633347741, 0.9420162069362432, 0.9576293457561438]",1.9487569062391583,1.9487569062391583,2.031046890928011,0.8812545863309229,3.832726765543708,16,6,index_cued_first_diffusion_0.3_swap_recovery_12,512
index_cued_first_diffusion_0.3_swap_7_ablated_dir_06,index_cued_first_diffusion_0.3_swap_recovery_13,16,26,16,1.45839024246465,2.3022259629730604,1.45839024246465,44.82133326076185,11.750594508475853,0.1279625972885372,"[0.769267574499036, 0.8595941060647169, 0.8273756813763088, 0.8314168733671441, 0.7429352001936196, 0.7818527637618462, 0.7756156458720198, 0.8608125199329522, 0.9946189546879558, 1.0531431303635508, 1.0888262708037417, 1.200720489251555, 1.3063749282194361, 1.4836419110918315, 1.8835881918967639, 2.470599055717258, 3.3241442137926636, 3.9981846908776, 4.582258913167623, 4.667928184516047, 0.7239899751944038, 0.5588294314744295, 0.6075155292938499, 0.7035451549927678, 0.7810490065085574, 0.849903388825473]","[1.5015844501271172, 1.7144064530645717, 1.7967282422359567, 1.895213055803357, 1.929524136745962, 2.0274618972620946, 2.0422937638258047, 2.095277777167364, 2.242543937580237, 2.352700453596545, 2.405167246193164, 2.4194752550508998, 2.501193050427125, 2.5959279583462957, 2.896010316590094, 3.4183106288723124, 4.129859198109581, 4.605565154087718, 5.088851860068663, 5.160475463517531, 1.266499085272577, 1.0772126253261944, 0.9872105233540132, 0.9790368611336779, 0.9830570464255299, 0.9941616443574747]",1.890581615487219,1.890581615487219,2.0681503993944936,0.6410573125356646,2.8319473434557736,16,6,index_cued_first_diffusion_0.3_swap_recovery_13,512
index_cued_first_diffusion_0.3_swap_7_ablated_dir_07,index_cued_first_diffusion_0.3_swap_recovery_0,16,26,16,0.4869060966815358,1.3032792085228961,0.4869060966815358,36.57277833654862,10.388994325535105,0.08630725973942877,"[0.8901028347588423, 0.6870075547872915, 0.5725068802488202, 0.5290438023005551, 0.5138229955325224, 0.5160171503572433, 0.5321347835914858, 0.5107450337662525, 0.47545809862673893, 0.44704956446615307, 0.41420217766894574, 0.40718223115599544, 0.3997499400882112, 0.3826046337000704, 0.3711143538085201, 0.39145479911323355, 0.4023309774107195, 0.3909941477841514, 0.39635663336484694, 0.40583763173102, 0.5751009530712068, 0.5562225076596671, 0.5677960179417071, 0.6402753639673293, 0.7228977159154625, 0.8132022965647127]","[1.522507823763802, 1.651738344916423, 1.6286336833346093, 1.6612002321024686, 1.7852377418327539, 1.6571027523303778, 1.66232177436572, 1.6401826032671376, 1.541387226756696, 1.5135415479293997, 1.4180324598617977, 1.3941313574409648, 1.3147438572392938, 1.2475797900278796, 1.18581620117082, 1.1516379352583177, 1.1321089147309225, 1.1072864653826588, 1.0640430246914376, 1.0557723138280257, 1.2482463838343372, 1.2251737036448611, 1.1589818138532921, 1.0988011036018748, 1.0609892797932234, 1.0386299970362152]",1.1682599775144549,1.1682599775144549,1.1554224388804784,0.42420319176199345,1.8140182760118329,16,7,index_cued_first_diffusion_0.3_swap_recovery_0,512
index_cued_first_diffusion_0.3_swap_7_ablated_dir_07,index_cued_first_diffusion_0.3_swap_recovery_1,16,26,16,0.4796100885435631,1.0787445700770533,0.4796100885435631,37.29203049780547,10.277662339861958,0.07900945855066033,"[0.863619899402346, 0.6848646528508863, 0.545008166780159, 0.49070074487589804, 0.48676231589197855, 0.5514739907075108, 0.48816363421976283, 0.46747537578544573, 0.4527126465654897, 0.4172356212005715, 0.4316563645525289, 0.4153422289264051, 0.40839330871569346, 0.38967451306543244, 0.39493910771797636, 0.39893161410477845, 0.3928703042272354, 0.4115751675928051, 0.4261750741581577, 0.4408625229250989, 0.588331689096126, 0.5790397516993216, 0.5549422306066115, 0.5911710901223266, 0.6591531820593318, 0.7411941079678682]","[1.4749872882205015, 1.377783949517654, 1.298202484253326, 1.2960483307323218, 1.297123276206325, 1.314829202770559, 1.2474190930380373, 1.2188795151077765, 1.2055458391007905, 1.1833572803632597, 1.1533157252963375, 1.0557928553382119, 1.0005583270886045, 0.899110772951358, 0.8466940102251769, 0.840127870715063, 0.8224163687331887, 0.8077464442125134, 0.8150354781092595, 0.795755842266723, 1.491431148081039, 1.4171385759006017, 1.2499239445961918, 1.1217889138458939, 1.046889650958838, 1.0139005569681656]",3.4081151106586134,3.4081151106586134,1.8475152561104196,4.677184905479235,20.271606312745533,16,7,index_cued_first_diffusion_0.3_swap_recovery_1,512
index_cued_first_diffusion_0.3_swap_7_ablated_dir_07,index_cued_first_diffusion_0.3_swap_recovery_2,16,26,16,0.535941192094015,1.0510628676868135,0.535941192094015,31.500118392156303,9.042841135413255,0.07738783118879089,"[0.8992641428172236, 0.737536371044274, 0.6213344736223408, 0.5235148684040566, 0.5124368245403378, 0.5494781964207403, 0.5512157045426848, 0.495634730771236, 0.45066766239323747, 0.43207908804445866, 0.45187182586391894, 0.47649489296657005, 0.5006378533014927, 0.5280063453583831, 0.5468925733128964, 0.5410997906352087, 0.5442297928201478, 0.5614102897190485, 0.5685704486278752, 0.5639145536713494, 0.5617533127207008, 0.6105344493782775, 0.585828462721741, 0.5851672899074823, 0.6321067367561678, 0.7048447709823004]","[1.386138281936383, 1.3394723194602611, 1.185455367739616, 1.006891688914679, 0.9439976022037598, 0.9775538081112187, 1.058130119352344, 1.0051241409372798, 0.9707785126471313, 0.9790190130097796, 1.0244610674489105, 1.0028277273702502, 1.0324110298584082, 1.0508740204257034, 1.0570982536475935, 1.0842084940118433, 1.0846529699700966, 1.0892366294514544, 1.0982176074018228, 1.1175048524171503, 1.168447434537248, 1.2615106644218788, 1.2549916562125816, 1.191355244619208, 1.1207766365080871, 1.0591371164213026]",0.8268691894868712,0.8268691894868712,0.9122591767997682,0.32484262802812064,1.2692907279971026,16,7,index_cued_first_diffusion_0.3_swap_recovery_2,512
index_cued_first_diffusion_0.3_swap_7_ablated_dir_07,index_cued_first_diffusion_0.3_swap_recovery_3,16,26,16,0.5316226977095773,1.1557101290947753,0.5316226977095773,41.30846719866754,11.0016045498856,0.10722737500951385,"[0.771074078842241, 0.7729879881201537, 0.4876278770007695, 0.47006073005488697, 0.4967144735965434, 0.5227635355170188, 0.5275616270345664, 0.46832399133976693, 0.452605055774028, 0.4317262028015931, 0.44848858978018497, 0.4592664489885156, 0.4884520313318928, 0.5250835158712122, 0.5511579356760109, 0.5710465054944281, 0.5986860107400495, 0.6027184054407274, 0.6063176545348066, 0.6168431598167496, 0.5052029411049018, 0.5354452907512326, 0.5594760993615133, 0.6333549957342617, 0.7094921149505055, 0.7904998404231356]","[1.3303474463199843, 1.5314084400471795, 1.2919625551314822, 1.2200042469558157, 1.2880218392438287, 1.2432078058746516, 1.1931603529287513, 1.178829511803476, 1.1843062873874524, 1.2003493625000226, 1.2009139256229209, 1.1867575799867476, 1.2061864783067855, 1.1830678473340366, 1.1932478316139248, 1.1820314217040149, 1.1767134542677626, 1.1692010029732147, 1.171942011035648, 1.1718517201491334, 1.1605146733770442, 1.1878548495268133, 1.1532094151288843, 1.1126882773626137, 1.0694142440085876, 1.0528889980667326]",1.193448836145297,1.193448836145297,1.1496886345012003,0.4233266824279395,1.8858484218717764,16,7,index_cued_first_diffusion_0.3_swap_recovery_3,512
index_cued_first_diffusion_0.3_swap_7_ablated_dir_07,index_cued_first_diffusion_0.3_swap_recovery_4,16,26,16,0.5185583223663354,1.1713871105351807,0.5185583223663354,36.70991134898599,10.561615372755938,0.10255747370599644,"[0.7890483993484608, 0.6839029096803874, 0.553897494241691, 0.5113723832857755, 0.5254298822992127, 0.5302096606094979, 0.5752808385588266, 0.550582194679296, 0.5050536735775871, 0.4075370200922889, 0.44144104169442855, 0.4244430493556875, 0.4101947445680061, 0.4395021240897071, 0.4706548918956046, 0.48818102509629885, 0.5034995704114564, 0.5014937253763149, 0.4973067612227614, 0.5259029355899034, 0.5311854082121241, 0.5370437958412528, 0.6017576152701657, 0.6898579080922894, 0.7623865130171138, 0.8397500301856229]","[1.3609872421082825, 1.5506799745133253, 1.5745356756114872, 1.5143819259264406, 1.515730878451219, 1.477298808995926, 1.5367454358432604, 1.5809078042948712, 1.477334408159093, 1.3884880264753647, 1.3541301837781132, 1.262539352137716, 1.1561079390198128, 1.0501167162182756, 1.0307909258731303, 0.9885604357876203, 0.9593063887769246, 0.95367445386285, 0.9232039020723247, 0.9141949392513885, 1.054018109748276, 1.0690770917801828, 1.0042877849332643, 0.9797528940383643, 0.9696535189146704, 0.9801073567933045]",1.8346703145752286,1.8346703145752286,2.0744093269961814,0.7666690896004007,2.9710684174508404,16,7,index_cued_first_diffusion_0.3_swap_recovery_4,512
index_cued_first_diffusion_0.3_swap_7_ablated_dir_07,index_cued_first_diffusion_0.3_swap_recovery_5,16,26,16,0.6439183321570257,1.4749813942133487,0.6439183321570257,61.89098349911663,19.37278849218925,0.49860271250036137,"[0.8144745115919019, 0.7078632287505594, 0.65600510444782, 0.6435676557123091, 0.8751474812198557, 0.878706422371214, 0.8439967050140499, 0.8309441846289566, 0.6942945416601765, 0.5445028390743791, 0.4735523990494016, 0.44339924458855906, 0.413715117317244, 0.4205403943738325, 0.43375574802176475, 0.478717767635351, 0.5054333344530683, 0.5351666281733017, 0.5546851632354759, 0.5794448249467482, 0.8021397124497163, 0.8384465401550929, 0.8735774941160116, 0.9040743439055113, 0.9271068273502265, 0.951711355272179]","[1.6580451512367578, 1.8720330844131996, 1.9963849088406567, 2.123210392212618, 2.362421420563212, 2.35761416858999, 2.2293641486311957, 2.1487392152350173, 2.016552011956938, 1.8515473435317125, 1.7205909785658502, 1.5927196752846244, 1.446844085900444, 1.3470390864232438, 1.2628416993369358, 1.2123798200109808, 1.1586714156461804, 1.130393183980845, 1.09518699659094, 1.0622405683328016, 0.994548925219084, 0.9987289759492307, 1.009051245065985, 1.0138743224236406, 1.0124942327678639, 1.0100435369109806]",2.6155439085386663,2.6155439085386663,2.0031656277105756,2.0774854828661056,9.121231656651851,16,7,index_cued_first_diffusion_0.3_swap_recovery_5,512
index_cued_first_diffusion_0.3_swap_7_ablated_dir_07,index_cued_first_diffusion_0.3_swap_recovery_6,16,26,16,0.5283295223966477,1.374886731120483,0.5283295223966477,34.82421388767488,10.48086228818817,0.09864567813803149,"[0.8608127186451788, 0.7117430683671757, 0.6292961769068314, 0.5147924315129068, 0.5346002158055354, 0.600405394394916, 0.6952492147550824, 0.6827493249758775, 0.6323811027710972, 0.5917536622666008, 0.5697492387714397, 0.5068758590965902, 0.42415805714997407, 0.36136422494692894, 0.3675646947013117, 0.3340879325392261, 0.3336745034702012, 0.34044214189999983, 0.3269787314959225, 0.3468834591974247, 0.5504217953247832, 0.6253644418122621, 0.6871929132500981, 0.736408881008399, 0.7825563064128264, 0.8389349003136714]","[1.549164280133855, 1.6041399183936624, 1.4623972481897558, 1.4803670531552378, 1.5503753934768172, 1.7966149180178062, 1.9530238878566035, 1.9489885715027355, 1.902502083194579, 1.78685344209256, 1.6892180640408994, 1.589192152501129, 1.462733254158875, 1.3520164975311801, 1.3199181103586453, 1.2167525549931812, 1.168591120361298, 1.161738621114838, 1.144260406277042, 1.1288786085325686, 1.1734420606727445, 1.175842399188956, 1.155070685591687, 1.1267555770992201, 1.0954739452850717, 1.0546525909570696]",2.704240622263288,2.704240622263288,1.9954509941731446,2.483391620420086,10.849425392410463,16,7,index_cued_first_diffusion_0.3_swap_recovery_6,512
index_cued_first_diffusion_0.3_swap_7_ablated_dir_07,index_cued_first_diffusion_0.3_swap_recovery_7,16,26,16,0.5322858897046495,1.1214478599207065,0.5322858897046495,35.473249789377974,10.552809947139416,0.08545873392989334,"[0.8250535506632263, 0.6641536447769787, 0.557820853779586, 0.5163862932345217, 0.5669532809742562, 0.6112869326370792, 0.6181003353479656, 0.6012802943074855, 0.5417225183537566, 0.5133021988118754, 0.5171541892415641, 0.46093831651270967, 0.4492755709397084, 0.4471270093459688, 0.4541980186890297, 0.453907061679577, 0.4675976773442818, 0.4625787151080348, 0.4681697833690484, 0.49686199441772383, 0.5442712426363427, 0.5309119240396334, 0.6078449288181667, 0.6908721837434675, 0.7636243757797047, 0.8411340262016122]","[1.4113882710042522, 1.3725316274258288, 1.2739862162343247, 1.266616914465451, 1.3144642391436225, 1.3181924459182577, 1.2637630135660904, 1.2686738084311648, 1.2826748377000086, 1.265992934268175, 1.2648596208619787, 1.2191667223782199, 1.195278285608203, 1.188067383597108, 1.1446800327107727, 1.1324755631269765, 1.1102254114862964, 1.109430027662669, 1.105054237705866, 1.0788057039622427, 1.0302479650328267, 0.9732059765526199, 0.9344007363126331, 0.9236221493703817, 0.9365239123118683, 0.9580209132053104]",1.844821733553077,1.844821733553077,2.1053613621520446,0.7697989299686461,2.972130706137678,16,7,index_cued_first_diffusion_0.3_swap_recovery_7,512
index_cued_first_diffusion_0.3_swap_7_ablated_dir_07,index_cued_first_diffusion_0.3_swap_recovery_8,16,26,16,0.4718976266732262,1.4742833012349643,0.4718976266732262,37.73069815472673,10.36731738953016,0.08912492392179017,"[0.8732049591543806, 0.6972648848631857, 0.5930153649873221, 0.537576998834844, 0.5549817102510718, 0.5465398978128146, 0.5607698957987418, 0.5046901184644028, 0.4360391398994704, 0.39252923805953, 0.38351904755796606, 0.36293984809661706, 0.37558993557583814, 0.36087032557792137, 0.38418264971268307, 0.3717117720576133, 0.37086709997240225, 0.3669101084271895, 0.3722289823886227, 0.3897151209459479, 0.5425202225908665, 0.575991573524473, 0.5494889371992039, 0.5821486887507072, 0.6508798489370584, 0.73952880728039]","[1.649508107056339, 1.6324030732295922, 1.5706569125059675, 1.5027747607696038, 1.5446173359905295, 1.6092303546407243, 1.680462095512773, 1.6353942773284533, 1.6603305647285553, 1.6378162623509986, 1.6498083245322934, 1.6063060734226307, 1.598362997020355, 1.6034503899021715, 1.581553346200557, 1.5818215582506276, 1.5987038353356782, 1.6101065218753254, 1.5900872088194375, 1.5691233316152824, 1.4872565372248523, 1.3894839433817852, 1.2892931904162543, 1.1997868966636736, 1.1342304605374927, 1.0871030526505687]",1.236435779380709,1.236435779380709,1.3198710918164558,0.4025523005810322,1.7780977325774676,16,7,index_cued_first_diffusion_0.3_swap_recovery_8,512
index_cued_first_diffusion_0.3_swap_7_ablated_dir_07,index_cued_first_diffusion_0.3_swap_recovery_9,16,26,16,0.4841668109929563,1.4305346972073942,0.4841668109929563,46.81951825148703,13.010050201159874,0.14385804789600254,"[0.7997971149989719, 0.6432905467486141, 0.5477866953785562, 0.44611357918032185, 0.43335687275581414, 0.513662725999749, 0.48229401913550646, 0.40686048625903726, 0.44248341625133797, 0.4607208141727077, 0.5359054774286925, 0.5280013715314997, 0.5263107837335188, 0.5427121662421122, 0.49009123801083, 0.40157853494741313, 0.3374839607242021, 0.29244693919725573, 0.25154450482386626, 0.22935582188305947, 0.5369082995384772, 0.596604079376045, 0.6580465608904174, 0.7102061897484707, 0.7630834111756736, 0.8231800663683968]","[1.538125068836189, 1.680690450956018, 1.6899702861628003, 1.7031175828979814, 1.7507122374741708, 1.8754525726973033, 1.8351499287945772, 1.6758064053783055, 1.5650179472667798, 1.4572153669878716, 1.409872406987041, 1.4126919207872302, 1.3958262701480686, 1.3985034048443437, 1.4510346361172255, 1.5295204308339014, 1.5902032311998462, 1.6400005567182987, 1.6760383038411848, 1.713347721592815, 1.2817800538094815, 1.1230485232803644, 1.0523062355938264, 1.0184776263447604, 1.0010768685764202, 0.9959572473670875]",1.5322404535630703,1.5322404535630703,1.49974299956514,0.6085235237848089,2.8646784238204024,16,7,index_cued_first_diffusion_0.3_swap_recovery_9,512
index_cued_first_diffusion_0.3_swap_7_ablated_dir_07,index_cued_first_diffusion_0.3_swap_recovery_10,16,26,16,0.600489967258881,1.6508061973019343,0.600489967258881,38.672117159349405,13.191142700862802,0.14120231046088683,"[0.7740861763614759, 0.6589175109794899, 0.5501863449819393, 0.5565621424796579, 0.5346100848550982, 0.5165205113666383, 0.5831340044797827, 0.5991641471811268, 0.5795726950467999, 0.5892516332615393, 0.5928019157736689, 0.5916840428630906, 0.5689300058598443, 0.5421392853930245, 0.51152636729562, 0.5265077698486256, 0.5534139875076719, 0.5797531441424999, 0.617824991818884, 0.6142421945555563, 0.783588851445757, 0.7569743661614339, 0.7636822625678068, 0.7940676191423646, 0.8269344862433659, 0.8674113905977616]","[1.403017838163442, 1.5263341662527496, 1.4643598794246715, 1.4430732676717937, 1.542098311355771, 1.7419633589789547, 1.8358414044032194, 1.9290284084997396, 1.9735728409188975, 2.0528746349956846, 2.0813684246395305, 2.08025494988159, 2.0526946481702724, 2.0218123060632256, 1.9931025416862187, 1.9732894307621982, 1.9805650266300527, 1.9824642327851998, 1.9915887773957075, 1.9561693228270918, 1.4914024402555128, 1.2624907964499577, 1.156158909023218, 1.0986681188186997, 1.06376934908582, 1.0490133275856015]",1.616503994870257,1.616503994870257,1.5894667065863923,0.5252411622539945,2.7274007461777274,16,7,index_cued_first_diffusion_0.3_swap_recovery_10,512
index_cued_first_diffusion_0.3_swap_7_ablated_dir_07,index_cued_first_diffusion_0.3_swap_recovery_11,16,26,16,0.6759130955395266,1.7011284208746351,0.6759130955395266,38.81288042865651,13.237697718078419,0.22021352914825776,"[0.818561007288416, 0.7627862133871439, 0.7100669280088729, 0.81590452442081, 1.0838657644426575, 1.2380550080414914, 1.2136187258812805, 1.1384098948831163, 0.979790487721436, 0.8363312488613585, 0.7357794758183518, 0.5949010003855498, 0.47474337997303867, 0.38200195465562903, 0.365962456881888, 0.39058101843901194, 0.4053078335190799, 0.4151653482402276, 0.44424763472485357, 0.45785657537381275, 0.6839575642546896, 0.64742661392335, 0.6317996265911409, 0.663087423763339, 0.7084180129270155, 0.7687905305286714]","[1.5493072422979446, 1.7342389897977335, 1.7463999453024697, 1.9317513803012367, 2.2324432462702246, 2.351130379358731, 2.401079334130936, 2.414394940077298, 2.337125422822973, 2.2327411102967156, 2.1705109356337022, 2.053449179777572, 1.9202216824059979, 1.7694973528028395, 1.6645844945389243, 1.6338438631825023, 1.5937629881153026, 1.5587542673528205, 1.5229890450937182, 1.487654449553761, 1.3348219109711559, 1.3076603067552928, 1.2422609050212428, 1.1704899172721814, 1.109385028799165, 1.0669884919140715]",0.9074149918980167,0.9074149918980167,0.9930560133853872,0.3425117669689178,1.491576596400353,16,7,index_cued_first_diffusion_0.3_swap_recovery_11,512
index_cued_first_diffusion_0.3_swap_7_ablated_dir_07,index_cued_first_diffusion_0.3_swap_recovery_12,16,26,16,0.745978956788922,1.417060026338013,0.745978956788922,42.466889952775205,13.533594905841053,0.1674475731149654,"[0.7549001868880728, 0.6765061994693033, 0.5196566597581815, 0.5014184682308918, 0.5365957138699662, 0.585471652873349, 0.6195302542314354, 0.6545534914006716, 0.6503054317706188, 0.6544998797664261, 0.7326522049650268, 0.7488732090589206, 0.7479752707383575, 0.7542026377803274, 0.8028296628417769, 0.8973899849861968, 0.9984868248427833, 1.0709599283434648, 1.1691249514017488, 1.2734191640337174, 0.8290142289133962, 0.7417153532247249, 0.7609242840329989, 0.8064176271841227, 0.8445840887932534, 0.8817912211125535]","[1.262807459942269, 1.0563575505643277, 0.8942205079660369, 0.8547702420072836, 0.9055998408724759, 0.9971216320636405, 1.1117252265152577, 1.2025455607808242, 1.2664923944666888, 1.3692710439957452, 1.5493758201121064, 1.6504075334278334, 1.7417739375262415, 1.813703805889623, 1.9524145548179377, 2.122674135597528, 2.248852580149202, 2.3427352692725623, 2.47057329680308, 2.5651753030454647, 1.4188567730484791, 1.1556585334329974, 1.046933184418228, 1.0007736054911112, 0.983648303229073, 0.9809926386469052]",1.5357174936064344,1.5357174936064344,1.474346352068953,0.6039484538705205,2.881788060149492,16,7,index_cued_first_diffusion_0.3_swap_recovery_12,512
index_cued_first_diffusion_0.3_swap_7_ablated_dir_07,index_cued_first_diffusion_0.3_swap_recovery_13,16,26,16,0.5026217896434563,1.2622508501256893,0.5026217896434563,32.1766721643278,9.922290262908245,0.09430730174525426,"[0.8635248803644917, 0.693949263542254, 0.5608879046278055, 0.5276397748557703, 0.4940050529869007, 0.6282379750012564, 0.7215626289170894, 0.7955504068962421, 0.7543698843657053, 0.7064113326404085, 0.6483671570802869, 0.5492438192863264, 0.44529915437186995, 0.3111042203544655, 0.22525090325030175, 0.21945419457112453, 0.23673363873950704, 0.2608604478590239, 0.25764132918329646, 0.2785747644258231, 0.4816672553132365, 0.5093092488674988, 0.5585387573057167, 0.6447010464548439, 0.7245868080733399, 0.8049142431550441]","[1.4148074797152064, 1.502707868107289, 1.5251106714023308, 1.5735436382653805, 1.6121283847716652, 1.7523348023678849, 1.7610263113407856, 1.786105118327205, 1.7273146130540116, 1.6668750940085295, 1.5445758727884238, 1.4473036209696855, 1.3036391614892833, 1.1701157424630255, 1.112612346624341, 1.0651504328350856, 1.0301186034150784, 1.0104926050972236, 0.9980783655370279, 0.9783290474656424, 1.1423430390374743, 1.0422961961476047, 0.9693659357823399, 0.9541041845794821, 0.9538776226649379, 0.9631381697371384]",1.0935794359862678,1.0935794359862678,1.183171023884529,0.4334815157878192,1.9040005905117565,16,7,index_cued_first_diffusion_0.3_swap_recovery_13,512
index_cued_first_diffusion_0.3_swap_7_ablated_dir_08,index_cued_first_diffusion_0.3_swap_recovery_0,16,26,16,0.4773621617639663,1.3436436310303153,0.4773621617639663,38.44361900915079,10.700897227593599,0.08054766386709478,"[0.7323832451134544, 0.5671290458081768, 0.4658866097502641, 0.4323547929887866, 0.4170532834924568, 0.4584325064324093, 0.5332754962656066, 0.5280170214839333, 0.5396456240325272, 0.48375730216441765, 0.4080412699922181, 0.416441783724427, 0.4172791173893251, 0.42361658902295724, 0.42914094209619563, 0.4273899486207078, 0.41789894562814495, 0.4030418756886253, 0.41178375180182736, 0.39034073908120454, 0.6363225410844722, 0.604514548428269, 0.5371046776734194, 0.6059931139532432, 0.6949443829319136, 0.7916373475417326]","[1.5928979977018103, 1.5747246685102074, 1.5121883358067343, 1.5288910004073932, 1.6375806415793766, 1.5741810430386114, 1.6843805332675716, 1.674341650578622, 1.6955289155684385, 1.6889630226727996, 1.5783583646969648, 1.508311755164141, 1.4349383120380954, 1.343224604862084, 1.2795151510777312, 1.2429781593909925, 1.2336709954021379, 1.2095623994706965, 1.177997485172334, 1.187131334110566, 1.2281845646804774, 1.2265918128015743, 1.1762728629099692, 1.126225461340959, 1.0875033029078802, 1.0540780609618596]",1.8406777760339463,1.8406777760339463,2.2095548366055615,0.7429434407598678,2.7514280018357855,16,8,index_cued_first_diffusion_0.3_swap_recovery_0,512
index_cued_first_diffusion_0.3_swap_7_ablated_dir_08,index_cued_first_diffusion_0.3_swap_recovery_1,16,26,16,0.5149338482566005,1.148195226360897,0.5149338482566005,36.351658950595656,10.016684653417055,0.0734967411379599,"[0.7762885825681349, 0.65708730330161, 0.5515050829430577, 0.46696818278185886, 0.4567044861099915, 0.5072504661552324, 0.5391146373063238, 0.5277751066312998, 0.6321940893218915, 0.6627820334870065, 0.6434669382783604, 0.56259682868619, 0.45664963823129, 0.3610130424451975, 0.30594109716100926, 0.2946262780536657, 0.2926053395111956, 0.2956002232355849, 0.30835885705339744, 0.2963142785432414, 0.9006811822977275, 0.8466229878125111, 0.7104284903287682, 0.6477932007649538, 0.6879278050587835, 0.7762563757747898]","[1.474449576719891, 1.1814441071484667, 1.149053751344874, 1.110224907079221, 1.1277641510582732, 1.276273788892734, 1.376895144593718, 1.3512596219443194, 1.479514553077402, 1.4760804468976754, 1.4137626925644229, 1.3118584160581244, 1.1935779550423324, 1.0709216249183464, 0.9817524454379877, 0.9576780234516552, 0.9403316871470372, 0.9149552586192021, 0.9146705320692214, 0.9184003263300022, 1.6756436291954044, 1.4921618477800294, 1.2369609307907332, 1.0711732802096223, 1.0028134073804518, 0.9813571359842297]",3.698612067356048,3.698612067356048,2.0577920698921286,4.508623651340615,19.33978018017209,16,8,index_cued_first_diffusion_0.3_swap_recovery_1,512
index_cued_first_diffusion_0.3_swap_7_ablated_dir_08,index_cued_first_diffusion_0.3_swap_recovery_2,16,26,16,0.5299929495061498,1.0419114540845924,0.5299929495061498,36.48893177121192,9.576165518093703,0.0690648435158292,"[0.7435824396806128, 0.6789853620407071, 0.6103484515105708, 0.5212363608992008, 0.4687183016063697, 0.48429805563975115, 0.4784581861467588, 0.46176160656215703, 0.451267456243088, 0.40468540097603295, 0.45563473800007515, 0.4422286479323448, 0.4613465878717151, 0.4995452545958913, 0.5131817983512525, 0.5130681436140548, 0.5118992074422738, 0.5366961755605373, 0.5458889255074296, 0.5315251684849628, 0.6951197549623092, 0.7311432766531032, 0.6345763268052965, 0.6519422122683645, 0.7194573623960555, 0.8100254104985674]","[1.32132629587128, 1.2203385876054471, 1.176639084226192, 1.0978514058064934, 1.1156839244580747, 1.1015466636597493, 1.0816351656948948, 0.9882045245243092, 0.963722297190151, 0.9469948621130649, 0.9489622738539065, 0.9296389633597733, 0.9207186183364708, 0.935557585330463, 0.9644319361888674, 0.9714440942998442, 0.9706798738739721, 0.9879055110892888, 1.0118082947854328, 1.0278525872675293, 1.2470615388316424, 1.3959268142179089, 1.3911653144972025, 1.2934875204390575, 1.187958351108703, 1.1036377310106462]",1.8925309293774952,1.8925309293774952,2.1122969055764784,0.7365579685104345,2.9261875419721095,16,8,index_cued_first_diffusion_0.3_swap_recovery_2,512
index_cued_first_diffusion_0.3_swap_7_ablated_dir_08,index_cued_first_diffusion_0.3_swap_recovery_3,16,26,16,0.5200896818324814,1.185164333610445,0.5200896818324814,42.61051266770787,11.209930649338963,0.09747601585944632,"[0.7657330186111238, 0.6125498825404994, 0.4509300768188442, 0.4595251722025194, 0.46140340288416143, 0.3959881372766658, 0.4359357928522851, 0.470009067753839, 0.5788625476622135, 0.5756932169247324, 0.5564017591502598, 0.5012387718224743, 0.47091286205289523, 0.5093999817553175, 0.5094073208673857, 0.5195365229509726, 0.5240279815171343, 0.5276650922815613, 0.5387707651536928, 0.5252889195349352, 0.5889191421597173, 0.5805325700635169, 0.5790089142033973, 0.6470178077613022, 0.7217420666377014, 0.7973948870218557]","[1.2302226993190586, 1.2825558652667264, 1.0925535262020225, 1.0500659452897514, 1.0588386238424312, 1.137220447800378, 1.2112089647534803, 1.2025960050494628, 1.3022306725682535, 1.335523711238465, 1.3670645816170812, 1.3120301216477135, 1.3100266422460063, 1.2631142750734103, 1.2694748751227063, 1.2554148989049114, 1.2429401738861119, 1.2516992402454887, 1.2200561042916616, 1.2520529578576056, 1.2949430202170689, 1.362265639634255, 1.2795468418795575, 1.1881320324450055, 1.1220229866444131, 1.071166340976131]",1.8500923985116988,1.8500923985116988,2.2252772730910637,0.7507509387939271,2.7511636194194633,16,8,index_cued_first_diffusion_0.3_swap_recovery_3,512
index_cued_first_diffusion_0.3_swap_7_ablated_dir_08,index_cued_first_diffusion_0.3_swap_recovery_4,16,26,16,0.5613450850694223,1.1494315063100613,0.5613450850694223,40.05485970801024,10.956183331091434,0.09867738503480816,"[0.727147959476061, 0.6011916767872701, 0.5982820524485647, 0.5080294453091827, 0.43252987032939455, 0.5027186345582727, 0.564636598633981, 0.6976402562068079, 0.8294420678365058, 0.8033200869116174, 0.693847899353731, 0.5417575094980532, 0.4589823670694776, 0.44679279359344004, 0.4493370032791285, 0.46124507657950475, 0.4518103147440771, 0.4524498832302093, 0.4534910123929521, 0.44986648170357807, 0.587277214034983, 0.6279976128175087, 0.687601771376897, 0.7367390474637996, 0.7789009947067425, 0.8310211224025359]","[1.410007015126423, 1.4689403887592847, 1.541386942505967, 1.5316086789546968, 1.5698108316728088, 1.5216170126513706, 1.5718441314565854, 1.6358570420408856, 1.6192696019255373, 1.5433192653746963, 1.3650369587539144, 1.1744486870601527, 1.022177836565599, 0.8832515485203488, 0.8198579290340358, 0.8183327743908708, 0.7977613021784746, 0.8068685255892982, 0.7939765360946063, 0.7834429288092084, 1.1107772871539534, 1.1224103646765702, 1.0680307433372382, 1.0513374525954693, 1.0396003230733555, 1.0385011266469053]",1.5480890043683373,1.5480890043683373,1.735139868304099,0.6803333164525275,2.379960261303811,16,8,index_cued_first_diffusion_0.3_swap_recovery_4,512
index_cued_first_diffusion_0.3_swap_7_ablated_dir_08,index_cued_first_diffusion_0.3_swap_recovery_5,16,26,16,0.6238139676256079,1.381387201172099,0.6238139676256079,56.9811191767621,19.03078350582136,0.5025637370140058,"[0.7980690034885742, 0.5913263054021081, 0.5274230189720386, 0.5101735714219897, 0.6363853842271884, 0.641567334737558, 0.7502478526292048, 0.692279285083358, 0.7333734559677052, 0.6842569535353163, 0.6444618880377663, 0.5710064651017868, 0.4744767055039734, 0.46726282904185323, 0.45051224747043334, 0.47787604791138505, 0.5089240304985878, 0.5104964325390188, 0.5322534943923019, 0.535700345764489, 0.8027304550478904, 0.8498350370008269, 0.8879326674500173, 0.9194573331415322, 0.9399155371872886, 0.9605079569117982]","[1.6353753049168451, 1.6877147614831145, 1.8323301995362076, 1.9344394615894505, 2.1541713027327396, 2.1009903267475925, 2.123473817959171, 1.9714408468495044, 1.8775295466592439, 1.72552771481092, 1.6031461018284145, 1.5314316330567699, 1.3930019233149953, 1.2466599123403292, 1.1579270711027894, 1.1179074303405458, 1.082253962268862, 1.043325711171275, 1.0258907184658377, 0.9970442337198665, 0.996815047983714, 1.0059611716751469, 1.0004162887179204, 0.9960230086742411, 0.9955553751334616, 0.9948040197080553]",3.0901279568854467,3.0901279568854467,2.0287751973750847,2.352469992430842,10.859867852377159,16,8,index_cued_first_diffusion_0.3_swap_recovery_5,512
index_cued_first_diffusion_0.3_swap_7_ablated_dir_08,index_cued_first_diffusion_0.3_swap_recovery_6,16,26,16,0.5349612870115651,1.4076366541141934,0.5349612870115651,36.34491578180407,10.994824709463744,0.10173337688503448,"[0.7026340176494246, 0.6060109910349624, 0.5717853405627931, 0.49460770560813005, 0.4879643658160928, 0.5730909231105186, 0.64570642122871, 0.6583301376192375, 0.6751084662627818, 0.6180505390302167, 0.5507289015842919, 0.46038110758427947, 0.3870896506318576, 0.40506214224595233, 0.4149242769451451, 0.4083420437017706, 0.4041973670756707, 0.41327021660685687, 0.4082216971828985, 0.4112890545989652, 0.563473743504405, 0.681231342112137, 0.7188807345052783, 0.7611231148865428, 0.8062173785028923, 0.8651775830671837]","[1.4530627729820804, 1.4481282331711645, 1.427302340515707, 1.413225896047877, 1.4914671231438978, 1.7347975027830587, 1.9119987728898513, 1.8795884720329865, 1.8977854847028253, 1.8111981407936664, 1.697996447274182, 1.588063148125824, 1.527342863686049, 1.4202385982067094, 1.3760989168383888, 1.3064677368066233, 1.3037968620333096, 1.2822776983090953, 1.278461748804645, 1.2912653225214195, 1.37426951285457, 1.3621906233039276, 1.2561405231940426, 1.1623783690923872, 1.1032732014897713, 1.0525361637120225]",3.148603132486903,3.148603132486903,2.0415947531860548,2.7796643929950333,12.670513305580757,16,8,index_cued_first_diffusion_0.3_swap_recovery_6,512
index_cued_first_diffusion_0.3_swap_7_ablated_dir_08,index_cued_first_diffusion_0.3_swap_recovery_7,16,26,16,0.5468397564512361,1.1762576947474008,0.5468397564512361,39.135484874032755,11.166577895814939,0.08560319580824971,"[0.7782740957056331, 0.6880353096668016, 0.6027837456210497, 0.6043483705596523, 0.5968579673335878, 0.5687354503793893, 0.5713892840088007, 0.574974662939891, 0.6490177528963851, 0.572944774932408, 0.545716728247612, 0.4899800781682164, 0.45534199949845183, 0.4701959187494933, 0.4796139607631081, 0.4506341081218681, 0.47742598131753944, 0.48322667356694815, 0.4870225872876656, 0.4920922866042919, 0.5732878138595957, 0.5498588895765634, 0.5944987978519521, 0.680625085604575, 0.752683595607112, 0.8348095934327212]","[1.4457425571387228, 1.3915028951856296, 1.3169200518853834, 1.2556113131180036, 1.2882023612524864, 1.3139563075845346, 1.3800677822030467, 1.3818189612180332, 1.4315643257567083, 1.3627673482710545, 1.2999800320901942, 1.2580825578796184, 1.178433831078469, 1.150268027607194, 1.129136795946401, 1.103486123694238, 1.0822246723885356, 1.093883190032842, 1.0821234749426085, 1.0723386866938531, 1.200971101770699, 1.1980639999890381, 1.153765138754814, 1.1167098881875899, 1.0889989232123922, 1.0579019882393752]",1.5516393627811351,1.5516393627811351,1.7470688131321073,0.6817079834190769,2.4022856186090085,16,8,index_cued_first_diffusion_0.3_swap_recovery_7,512
index_cued_first_diffusion_0.3_swap_7_ablated_dir_08,index_cued_first_diffusion_0.3_swap_recovery_8,16,26,16,0.4701124288422433,1.328786150511414,0.4701124288422433,37.86539703574134,10.314704426768868,0.0812946434409505,"[0.8593566319318351, 0.6210004729210268, 0.5566721360873588, 0.5314210954710433, 0.5085669563493972, 0.47381192675599376, 0.44073172968123503, 0.4749491762959253, 0.4229410936481925, 0.4019469890114456, 0.37128452570839704, 0.3661640443556613, 0.38807677989440603, 0.413695163755485, 0.4356899013703524, 0.42430625042470266, 0.41308512562425326, 0.40299264762664944, 0.4131172646461306, 0.40708750812771477, 0.4961490020290343, 0.5364227118935765, 0.5793322092705943, 0.6270172090654041, 0.6963328841073048, 0.7809000596222475]","[1.4931418065678934, 1.4099240240138926, 1.3674009467080623, 1.2921574597913685, 1.3097665921792234, 1.3370340632279343, 1.4796928325648866, 1.4468694506558506, 1.5095826039247626, 1.492742852231817, 1.5174512569376597, 1.4839502530467437, 1.467164606015118, 1.4418194658620407, 1.4223670587605097, 1.4318362297666047, 1.4423067622243393, 1.4631034586367397, 1.4481689039499526, 1.4478396103047737, 1.4093413101363166, 1.2818736786423555, 1.192848456340873, 1.117171251014925, 1.068251526107596, 1.0424087139369316]",1.8824670664680339,1.8824670664680339,2.0412406392765043,0.7027682657955375,2.7432657360551804,16,8,index_cued_first_diffusion_0.3_swap_recovery_8,512
index_cued_first_diffusion_0.3_swap_7_ablated_dir_08,index_cued_first_diffusion_0.3_swap_recovery_9,16,26,16,0.48990590915399546,1.4126675808190938,0.48990590915399546,46.07544823255038,13.18189988779984,0.14677182268230748,"[0.7242445175496367, 0.606271104167584, 0.5114298052734875, 0.4633510458640352, 0.416895528215868, 0.47140101674037527, 0.4827066475357684, 0.4715544865691644, 0.5119866865381747, 0.5440375671211296, 0.5672796997221623, 0.5478234409869143, 0.5549566665052953, 0.5530556106393537, 0.4977056372311567, 0.40977043804847973, 0.338361832797855, 0.26620087910073276, 0.24465336380244082, 0.22498727872425736, 0.518472823136744, 0.5983797623276095, 0.6505914622558889, 0.7219731484214839, 0.7776149958295985, 0.8479409033470068]","[1.5259677605007773, 1.5915693657744494, 1.6125127094883047, 1.5920878591837302, 1.6262223228745871, 1.692306211940294, 1.7621518899536872, 1.6476162503126681, 1.6092776742318764, 1.5284792174359392, 1.4826140684526645, 1.5028119607034347, 1.4654542099453614, 1.4511297068074425, 1.474711243147729, 1.5288597558872763, 1.572789567251148, 1.6069601867618863, 1.6296057439186729, 1.689558477715245, 1.3155230603702242, 1.1490425237220394, 1.027275404377559, 0.9712735627994904, 0.9563788124986273, 0.9603228709834163]",2.4103185763263033,2.4103185763263033,2.794313716912881,0.8764015556442674,3.527557474932752,16,8,index_cued_first_diffusion_0.3_swap_recovery_9,512
index_cued_first_diffusion_0.3_swap_7_ablated_dir_08,index_cued_first_diffusion_0.3_swap_recovery_10,16,26,16,0.5523903433376602,1.5127069236866504,0.5523903433376602,41.979473585070416,14.019726312132576,0.15257810176553788,"[0.7776961376276923, 0.6642668419873742, 0.5782116360765788, 0.539884428535979, 0.5608498606760944, 0.4779478043033888, 0.5049279335374527, 0.5372999242430118, 0.6114925329701737, 0.605164769108216, 0.5410748897382367, 0.5178238912063475, 0.4483663125939831, 0.37476062693014983, 0.3434924505533659, 0.3394245011076812, 0.36910552782369105, 0.41710698688445996, 0.4444816925643875, 0.510028909949729, 0.8028959579333554, 0.8732521223624051, 0.8047135248469232, 0.808258759145143, 0.8490115414929371, 0.8989148627885064]","[1.4223810872192366, 1.420955829126145, 1.379761131243896, 1.352664011154068, 1.4446411210297663, 1.5654178721821785, 1.7129797346241429, 1.7289252985560442, 1.8046111801478772, 1.8570976414361489, 1.839231113150537, 1.8527283997635107, 1.7957265577722878, 1.7125346503290524, 1.6761019497105314, 1.681877224745873, 1.7222571201202077, 1.7614436556524005, 1.795905607607234, 1.8374324827421589, 1.5452183285363665, 1.3531664514260935, 1.1714555080881308, 1.0735982344861246, 1.0286262315766683, 1.0096642740717054]",2.4237940731638288,2.4237940731638288,2.311733800846741,0.7838109365878726,3.567417754292056,16,8,index_cued_first_diffusion_0.3_swap_recovery_10,512
index_cued_first_diffusion_0.3_swap_7_ablated_dir_08,index_cued_first_diffusion_0.3_swap_recovery_11,16,26,16,0.7289580840148848,1.6097795707858922,0.7289580840148848,33.55019175027989,13.523537193377262,0.219644377401922,"[0.5798039312810971, 0.551618199817292, 0.5248272840769493, 0.630156694184441, 0.8866817032179071, 1.1450798075084172, 1.3632281697878539, 1.3186984170282674, 1.4099480296812847, 1.3604208917168412, 1.2031533520441289, 0.987578027145224, 0.739894694561568, 0.49681909197615, 0.3687718087320755, 0.3129708769329211, 0.3164021096983623, 0.3291843503198885, 0.3350497764711614, 0.30031812613263154, 0.7525278545401219, 0.7780811838304317, 0.7066954149755355, 0.7036413600712667, 0.7409676367392889, 0.8005867151128967]","[1.57871459923295, 1.6470612986065594, 1.617586291696038, 1.7108797969865779, 1.9649911297118132, 2.0678863577331468, 2.2591382596618117, 2.179814032508306, 2.2950143791929283, 2.25028975673962, 2.1426902834184487, 2.0068627440959412, 1.8079108626713212, 1.601551424166367, 1.5180425915899556, 1.4643065466421303, 1.4562874127600025, 1.4435854907310421, 1.3759410463044692, 1.379354774761827, 1.3469779041916043, 1.361690463566612, 1.2848122577727068, 1.200982587849652, 1.1379155879011191, 1.0866765191134424]",1.784505746155954,1.784505746155954,2.1027547459501665,0.6722350832490991,2.7243232520704295,16,8,index_cued_first_diffusion_0.3_swap_recovery_11,512
index_cued_first_diffusion_0.3_swap_7_ablated_dir_08,index_cued_first_diffusion_0.3_swap_recovery_12,16,26,16,0.7035006318246125,1.2701613966611425,0.7035006318246125,39.60886999017835,13.726140707065701,0.1706132160965489,"[0.7836306803493297, 0.606230219610883, 0.565404065336091, 0.5203490085266299, 0.5036290419474051, 0.5493024189169208, 0.4973155287468657, 0.5127308174778472, 0.6115929885848402, 0.6674197849829646, 0.7051102344519155, 0.7283879424658563, 0.6997203500146235, 0.6354209144892117, 0.6311106904971325, 0.7337483528461047, 0.8498478422897414, 0.9790069690799931, 1.043361920046456, 1.2801455153791594, 0.9267909722687558, 0.7980777412185972, 0.7508354300714483, 0.8015858195387978, 0.8509680948408658, 0.9022168472723059]","[1.1817658692887332, 1.0103042517544867, 0.9632633571242613, 1.0012891340542636, 0.9953325078007833, 0.9088936550363304, 0.9578126121550683, 1.0051310137566527, 1.1090548530907511, 1.23759681173269, 1.4107833448115772, 1.4394172244280574, 1.4515175064534394, 1.485203145081303, 1.5746862313197203, 1.695486582993022, 1.816712166348526, 1.9517793664554448, 2.0203006920307565, 2.2518836260746116, 1.4435255065456107, 1.1951002509698827, 1.0544450204753961, 0.9921305414047865, 0.9737671750021212, 0.9757936032916004]",2.391357730966635,2.391357730966635,2.8065336175434545,0.8666521047454812,3.5141577423209007,16,8,index_cued_first_diffusion_0.3_swap_recovery_12,512
index_cued_first_diffusion_0.3_swap_7_ablated_dir_08,index_cued_first_diffusion_0.3_swap_recovery_13,16,26,16,0.5133098103626549,1.4036601182156438,0.5133098103626549,31.681054438174403,10.279200100303523,0.09399001979934973,"[0.7164947625163399, 0.6721132471787914, 0.5540869229723365, 0.5201993595881634, 0.4699275968525372, 0.5326031469283414, 0.6379102937742296, 0.7215287363480264, 0.860027501135659, 0.9062929803014425, 0.8179118341873937, 0.6844014286953689, 0.4982664092462579, 0.3674343326361448, 0.29660364928606914, 0.24233888282058427, 0.20862133975275438, 0.22011367377317692, 0.21684751224593615, 0.18308511917930795, 0.5187174492473645, 0.5159484447407511, 0.5611097607011968, 0.6461206305368647, 0.7304627117187988, 0.8102694486467185]","[1.4284267637996224, 1.5826582449481232, 1.617108700610915, 1.6776412093061823, 1.697348274232818, 1.7344813121495464, 1.8407316797380098, 1.8603400571709843, 1.9726640357167968, 1.9728047406895028, 1.876459675427654, 1.7265978407029179, 1.5907603601422702, 1.4200764343297625, 1.315331650519622, 1.269071028652678, 1.2398533448519067, 1.2095721957808252, 1.214601554373415, 1.2100303184998533, 1.2090359037117029, 1.0817264022625084, 1.0087224455110841, 0.9842007321101459, 0.9776795733140413, 0.9829039539073319]",1.9953188378508904,1.9953188378508904,2.143585601688354,0.8346161935595388,2.912969168928671,16,8,index_cued_first_diffusion_0.3_swap_recovery_13,512
index_cued_first_diffusion_0.3_swap_7_ablated_dir_09,index_cued_first_diffusion_0.3_swap_recovery_0,16,26,16,0.5132425047991275,1.4202885585124356,0.5132425047991275,53.13511415379915,13.040565921642091,0.07015633894776063,"[0.8749814843276962, 0.7588109648642498, 0.6478109454189769, 0.5463541564807108, 0.5666770345302171, 0.5369673666215603, 0.5341498187608945, 0.5145333379744877, 0.446848780265576, 0.4228041317714552, 0.40627922032222863, 0.4340450353273471, 0.4294663173684025, 0.42987885367360756, 0.42755239353911045, 0.4388012592181109, 0.4456691821344733, 0.4141596629570492, 0.41357168629281027, 0.4289799111712434, 0.569518419532997, 0.5675784395975362, 0.6152245536550135, 0.7027112417271173, 0.7813044928100812, 0.854234353196412]","[1.6080565977832855, 1.6985287720247966, 1.6493401576917854, 1.644723233697382, 1.7654587969207056, 1.7548055461531882, 1.8738572823211832, 1.8821108827770692, 1.7923651773786835, 1.7714335539783166, 1.6684538472231396, 1.584243765174719, 1.5280315520349428, 1.449725299935369, 1.366584004632148, 1.3381717825720882, 1.2913900195665913, 1.2763501822600767, 1.250951717675647, 1.2469181170034298, 1.2495481853071757, 1.2006569549420436, 1.1457955504905204, 1.0974837661290449, 1.0700810319103247, 1.052930085262626]",14.071482562526782,14.071482562526782,1.1228874650715044,49.888702790039524,207.2799892978634,16,9,index_cued_first_diffusion_0.3_swap_recovery_0,512
index_cued_first_diffusion_0.3_swap_7_ablated_dir_09,index_cued_first_diffusion_0.3_swap_recovery_1,16,26,16,0.5015380499864506,1.06307440031897,0.5015380499864506,51.717616202663436,12.665634853823375,0.07461836202038286,"[0.8165523993794086, 0.7330513791664234, 0.6346655084195462, 0.5571414448002431, 0.5455517711396477, 0.6190882006314173, 0.5940601834534178, 0.5263406638454485, 0.4923757114028295, 0.46979796178935285, 0.45874211037234225, 0.43471714592855387, 0.4135798330097491, 0.37402585860541954, 0.3699119722744256, 0.37765716396890747, 0.388848210797329, 0.3733851072998982, 0.37895272293313076, 0.37789061196630475, 0.5800039328482296, 0.5589183486444697, 0.5811675281806713, 0.6489055584260371, 0.7326118146083209, 0.8206447108917926]","[1.470976870871243, 1.3375415111843334, 1.323598430439529, 1.257503487599403, 1.291007159423422, 1.335520558539894, 1.245390041883011, 1.2020803548183654, 1.1513310600997086, 1.131959907462407, 1.1109591382375603, 1.0757162417277673, 1.0080270762753136, 0.9436906100239555, 0.8981777807179054, 0.8909516376986503, 0.8545689245485774, 0.8499019916709671, 0.8309919779379409, 0.8232022394255331, 1.4737052603374432, 1.2724735284490531, 1.110844360031609, 1.0252500771097297, 0.9783747447710953, 0.9633557448888407]",16.04888149541675,16.04888149541675,1.7407525578855372,50.05418405957956,209.23354036815107,16,9,index_cued_first_diffusion_0.3_swap_recovery_1,512
index_cued_first_diffusion_0.3_swap_7_ablated_dir_09,index_cued_first_diffusion_0.3_swap_recovery_2,16,26,16,0.5626167319902673,1.1185215989796813,0.5626167319902673,49.34051439456341,11.909724787182846,0.06843372886071997,"[0.7959214866304097, 0.8005688051130785, 0.818577031542878, 0.6395295148437183, 0.5364365996664465, 0.5833073850435457, 0.5632442687573895, 0.4567756015108662, 0.46472773606034207, 0.4632877329699531, 0.47564145668233127, 0.5101459315417174, 0.523477181604797, 0.5581122214828488, 0.5711038766716268, 0.5556019776877745, 0.5658658757069701, 0.5717319284063298, 0.584038236341147, 0.5832887076923735, 0.5305660303593516, 0.5008406510071003, 0.5660258255364923, 0.6540474144899635, 0.7414620317184494, 0.8233405319885038]","[1.3988753193386867, 1.4336575325626952, 1.4337704671117113, 1.2862570312782935, 1.2373196539274693, 1.2382535039543525, 1.1972751705883178, 1.117260289077431, 1.0610880511489216, 1.0701006756983233, 1.0820535853647788, 1.0894197716395275, 1.1181780803799746, 1.1014525067534646, 1.104592189132848, 1.1266892871985075, 1.1155055187025746, 1.1244969252959067, 1.1300141746367953, 1.1554894801846127, 1.2340588704859188, 1.2251752102689133, 1.1280260541289922, 1.0540099328884738, 1.018996764321042, 0.9979663741450456]",13.589278035675944,13.589278035675944,0.5370806976073577,50.111668479262335,207.66535608285585,16,9,index_cued_first_diffusion_0.3_swap_recovery_2,512
index_cued_first_diffusion_0.3_swap_7_ablated_dir_09,index_cued_first_diffusion_0.3_swap_recovery_3,16,26,16,0.5871290085784647,1.0945007423500481,0.5871290085784647,58.31113628834893,13.648397451529803,0.0935997833418255,"[0.8431752840768457, 0.9223054688992962, 0.6633005941881102, 0.5230804849478715, 0.5184275062194509, 0.556216291541655, 0.555516787738698, 0.4915034123726678, 0.43680501555685125, 0.46980065474165045, 0.4913512270458211, 0.5379228448964323, 0.5712761535028039, 0.6313434238898448, 0.6295296437597803, 0.6384015686878887, 0.6631936589046598, 0.6479287477190855, 0.6534569413068406, 0.6476793072600932, 0.5587644550437774, 0.5422037838748174, 0.6036493475712139, 0.6938610993875816, 0.7724706359536037, 0.8475550519823283]","[1.3024581760798264, 1.4368485091237917, 1.272997400675831, 1.169446116675704, 1.1904697729142855, 1.2419571855194649, 1.2439213320530824, 1.2070968528830268, 1.175982404964515, 1.1461524472750302, 1.122055038996094, 1.0940465985658177, 1.092109111301829, 1.0748755917000297, 1.1025759824697874, 1.075064596594353, 1.0712461566634988, 1.0913092443868357, 1.07145564681397, 1.0731885617524684, 1.1510998147191462, 1.1289845124647955, 1.0582097142691875, 1.0170014232294675, 0.9966195695070154, 1.0021532550846237]",14.09801243227108,14.09801243227108,1.1596420201705615,49.879080129212454,207.26852947113827,16,9,index_cued_first_diffusion_0.3_swap_recovery_3,512
index_cued_first_diffusion_0.3_swap_7_ablated_dir_09,index_cued_first_diffusion_0.3_swap_recovery_4,16,26,16,0.5313171567314435,1.237824555054815,0.5313171567314435,52.90077014857664,12.838821782618137,0.08231049703273952,"[0.8310669440559212, 0.6986397766820249, 0.6137319503432166, 0.4969825812205299, 0.47858935819515075, 0.5573846165560292, 0.5782208197535803, 0.5076475194339577, 0.44060280955952524, 0.41307029176669613, 0.3800901975331548, 0.4280763741914904, 0.47822854810428017, 0.49918174861916614, 0.531828377450364, 0.5353940136327447, 0.5404232032486087, 0.5184809421199725, 0.5065775351358522, 0.5324895651893262, 0.4837227169851383, 0.5644904131867036, 0.6493481480778116, 0.7334215782114036, 0.7992266353037586, 0.8657257649781669]","[1.3153334827826386, 1.5405541041297472, 1.690626890662792, 1.6742044982964166, 1.6837151085965352, 1.7164764763065352, 1.6880217552557588, 1.6534031978316972, 1.530761797110886, 1.4409050302377002, 1.3976146673556664, 1.2854789834077363, 1.201893654987867, 1.1143890136213217, 1.1086734858689793, 1.0891209461188673, 1.054450618346302, 1.0381036465320983, 1.0389482400089247, 1.0404234595705502, 1.1029700783228342, 1.0528677791940932, 0.9794155940086663, 0.9602974766247485, 0.957221363928107, 0.9704676474180743]",14.938018073215765,14.938018073215765,2.1625997615272854,50.36856870756245,210.00105047102022,16,9,index_cued_first_diffusion_0.3_swap_recovery_4,512
index_cued_first_diffusion_0.3_swap_7_ablated_dir_09,index_cued_first_diffusion_0.3_swap_recovery_5,16,26,16,0.6164029526434155,1.3507227277468674,0.6164029526434155,70.2799404879448,20.659039992988607,0.49081498761389397,"[0.8171009669360147, 0.720627143874965, 0.655106538390455, 0.6293542877469201, 0.7355179235301476, 0.7539135926969578, 0.6966570004253235, 0.5790227288578158, 0.48105707899869227, 0.4742451570528438, 0.47069558365332176, 0.477853234631515, 0.4777552019462603, 0.4960744224775852, 0.49980580185265683, 0.489248456613898, 0.511685485071382, 0.5113866204147687, 0.5367771322994687, 0.5580919735920162, 0.7873072516077523, 0.8486346032242585, 0.8876645614142167, 0.9183144819707872, 0.9401047580637907, 0.9620505297059926]","[1.5302688408278002, 1.7919558501339616, 1.8731840160127764, 1.9833764062061672, 2.153180270396172, 2.1370573266181037, 2.0329890523586935, 1.8809875342025273, 1.6941456001501518, 1.5507984195926225, 1.4421570731956663, 1.3350678848075972, 1.2565445530963253, 1.190936971464356, 1.1519783701734394, 1.0960647643363886, 1.0712394901728541, 1.052351933370438, 1.0393536250188566, 1.0185634309712017, 1.0114650258866364, 1.0261544036956531, 1.0244990315254743, 1.0209958986321457, 1.0142020076464595, 1.0088151226799646]",15.245524789789949,15.245524789789949,2.0080053777295586,50.12470344592839,209.22137560085838,16,9,index_cued_first_diffusion_0.3_swap_recovery_5,512
index_cued_first_diffusion_0.3_swap_7_ablated_dir_09,index_cued_first_diffusion_0.3_swap_recovery_6,16,26,16,0.5698026539384564,1.4434108190614785,0.5698026539384564,51.273849733776444,13.079149428422546,0.10027024139510465,"[0.7957333001855911, 0.895789490397958, 0.7701740393563059, 0.6823869983756398, 0.6469952613662125, 0.7452313300370745, 0.777670697649092, 0.6232554503447066, 0.5766342663383298, 0.4949779153965028, 0.4774131870905644, 0.4716942081093355, 0.43514668178685145, 0.40883772608184804, 0.4189187998593133, 0.39350594405423367, 0.41591156275924507, 0.40052578402798933, 0.39470182125033804, 0.40265258406270876, 0.542312617279042, 0.6538968377467476, 0.7240945986787611, 0.7859712204003624, 0.8345654140334106, 0.8874758316489975]","[1.5192894615403432, 1.7771787873419167, 1.781545912819167, 1.8271039053162796, 1.8786676720918107, 2.0247934852460556, 2.0427354975533887, 1.9357924820801304, 1.8376079412612845, 1.7052713999969291, 1.6185819885439785, 1.5358133840779693, 1.489422130912499, 1.3946002920461338, 1.373869729076844, 1.3260116212898965, 1.2555814475549696, 1.2297036887718964, 1.2159260008282728, 1.2032527637349728, 1.2372155213440252, 1.2181256151630449, 1.158996787292771, 1.1082152657856625, 1.0732297519570075, 1.0395869854827249]",15.323763992607239,15.323763992607239,1.7892854945721077,50.125922446018755,209.23136647506277,16,9,index_cued_first_diffusion_0.3_swap_recovery_6,512
index_cued_first_diffusion_0.3_swap_7_ablated_dir_09,index_cued_first_diffusion_0.3_swap_recovery_7,16,26,16,0.5991124535881266,1.2852506517821543,0.5991124535881266,52.69813491275903,13.465779615370543,0.08049619835433908,"[0.7537838237535018, 0.6104520301886355, 0.6147506122774654, 0.6438797043856326, 0.633028633149828, 0.6318751541275073, 0.6377172879890525, 0.6440081762005939, 0.7137771467841598, 0.6160355449646422, 0.5607914610622938, 0.5736620767975714, 0.5428704775080633, 0.5514470792784861, 0.5310887445005353, 0.5320808657055192, 0.5487019131064648, 0.5452831381532476, 0.5519006215512684, 0.5947510549895374, 0.5815164182047803, 0.606198516343005, 0.6907752114889669, 0.7696627817153894, 0.8286652928193069, 0.8902238762451753]","[1.2887496562832643, 1.2802991613589496, 1.2221031745352633, 1.1488911755362605, 1.1898989919672678, 1.3305770222084516, 1.5042930740162463, 1.6260528029004282, 1.6536088337196408, 1.6644853332588805, 1.6071757919914018, 1.547809570187, 1.494217643102231, 1.4656765856515381, 1.4587008957757872, 1.4247810985095037, 1.4080181098214413, 1.4099066682903856, 1.3837857054661387, 1.355524011143985, 1.1269980438800757, 1.0458800838826776, 0.9938337259555888, 0.9729473181421013, 0.9695583651824075, 0.9742378634214482]",14.950395977148256,14.950395977148256,2.184523872692157,50.36443222589223,209.9971564628221,16,9,index_cued_first_diffusion_0.3_swap_recovery_7,512
index_cued_first_diffusion_0.3_swap_7_ablated_dir_09,index_cued_first_diffusion_0.3_swap_recovery_8,16,26,16,0.4908088349726278,1.2960071714320172,0.4908088349726278,52.07785833370556,12.60962459830663,0.07339164353326066,"[0.9003711411837354, 0.6806522328246891, 0.6215620484231779, 0.5574058850906353, 0.5292402087368272, 0.45261769515838807, 0.46297863921525373, 0.3901886106476125, 0.3690720935899174, 0.38815289432668787, 0.40295204988142896, 0.42101224971339335, 0.4463018908932404, 0.44109064301921086, 0.45878522759406704, 0.4332774386138356, 0.43081727905031536, 0.42041232540881235, 0.4184518242731684, 0.4300033622747708, 0.5101068818790565, 0.5625292532098823, 0.6259282341606122, 0.6912020436428616, 0.7545803270694177, 0.8230455999983836]","[1.431131786690641, 1.329214905986586, 1.3253467783822082, 1.2723329884794794, 1.2478664578890102, 1.3175261150804893, 1.4380963407170069, 1.4534951954084645, 1.4751025195677856, 1.4613220681609085, 1.463982443058507, 1.4321087628358928, 1.4133039976087665, 1.4126521789151236, 1.4060527797332976, 1.4211554069471395, 1.4342281106736086, 1.4723130639787902, 1.4459103797842108, 1.428183006970562, 1.3646560625077169, 1.2257220761358267, 1.1302935729775183, 1.0656163980962179, 1.0369198547863592, 1.0144381984113]",14.147485276140818,14.147485276140818,1.20045669448203,50.020009254726475,207.86532474655047,16,9,index_cued_first_diffusion_0.3_swap_recovery_8,512
index_cued_first_diffusion_0.3_swap_7_ablated_dir_09,index_cued_first_diffusion_0.3_swap_recovery_9,16,26,16,0.5090300725057176,1.4234997305032777,0.5090300725057176,58.79485234389247,15.91193540394558,0.15139025316343924,"[0.913072227793984, 0.7629299493915341, 0.6418756091912047, 0.5417353689535219, 0.49217816951663806, 0.5200481311628076, 0.5278233510359369, 0.4599685537391118, 0.4297085126156525, 0.4521683601280661, 0.4902748291388524, 0.4989107713904241, 0.5146016706843588, 0.5309519013535543, 0.47412538224957884, 0.40345858995988665, 0.34411875508309714, 0.3139247004894859, 0.273614444427717, 0.2544174703598262, 0.5189646147650809, 0.6019912424258802, 0.6922081676386425, 0.7696364400666602, 0.8262633590565505, 0.8846948528551896]","[1.4936640855486865, 1.6758159044353527, 1.7509024266472324, 1.7489106187152519, 1.8070101200372954, 1.9179379009265407, 1.9232990844010227, 1.790179166017855, 1.6685913053527328, 1.5458522293695358, 1.4317704270144849, 1.3865270886894459, 1.320579592224285, 1.3094138842131187, 1.352486450627768, 1.4206671414570966, 1.45274529642942, 1.5180161327515602, 1.555582807622473, 1.5976490862705663, 1.2760151843031249, 1.1638825723525732, 1.0865550027174098, 1.0404553339622227, 1.0208735314548714, 1.004885324635262]",14.019262768078912,14.019262768078912,0.9346887944798241,50.04519214359645,207.83111057627875,16,9,index_cued_first_diffusion_0.3_swap_recovery_9,512
index_cued_first_diffusion_0.3_swap_7_ablated_dir_09,index_cued_first_diffusion_0.3_swap_recovery_10,16,26,16,0.6233896550624434,1.557221383787595,0.6233896550624434,54.40411672006454,15.860129750395254,0.1562343580707911,"[0.8171887463030681, 0.7130086299309969, 0.5987860734847917, 0.5916485935708308, 0.566438537431528, 0.5831681586541803, 0.6201031117157344, 0.635775787315058, 0.589972708904902, 0.5981470235926838, 0.5989186322739194, 0.6168914455014441, 0.5877259470628633, 0.5614098563690786, 0.5271938447852762, 0.5355346788039471, 0.5078428493032648, 0.577280278262724, 0.6146848579821516, 0.6394363157327415, 0.8151497893010294, 0.8125086255091233, 0.791934688165648, 0.8155217379746695, 0.8530304666954602, 0.89484804029589]","[1.3965587905441208, 1.4974257997256335, 1.5199906965929018, 1.5140862425838297, 1.6149612798319757, 1.6409996338787476, 1.6919054687339268, 1.7756430344446432, 1.7559706436061226, 1.8497007139937798, 1.8671932981090011, 1.8875188982713218, 1.8582569340671755, 1.822255089869318, 1.8113669175213518, 1.8162465451601233, 1.8055857201871586, 1.8520253459860332, 1.8743838452655668, 1.8757138940762772, 1.4357007568448212, 1.2302183906293405, 1.1338549987304485, 1.0825279170260085, 1.0551307787091364, 1.0416274787215318]",14.112766940921727,14.112766940921727,1.3411367215424548,50.00977439861358,207.79090834490336,16,9,index_cued_first_diffusion_0.3_swap_recovery_10,512
index_cued_first_diffusion_0.3_swap_7_ablated_dir_09,index_cued_first_diffusion_0.3_swap_recovery_11,16,26,16,0.7414478322974778,1.6594041402210529,0.7414478322974778,50.801017046874755,15.501020450856235,0.2167395916937901,"[0.8270452392557432, 0.7079524332252746, 0.7434094599883285, 0.7969418782273496, 0.9921154044555038, 1.1589055651158904, 1.300424915210694, 1.284192261443448, 1.1576708283088712, 1.1231602427681282, 1.0135269827554017, 0.878896750426584, 0.7541026870498968, 0.5869119331300647, 0.4932304615368522, 0.4783925529277533, 0.42647386689999645, 0.42154171362431586, 0.4348968081971976, 0.4137744849007804, 0.646320822327868, 0.5806354285466362, 0.6173551901244186, 0.6873083720960538, 0.7531382467587302, 0.8256834601210242]","[1.497811340446295, 1.7207143094427557, 1.7244788051498492, 1.8476031498542353, 2.057011030531343, 2.2626265023316106, 2.437312975153184, 2.44305271059053, 2.347720416193315, 2.304875320703136, 2.191472929859077, 2.0320608011824333, 1.8926707344919487, 1.7066908477288156, 1.623253645674783, 1.6124557255666319, 1.5526099083224518, 1.5592933569968992, 1.5091585304406656, 1.5209078268220675, 1.2558707138680245, 1.1698887992957656, 1.0804608864473675, 1.0276861659360224, 1.010583509923468, 1.0102847460357023]",13.903764397987448,13.903764397987448,1.0812222686745652,50.054233867598555,207.75119921981536,16,9,index_cued_first_diffusion_0.3_swap_recovery_11,512
index_cued_first_diffusion_0.3_swap_7_ablated_dir_09,index_cued_first_diffusion_0.3_swap_recovery_12,16,26,16,0.6556726954125814,1.37341205376934,0.6556726954125814,55.26994739369566,16.07873381919244,0.16762705692062985,"[0.7503701818463651, 0.737896997572012, 0.6548855814148916, 0.5710661251330478, 0.5797274872092043, 0.5467863296621481, 0.5272641107355865, 0.5167021745644765, 0.5128319125934394, 0.5129972847859307, 0.5465821540097447, 0.5714872794791398, 0.592545854453546, 0.6036643253425542, 0.5999635252909646, 0.6729102076378047, 0.6963783561742953, 0.8471886613936159, 0.9019636455622773, 1.0082890895178704, 0.7757311986990618, 0.7394150985651946, 0.7797730933519048, 0.8364165943132648, 0.8798615403585301, 0.9199527239668533]","[1.273621957533269, 1.1812717247535862, 1.1288853487847448, 1.1409014510677484, 1.1437798826001948, 1.2274038628286377, 1.2627804703679866, 1.2838022609898498, 1.3384548961324247, 1.4196179457358362, 1.5059844079999734, 1.529825556324464, 1.578337192689332, 1.6071930504790068, 1.714573596491922, 1.8520046733230753, 1.8808619814441236, 2.0700990774061943, 2.1353112257809665, 2.274681491175828, 1.3623052396306148, 1.0802485715863297, 0.9705073756512854, 0.948392386323349, 0.9525112848105985, 0.9643349297162457]",14.004122562830002,14.004122562830002,0.8678474541267971,50.06804417786597,207.90397101217098,16,9,index_cued_first_diffusion_0.3_swap_recovery_12,512
index_cued_first_diffusion_0.3_swap_7_ablated_dir_09,index_cued_first_diffusion_0.3_swap_recovery_13,16,26,16,0.5585001368867317,1.4351220005921197,0.5585001368867317,46.7731498174343,12.383466695691759,0.08756698698011267,"[0.843953652276481, 0.7488081260223716, 0.6487828368352576, 0.5435038987716719, 0.5432969138481797, 0.6074054019583823, 0.7314166765154174, 0.7749051423838189, 0.8437043924100494, 0.8116066902448389, 0.7164866533790852, 0.637571836935881, 0.558199326051223, 0.47624571272275534, 0.4172891654467307, 0.335604491723264, 0.317079930217306, 0.29353835565918496, 0.2825265427409044, 0.27441925438826587, 0.4379724485588587, 0.5156384391844828, 0.6363072214689678, 0.7235185432118728, 0.7943215569993906, 0.8577543504772438]","[1.48972884811384, 1.7356180026757417, 1.7656382787526068, 1.8225488809350592, 1.8300143739148202, 1.8927979131205206, 1.9378521317899955, 1.96562472601768, 2.007446605515356, 1.9648998647417262, 1.8255551307715587, 1.682858101769729, 1.5834155010343363, 1.4602019014676526, 1.376327255456301, 1.3225059684574212, 1.256409883773259, 1.2310585091664117, 1.217220145382973, 1.1972702185143915, 1.1007810337134816, 1.006664123777403, 0.9681430715957754, 0.963425607164902, 0.9674266068054125, 0.9732075100473447]",13.830596291509364,13.830596291509364,0.9083478454212744,49.99622470230871,207.4552468324708,16,9,index_cued_first_diffusion_0.3_swap_recovery_13,512
index_cued_first_diffusion_0.3_swap_7_ablated_dir_10,index_cued_first_diffusion_0.3_swap_recovery_0,16,26,16,0.5139624320006103,1.3499972482351357,0.5139624320006103,50.844254589693435,13.522557004332041,0.08112709626976411,"[0.9305935629494194, 0.6887724432911752, 0.5458919077262147, 0.5495227391825276, 0.4722977492123597, 0.4474242902560859, 0.4922305701547436, 0.5066697557354712, 0.5420896078155466, 0.49775770979212436, 0.47793293074555515, 0.5075477731898048, 0.48394899578462713, 0.4274149421111896, 0.43256217438386263, 0.4278462582610687, 0.4336995118655572, 0.41350686894857297, 0.4486784748339535, 0.455146372258628, 0.6048608767014992, 0.5632270333009964, 0.6080809183161177, 0.6907097644762522, 0.761768535967163, 0.836276492460119]","[1.7452333539778144, 1.7814278225227616, 1.7151779454970282, 1.7354884047174939, 1.7905713028682961, 1.7732314365910185, 1.7350854239101032, 1.7872303154853804, 1.7053751786573417, 1.6721902599795928, 1.603253281600927, 1.545420837809833, 1.442898051107959, 1.3396957638045015, 1.1841124174408568, 1.1344929544882807, 1.0875479445286627, 1.065216190125208, 1.0115417183326028, 1.0000259784941314, 1.1748092699616532, 1.1676419928263115, 1.1195453285659869, 1.0785349939635485, 1.0540379944717528, 1.045517938746777]",2.479320614106425,2.479320614106425,1.1536542597564616,4.985379919322504,21.705574072408645,16,10,index_cued_first_diffusion_0.3_swap_recovery_0,512
index_cued_first_diffusion_0.3_swap_7_ablated_dir_10,index_cued_first_diffusion_0.3_swap_recovery_1,16,26,16,0.5078233368838229,1.0196414668347447,0.5078233368838229,49.07637250007541,13.268119551082867,0.07918708233655192,"[0.9371694710028302, 0.6488608658090416, 0.5576123934480713, 0.5130104304441819, 0.4672693100347165, 0.4978020697109085, 0.5134072800937636, 0.5083166199923699, 0.5212801757330485, 0.4676770694562806, 0.48786577836604994, 0.48924498439564645, 0.46792680888416166, 0.40486315221918945, 0.3972593579592331, 0.39211161500388514, 0.3836656989215073, 0.40879843049771947, 0.42154594548334023, 0.44959622251051734, 0.7429290332271361, 0.6129766102892084, 0.5834851843566222, 0.6519257811376125, 0.7340382035484818, 0.8227060039105645]","[1.5130044126058242, 1.3212686346185225, 1.2001257095752833, 1.1875743474814335, 1.16259663795122, 1.2234111302226407, 1.1463594368056382, 1.175700908893931, 1.1506572918298572, 1.1288115450209457, 1.1049612675051317, 1.0021457791883785, 0.9556440176877381, 0.8395393839963997, 0.786810728430618, 0.7549418340531056, 0.7286133275638681, 0.6998143044847723, 0.7026768457467265, 0.7017063525583657, 1.5045391015542013, 1.4197845640635736, 1.2397068518796497, 1.097265496763134, 1.023548451437522, 0.991943964175581]",4.420405986726724,4.420405986726724,1.9714903816099052,6.114678981758259,21.904216035268174,16,10,index_cued_first_diffusion_0.3_swap_recovery_1,512
index_cued_first_diffusion_0.3_swap_7_ablated_dir_10,index_cued_first_diffusion_0.3_swap_recovery_2,16,26,16,0.5482318297074652,1.0940676796647846,0.5482318297074652,47.02696297993151,12.381597446102159,0.06990314296821243,"[0.8232492646774108, 0.7723997313070365, 0.7731218856223269, 0.6257600107600155, 0.5543137614710586, 0.5590981979926352, 0.5534155742360273, 0.4898077456932331, 0.4580433782826161, 0.4728049129555417, 0.4857353433424695, 0.45075700728078294, 0.45970388847492477, 0.45526470436641475, 0.48102409465861845, 0.4943807173379724, 0.5070458277876576, 0.5277026306263645, 0.5433792889653413, 0.560864439985698, 0.598898988373637, 0.6100277300386437, 0.6129863240082147, 0.6597703101475321, 0.7290604288612244, 0.8140720349588066]","[1.4243976134797844, 1.394935023929773, 1.2686680459251405, 1.1369863921102488, 1.0927440138133444, 1.0063139019320757, 1.0234545508915178, 0.9865690135978855, 1.0155787049515068, 1.0458176598885363, 1.1114393989967704, 1.0918300703787172, 1.125682587299253, 1.176029475084161, 1.162141889631488, 1.174447812190025, 1.1778140223384774, 1.1757398977930469, 1.1761182572337856, 1.1806958725101402, 1.2449477756801048, 1.2452927937415015, 1.1484080590930568, 1.0635928684062994, 1.01623947288909, 0.9841466084771238]",2.187283143776133,2.187283143776133,1.0356080454248495,4.9311122054476515,21.1952891497874,16,10,index_cued_first_diffusion_0.3_swap_recovery_2,512
index_cued_first_diffusion_0.3_swap_7_ablated_dir_10,index_cued_first_diffusion_0.3_swap_recovery_3,16,26,16,0.5629591994868595,1.2351683946179728,0.5629591994868595,55.161886335045466,14.079804342967794,0.0958180686650717,"[0.9238401225075312, 0.9298041458018409, 0.6262557010166262, 0.5582017856893379, 0.5310835049299988, 0.48533281533352135, 0.45327379433323073, 0.46437620833049004, 0.4941361200576772, 0.4935926154376513, 0.49765930826898425, 0.48237466851154287, 0.5063290758010376, 0.5525706000901296, 0.5635158265230334, 0.5954291615402837, 0.622606574081142, 0.6259658574903938, 0.6420173570152322, 0.6595410920497135, 0.5587009726543353, 0.508869764823322, 0.5457782261210385, 0.6425752698513939, 0.7286102608170264, 0.8128368376711929]","[1.3758479893100535, 1.5438522224466744, 1.2431918659372283, 1.1588818017679696, 1.1728182481293021, 1.281458110515647, 1.268981329434194, 1.3104049584631772, 1.3822435465572755, 1.3770840503315998, 1.4098233715607815, 1.4200322298632604, 1.408678395694026, 1.3629698550192817, 1.3188445037176857, 1.279118627444187, 1.2757386408757387, 1.2625701536034784, 1.2477271031800534, 1.232362263446216, 1.3007650385161025, 1.268834488968416, 1.1739632557313593, 1.1170262955647243, 1.0789765516051018, 1.0602147140775664]",2.5024954549863527,2.5024954549863527,1.1373777705304893,4.98842025363998,21.73703423376796,16,10,index_cued_first_diffusion_0.3_swap_recovery_3,512
index_cued_first_diffusion_0.3_swap_7_ablated_dir_10,index_cued_first_diffusion_0.3_swap_recovery_4,16,26,16,0.5245913030999783,1.1729129186383105,0.5245913030999783,50.84752116700371,13.79263346815861,0.11146927299000897,"[0.7923869341217552, 0.6392419510522175, 0.4975513851991546, 0.4686686515382677, 0.4734491934879939, 0.4378522643467524, 0.49002898139278933, 0.49258926028260186, 0.506189674895248, 0.4767841929543252, 0.49207025131162835, 0.42751401189440685, 0.4496196426578249, 0.4511338445905805, 0.48887216273887013, 0.5305325052465816, 0.5396478637906285, 0.5535828739900817, 0.5554417497478177, 0.5876172923063108, 0.5573281842404508, 0.5546166882985042, 0.6365976689555708, 0.7234482424845965, 0.787048318704936, 0.851507114860837]","[1.4974034471842705, 1.5937120349947507, 1.6596054435218537, 1.6472056795408, 1.6112599244688615, 1.4598900482131203, 1.4608095855721541, 1.5396918537383275, 1.4193920290479145, 1.3333092536459055, 1.2860752425998456, 1.2193824206527923, 1.131628967279959, 1.0265331108103657, 0.9841816551030446, 0.9433268564474256, 0.9118428059358876, 0.9129660348341803, 0.9006451084168016, 0.9036376392395914, 1.1388643341952231, 1.1330456589864293, 1.0408742149545172, 0.9980023300563974, 0.9927062235798295, 0.9968914103359146]",3.5921211459938154,3.5921211459938154,2.3400647714593923,4.993102898779366,22.897945516964448,16,10,index_cued_first_diffusion_0.3_swap_recovery_4,512
index_cued_first_diffusion_0.3_swap_7_ablated_dir_10,index_cued_first_diffusion_0.3_swap_recovery_5,16,26,16,0.646284049980955,1.4615061943009837,0.646284049980955,69.20325388653336,22.0163423500343,0.5179493268732787,"[0.8468310500096576, 0.6275889989122342, 0.5422214133078378, 0.6123020685613528, 0.7015056436667032, 0.6533228290583234, 0.6048012190166073, 0.6934389155701884, 0.7022535245209731, 0.6344866773201675, 0.6361677813079385, 0.6056900330257794, 0.5545412061925027, 0.5633613236171532, 0.5505973091481503, 0.5401641541722151, 0.548442277292137, 0.5534182877510418, 0.578359643595959, 0.6174314320815203, 0.7784965107449339, 0.8466363746958249, 0.8888569704090693, 0.9210687677816108, 0.9428452245801743, 0.9639423763392042]","[1.7256915103233519, 1.8940431879818298, 1.96212471130668, 2.0323164917445435, 2.1938848588074698, 2.1002313496435123, 2.029666944187988, 2.0635455647233885, 1.9479455908922085, 1.7872325417780686, 1.7657147565609117, 1.7349715483905361, 1.5956038822096958, 1.4757461771953428, 1.3199699076155753, 1.237617819395042, 1.1640828423003773, 1.1253990065868293, 1.0818021274294078, 1.042222042005403, 1.0160001864389254, 1.0144399049427284, 1.017535563887504, 1.0169742307500054, 1.0128878983369147, 1.0087123231060289]",3.6289885588890693,3.6289885588890693,1.9534977333887955,5.073596422278581,21.77717027678658,16,10,index_cued_first_diffusion_0.3_swap_recovery_5,512
index_cued_first_diffusion_0.3_swap_7_ablated_dir_10,index_cued_first_diffusion_0.3_swap_recovery_6,16,26,16,0.5481800561256839,1.3739310143566055,0.5481800561256839,49.95224241903439,14.014390913585787,0.12114021374751371,"[0.8113293861630464, 0.6689550080818448, 0.5962628451760237, 0.5222409803796054, 0.49303551509324495, 0.44939279505694, 0.5026629184848288, 0.5822903316235648, 0.5617118780355999, 0.548732474668272, 0.5433654344445337, 0.5690072355705055, 0.5148091332418863, 0.4647650565632786, 0.4527739577344337, 0.4786166003333162, 0.44674102636511187, 0.4290598528880731, 0.4447728171271385, 0.48724527347564295, 0.6290983057821079, 0.6815285838141737, 0.7249255836453152, 0.7826368500626452, 0.8318659305637551, 0.8810407559488327]","[1.5740234956202594, 1.5491765289471862, 1.5456504940258735, 1.518156693985915, 1.562257918360105, 1.759495589100785, 1.7971761192709759, 1.8596020964223103, 1.8454616414751988, 1.704420711082079, 1.632530198326846, 1.5925172875133051, 1.4924598812840673, 1.4118645952050581, 1.2957380664057767, 1.227590404391566, 1.1817866115854125, 1.1636488227411308, 1.1539148029990074, 1.146421591677534, 1.2911445391116032, 1.257240865677159, 1.1936755317903756, 1.1359226725673321, 1.0929256908205154, 1.0488305413889811]",3.738023784354362,3.738023784354362,1.9902244629025156,5.21228280677656,21.774392546403867,16,10,index_cued_first_diffusion_0.3_swap_recovery_6,512
index_cued_first_diffusion_0.3_swap_7_ablated_dir_10,index_cued_first_diffusion_0.3_swap_recovery_7,16,26,16,0.5215271582104894,1.2815048468324814,0.5215271582104894,50.631728940473174,13.967983557326406,0.09424687179678937,"[0.8539506516703503, 0.7159602977615063, 0.5490567157682126, 0.5452327781129712, 0.48472817841484356, 0.5088926692810782, 0.4717162630455094, 0.5514884486977534, 0.5925685670909252, 0.555654603581706, 0.5462187266537876, 0.48417306213291, 0.4150858288572929, 0.40204627252461783, 0.3895601740660051, 0.41753480367037515, 0.44560393080784133, 0.4609687895197041, 0.46841459691009274, 0.4931728666426555, 0.5334362599560688, 0.5360032979188255, 0.6183097804790506, 0.7188818139897318, 0.7945726690153033, 0.8668987854775624]","[1.6112642202982042, 1.5210919229617699, 1.418088871341913, 1.3426270523867796, 1.3310324975370451, 1.4620141170932006, 1.5098989355199852, 1.6045637210734647, 1.6746687423356483, 1.6933405853688497, 1.6528907029485493, 1.598326038441501, 1.4823100149654236, 1.418565091158625, 1.3367474678260787, 1.2481257038253943, 1.1915967988305667, 1.1799436256411289, 1.1728836052165093, 1.1381702464244716, 1.11598052661437, 1.0370582105950092, 0.9779478492500712, 0.957349046427284, 0.9611017641206755, 0.9743415391822001]",3.605434750442944,3.605434750442944,2.369350147734931,4.999699359672347,22.937387617771126,16,10,index_cued_first_diffusion_0.3_swap_recovery_7,512
index_cued_first_diffusion_0.3_swap_7_ablated_dir_10,index_cued_first_diffusion_0.3_swap_recovery_8,16,26,16,0.49593510228190896,1.4012071494068492,0.49593510228190896,50.05104426865015,13.353324950414999,0.08212881673295469,"[1.0364977332168772, 0.7239040070284418, 0.5613189113983293, 0.5485855271338745, 0.5422401029217362, 0.5008906797498222, 0.4705699918331791, 0.47704902907440344, 0.44639639989391916, 0.4335045747976797, 0.4374852033113459, 0.4157853842474255, 0.40970690410799054, 0.37642742954131864, 0.4117786315501655, 0.42364927218006215, 0.4137152154636332, 0.42853757778594165, 0.455933227751085, 0.46502660769389953, 0.5405525804313385, 0.5357978200717654, 0.573235060417275, 0.6535408698272522, 0.7283737819635155, 0.8041180050915876]","[1.4916580490793623, 1.3279827023796327, 1.2498886398513085, 1.2295438844668802, 1.2270780198942441, 1.3342787929657747, 1.4704688109931419, 1.5451988552351925, 1.6813071959163572, 1.664607266858434, 1.7149535434467553, 1.713787972013672, 1.6934489032323232, 1.6916163955514731, 1.6372100175017728, 1.6028594098866966, 1.5932217355960991, 1.5816588006525982, 1.5491780232350578, 1.5028509799770697, 1.480665479046153, 1.3297657637368114, 1.2047003680843267, 1.1023257035455674, 1.0481981531657445, 1.0175228856106102]",2.4269682622427777,2.4269682622427777,1.1261793438260765,5.005644904229118,21.770251327491124,16,10,index_cued_first_diffusion_0.3_swap_recovery_8,512
index_cued_first_diffusion_0.3_swap_7_ablated_dir_10,index_cued_first_diffusion_0.3_swap_recovery_9,16,26,16,0.518242461578284,1.3538049432253543,0.518242461578284,58.4891640592709,16.00256333160786,0.1604490548919586,"[0.7821653396154905, 0.6594873584654871, 0.5590346123941203, 0.4785793834866931, 0.4515893438617447, 0.512333588079873, 0.5281884575816296, 0.5013051874653346, 0.5207731324726771, 0.515312328968298, 0.5379682729482645, 0.5439868068268957, 0.5420531173191184, 0.5237648304293473, 0.484052341112405, 0.40540458202888185, 0.3731770729736871, 0.35921564008195955, 0.3467945397716026, 0.33502324711521925, 0.5463186085601148, 0.6212974056108684, 0.7055075354450818, 0.77121152958033, 0.8208714064817444, 0.8799420043325229]","[1.536130737219661, 1.642522446205955, 1.6828524072141757, 1.6789938890267833, 1.6709751989553572, 1.7417226074175476, 1.69354869942042, 1.5998569015079689, 1.54563959860753, 1.4562491346832618, 1.3885735768551999, 1.3760492311726915, 1.328926170594812, 1.3260587422602332, 1.3426563665506577, 1.3711812711163591, 1.3949936021337832, 1.4528355825663206, 1.4671402446001736, 1.4883466618397527, 1.2877966316734022, 1.1200725031756429, 1.0034101073732264, 0.9493794904440408, 0.9435291878897089, 0.9551058039287489]",2.3047996384127822,2.3047996384127822,1.2276880217061756,4.921785905752518,21.306036938474026,16,10,index_cued_first_diffusion_0.3_swap_recovery_9,512
index_cued_first_diffusion_0.3_swap_7_ablated_dir_10,index_cued_first_diffusion_0.3_swap_recovery_10,16,26,16,0.76133893281213,1.7096958265185498,0.76133893281213,54.27563076348806,16.772636565826495,0.17134269479908604,"[0.6935029806024698, 0.61297659501649, 0.521071406875824, 0.5228289127610097, 0.48490514435980936, 0.4753244123434603, 0.5759635846926862, 0.679335241898444, 0.7815329413160743, 0.823974341927525, 0.9322945300271771, 1.0170496277662877, 1.0584305938223353, 1.0402614024435386, 0.9646594539614748, 0.8958163020417722, 0.8596703002891893, 0.8681948024228013, 0.8184724069565564, 0.7543739116819013, 0.894856271722068, 0.8545903000541573, 0.8292858482330968, 0.8493376631829733, 0.8772324950966808, 0.9112445438416331]","[1.4452437647760052, 1.4494588371134558, 1.3919132401337724, 1.4132319952680392, 1.471665015162956, 1.692727945484068, 1.8166810739011416, 2.053366870214735, 2.171292090263336, 2.2437180349530315, 2.2940065087047583, 2.399702628403527, 2.4156538495459077, 2.3501156891526054, 2.229166919745525, 2.1108001088594865, 2.0689584504161287, 2.0376658227170426, 1.9881430331872447, 1.9094365574937517, 1.4450131441290668, 1.1705332177897814, 1.0689549568031165, 1.0252744970639374, 1.007956907624867, 1.008064425926021]",2.3983492197772778,2.3983492197772778,1.228872290365337,4.905222743478506,21.341841976117315,16,10,index_cued_first_diffusion_0.3_swap_recovery_10,512
index_cued_first_diffusion_0.3_swap_7_ablated_dir_10,index_cued_first_diffusion_0.3_swap_recovery_11,16,26,16,0.713453387000389,1.7012956836918314,0.713453387000389,46.781159412758775,16.191139544853307,0.2159574365476865,"[0.7677232472567831, 0.7058139501638444, 0.5916402915905122, 0.7523799549686189, 0.925659297968917, 1.1026261851172259, 1.0898073720199262, 1.1337638512403083, 1.1185319127677054, 0.953735866237552, 0.9231563268292243, 0.8239653154751078, 0.6976496549276979, 0.5396505142990983, 0.46692470830575955, 0.45490314892582845, 0.45695626261483785, 0.42511857940110026, 0.47352909798171283, 0.4829866379946353, 0.7517507808231659, 0.7010671856195624, 0.6858057943953433, 0.722552322452916, 0.7700270332637713, 0.8318487859947014]","[1.527641450944182, 1.7716233560618702, 1.7522616749962923, 1.9173901704569616, 2.1064031768655798, 2.3272540461059563, 2.3146151329471265, 2.3809218146277464, 2.3894609178670376, 2.251134363893856, 2.2343771128758974, 2.1910281978587998, 2.078602709274392, 1.8865464085904018, 1.6674552937245446, 1.567937750582183, 1.5349297558982522, 1.5175819449907058, 1.4422213001335382, 1.4047651171444904, 1.3615888587906841, 1.3100711699613579, 1.235294834173485, 1.16670670330564, 1.1189112241269779, 1.081568030523483]",2.5857954991421424,2.5857954991421424,1.4639596666165655,4.801822702596476,21.09669760844688,16,10,index_cued_first_diffusion_0.3_swap_recovery_11,512
index_cued_first_diffusion_0.3_swap_7_ablated_dir_10,index_cued_first_diffusion_0.3_swap_recovery_12,16,26,16,0.735641014103396,1.422978985652701,0.735641014103396,54.082777389382024,16.604945600811043,0.17665435815315944,"[0.9092767420827651, 0.721779237373957, 0.5536746490037084, 0.4876767913554234, 0.45685269212665724, 0.4921395705100201, 0.5063572214717139, 0.5673569160226045, 0.6303258602940921, 0.6290431512612537, 0.7512171977648352, 0.881273988965306, 0.9381762654883049, 0.9310634943066647, 0.9100664410789682, 0.9251832987205654, 0.9433275138905223, 1.0159930085426703, 1.0093436374175775, 1.0346806796358812, 0.7807170032767973, 0.7082073357799958, 0.72546757275829, 0.7875601085732705, 0.8394461107630138, 0.8901964985296339]","[1.2851458832070297, 1.1045443237780594, 0.9320264874831757, 0.9028491835919223, 0.9099962083344632, 1.00045086023462, 1.1086100407212538, 1.2302027378490494, 1.3880395926190008, 1.448843195438152, 1.693207035295829, 1.8499547042072384, 1.95089025076748, 1.9923532419871832, 1.9794597278519919, 2.0148807872873964, 2.09051328743779, 2.1918713559292664, 2.222429516243466, 2.2637778168994966, 1.5209685835906481, 1.1674232291471907, 1.0089558520788862, 0.9550210382422487, 0.9483306726341687, 0.9585619114334721]",2.290055809840788,2.290055809840788,1.1803970734877811,4.934102335751395,21.331424096729812,16,10,index_cued_first_diffusion_0.3_swap_recovery_12,512
index_cued_first_diffusion_0.3_swap_7_ablated_dir_10,index_cued_first_diffusion_0.3_swap_recovery_13,16,26,16,0.588569285373266,1.3959154999639645,0.588569285373266,44.51108020065845,12.691610517762644,0.09215093994074319,"[0.8963608318124903, 0.62392576964717, 0.5396043452564494, 0.5265435346061014, 0.4974209357086559, 0.5769334163378548, 0.5953474342409911, 0.775785212507887, 0.8891835434917904, 0.8619360197320637, 0.9116321117875904, 0.8847039895649725, 0.7443414633283705, 0.6020797595685456, 0.4927452141420915, 0.4275686326615563, 0.3577317662715945, 0.3465737347895, 0.33862226299927994, 0.33642030986824684, 0.501895907401429, 0.504978447256862, 0.6095049394898863, 0.7033126754345632, 0.7791690110125999, 0.8533211333852359]","[1.638322230032776, 1.7916953902769817, 1.8089250106466614, 1.8849205555574207, 1.8366158470809588, 1.8056771991772862, 1.7525719760310718, 1.8868788257769684, 1.9332854210213213, 1.9009204504718682, 1.8867708659480034, 1.8110203073021776, 1.6231666973113745, 1.4576664822506613, 1.2724665087858091, 1.1698937070841928, 1.0812146036313826, 1.041802613980889, 1.0011148589551702, 0.9830818529540296, 1.1033118177510877, 1.060833763788688, 0.9807271286213417, 0.9587992858382337, 0.9567291361057493, 0.9691031553947193]",2.256039832886618,2.256039832886618,1.0167330756830324,4.899088476065929,21.107933003836344,16,10,index_cued_first_diffusion_0.3_swap_recovery_13,512
index_cued_first_diffusion_0.3_swap_7_ablated_dir_11,index_cued_first_diffusion_0.3_swap_recovery_0,16,26,16,0.5754507250964263,1.396724782760465,0.5754507250964263,68.50467860324206,16.678907365214766,0.08254843143887025,"[0.7578928406026111, 0.673842171428113, 0.5746030159492213, 0.5360692382319177, 0.47322481457412074, 0.5123281345677889, 0.5673454200319141, 0.5909286516559799, 0.5625563141387757, 0.5278538316518598, 0.4924123716562351, 0.48091440151625403, 0.4392250120409728, 0.3769037227466123, 0.3838655930426859, 0.44163576507684715, 0.4853934027322815, 0.5434550519136211, 0.6499813143218717, 0.7642161616224715, 0.7777208399975614, 0.7780811150663774, 0.7986834514997491, 0.8318955208339429, 0.8663710549683844, 0.9065321218804369]","[1.6823917006194413, 1.7292771619252134, 1.6876519421256173, 1.6348699281040273, 1.6445191747344896, 1.6831901080876848, 1.8316260209357274, 1.863963282650808, 1.8345022790979495, 1.8619738405652353, 1.785637668360475, 1.6341035034813252, 1.5287794699016668, 1.438768614507577, 1.368023617858589, 1.3150446312786712, 1.2899593245106935, 1.2498554445121812, 1.1913265745682564, 1.1194263810696847, 1.1150509124096954, 1.0685663503044553, 1.0405121080259, 1.0267946825183316, 1.0211687616399774, 1.01811343657627]",191248.26083925675,191248.26083925675,1.9741839868643507,460475.2842919172,1854667.2087356257,16,11,index_cued_first_diffusion_0.3_swap_recovery_0,512
index_cued_first_diffusion_0.3_swap_7_ablated_dir_11,index_cued_first_diffusion_0.3_swap_recovery_1,16,26,16,0.5764586093766899,1.0525939431424016,0.5764586093766899,65.8282236362402,15.98523584640072,0.08007616024378106,"[0.7650468288135478, 0.6585268931592855, 0.56416626408367, 0.5185462949832301, 0.4875368033310754, 0.5287047313431831, 0.5592761215039753, 0.5666634008049993, 0.5491538500851773, 0.5741663939302688, 0.5595254833510251, 0.46770896343283497, 0.4553223833958551, 0.4414228191331858, 0.4384966312521359, 0.45086257243421074, 0.4867634021575729, 0.5627619694632615, 0.6739602852785257, 0.7729951277842975, 0.7249947802632019, 0.7298986004457043, 0.7576005324772013, 0.798035720788082, 0.8370981860953021, 0.8824244368198019]","[1.3673283538630265, 1.3161462654832614, 1.2762998839388822, 1.2590541021100883, 1.228853241258504, 1.2961278620398908, 1.2396245123269651, 1.2048306923659082, 1.2175976836018672, 1.1847406413320132, 1.1955934690687955, 1.0678168191326225, 0.962280640469342, 0.9035512004078023, 0.8498245520243686, 0.8323136548612975, 0.8384162545449638, 0.8562240334932929, 0.9184790964471145, 0.9614478389011927, 1.2120624592919829, 1.1695738832693616, 1.1071404339682258, 1.0594258679981152, 1.0240386988296102, 1.0046291152109195]",191249.18599222286,191249.18599222286,1.9352211996600357,460474.9812997826,1854667.7481306281,16,11,index_cued_first_diffusion_0.3_swap_recovery_1,512
index_cued_first_diffusion_0.3_swap_7_ablated_dir_11,index_cued_first_diffusion_0.3_swap_recovery_2,16,26,16,0.6180922680928381,1.1280746193578113,0.6180922680928381,64.3045947429511,15.239072015138742,0.0670625391913462,"[0.7085799953842197, 0.7489625622586996, 0.7377890251257726, 0.5920830641778068, 0.4805220469424208, 0.6000974814032817, 0.6198325527379985, 0.5421968684043448, 0.4992242488162958, 0.4968686723448064, 0.4636078483359674, 0.4686015953617899, 0.49789983995466325, 0.5293789555054825, 0.559111336730519, 0.5753648167403204, 0.6090315992575421, 0.6724582181828004, 0.7483027788622727, 0.8180651187577466, 0.8084925709515817, 0.7887713119669265, 0.7868747435581023, 0.8041917423575223, 0.8320304780212696, 0.8726989919314939]","[1.22649636903814, 1.2344678742880735, 1.342791399051356, 1.2956981491883466, 1.2438878372612658, 1.3406223418535723, 1.445526978006064, 1.3501967160789883, 1.303251414319819, 1.3014957232307092, 1.2885326430739577, 1.229884884546818, 1.1827790979430126, 1.1630555571343193, 1.1387917898914588, 1.1199448617882561, 1.1016956614358162, 1.0538419918317645, 0.9953523732225049, 0.9727530598107681, 1.0555267071253316, 1.0444629080616015, 1.0167673988048263, 1.0033404672819415, 0.9969291092838605, 0.9901899485391782]",191248.12398267505,191248.12398267505,2.2304422113790485,460475.0469615973,1854666.4220723277,16,11,index_cued_first_diffusion_0.3_swap_recovery_2,512
index_cued_first_diffusion_0.3_swap_7_ablated_dir_11,index_cued_first_diffusion_0.3_swap_recovery_3,16,26,16,0.6190208993584194,1.1268189103214172,0.6190208993584194,72.22505763274607,16.84160989401554,0.09887946927282931,"[0.8441119059260659, 0.7605776001029427, 0.5597390604448774, 0.4741098201001281, 0.4814848288382346, 0.4945447610992324, 0.4950038993623053, 0.4750986817741376, 0.46385909485258026, 0.42921193643958183, 0.45211646431154057, 0.4760699892850789, 0.5574558917042212, 0.6093803490437708, 0.633055534643298, 0.6651635513480132, 0.6964316475133662, 0.7369746666350294, 0.7925897493437863, 0.8606202134054839, 0.8038643645717979, 0.7878308228183442, 0.8061264036226757, 0.8392012924024764, 0.8696901891027324, 0.9045732351804735]","[1.391781663449987, 1.4679072325103637, 1.285641992751028, 1.2077778694112493, 1.1627411111109314, 1.2106384958886265, 1.194759116605225, 1.2354598568206416, 1.2446828421776526, 1.2435664939850204, 1.2246805592020873, 1.2122065129964177, 1.1771572590482982, 1.14814303686749, 1.1397774613776024, 1.1292417129362287, 1.1296226177763118, 1.094980113035566, 1.0670866666127288, 1.0474620540175936, 1.116670392883275, 1.1290293541416783, 1.100198999950815, 1.0707159140727651, 1.0473231180212543, 1.0278601048620124]",191248.25069322388,191248.25069322388,1.9712881222293184,460475.2625544613,1854667.1145796394,16,11,index_cued_first_diffusion_0.3_swap_recovery_3,512
index_cued_first_diffusion_0.3_swap_7_ablated_dir_11,index_cued_first_diffusion_0.3_swap_recovery_4,16,26,16,0.6006380277161345,1.2786231941042216,0.6006380277161345,67.55975770640273,16.470211799123806,0.0895867674508668,"[0.7278371989707838, 0.6689998578494826, 0.583584006643882, 0.4828548998212736, 0.41075689854137076, 0.44840876594792217, 0.5713795896594931, 0.6441241461006514, 0.607719005415031, 0.5625112508125008, 0.5811086664652484, 0.47408203194580845, 0.4691555005840372, 0.46791003855836244, 0.4723390277272602, 0.4896427668701983, 0.5443760375143607, 0.6258725309709201, 0.7138949610635726, 0.8228846902483373, 0.7978856117432006, 0.7967511131009168, 0.8253221588578545, 0.8548216698626002, 0.87994610955279, 0.9126775705540607]","[1.3767029580998373, 1.5562864610197658, 1.7055349219352223, 1.6714115163835206, 1.6319094906608989, 1.590476427868317, 1.7127417111229264, 1.7585365186870738, 1.706198824050745, 1.617102310282623, 1.536353816474657, 1.4282166295445955, 1.2865631036284886, 1.2042872791177706, 1.1587679036598983, 1.1000399850119602, 1.0991664151123097, 1.0987128125936814, 1.073865560670839, 1.0457027525157623, 1.045976241328051, 1.040115239015603, 1.0066834802122189, 0.9939880151421285, 0.9898924160232828, 0.9946434711950088]",191248.3466231436,191248.3466231436,2.2010219260295134,460475.1064063474,1854666.4138441922,16,11,index_cued_first_diffusion_0.3_swap_recovery_4,512
index_cued_first_diffusion_0.3_swap_7_ablated_dir_11,index_cued_first_diffusion_0.3_swap_recovery_5,16,26,16,0.7507574534769214,1.433747947823147,0.7507574534769214,77.74624405455356,24.383769931319584,0.48275413917465715,"[0.7332435961767492, 0.6693689672826361, 0.6784984528314933, 0.690088895431674, 0.7532899281805916, 0.9734239566599843, 1.1321790721854297, 1.1145281837091179, 1.0038284747440993, 0.930347685577079, 0.8046309635917334, 0.6157744969854082, 0.47650542176559907, 0.47529415250870954, 0.47327727135052877, 0.4860716996976058, 0.5545537072566142, 0.6233360678570685, 0.7331066833703207, 0.8272935633845044, 0.887876775365809, 0.9163991623615448, 0.9353840252969394, 0.9501564537848173, 0.9610102358004307, 0.9736953906636838]","[1.6375888257314968, 1.8690947860151692, 2.0489253415448117, 2.1362706643988987, 2.2596262533566804, 2.287399779209925, 2.256375701456247, 2.085522853099113, 1.9532573127451116, 1.8359317453415, 1.6888088797565073, 1.5351416424486466, 1.3887494315167994, 1.3367756848914316, 1.2322331711234036, 1.1218344617136904, 1.0510106180656382, 0.9683054792714291, 0.9514650756532129, 0.9613057916296509, 0.9857185721297811, 0.9962567342990092, 1.0014276974995613, 1.0025263105725235, 1.003281666664171, 1.002813152266307]",191248.03997443055,191248.03997443055,1.5892985146856364,460475.3278007239,1854667.5579833002,16,11,index_cued_first_diffusion_0.3_swap_recovery_5,512
index_cued_first_diffusion_0.3_swap_7_ablated_dir_11,index_cued_first_diffusion_0.3_swap_recovery_6,16,26,16,0.6113539395664469,1.3871919494049774,0.6113539395664469,65.22592652114884,16.471677102652215,0.09821415029613034,"[0.7928791524426168, 0.7742686840760397, 0.6620039425019496, 0.5595181387185207, 0.5455409234374284, 0.654523978944149, 0.746569720563627, 0.7102086986039888, 0.5670849475846135, 0.5080293173106165, 0.4336480280005704, 0.38258294527512104, 0.3768053649938685, 0.4152034845439096, 0.4357059826842415, 0.46911374376211296, 0.499892645020593, 0.5677190811666523, 0.6617091175229616, 0.7650430558574599, 0.8021226142420944, 0.8339892302456106, 0.8613353288485626, 0.8878013513596151, 0.9100970732212654, 0.9364909080414792]","[1.550573382030593, 1.696446252944533, 1.7794943212849441, 1.734940680409829, 1.7529266377347363, 1.9005726889393615, 2.027154180239372, 1.9932966148245266, 1.866564289511311, 1.7632051332047625, 1.6391747790814606, 1.484235255267751, 1.3810752091995513, 1.3122472116924655, 1.2623395093566707, 1.2122614071954845, 1.196422048545547, 1.1622639265233303, 1.1323202903815663, 1.0799490943534644, 1.1137203939450815, 1.1017094285341187, 1.0798580011641958, 1.0605290736239665, 1.046151924411736, 1.0256912822886808]",191248.21564256377,191248.21564256377,1.5675700464551736,460475.2576737512,1854667.2330332103,16,11,index_cued_first_diffusion_0.3_swap_recovery_6,512
index_cued_first_diffusion_0.3_swap_7_ablated_dir_11,index_cued_first_diffusion_0.3_swap_recovery_7,16,26,16,0.6113687459460074,1.1424155546996875,0.6113687459460074,68.68089004070775,16.983826593200575,0.0918823959883367,"[0.8148858442288404, 0.6885405678352532, 0.6150612476775306, 0.5961092207434421, 0.5575349665735994, 0.5395333842143818, 0.5790129206134491, 0.6393278270375575, 0.5977288562094502, 0.5428736699916487, 0.5096640254891559, 0.45906190648308925, 0.46058643843577207, 0.4819344902901248, 0.4929784259083677, 0.49107721923625847, 0.5574035311548967, 0.6154132426096898, 0.7029026310701947, 0.7991863828255208, 0.7734477872145871, 0.7793375225257135, 0.8174200903197968, 0.8515455178241523, 0.880897294640603, 0.9191306111150775]","[1.5646799749702545, 1.5742477697996344, 1.4785333672058911, 1.4253098554075898, 1.3187009606411533, 1.4071469341248912, 1.438153454179683, 1.4573105551534857, 1.4059432915370813, 1.3501422478764915, 1.2598957727656477, 1.1909757170566357, 1.0895759589287113, 1.052389020716275, 1.0261638717086214, 0.9953917063963168, 0.9907429272857919, 0.9699009824109119, 0.9838814662509806, 0.9970425976873342, 1.0440535598742677, 1.0254363007215368, 0.9936772096127672, 0.9797752629502783, 0.9758093093515509, 0.9805286701264374]",191248.3579760837,191248.3579760837,2.2270823400350404,460475.1070155586,1854666.4135796665,16,11,index_cued_first_diffusion_0.3_swap_recovery_7,512
index_cued_first_diffusion_0.3_swap_7_ablated_dir_11,index_cued_first_diffusion_0.3_swap_recovery_8,16,26,16,0.5409843183404167,1.156070177978332,0.5409843183404167,65.9761323217302,15.929214545684943,0.08419408635390813,"[0.8487420437107935, 0.6927588730293134, 0.5493476485693477, 0.5375226182254617, 0.46458079172523536, 0.45512261828566164, 0.4825225298776115, 0.47417406706157833, 0.4278609323980127, 0.4130264789010119, 0.3952178973403135, 0.37914864835889645, 0.4052873840825314, 0.41524809628937087, 0.4129069625693134, 0.42116743290787495, 0.46342613558678514, 0.5309038805947905, 0.6265196543195991, 0.7462966809567216, 0.7358622206293246, 0.754462872855233, 0.7767585556904549, 0.8059931607686601, 0.8366804244209265, 0.8768493791028161]","[1.3874648671828553, 1.3211705930276243, 1.2838790671084006, 1.2598992374046858, 1.1963106546784938, 1.2040929537465832, 1.2761597432596976, 1.2993104339952721, 1.3366851204761274, 1.3598333129610523, 1.3930154229515952, 1.3413085682281387, 1.2911024855194455, 1.298590129633708, 1.2819324942674657, 1.2468051101666808, 1.1834641946186413, 1.1089756427629411, 1.0083795261854347, 0.9566465794380576, 1.0651437122414324, 1.0559448889464513, 1.0410463872340807, 1.028576755703871, 1.018993844332011, 1.0136506699146162]",191248.29622794312,191248.29622794312,1.9769398662965483,460475.3587487717,1854667.5556833278,16,11,index_cued_first_diffusion_0.3_swap_recovery_8,512
index_cued_first_diffusion_0.3_swap_7_ablated_dir_11,index_cued_first_diffusion_0.3_swap_recovery_9,16,26,16,0.5608873374206039,1.2198157997254206,0.5608873374206039,74.57060290059884,18.338060496446726,0.14661878459481004,"[0.6782365089003394, 0.6103758857891775, 0.5619018022220401, 0.49488609831348074, 0.4493080751111186, 0.5543939042415972, 0.5624900619712009, 0.5113592344814124, 0.46943174684483735, 0.47954665430498467, 0.5133132194333788, 0.5113892141111523, 0.5334817346388467, 0.5319969138842772, 0.49270984950345564, 0.43086827414178114, 0.39685242502358575, 0.41195287835809524, 0.503846646245824, 0.6261478167334471, 0.7365036538436069, 0.79260613009995, 0.8397939048785448, 0.8709098027132869, 0.8954507709943911, 0.9248716412041147]","[1.5007826494137304, 1.5182694925571132, 1.5941830837846538, 1.5905083365348014, 1.5476481826469217, 1.70968575476303, 1.7597592569072076, 1.6775860305750545, 1.5758524562983458, 1.4680122287470592, 1.3923268341691046, 1.3589115603010375, 1.2622684558665427, 1.2122159769394902, 1.1605426783821855, 1.1070904932998546, 1.0450262593659647, 0.9500756143435211, 0.8567476540712354, 0.8178344518711619, 0.9288361570487044, 0.9729131130389295, 0.9863717048461728, 0.9871983775102086, 0.9895590015770336, 0.9907926254174773]",191247.92133920483,191247.92133920483,1.5508746506199556,460475.15183818346,1854666.4353701784,16,11,index_cued_first_diffusion_0.3_swap_recovery_9,512
index_cued_first_diffusion_0.3_swap_7_ablated_dir_11,index_cued_first_diffusion_0.3_swap_recovery_10,16,26,16,0.6022298386014295,1.6112080856303364,0.6022298386014295,68.14991890289703,19.647967385595482,0.1396739799591724,"[0.7451565591641256, 0.7374271995115671, 0.55294747978507, 0.5885772030433478, 0.5624078614069453, 0.6353222848818219, 0.6944823201538807, 0.7492333321101469, 0.6606360478321585, 0.6742841685322195, 0.6699694013953751, 0.6128269542585653, 0.5274436002820806, 0.49661718098601154, 0.4348081383605664, 0.40561332427674307, 0.40597169291306223, 0.39605370186040084, 0.42931659981141757, 0.5310329273709583, 0.7196521182415518, 0.7744102622225835, 0.8153166123374646, 0.8582307382205663, 0.8918543710058682, 0.9219240065094657]","[1.4666240500557994, 1.5247353821101268, 1.5771417435371038, 1.5163556682937218, 1.5568594509844464, 1.7345213558018566, 1.870481549059678, 2.0026266049726904, 1.9927498933938006, 2.0517537768484826, 2.069496504565395, 2.0367258286856207, 1.9541908374503167, 1.9306548752668016, 1.9191618846880483, 1.907229611312306, 1.9116032958486302, 1.875217891554102, 1.7644467233018437, 1.5817289449820833, 1.3777491744765766, 1.2240517704947476, 1.133233310647055, 1.0783084751498062, 1.0501484157524847, 1.0338504643662343]",191248.04739758803,191248.04739758803,1.9455501714836765,460475.07449647685,1854666.4317031722,16,11,index_cued_first_diffusion_0.3_swap_recovery_10,512
index_cued_first_diffusion_0.3_swap_7_ablated_dir_11,index_cued_first_diffusion_0.3_swap_recovery_11,16,26,16,0.8631688237327947,1.602992900707935,0.8631688237327947,63.17600550074638,18.929122530264262,0.21600003141462065,"[0.7650657006800554, 0.7304438487533257, 0.7780638977869582, 0.873479510463683, 1.0051373787550866, 1.2911056512237251, 1.5207307080642065, 1.5270651564764242, 1.4359180140231025, 1.4844811751481737, 1.3124873952014198, 1.0258696959940867, 0.7656555088173215, 0.6095783315813782, 0.4649793686744365, 0.40227675438860433, 0.39320671446880673, 0.4759047425181006, 0.6240115744219162, 0.743625676995384, 0.8104362008022602, 0.8066450818800251, 0.8206372775363837, 0.8415592994398938, 0.8674235741972589, 0.8982680582013377]","[1.473770334449963, 1.7380570429080284, 1.717938331664596, 1.8288352200707352, 1.9783966829725455, 2.242937731837957, 2.456329069223438, 2.457162146429585, 2.4402680920651583, 2.5789872542592516, 2.4406191674250133, 2.1893413377727913, 1.9237074191421706, 1.7424925537428697, 1.5886767138621878, 1.441739436803043, 1.2980444793371364, 1.1263855492820654, 0.9994479869449734, 0.9433562033735811, 1.0505482753696014, 1.0815704522132883, 1.0708797678042814, 1.0536457898365716, 1.0384165424163934, 1.0262940088481314]",191248.32091209403,191248.32091209403,2.6529526851291405,460474.97152310685,1854666.4194355235,16,11,index_cued_first_diffusion_0.3_swap_recovery_11,512
index_cued_first_diffusion_0.3_swap_7_ablated_dir_11,index_cued_first_diffusion_0.3_swap_recovery_12,16,26,16,0.6063949823600104,1.122778003421158,0.6063949823600104,71.0273461482204,19.47746180037169,0.1679414999202269,"[0.8836213921743824, 0.6857774751141779, 0.5840947711168938, 0.5058215252779759, 0.4581843867129608, 0.5309306499653381, 0.566885678839429, 0.5881490304683455, 0.5797404622793945, 0.6347642255315848, 0.697674768119984, 0.6077838854873238, 0.522417404587609, 0.5537395570839644, 0.5171305748939768, 0.5178463496284592, 0.5284380269140412, 0.5310733399373162, 0.512713331524639, 0.5488243580413583, 0.7068703412513531, 0.7973334750377978, 0.8554236807706331, 0.896423906316691, 0.9239068765614462, 0.9450215276207693]","[1.1565271217344728, 1.0645032447938771, 0.9856420830782494, 0.9782304616593752, 0.9293416672898939, 0.999511005774899, 1.1102456345949903, 1.1919723423998194, 1.3324676670732152, 1.4554492986889918, 1.5968481237243881, 1.5534419265888053, 1.4755805845903285, 1.4499197697717627, 1.4612055782498803, 1.409944217569561, 1.3508985133013887, 1.2113679062658576, 1.0126913001874958, 0.8688153897727805, 0.8852067342573083, 0.9271473627565866, 0.9488356866527412, 0.9588980314123663, 0.9681156726850383, 0.9753686498865383]",191247.88657246568,191247.88657246568,1.5222906277062598,460475.15879989706,1854666.419144596,16,11,index_cued_first_diffusion_0.3_swap_recovery_12,512
index_cued_first_diffusion_0.3_swap_7_ablated_dir_11,index_cued_first_diffusion_0.3_swap_recovery_13,16,26,16,0.6075068159575964,1.4655589645143607,0.6075068159575964,60.79332446828561,16.0640148260362,0.09391420668690043,"[0.7582994576111365, 0.7139829637607162, 0.650266825473728, 0.5593314522301757, 0.5228942405557555, 0.6381196489901444, 0.7524622796592194, 0.7916637156391615, 0.772281863922462, 0.7382248547506342, 0.7804439946892874, 0.6315991848140786, 0.45003507576229784, 0.3954858005074488, 0.31844260654335016, 0.26792968496831177, 0.3176211129958265, 0.4145044216967006, 0.529567621097279, 0.685776132508789, 0.7271105739722337, 0.7714993812850888, 0.811388575672671, 0.8459892348093772, 0.8753442790006053, 0.9081239215731919]","[1.564199085301385, 1.71810263416845, 1.8065759759214368, 1.8717488226774106, 1.8216446539705027, 1.945472346325554, 1.9735677608837727, 1.9902558910696777, 2.0098924883783145, 1.9801927340886145, 1.9521157841186598, 1.7867091411131453, 1.6142407225086934, 1.5167361608271426, 1.4297035188872596, 1.3399265270937835, 1.2943667223978734, 1.2411848454059027, 1.1993662685134718, 1.124891604091503, 1.0890580273780046, 1.0418152017960562, 1.0305790061045503, 1.0206068461791324, 1.0159040914730744, 1.0155515187014021]",191248.00013984938,191248.00013984938,1.5520384480287333,460475.12511107844,1854666.3966090446,16,11,index_cued_first_diffusion_0.3_swap_recovery_13,512
index_cued_first_diffusion_0.3_swap_7_ablated_dir_12,index_cued_first_diffusion_0.3_swap_recovery_0,16,26,16,0.479960058995811,1.4293332560965835,0.479960058995811,30.042874955103777,6.941570386732149,0.10466121528405281,"[0.7038404933001896, 0.5677621941612503, 0.449928433251868, 0.487522320225723, 0.47287546951592496, 0.4325707958438876, 0.5528085500653057, 0.591186241299951, 0.6172594894023615, 0.6177732115233259, 0.5433932880356716, 0.5147063306340541, 0.4704256410526421, 0.45491077944953495, 0.4084415873388503, 0.36952225716170306, 0.37376269492701975, 0.3328913912948295, 0.33015663242068244, 0.3081026892030439, 0.6170766677089718, 0.5701676848199202, 0.5313057761103321, 0.5553329809258583, 0.614832469156212, 0.6846514234241317]","[1.5425846135882253, 1.5882428303029663, 1.5675141152015943, 1.575226514350574, 1.670641182488673, 1.734930492433856, 1.7773850777861975, 1.8126187904948041, 1.788979293259711, 1.850382136119634, 1.8193256508164908, 1.7160787981205508, 1.6227157075395038, 1.5310697176752552, 1.4720742802930882, 1.4039802961920946, 1.372620731777787, 1.38488305518807, 1.3571372489252815, 1.388019040754295, 1.2036549702934662, 1.1311061167492553, 1.0820217418086089, 1.032377010747425, 1.00709726876719, 1.0025805672613746]",1.8486208865437328,1.8486208865437328,1.8493452596354156,0.772193050476638,3.0357008787141595,16,12,index_cued_first_diffusion_0.3_swap_recovery_0,512
index_cued_first_diffusion_0.3_swap_7_ablated_dir_12,index_cued_first_diffusion_0.3_swap_recovery_1,16,26,16,0.5057463005233607,1.0407425741714988,0.5057463005233607,27.447654684086064,6.410643341601623,0.09658195141156589,"[0.8776090238791644, 0.6359642317880878, 0.5350161733292325, 0.4380708788372875, 0.46782992029664605, 0.5028994606761727, 0.5849880980452725, 0.5523623000913593, 0.5530964185447926, 0.5984106803545551, 0.6449931671574552, 0.6137493268624619, 0.549044896009955, 0.48328406227557374, 0.4529146835058532, 0.37420706081056915, 0.3306860936622734, 0.28847022644166337, 0.2976829655859624, 0.30152614596714067, 0.6779083022562585, 0.6041652885433139, 0.5969176659235736, 0.6137276693623721, 0.6551761642189319, 0.7150148422420589]","[1.3760521042025575, 1.2385837255259693, 1.1899866785206668, 1.2539973249954581, 1.2626469589007827, 1.3314931790603324, 1.2625242922383786, 1.1973556564579015, 1.1813623234809976, 1.1328301482186285, 1.1603310685272854, 1.0069830659855585, 0.8519657840323859, 0.8018827242151688, 0.7439639384532599, 0.6569549996041397, 0.6282422578151009, 0.601478153395961, 0.6192490063767496, 0.6213027592059058, 1.5510730413762022, 1.535893047115599, 1.4412250575926842, 1.3235401372509479, 1.2118987852902163, 1.129033525442816]",3.2339819118491175,3.2339819118491175,1.6647741259042077,4.7848143815754405,20.762897385596965,16,12,index_cued_first_diffusion_0.3_swap_recovery_1,512
index_cued_first_diffusion_0.3_swap_7_ablated_dir_12,index_cued_first_diffusion_0.3_swap_recovery_2,16,26,16,0.532408533782797,1.1314259534780498,0.532408533782797,27.799468754495745,6.252048563484322,0.08539833751782999,"[0.624107714546673, 0.6822846995402178, 0.6448670811041683, 0.5901400690168619, 0.5326855231258895, 0.6191988383969047, 0.6047897183856454, 0.6054947768449259, 0.5280562632217963, 0.4764824710887177, 0.45001188618542004, 0.4481665727067337, 0.4764688871006405, 0.47979641880933854, 0.4712308717864755, 0.4582788058241288, 0.46996653817590783, 0.4920818576687695, 0.5037096183797405, 0.49077784552313786, 0.6446035492922468, 0.6575409935245977, 0.6357967496189367, 0.6081785583960716, 0.6220630694044971, 0.6757927159152263]","[1.2033125534029245, 1.1104755511580575, 1.0605231314099748, 1.0596965875035818, 1.0569595437008816, 1.110584586972027, 1.1906701078257276, 1.1678058898784915, 1.1843458410394543, 1.1750824850833297, 1.1701601845234044, 1.148401654132644, 1.1466593714343734, 1.1284298214300597, 1.1186247728798264, 1.1297961418094395, 1.129448062952324, 1.1212435897365176, 1.1353029688274112, 1.128130503808415, 1.3424320870616315, 1.3960944117756633, 1.3953047481372107, 1.34232304168465, 1.2693199490468727, 1.195206959831715]",2.148435326615572,2.148435326615572,2.433928004319254,0.7243735398020286,3.152593750895403,16,12,index_cued_first_diffusion_0.3_swap_recovery_2,512
index_cued_first_diffusion_0.3_swap_7_ablated_dir_12,index_cued_first_diffusion_0.3_swap_recovery_3,16,26,16,0.5232336464132546,1.1891497914284934,0.5232336464132546,33.04980092028943,7.496737720318258,0.1143221716446643,"[0.7181330550920361, 0.7437203245689398, 0.536129790698433, 0.5184700884716249, 0.4985163860667304, 0.5142205153667158, 0.5467328871283539, 0.5489239330379612, 0.5522937497101532, 0.534897860360685, 0.5561846505901646, 0.5347884698161681, 0.5145147759520625, 0.5477917318649521, 0.5129735447913478, 0.5402546062463911, 0.5747763410441135, 0.5407106099635329, 0.5402093749713935, 0.5323989304810773, 0.47651264114633024, 0.463064301875084, 0.4703872316401229, 0.5216961383965745, 0.5897866276844932, 0.6701055346503944]","[1.241321191042816, 1.3173903096439985, 1.064457200480317, 1.0369707575163547, 1.0179856632435678, 1.1762124787327837, 1.2519730889572844, 1.2673809394617244, 1.3720556854977228, 1.3750488404108645, 1.3912403404858809, 1.353069176744822, 1.3220823665085926, 1.2778504958928665, 1.2674550081173128, 1.2252686419657095, 1.2146978779530837, 1.2121089768310351, 1.1957125058497335, 1.2222168284646846, 1.3615415420580523, 1.348522250122663, 1.2578666559328051, 1.159156710560693, 1.0876871887058333, 1.04256490296206]",1.8462208216254323,1.8462208216254323,1.8548457284062152,0.7987381053968712,3.0959468716491196,16,12,index_cued_first_diffusion_0.3_swap_recovery_3,512
index_cued_first_diffusion_0.3_swap_7_ablated_dir_12,index_cued_first_diffusion_0.3_swap_recovery_4,16,26,16,0.535927968607331,1.2361114708686227,0.535927968607331,27.096250763047255,6.4757735487987915,0.12082535590684462,"[0.7919460711183153, 0.6496178468166013, 0.5753966405164596, 0.5138050557368823, 0.47801981750320904, 0.5544225952138324, 0.7087243082272787, 0.8040430717676732, 0.714858886821137, 0.7358451661843635, 0.6605821367484637, 0.5751775343806808, 0.5252887336622708, 0.4711146177610367, 0.42634157971789616, 0.4154211529794538, 0.40604979712148337, 0.412157492452633, 0.38592718294493417, 0.4099900118131919, 0.5607804197539737, 0.5156660766739014, 0.5142992018177489, 0.5561321171068925, 0.6200260258549967, 0.6969333573089034]","[1.237602949736118, 1.4415750231262316, 1.484919283115538, 1.4874121296622465, 1.4811582074308318, 1.510747960585136, 1.5528506634535533, 1.5826255658743587, 1.5217094168863063, 1.4601330422340104, 1.4135681772085786, 1.308398715297602, 1.2015023601433412, 1.143085626619217, 1.1292554562660426, 1.0627581497379999, 1.0553190809658977, 1.090601914456854, 1.1050394675808393, 1.102956612771391, 1.325083645299984, 1.2610547605088571, 1.1678645662544411, 1.0896954953190245, 1.0353563039629798, 1.0108502859097444]",0.05913649668320617,0.05913649668320617,0.040422115220503506,0.042685084721458606,0.18777903177049055,16,12,index_cued_first_diffusion_0.3_swap_recovery_4,512
index_cued_first_diffusion_0.3_swap_7_ablated_dir_12,index_cued_first_diffusion_0.3_swap_recovery_5,16,26,16,0.6707182314205158,1.3871507421585674,0.6707182314205158,55.50179618173871,14.95056141477192,0.5234127408351957,"[0.8441845132953167, 0.6922399576685601, 0.6382955839419971, 0.6503747608194793, 0.7577115177941984, 0.8853746623896855, 0.9626141624562662, 0.9332425387583836, 0.8686476332885332, 0.838590869147215, 0.7453543414350978, 0.6269964147014861, 0.5238430678052496, 0.4969621950390593, 0.4390256937022075, 0.41862092373774584, 0.4445977245187795, 0.44845819243056245, 0.4589956678194573, 0.47393741372180925, 0.7878857694634396, 0.8270994529960832, 0.8520229907543888, 0.8796039171804513, 0.9026034647834695, 0.9269656878642865]","[1.6623664605076653, 1.7266229057306044, 1.8425974838929184, 1.9863724242395928, 2.1625296564429517, 2.189070902536825, 2.09356485529837, 1.928042983292992, 1.7337069612024332, 1.6192546475288456, 1.5454579126837786, 1.4361937827359588, 1.3244073883847556, 1.260632033654794, 1.2300061465885814, 1.160572187396717, 1.1252769738700688, 1.1089946160778599, 1.0793838099763664, 1.0630195919835395, 1.0150116922795644, 1.0301973376475506, 1.0294126370214425, 1.0224344535582353, 1.0162395611212853, 1.0114662414457785]",2.387109020354818,2.387109020354818,1.651039450947974,2.0194640491479823,8.219753921060995,16,12,index_cued_first_diffusion_0.3_swap_recovery_5,512
index_cued_first_diffusion_0.3_swap_7_ablated_dir_12,index_cued_first_diffusion_0.3_swap_recovery_6,16,26,16,0.601241447148412,1.381317105877889,0.601241447148412,26.587977766099996,6.772018498679585,0.11353876533446827,"[0.8245833554290456, 0.6583359737198927, 0.6806205315744752, 0.7112794012812123, 0.6716769620934272, 0.9485287091944439, 1.0173708510098185, 0.8881684769607462, 0.7142771448795303, 0.6169230129810894, 0.5639614087372037, 0.5312609584026237, 0.5041494338665362, 0.4830330173973073, 0.4762337785484252, 0.45216053977407056, 0.43017562529347464, 0.40804566389030655, 0.39277101882840587, 0.40914784680658045, 0.5254891703565374, 0.5839388387606067, 0.6448472203437025, 0.71442702683007, 0.7761865756967303, 0.833953521833944]","[1.471890038125544, 1.428179476600936, 1.4799840506731434, 1.5194264417696675, 1.568543365544456, 1.9743310146839335, 2.082142487616649, 2.0149361637644434, 1.904921198464707, 1.7442924848287393, 1.567476764098736, 1.4237841246889928, 1.3318513128559581, 1.2542671023665093, 1.2264597583130814, 1.1674277665087258, 1.141529634174196, 1.1590685384192763, 1.1675118588753515, 1.1822713740997988, 1.2827267046473705, 1.300787706426232, 1.2868296188744341, 1.2373202526491323, 1.1808735611787884, 1.1027139432781747]",2.4125700697230537,2.4125700697230537,1.5234364615810443,2.383977065955795,9.91257502614787,16,12,index_cued_first_diffusion_0.3_swap_recovery_6,512
index_cued_first_diffusion_0.3_swap_7_ablated_dir_12,index_cued_first_diffusion_0.3_swap_recovery_7,16,26,16,0.48278730896148064,1.1135498506109534,0.48278730896148064,30.818524787279845,7.315932036784432,0.11511124031184328,"[0.7912784462213357, 0.6609775644303874, 0.5637531381314002, 0.5718198042020256, 0.5348458986963383, 0.47057461232567427, 0.5437856864137683, 0.6108571308638344, 0.6067756275046933, 0.6061581471824875, 0.5626725127143486, 0.5102543769039215, 0.45685414944571656, 0.4405764701188041, 0.3912935770042978, 0.3541619691096107, 0.3713703550800177, 0.35306972337123116, 0.33720734792848167, 0.33997708375375935, 0.5044924476671293, 0.4349578012309251, 0.45304343982918116, 0.5224295525846956, 0.6058749399779908, 0.6980949068342184]","[1.3117969262688636, 1.3401090225842847, 1.3002065254349529, 1.2711771218068928, 1.2265166493451887, 1.227980290905647, 1.3516419424155073, 1.3955164660119055, 1.4194815727312073, 1.3695241057029515, 1.312550350553746, 1.2081148724307624, 1.1140784159983323, 1.0969665274637113, 1.0653968573770272, 1.0275090311426607, 0.9884822750138897, 0.9698481544587537, 0.9546030708011629, 0.9523471050741068, 1.1315881961410086, 1.1106644933605199, 1.0426467816006773, 0.9901066261297744, 0.9559359391477271, 0.9468105182359097]",0.07112547089814063,0.07112547089814063,0.04184217122538747,0.05595447904608817,0.20432782595422072,16,12,index_cued_first_diffusion_0.3_swap_recovery_7,512
index_cued_first_diffusion_0.3_swap_7_ablated_dir_12,index_cued_first_diffusion_0.3_swap_recovery_8,16,26,16,0.45648769201991535,1.3636996758600495,0.45648769201991535,25.155498378305328,6.229226997739088,0.094454825580641,"[0.8064052127811575, 0.5972102978298793, 0.5509255112083611, 0.5006303297160616, 0.5061534734882231, 0.5184277403459081, 0.48487976500551994, 0.47251292755297986, 0.4389843502498134, 0.42652365933155123, 0.4027888495637875, 0.3956126213287942, 0.41371673444561247, 0.3824707016405126, 0.3707921094488316, 0.344032327861778, 0.35384750158215766, 0.3681447943406468, 0.3282518660134551, 0.34069908034535384, 0.5512214128949545, 0.5686877520882436, 0.5608265305122613, 0.584083481707848, 0.6419127085857578, 0.7242817180778517]","[1.3972206626118275, 1.3300132590666913, 1.2831218406899247, 1.3105918080791916, 1.3021358308200028, 1.36582502787127, 1.5061015085175733, 1.4846058737746035, 1.5059447016989642, 1.5150475654370938, 1.5378459505866275, 1.503380805645529, 1.4817666873671258, 1.521182831721074, 1.5464947897337795, 1.5495323737626259, 1.519987932023686, 1.518714357083337, 1.5146358439786516, 1.5015112894663696, 1.4673731916312147, 1.3619298277213507, 1.2698708752869923, 1.1934011991215485, 1.1316434784318359, 1.0698447830766198]",1.9554188599541562,1.9554188599541562,1.8819976530340015,0.5466976264370146,2.9113085744491913,16,12,index_cued_first_diffusion_0.3_swap_recovery_8,512
index_cued_first_diffusion_0.3_swap_7_ablated_dir_12,index_cued_first_diffusion_0.3_swap_recovery_9,16,26,16,0.5104109393102397,1.544091215883918,0.5104109393102397,34.30975366455998,9.078540460451359,0.14875404923472924,"[0.7183738214077128, 0.6809610883584999, 0.509014308456229, 0.544312570261382, 0.5014887025502109, 0.5407531495763912, 0.5655856068582016, 0.5456989163972087, 0.5034550784756304, 0.5179058640652741, 0.526512052182657, 0.5305185967590078, 0.45207080755156953, 0.4611944942943626, 0.40631962601621335, 0.365794646180461, 0.33668007496673263, 0.37196198813812326, 0.4205078360170635, 0.5062824340176268, 0.6003584354398562, 0.5977325457357099, 0.6178545970618022, 0.6741152289154022, 0.7349275452129026, 0.7989826357477199]","[1.344930972105547, 1.530183908097587, 1.611699498433262, 1.6623281302896022, 1.6876962947338843, 1.879070224488002, 1.933646227827499, 1.8712082667248104, 1.8494549578115702, 1.7910031533040287, 1.7471134560204717, 1.7504240956571302, 1.6486503547422542, 1.581488088628144, 1.6125762440364813, 1.6460499391739445, 1.6885125735471134, 1.7482567905322113, 1.7912914884854196, 1.8725246292961768, 1.3626630964451227, 1.2568731767756525, 1.1857658630696961, 1.1365392542715187, 1.0959440005914152, 1.0658848278921973]",2.1381358761143914,2.1381358761143914,2.305745766961481,0.7516389632019458,3.280973794527098,16,12,index_cued_first_diffusion_0.3_swap_recovery_9,512
index_cued_first_diffusion_0.3_swap_7_ablated_dir_12,index_cued_first_diffusion_0.3_swap_recovery_10,16,26,16,0.7854875485786298,1.7931570274353459,0.7854875485786298,36.88400473143896,10.053678060840774,0.16526066276960039,"[0.7239245019724755, 0.5786625039118737, 0.5654454890213644, 0.5186610286962906, 0.46603408135837926, 0.593999367753024, 0.758080481120755, 0.8538689960112648, 0.8734636734403113, 0.9613148387164415, 0.9686640772279362, 0.9376820449089134, 0.880856199369249, 0.846759088393189, 0.8752294713482717, 0.8434052981793211, 0.8734187832871538, 0.9372564081465183, 1.0105647573913121, 1.0616077905668813, 1.0169350540595874, 0.9045117412381334, 0.7820592103264252, 0.7589838884488979, 0.7807120964041975, 0.8250752854648804]","[1.3927784775106913, 1.4971242921920624, 1.5028557839250796, 1.5096702909594835, 1.5878677115174982, 1.8668540872943402, 2.016361862600426, 2.11928080907573, 2.12920742471586, 2.1921645791874225, 2.2146785460296248, 2.189806154474517, 2.0939724846197336, 2.116680041593754, 2.1625311224194554, 2.1710976304490366, 2.208081300761763, 2.2942807310059226, 2.3694841403281734, 2.442185359775895, 1.70830300312527, 1.3974534956131899, 1.2723808504754266, 1.1898818303073906, 1.127956761680421, 1.091066360872337]",2.2128960067495056,2.2128960067495056,2.1058575069697496,0.6069621996470351,3.0670799026103435,16,12,index_cued_first_diffusion_0.3_swap_recovery_10,512
index_cued_first_diffusion_0.3_swap_7_ablated_dir_12,index_cued_first_diffusion_0.3_swap_recovery_11,16,26,16,0.7596912201985919,1.786732626677113,0.7596912201985919,40.87233478956341,10.593090188988091,0.2559596744222209,"[0.7510015314956293, 0.6984264168808567, 0.6474658952082827, 0.8532506055332152, 1.122501133641437, 1.3177224584585787, 1.4122868857891742, 1.336060346926097, 1.2359933134558632, 1.2169557012619796, 1.1271850696135979, 0.9209627530847285, 0.7365531333543893, 0.5917197378518864, 0.5167076926410086, 0.37402870489945683, 0.36423158335097316, 0.3086908014118827, 0.3203818509259589, 0.3020180478453057, 0.7207872476984798, 0.72533758309692, 0.7026299650604592, 0.7071324347503457, 0.7284521125753401, 0.7779789681987151]","[1.4679541510166239, 1.6017395030644597, 1.6619999919860167, 1.953048504307697, 2.2285217882648642, 2.499822161430815, 2.5927343344404163, 2.5209027966322304, 2.4770688867960633, 2.466582880089536, 2.373574157240792, 2.1874449920717614, 2.0608646914536144, 1.937670349242825, 1.8836105055003258, 1.7900773228336935, 1.7336038425255678, 1.717312566974972, 1.6642303772991223, 1.6652932191603995, 1.3267739283314188, 1.3018785398913109, 1.2481487760106007, 1.1776687060794424, 1.114087984457545, 1.0728208240222872]",2.104065814846081,2.104065814846081,2.1688304718773814,0.8234921387321167,3.2751090788819694,16,12,index_cued_first_diffusion_0.3_swap_recovery_11,512
index_cued_first_diffusion_0.3_swap_7_ablated_dir_12,index_cued_first_diffusion_0.3_swap_recovery_12,16,26,16,0.8219277626710538,1.4139638212956023,0.8219277626710538,47.94687138285308,11.2276042604351,0.2095833715429769,"[0.7684818878558214, 0.6170508028941725, 0.5684304284201127, 0.5163345328535432, 0.5200338493072452, 0.5873112846058108, 0.624408240548443, 0.6001604849154623, 0.6240669451286004, 0.7318505140982113, 0.8735719144806625, 0.853457267880055, 0.8533169143555827, 0.9370188171046924, 1.0386564852897358, 1.0499092473251643, 1.1254217938276907, 1.3206023901042487, 1.4382849817148582, 1.6758221842976249, 0.9009589836252463, 0.7641474061704229, 0.7460828954902414, 0.7764156810151626, 0.8141397131597209, 0.856854253813557]","[1.1952732044407228, 1.0802839703478715, 1.0580003121170674, 1.0696316049731236, 1.1034275957725561, 1.0701962710800177, 1.1134047782890613, 1.1654734555052126, 1.2750060329404906, 1.3764120011960839, 1.5206715190497757, 1.5546567610376378, 1.6644042456106103, 1.7529534355440615, 1.9145291215946574, 1.994638946195075, 2.0942702683728536, 2.265973590750505, 2.3416496100539423, 2.536518106791102, 1.4177426217966065, 1.1881978947862424, 1.0823937206618337, 1.0304544149922281, 1.0002301979515664, 0.9886045481102148]",2.112152982513102,2.112152982513102,2.2490994282444414,0.7355742442445843,3.2194188552905745,16,12,index_cued_first_diffusion_0.3_swap_recovery_12,512
index_cued_first_diffusion_0.3_swap_7_ablated_dir_12,index_cued_first_diffusion_0.3_swap_recovery_13,16,26,16,0.663824627334893,1.5123889577795535,0.663824627334893,26.34918728389744,6.547931710436993,0.11925166316443425,"[0.7389759860973715, 0.6407051471986658, 0.5645029945978262, 0.5294603955961156, 0.49168471922903356, 0.7359601525216692, 0.8717375722052872, 1.0075170374826061, 1.0819499049384806, 1.1206493613746367, 1.133805041106491, 0.9778905031632459, 0.7819868878267212, 0.7490536888083327, 0.607886952242091, 0.5145450655506649, 0.4579263600878871, 0.4706198359339022, 0.4711806505384487, 0.4887195128608199, 0.5558861383137965, 0.5352465312086935, 0.5127837813820868, 0.5806007130178682, 0.6513358499849217, 0.7126350409764757]","[1.4791137809581327, 1.6013860767716221, 1.6381186588052798, 1.7338361764444208, 1.7692024912027087, 1.8878506808781454, 1.9328112818798833, 1.9539211469529143, 2.0442744765862604, 2.0699611908625406, 2.0446040477541434, 1.8887229989088716, 1.6874894629992843, 1.604735066478153, 1.5494763245306031, 1.4237529312782, 1.387337386657568, 1.4169083931858593, 1.419141089440585, 1.4599994048046616, 1.2408712847248404, 1.1647808285975825, 1.1032142079058729, 1.0506131629021294, 1.013795586675528, 0.9915033091233132]",1.7917184594650075,1.7917184594650075,1.952104206262363,0.7047162678636926,3.0607576955705937,16,12,index_cued_first_diffusion_0.3_swap_recovery_13,512
index_cued_first_diffusion_0.3_swap_7_ablated_dir_13,index_cued_first_diffusion_0.3_swap_recovery_0,16,26,16,0.5187292430290744,1.4135877822789078,0.5187292430290744,52.18858025206112,13.443128197076366,0.08480369095229823,"[0.8244238035025213, 0.6140923926483788, 0.4923168415266213, 0.5138763875450266, 0.5376658341122824, 0.5506974104020522, 0.5564104650270565, 0.6160481407416016, 0.7015556578148746, 0.6571758004927165, 0.5939655778729271, 0.5163640795521571, 0.4763430718953229, 0.4140544137774949, 0.3422551539382057, 0.3416702747929424, 0.33858572330015513, 0.32059213482253085, 0.34182187392138, 0.3554414856157113, 0.6515914394879758, 0.6273483977925769, 0.6182525105312956, 0.6933662614397885, 0.7763409194983036, 0.8538323369105868]","[1.5910058815072097, 1.6756591820751656, 1.6190432389931013, 1.6204302695807415, 1.7388707916784558, 1.6977650331071863, 1.7608382216009115, 1.8055579926611782, 1.8349345874405822, 1.8247624616682543, 1.7383359611958342, 1.6275767884449392, 1.537040207966003, 1.4239453295824707, 1.3313450442861772, 1.2887245177279014, 1.2638191987358822, 1.270779264144238, 1.2577243963543334, 1.290332338453917, 1.321469475622717, 1.228693216725126, 1.1500128102090552, 1.0850232323599691, 1.04905646707458, 1.0320787416185513]",0.999795830098454,0.999795830098454,1.050482440088317,0.3090409848489789,1.546248642016069,16,13,index_cued_first_diffusion_0.3_swap_recovery_0,512
index_cued_first_diffusion_0.3_swap_7_ablated_dir_13,index_cued_first_diffusion_0.3_swap_recovery_1,16,26,16,0.5118530940098374,1.1897434196413204,0.5118530940098374,50.38175227578445,12.786254163801885,0.07427210060232792,"[0.847597459569471, 0.6788432913227302, 0.5285190065081716, 0.5311034263973469, 0.5319786375999627, 0.6019135893261028, 0.5974461849798769, 0.6545134651841061, 0.7410018216344719, 0.6823524311553225, 0.6425392153198769, 0.565209236071335, 0.4530144745494541, 0.36405851923188987, 0.29663607868864295, 0.27572867472481927, 0.2812009172546099, 0.2878539370077, 0.27704516793665607, 0.2902060658200812, 0.6497948872363339, 0.5897359007949468, 0.5874493649404179, 0.6431520661956891, 0.7273951765140609, 0.8113803561528613]","[1.430737092845947, 1.2762456656329468, 1.176889156169014, 1.159472244795535, 1.214557493464425, 1.28996929333262, 1.291355820651623, 1.3517644407053317, 1.508698370202904, 1.4533084819688078, 1.4194831653793458, 1.3413877227236435, 1.293507477831918, 1.1558408167777887, 1.0837377078031498, 1.0273501681500539, 1.0271054639244055, 1.0297656570941622, 1.0568352831574115, 1.0539099927524016, 1.7043318289549352, 1.4376892792457485, 1.2229259309899638, 1.0980269669069598, 1.0377848884722545, 1.0120340943280144]",3.16110927790863,3.16110927790863,1.7095651576821744,4.444786775056252,19.51009408609675,16,13,index_cued_first_diffusion_0.3_swap_recovery_1,512
index_cued_first_diffusion_0.3_swap_7_ablated_dir_13,index_cued_first_diffusion_0.3_swap_recovery_2,16,26,16,0.5067679727051375,1.1618241127885969,0.5067679727051375,48.90491522565769,12.083368690127326,0.0747365018465388,"[0.7378843035916672, 0.7324824189108867, 0.6839413978787616, 0.5926234987135248, 0.5596581900175346, 0.6060298753678516, 0.610903215515055, 0.5762500706419836, 0.5228733773348819, 0.4994880670315778, 0.42187724148729483, 0.39139681018418615, 0.38044337168304193, 0.41457787829024645, 0.42466640426451624, 0.4391896186603377, 0.45098562919965923, 0.4729244276682912, 0.45862264283286586, 0.45814798108762783, 0.5694816930463994, 0.49218094795035394, 0.46887341695435536, 0.5498345927007129, 0.6525763587289783, 0.753992024773635]","[1.3530903822789493, 1.301454825452024, 1.2201539777211734, 1.0765815615316325, 1.0556965294495932, 1.103331487721774, 1.1848915278847463, 1.1766004056344777, 1.2010452869730401, 1.2222967012264028, 1.2556342586278162, 1.2505197284180958, 1.2489550886275653, 1.2602645838736222, 1.2594169290458672, 1.2671058023212722, 1.2648275819671708, 1.2679442170642314, 1.2684236603890324, 1.2566203028528835, 1.2864022996763917, 1.2826173279910764, 1.1907975445171806, 1.0976979424724154, 1.033555847903964, 0.9960926440411932]",0.8677814401048163,0.8677814401048163,0.726438483325603,0.5070099222806441,2.304545205867852,16,13,index_cued_first_diffusion_0.3_swap_recovery_2,512
index_cued_first_diffusion_0.3_swap_7_ablated_dir_13,index_cued_first_diffusion_0.3_swap_recovery_3,16,26,16,0.5596643475711542,1.2286147238051872,0.5596643475711542,57.194645973594014,13.909032559363503,0.10422605648634276,"[0.8540158405356941, 0.8468134327071767, 0.5665875482589098, 0.49572419967667886, 0.5215929435484138, 0.5741934108895861, 0.5657145392434821, 0.5594365125055836, 0.6044202114684107, 0.5495908814871663, 0.5364807666602499, 0.48654927600622616, 0.4783701094947766, 0.4804318878759243, 0.5107419451940811, 0.5422151951454, 0.5606415388577782, 0.5370009237292744, 0.5391589407629538, 0.553523201099568, 0.6041051129306311, 0.5846980387937805, 0.5874623239764906, 0.6685682675263881, 0.7524624255661243, 0.8355629663542172]","[1.323690627533142, 1.3948259831873737, 1.1507370244715764, 1.0761943513118046, 1.1805104961691164, 1.3331768031858195, 1.3681807083744817, 1.418033587688778, 1.5328385538567948, 1.4714183723226837, 1.453801711402361, 1.392311471382597, 1.344433466057028, 1.298780068012739, 1.294828943727503, 1.2707282897844183, 1.2610190857356793, 1.2805816635506466, 1.2750884653843153, 1.2365387810714694, 1.2279729781550652, 1.2100334581576757, 1.1493947329863248, 1.090199549920715, 1.0527549517216055, 1.0355080150994418]",1.008208874661621,1.008208874661621,1.0668261221208137,0.3046441463601922,1.5205505643856023,16,13,index_cued_first_diffusion_0.3_swap_recovery_3,512
index_cued_first_diffusion_0.3_swap_7_ablated_dir_13,index_cued_first_diffusion_0.3_swap_recovery_4,16,26,16,0.5125391123603239,1.223976964019205,0.5125391123603239,52.17059176733733,13.32712604186112,0.10272524369955727,"[0.7893936149168786, 0.5978298918358387, 0.5217391473745976, 0.47283819136232075, 0.45304845874341865, 0.5390138083102486, 0.5327992203049939, 0.6270533788805066, 0.6406617238786437, 0.5993848311366993, 0.5667892104760378, 0.48912857657468345, 0.415312331992521, 0.3748408810948762, 0.38625720116188067, 0.39704591790643246, 0.4279494746710008, 0.40676745592216634, 0.3940866448336129, 0.4051579172315868, 0.5134827488223662, 0.5430112869481437, 0.6435061346108453, 0.7430219774578212, 0.8069265325686646, 0.8673343396201488]","[1.3965153606603844, 1.5465969745067965, 1.5690556001743756, 1.5559562821121289, 1.5779286819571166, 1.4725241622785388, 1.5773985335766971, 1.619869790932567, 1.6241568150937071, 1.552929029809794, 1.4927067916361776, 1.338481277900407, 1.2308521368774632, 1.0977175251572013, 1.0641768790045036, 1.0207416483007987, 1.0254366850138557, 1.0298845878038898, 1.0510120236725273, 1.05951480463895, 1.1298846467163746, 1.0782659002864141, 0.990320470150763, 0.9699234692853457, 0.965066956158649, 0.9694834222481901]",1.825579524510669,1.825579524510669,2.076593558299456,0.6542515751868136,2.9309494082502034,16,13,index_cued_first_diffusion_0.3_swap_recovery_4,512
index_cued_first_diffusion_0.3_swap_7_ablated_dir_13,index_cued_first_diffusion_0.3_swap_recovery_5,16,26,16,0.6200117414722082,1.3919333349827718,0.6200117414722082,68.31178796923093,21.02293882295045,0.4958879523047498,"[0.7554235553448087, 0.6341442154541377, 0.5082755471282383, 0.5174668710222546, 0.6842644444502584, 0.7198437272247209, 0.6980135600493872, 0.728486228614235, 0.701290758201337, 0.6494100626866188, 0.5640777426606888, 0.49230157494380083, 0.45291626800954476, 0.476830285940345, 0.4591403589223398, 0.4952593924664462, 0.5270316071806685, 0.5309044956506255, 0.5276468592372748, 0.5523451419075142, 0.7982850829070072, 0.8395811212171862, 0.871687378332986, 0.9049734724623982, 0.9307972330830315, 0.955240141703921]","[1.6759677023618882, 1.794496519678765, 1.8543682377154909, 1.931700730550175, 2.185010298810021, 2.10354891866797, 2.0490997384121794, 1.9217490225109723, 1.8537727827538648, 1.6937925547234396, 1.5630409317113658, 1.4640305691697877, 1.3410555763989553, 1.280789601327809, 1.2139761777398752, 1.1550846494265166, 1.1301786513311336, 1.0963840621697378, 1.0709907713348465, 1.052246979378792, 1.0103869056431318, 1.0204681666182809, 1.020514098706338, 1.0212527430701175, 1.0178749870997743, 1.0129383668435543]",2.338424436465754,2.338424436465754,1.693222951146182,1.7522797978819014,8.14421567775692,16,13,index_cued_first_diffusion_0.3_swap_recovery_5,512
index_cued_first_diffusion_0.3_swap_7_ablated_dir_13,index_cued_first_diffusion_0.3_swap_recovery_6,16,26,16,0.5577464970514228,1.44674839395925,0.5577464970514228,50.76627834684256,13.465644581637928,0.1026579542278847,"[0.9417988902037874, 0.7736483304478805, 0.7335139000459345, 0.6171107690091604, 0.65457058408725, 0.7901986767070805, 0.8135499953539033, 0.6995110271080671, 0.6404708241784632, 0.5208405539318669, 0.42891343344409044, 0.41280516689536456, 0.3635579956383665, 0.3666929757443561, 0.35208727300420883, 0.3812171048701108, 0.36610549645560686, 0.36796860238009654, 0.3640481982254154, 0.36940288600961635, 0.5625309104663677, 0.6653643261637996, 0.7240578119153277, 0.7847778855249716, 0.834308801049302, 0.8865118991569765]","[1.5688479390593018, 1.6796212533711805, 1.6338394587596774, 1.6077802469786842, 1.7197066447274345, 1.8010683177663147, 1.964560870481755, 1.84592465122114, 1.8564854083196727, 1.745369548078299, 1.6594009941164078, 1.609048170381341, 1.5367828905954104, 1.4728021329702865, 1.4355950368031831, 1.3583773957046357, 1.33178403507489, 1.3352118301557518, 1.3247741522905914, 1.3200624948115491, 1.2953945617672722, 1.2667185561494816, 1.2184162863433803, 1.1611645575456302, 1.1168972884164097, 1.0684949811609359]",2.4047345164732583,2.4047345164732583,1.6952979951189422,2.1378081389924155,9.708873911651692,16,13,index_cued_first_diffusion_0.3_swap_recovery_6,512
index_cued_first_diffusion_0.3_swap_7_ablated_dir_13,index_cued_first_diffusion_0.3_swap_recovery_7,16,26,16,0.5319242015347605,1.237071259753637,0.5319242015347605,52.23990985131727,13.499061762748964,0.08477063517750139,"[0.8523905684494837, 0.6654421129882353, 0.6089355158276067, 0.6088333885656703, 0.5959936701843866, 0.6033314383773588, 0.6072871464877009, 0.7143036708532177, 0.7769020447176617, 0.6482432500425772, 0.5179811168034684, 0.45446817597300476, 0.39267429629173994, 0.4090922799878617, 0.3725527441967572, 0.3836466148563808, 0.3996759958121793, 0.39466873863070107, 0.37131215760627856, 0.3914486929932457, 0.4682696476350334, 0.49849540146235416, 0.5954751956035111, 0.7061477644283259, 0.7883754155808179, 0.8605549595459132]","[1.4256032669955938, 1.442000918828572, 1.2991605593667865, 1.2729473729961058, 1.306824007623377, 1.429219183677254, 1.4856314104605997, 1.5940021539790523, 1.6636162000133257, 1.5440158824332375, 1.4503287100348197, 1.4153895394190283, 1.3618394951254436, 1.3151442267184579, 1.319381162851147, 1.263934669393235, 1.2456727963275178, 1.2398831987151115, 1.2537875282481, 1.2389180847811745, 1.0510535619214556, 0.9975221773985498, 0.9410603252095565, 0.9218932294897626, 0.927078500544864, 0.9414924490804645]",1.8405750892727497,1.8405750892727497,2.1047530417986007,0.6605775995205155,2.928001482554073,16,13,index_cued_first_diffusion_0.3_swap_recovery_7,512
index_cued_first_diffusion_0.3_swap_7_ablated_dir_13,index_cued_first_diffusion_0.3_swap_recovery_8,16,26,16,0.4556306787878393,1.368138840478843,0.4556306787878393,50.93328998933036,12.970356425279078,0.08703815881268018,"[0.8475055446424874, 0.6828181408451104, 0.5525430730115928, 0.5523432640023646, 0.49512179958213615, 0.46991681343516906, 0.48627774097052173, 0.4622583129003775, 0.4894932904323494, 0.44100624548485984, 0.41130139825973205, 0.4042442118771066, 0.34279204624923, 0.3230105564548562, 0.3161531324508763, 0.28966971730687996, 0.29788419598333477, 0.2884597476622361, 0.2922481287225388, 0.30540626600308857, 0.5689913878862397, 0.5964594755377902, 0.5905690073175823, 0.6447853378328374, 0.7181185528664255, 0.8015460661746823]","[1.5321689741423168, 1.4096456733141625, 1.2896517919105928, 1.2581444467936522, 1.279333211522913, 1.305305450167518, 1.4361195271451366, 1.4529420213865913, 1.5459927185802211, 1.5391221328904492, 1.5644454991997578, 1.5848896770861265, 1.572572286266677, 1.5668312103514657, 1.5727985931821444, 1.5618208970266185, 1.5597727867145947, 1.5680474428469338, 1.561230321215692, 1.5128212809396606, 1.505342531039835, 1.3124668316547314, 1.1975923845351766, 1.0965102280978678, 1.0448239071822647, 1.0146050286559625]",1.071794067240985,1.071794067240985,1.0986195604536317,0.28492928920758726,1.5955646208472776,16,13,index_cued_first_diffusion_0.3_swap_recovery_8,512
index_cued_first_diffusion_0.3_swap_7_ablated_dir_13,index_cued_first_diffusion_0.3_swap_recovery_9,16,26,16,0.5501545384171834,1.5455213855994248,0.5501545384171834,57.848581314953776,15.686280892506238,0.14222563610922034,"[0.8077959233249848, 0.6251617907641045, 0.5251343123425728, 0.45282362912352264, 0.43947349294154414, 0.547143972324299, 0.5841496547884399, 0.5969481353339098, 0.649312762874612, 0.5762744820450884, 0.5565000347906575, 0.5203661069621761, 0.46093947889554554, 0.45343736429794573, 0.3970203811016864, 0.3971170770491806, 0.43401770587273725, 0.5287811119717818, 0.5877539841332841, 0.6872495808789222, 0.5760220155637243, 0.6116302484705077, 0.6832232730369178, 0.7567313089792214, 0.8153770078633797, 0.8750622495570314]","[1.56540476420895, 1.6637716459722363, 1.6638585246190303, 1.6843597627386044, 1.7510898345332422, 1.8412159796481562, 1.8881955493988791, 1.8673917626273584, 1.8757930639612443, 1.7835124692237654, 1.6920719632819596, 1.7272329248224336, 1.6889873940112734, 1.6383965409526535, 1.6573688606396002, 1.6601146518180365, 1.7366608127833212, 1.8018034156794427, 1.8655790366065599, 1.9154954871586678, 1.2722828741215546, 1.1199505798865332, 1.0629657693087713, 1.0261616499271689, 1.0132837291011532, 1.0066187213178464]",1.0215737755149121,1.0215737755149121,0.9376849157775715,0.5805210097209056,2.5382378791387747,16,13,index_cued_first_diffusion_0.3_swap_recovery_9,512
index_cued_first_diffusion_0.3_swap_7_ablated_dir_13,index_cued_first_diffusion_0.3_swap_recovery_10,16,26,16,0.7012322100173106,1.7395336204938414,0.7012322100173106,55.175082716456174,16.647159088911817,0.15667277042683414,"[0.7934730443759752, 0.6071247019363186, 0.6028983623836106, 0.5976060473223698, 0.5993180569041037, 0.579991909531095, 0.6616199537352012, 0.775127079714407, 0.8983649447418252, 0.8012230415257786, 0.7450207173680965, 0.7243701347731599, 0.6798670926356111, 0.6613654828267571, 0.6547582019036696, 0.6346358963073178, 0.6603623041515597, 0.7272215522796708, 0.8311952936478569, 0.8379032745950702, 0.9160954207765315, 0.8299935517493903, 0.7646726132164172, 0.7804372425808221, 0.8253849933748818, 0.8774861365611315]","[1.4793495892521809, 1.5694195839085705, 1.4577388136055796, 1.4636200596181836, 1.5710615288721945, 1.7579222311133151, 1.9249661613084141, 2.051488846298681, 2.2014582410734733, 2.1893175381197745, 2.131679371979248, 2.154410212089413, 2.134526984429574, 2.091503421113098, 2.126519739700942, 2.085145842470299, 2.1183602507740504, 2.1690586291468033, 2.275793746492803, 2.31369666037073, 1.605653329199745, 1.293829971836935, 1.1509517060574654, 1.0816143454079827, 1.0498190244168855, 1.0372861976192502]",1.2650065145725349,1.2650065145725349,1.1556929871840729,0.5361025552024038,2.5296342657355853,16,13,index_cued_first_diffusion_0.3_swap_recovery_10,512
index_cued_first_diffusion_0.3_swap_7_ablated_dir_13,index_cued_first_diffusion_0.3_swap_recovery_11,16,26,16,0.7099190773209986,1.6560908494857347,0.7099190773209986,48.62563121052743,15.769397518254326,0.22217570083086235,"[0.852164189924361, 0.7300075202683707, 0.6323944167021289, 0.7073426161372154, 0.9921653368527418, 1.1688393627393054, 1.2320246608450782, 1.3066132977241751, 1.31561874874767, 1.180360192233611, 0.9609076340793048, 0.7636713692492995, 0.5481636719498806, 0.4214009197164943, 0.34092687851208087, 0.3382385081041334, 0.37259541626188064, 0.38461576244264356, 0.3868639496721003, 0.40627692927765197, 0.6625932856533675, 0.6431078318454202, 0.6545797689741906, 0.7050041691600073, 0.7640094521705478, 0.826984432128961]","[1.5625189070142698, 1.7652310342606203, 1.657147597276745, 1.8045279066312638, 2.1166501274838354, 2.286300772735433, 2.384440670398966, 2.450794057664519, 2.421843884535017, 2.258887731573108, 2.124852031497883, 1.9893036672269848, 1.8524594033763926, 1.7013013661254983, 1.603795787412304, 1.5395160730138715, 1.5280829256673245, 1.5126891308999457, 1.4706468804145636, 1.4594348743843568, 1.2653237633986867, 1.258479290538164, 1.1734811804481513, 1.0926640299930004, 1.0481118562569216, 1.0222731798168057]",1.00061582655783,1.00061582655783,0.9176559422829689,0.40803348215470847,2.0797820169433137,16,13,index_cued_first_diffusion_0.3_swap_recovery_11,512
index_cued_first_diffusion_0.3_swap_7_ablated_dir_13,index_cued_first_diffusion_0.3_swap_recovery_12,16,26,16,0.8365563700772441,1.4108731949367903,0.8365563700772441,55.689969404990116,16.643918001589306,0.16910354962521978,"[0.7519967193960133, 0.7150955077374543, 0.6188922732890737, 0.5755745526824422, 0.59809169925326, 0.6547335617153182, 0.6201989141269469, 0.672420984439463, 0.7885813123531301, 0.8325745502198253, 0.8898580640471256, 0.8821423617780242, 0.8589589743119391, 0.869843464866155, 0.9078526009219507, 0.9522801525268478, 1.0544811618806413, 1.2734439655784455, 1.44043814882752, 1.5706028050547802, 0.901666809677361, 0.7615087054872312, 0.7726792693623431, 0.8288589487404254, 0.8748303302111243, 0.9177162864430259]","[1.2642186467428644, 1.1025807778973717, 0.9153194441509253, 0.8955269376698217, 0.9869974023599102, 1.1237475526088323, 1.2508782924808994, 1.3403711917615788, 1.4790095072404443, 1.563305045505294, 1.6985350817462832, 1.7278719362031187, 1.7123232034907623, 1.7602286200084958, 1.8095431706883305, 1.8920222586047455, 2.0026633808874936, 2.1774447342952534, 2.3040893954693416, 2.3668670706075297, 1.400546569507854, 1.1234683482853964, 1.0110036548602825, 0.9628069040393094, 0.9587339957468719, 0.9694185377379341]",1.030657466948444,1.030657466948444,0.9877376648947604,0.5780110937720428,2.4929736687914468,16,13,index_cued_first_diffusion_0.3_swap_recovery_12,512
index_cued_first_diffusion_0.3_swap_7_ablated_dir_13,index_cued_first_diffusion_0.3_swap_recovery_13,16,26,16,0.6218673999834878,1.463610844215028,0.6218673999834878,45.80965321748681,12.67142287325343,0.09532616235470748,"[0.7217453356273525, 0.6765574567893161, 0.5686767003005568, 0.4988142235128075, 0.46620555274223835, 0.5748554001587124, 0.67264417455614, 0.889781313123048, 1.1103370781024346, 1.0874167069836962, 0.9997681709315438, 0.8674670695263469, 0.6907211193738793, 0.5867812316181523, 0.4550017503429913, 0.3985846092247919, 0.38504308075390103, 0.3999720410078042, 0.44801616367804725, 0.4576659431376279, 0.5150966628841275, 0.521468209836337, 0.6122421819218602, 0.7113114711214422, 0.7871815158462009, 0.8521398085660097]","[1.5571646699516908, 1.6715944606520552, 1.6821341064928952, 1.74772012995933, 1.8225177841733482, 1.8159057127453673, 1.8928656276684068, 1.935862882396114, 2.116056937060532, 2.047747683440903, 1.9238543685664464, 1.7970618796851652, 1.6132814888063858, 1.4552098259941275, 1.373432335097302, 1.267625289227301, 1.234115925188972, 1.2199026931837569, 1.2461753086856524, 1.2893111002281574, 1.2429474503307374, 1.1482231916083154, 1.0985773863587152, 1.0674132027417798, 1.0482263250584372, 1.035073038529345]",0.10054858265507348,0.10054858265507348,0.10645981315348113,0.03564120435432953,0.17482876321276541,16,13,index_cued_first_diffusion_0.3_swap_recovery_13,512
