ablation_direction_idx,student_run,trial_index,sliced_wasserstein_behaviour,num_behaviour_samples
0,index_cued_first_diffusion_0.3_swap_recovery_ablation_0_0,23,1.3210132972723145,512
0,index_cued_first_diffusion_0.3_swap_recovery_ablation_0_0,24,1.2802893090472287,512
0,index_cued_first_diffusion_0.3_swap_recovery_ablation_0_0,26,15.051459229496347,512
0,index_cued_first_diffusion_0.3_swap_recovery_ablation_0_0,56,0.9236819414993797,512
0,index_cued_first_diffusion_0.3_swap_recovery_ablation_0_0,119,0.882153500668905,512
0,index_cued_first_diffusion_0.3_swap_recovery_ablation_0_0,121,1.164108771914001,512
0,index_cued_first_diffusion_0.3_swap_recovery_ablation_0_0,148,1.9117995806302082,512
0,index_cued_first_diffusion_0.3_swap_recovery_ablation_0_0,180,4.098983977474565,512
0,index_cued_first_diffusion_0.3_swap_recovery_ablation_0_0,195,2.3869979159723234,512
0,index_cued_first_diffusion_0.3_swap_recovery_ablation_0_0,205,1.9668944201288412,512
0,index_cued_first_diffusion_0.3_swap_recovery_ablation_0_0,209,2.6924453651231817,512
0,index_cued_first_diffusion_0.3_swap_recovery_ablation_0_0,212,1.0027538082063696,512
0,index_cued_first_diffusion_0.3_swap_recovery_ablation_0_0,217,1.9767645232538231,512
0,index_cued_first_diffusion_0.3_swap_recovery_ablation_0_0,226,0.5433098641832517,512
0,index_cued_first_diffusion_0.3_swap_recovery_ablation_0_0,238,1.8193762557415791,512
0,index_cued_first_diffusion_0.3_swap_recovery_ablation_0_0,277,0.774979551742002,512
0,index_cued_first_diffusion_0.3_swap_recovery_ablation_1_0,23,1.627751716885251,512
0,index_cued_first_diffusion_0.3_swap_recovery_ablation_1_0,24,2.8639328324688607,512
0,index_cued_first_diffusion_0.3_swap_recovery_ablation_1_0,26,16.69988238408008,512
0,index_cued_first_diffusion_0.3_swap_recovery_ablation_1_0,56,2.4306420606916213,512
0,index_cued_first_diffusion_0.3_swap_recovery_ablation_1_0,119,0.790548125734111,512
0,index_cued_first_diffusion_0.3_swap_recovery_ablation_1_0,121,1.3650852449322768,512
0,index_cued_first_diffusion_0.3_swap_recovery_ablation_1_0,148,2.5245203344090075,512
0,index_cued_first_diffusion_0.3_swap_recovery_ablation_1_0,180,5.789268934216633,512
0,index_cued_first_diffusion_0.3_swap_recovery_ablation_1_0,195,2.2857428639205803,512
0,index_cued_first_diffusion_0.3_swap_recovery_ablation_1_0,205,1.8440017829367767,512
0,index_cued_first_diffusion_0.3_swap_recovery_ablation_1_0,209,2.6747433487751358,512
0,index_cued_first_diffusion_0.3_swap_recovery_ablation_1_0,212,2.3835437942988027,512
0,index_cued_first_diffusion_0.3_swap_recovery_ablation_1_0,217,1.6794795449873519,512
0,index_cued_first_diffusion_0.3_swap_recovery_ablation_1_0,226,1.7402600556197187,512
0,index_cued_first_diffusion_0.3_swap_recovery_ablation_1_0,238,1.011329715293932,512
0,index_cued_first_diffusion_0.3_swap_recovery_ablation_1_0,277,1.6745793835298377,512
0,index_cued_first_diffusion_0.3_swap_recovery_ablation_4_0,23,0.6442850732801102,512
0,index_cued_first_diffusion_0.3_swap_recovery_ablation_4_0,24,1.4885823240765934,512
0,index_cued_first_diffusion_0.3_swap_recovery_ablation_4_0,26,15.601736529496442,512
0,index_cued_first_diffusion_0.3_swap_recovery_ablation_4_0,56,1.2249586830953128,512
0,index_cued_first_diffusion_0.3_swap_recovery_ablation_4_0,119,0.6610459834175633,512
0,index_cued_first_diffusion_0.3_swap_recovery_ablation_4_0,121,0.19882584561490488,512
0,index_cued_first_diffusion_0.3_swap_recovery_ablation_4_0,148,1.9429978763485254,512
0,index_cued_first_diffusion_0.3_swap_recovery_ablation_4_0,180,4.348869343387486,512
0,index_cued_first_diffusion_0.3_swap_recovery_ablation_4_0,195,1.4907287623733814,512
0,index_cued_first_diffusion_0.3_swap_recovery_ablation_4_0,205,0.8490627857908528,512
0,index_cued_first_diffusion_0.3_swap_recovery_ablation_4_0,209,2.026957659865562,512
0,index_cued_first_diffusion_0.3_swap_recovery_ablation_4_0,212,1.032685958988497,512
0,index_cued_first_diffusion_0.3_swap_recovery_ablation_4_0,217,0.8981890768688165,512
0,index_cued_first_diffusion_0.3_swap_recovery_ablation_4_0,226,1.2922781469475415,512
0,index_cued_first_diffusion_0.3_swap_recovery_ablation_4_0,238,0.8320145934946774,512
0,index_cued_first_diffusion_0.3_swap_recovery_ablation_4_0,277,0.5867003057378608,512
0,index_cued_first_diffusion_0.3_swap_recovery_ablation_5_0,23,1.0829465806719225,512
0,index_cued_first_diffusion_0.3_swap_recovery_ablation_5_0,24,2.487075875634374,512
0,index_cued_first_diffusion_0.3_swap_recovery_ablation_5_0,26,16.36985011910419,512
0,index_cued_first_diffusion_0.3_swap_recovery_ablation_5_0,56,2.027534953978795,512
0,index_cued_first_diffusion_0.3_swap_recovery_ablation_5_0,119,0.8887455423641214,512
0,index_cued_first_diffusion_0.3_swap_recovery_ablation_5_0,121,0.9820187031348037,512
0,index_cued_first_diffusion_0.3_swap_recovery_ablation_5_0,148,2.0802640884913615,512
0,index_cued_first_diffusion_0.3_swap_recovery_ablation_5_0,180,4.996332354125187,512
0,index_cued_first_diffusion_0.3_swap_recovery_ablation_5_0,195,1.8736906721139015,512
0,index_cued_first_diffusion_0.3_swap_recovery_ablation_5_0,205,1.6060931254866317,512
0,index_cued_first_diffusion_0.3_swap_recovery_ablation_5_0,209,2.3396671009428225,512
0,index_cued_first_diffusion_0.3_swap_recovery_ablation_5_0,212,2.256699971998385,512
0,index_cued_first_diffusion_0.3_swap_recovery_ablation_5_0,217,1.6952678409218516,512
0,index_cued_first_diffusion_0.3_swap_recovery_ablation_5_0,226,1.438916671502723,512
0,index_cued_first_diffusion_0.3_swap_recovery_ablation_5_0,238,1.2739157502389444,512
0,index_cued_first_diffusion_0.3_swap_recovery_ablation_5_0,277,0.9596505370832615,512
0,index_cued_first_diffusion_0.3_swap_recovery_ablation_6_0,23,17.646159320798745,512
0,index_cued_first_diffusion_0.3_swap_recovery_ablation_6_0,24,19.150301721218923,512
0,index_cued_first_diffusion_0.3_swap_recovery_ablation_6_0,26,31.76707114408791,512
0,index_cued_first_diffusion_0.3_swap_recovery_ablation_6_0,56,16.14912342465338,512
0,index_cued_first_diffusion_0.3_swap_recovery_ablation_6_0,119,16.44784940980926,512
0,index_cued_first_diffusion_0.3_swap_recovery_ablation_6_0,121,19.48331149219981,512
0,index_cued_first_diffusion_0.3_swap_recovery_ablation_6_0,148,6.362262839318372,512
0,index_cued_first_diffusion_0.3_swap_recovery_ablation_6_0,180,16.884981348403798,512
0,index_cued_first_diffusion_0.3_swap_recovery_ablation_6_0,195,9.617703826986054,512
0,index_cued_first_diffusion_0.3_swap_recovery_ablation_6_0,205,10.334903809318561,512
0,index_cued_first_diffusion_0.3_swap_recovery_ablation_6_0,209,14.790973498856424,512
0,index_cued_first_diffusion_0.3_swap_recovery_ablation_6_0,212,4.958720531101612,512
0,index_cued_first_diffusion_0.3_swap_recovery_ablation_6_0,217,9.729745981946515,512
0,index_cued_first_diffusion_0.3_swap_recovery_ablation_6_0,226,9.199898416682194,512
0,index_cued_first_diffusion_0.3_swap_recovery_ablation_6_0,238,11.92648208885781,512
0,index_cued_first_diffusion_0.3_swap_recovery_ablation_6_0,277,12.510061377410404,512
0,index_cued_first_diffusion_0.3_swap_ablation_7_1,23,0.6540943757635711,512
0,index_cued_first_diffusion_0.3_swap_ablation_7_1,24,3.4999802158453948,512
0,index_cued_first_diffusion_0.3_swap_ablation_7_1,26,17.181174192935813,512
0,index_cued_first_diffusion_0.3_swap_ablation_7_1,56,2.7499184872346927,512
0,index_cued_first_diffusion_0.3_swap_ablation_7_1,119,1.2217103156922522,512
0,index_cued_first_diffusion_0.3_swap_ablation_7_1,121,0.9458116145687329,512
0,index_cued_first_diffusion_0.3_swap_ablation_7_1,148,2.5815465882848883,512
0,index_cued_first_diffusion_0.3_swap_ablation_7_1,180,5.928016880970854,512
0,index_cued_first_diffusion_0.3_swap_ablation_7_1,195,2.320955889696201,512
0,index_cued_first_diffusion_0.3_swap_ablation_7_1,205,1.6710108373348436,512
0,index_cued_first_diffusion_0.3_swap_ablation_7_1,209,2.869070286230384,512
0,index_cued_first_diffusion_0.3_swap_ablation_7_1,212,2.7682465627199946,512
0,index_cued_first_diffusion_0.3_swap_ablation_7_1,217,1.8400690208495711,512
0,index_cued_first_diffusion_0.3_swap_ablation_7_1,226,0.7553948326464519,512
0,index_cued_first_diffusion_0.3_swap_ablation_7_1,238,1.4053009901362392,512
0,index_cued_first_diffusion_0.3_swap_ablation_7_1,277,0.96800258633515,512
1,index_cued_first_diffusion_0.3_swap_recovery_ablation_0_0,23,0.8787026752033711,512
1,index_cued_first_diffusion_0.3_swap_recovery_ablation_0_0,24,1.737563161194334,512
1,index_cued_first_diffusion_0.3_swap_recovery_ablation_0_0,26,1.7884956272519918,512
1,index_cued_first_diffusion_0.3_swap_recovery_ablation_0_0,56,2.727735722054697,512
1,index_cued_first_diffusion_0.3_swap_recovery_ablation_0_0,119,1.4205681808854864,512
1,index_cued_first_diffusion_0.3_swap_recovery_ablation_0_0,121,2.3763166251694408,512
1,index_cued_first_diffusion_0.3_swap_recovery_ablation_0_0,148,0.6208777164386505,512
1,index_cued_first_diffusion_0.3_swap_recovery_ablation_0_0,180,1.6914835624664555,512
1,index_cued_first_diffusion_0.3_swap_recovery_ablation_0_0,195,0.7751435323263308,512
1,index_cued_first_diffusion_0.3_swap_recovery_ablation_0_0,205,1.1581791471590737,512
1,index_cued_first_diffusion_0.3_swap_recovery_ablation_0_0,209,0.831906267570814,512
1,index_cued_first_diffusion_0.3_swap_recovery_ablation_0_0,212,2.407507897371376,512
1,index_cued_first_diffusion_0.3_swap_recovery_ablation_0_0,217,1.6469684552164368,512
1,index_cued_first_diffusion_0.3_swap_recovery_ablation_0_0,226,1.0121741992031765,512
1,index_cued_first_diffusion_0.3_swap_recovery_ablation_0_0,238,1.4523485276307997,512
1,index_cued_first_diffusion_0.3_swap_recovery_ablation_0_0,277,1.4100284533121823,512
1,index_cued_first_diffusion_0.3_swap_recovery_ablation_1_0,23,0.6968786995446818,512
1,index_cued_first_diffusion_0.3_swap_recovery_ablation_1_0,24,0.48769268058541493,512
1,index_cued_first_diffusion_0.3_swap_recovery_ablation_1_0,26,0.3285757686266827,512
1,index_cued_first_diffusion_0.3_swap_recovery_ablation_1_0,56,0.7347090621008716,512
1,index_cued_first_diffusion_0.3_swap_recovery_ablation_1_0,119,1.142026035771122,512
1,index_cued_first_diffusion_0.3_swap_recovery_ablation_1_0,121,0.7526309589570808,512
1,index_cued_first_diffusion_0.3_swap_recovery_ablation_1_0,148,1.1726522670683772,512
1,index_cued_first_diffusion_0.3_swap_recovery_ablation_1_0,180,0.5218858020855632,512
1,index_cued_first_diffusion_0.3_swap_recovery_ablation_1_0,195,0.7072141041430444,512
1,index_cued_first_diffusion_0.3_swap_recovery_ablation_1_0,205,1.0948339639660118,512
1,index_cued_first_diffusion_0.3_swap_recovery_ablation_1_0,209,0.8028216917880653,512
1,index_cued_first_diffusion_0.3_swap_recovery_ablation_1_0,212,0.8675353711984721,512
1,index_cued_first_diffusion_0.3_swap_recovery_ablation_1_0,217,1.248368643000848,512
1,index_cued_first_diffusion_0.3_swap_recovery_ablation_1_0,226,1.5338687302080038,512
1,index_cued_first_diffusion_0.3_swap_recovery_ablation_1_0,238,0.7747051319637489,512
1,index_cued_first_diffusion_0.3_swap_recovery_ablation_1_0,277,0.5688038500645674,512
1,index_cued_first_diffusion_0.3_swap_recovery_ablation_4_0,23,1.8134438892079752,512
1,index_cued_first_diffusion_0.3_swap_recovery_ablation_4_0,24,1.5521569522148444,512
1,index_cued_first_diffusion_0.3_swap_recovery_ablation_4_0,26,1.3177664855426097,512
1,index_cued_first_diffusion_0.3_swap_recovery_ablation_4_0,56,1.6060315941488186,512
1,index_cued_first_diffusion_0.3_swap_recovery_ablation_4_0,119,1.34075451745802,512
1,index_cued_first_diffusion_0.3_swap_recovery_ablation_4_0,121,2.170645129028707,512
1,index_cued_first_diffusion_0.3_swap_recovery_ablation_4_0,148,1.3328212405990805,512
1,index_cued_first_diffusion_0.3_swap_recovery_ablation_4_0,180,1.5024204714184595,512
1,index_cued_first_diffusion_0.3_swap_recovery_ablation_4_0,195,1.0955435829417306,512
1,index_cued_first_diffusion_0.3_swap_recovery_ablation_4_0,205,1.7393663396715886,512
1,index_cued_first_diffusion_0.3_swap_recovery_ablation_4_0,209,1.1738545669798885,512
1,index_cued_first_diffusion_0.3_swap_recovery_ablation_4_0,212,2.149513711945816,512
1,index_cued_first_diffusion_0.3_swap_recovery_ablation_4_0,217,1.9043676904472415,512
1,index_cued_first_diffusion_0.3_swap_recovery_ablation_4_0,226,1.2291935064105504,512
1,index_cued_first_diffusion_0.3_swap_recovery_ablation_4_0,238,0.6433137473623788,512
1,index_cued_first_diffusion_0.3_swap_recovery_ablation_4_0,277,1.9700172118039925,512
1,index_cued_first_diffusion_0.3_swap_recovery_ablation_5_0,23,1.0216084810556947,512
1,index_cued_first_diffusion_0.3_swap_recovery_ablation_5_0,24,0.665086040955493,512
1,index_cued_first_diffusion_0.3_swap_recovery_ablation_5_0,26,0.49203050019281785,512
1,index_cued_first_diffusion_0.3_swap_recovery_ablation_5_0,56,0.9966089614097374,512
1,index_cued_first_diffusion_0.3_swap_recovery_ablation_5_0,119,1.2601640405046761,512
1,index_cued_first_diffusion_0.3_swap_recovery_ablation_5_0,121,2.199804345787687,512
1,index_cued_first_diffusion_0.3_swap_recovery_ablation_5_0,148,1.4067666028847654,512
1,index_cued_first_diffusion_0.3_swap_recovery_ablation_5_0,180,0.6529663719643448,512
1,index_cued_first_diffusion_0.3_swap_recovery_ablation_5_0,195,1.0281254095866512,512
1,index_cued_first_diffusion_0.3_swap_recovery_ablation_5_0,205,1.957585045694414,512
1,index_cued_first_diffusion_0.3_swap_recovery_ablation_5_0,209,1.1392722338972383,512
1,index_cued_first_diffusion_0.3_swap_recovery_ablation_5_0,212,0.8962597593565031,512
1,index_cued_first_diffusion_0.3_swap_recovery_ablation_5_0,217,1.6394481462119406,512
1,index_cued_first_diffusion_0.3_swap_recovery_ablation_5_0,226,1.4309180405242652,512
1,index_cued_first_diffusion_0.3_swap_recovery_ablation_5_0,238,0.8605081570896956,512
1,index_cued_first_diffusion_0.3_swap_recovery_ablation_5_0,277,1.2216643122971738,512
1,index_cued_first_diffusion_0.3_swap_recovery_ablation_6_0,23,17.110542445336474,512
1,index_cued_first_diffusion_0.3_swap_recovery_ablation_6_0,24,17.460188540477905,512
1,index_cued_first_diffusion_0.3_swap_recovery_ablation_6_0,26,16.747398338597698,512
1,index_cued_first_diffusion_0.3_swap_recovery_ablation_6_0,56,13.742719037990378,512
1,index_cued_first_diffusion_0.3_swap_recovery_ablation_6_0,119,18.27278832479132,512
1,index_cued_first_diffusion_0.3_swap_recovery_ablation_6_0,121,17.79899333608994,512
1,index_cued_first_diffusion_0.3_swap_recovery_ablation_6_0,148,6.362141649311772,512
1,index_cued_first_diffusion_0.3_swap_recovery_ablation_6_0,180,12.077538987154961,512
1,index_cued_first_diffusion_0.3_swap_recovery_ablation_6_0,195,9.075337366260433,512
1,index_cued_first_diffusion_0.3_swap_recovery_ablation_6_0,205,10.715675223914037,512
1,index_cued_first_diffusion_0.3_swap_recovery_ablation_6_0,209,13.276809254295237,512
1,index_cued_first_diffusion_0.3_swap_recovery_ablation_6_0,212,2.5810189221606388,512
1,index_cued_first_diffusion_0.3_swap_recovery_ablation_6_0,217,9.533503885912653,512
1,index_cued_first_diffusion_0.3_swap_recovery_ablation_6_0,226,9.008648794165062,512
1,index_cued_first_diffusion_0.3_swap_recovery_ablation_6_0,238,11.4942541031197,512
1,index_cued_first_diffusion_0.3_swap_recovery_ablation_6_0,277,11.504134819104724,512
1,index_cued_first_diffusion_0.3_swap_ablation_7_1,23,1.7501835869785733,512
1,index_cued_first_diffusion_0.3_swap_ablation_7_1,24,1.127404694085802,512
1,index_cued_first_diffusion_0.3_swap_ablation_7_1,26,0.869562833125106,512
1,index_cued_first_diffusion_0.3_swap_ablation_7_1,56,0.7115222364132257,512
1,index_cued_first_diffusion_0.3_swap_ablation_7_1,119,1.6080175778478707,512
1,index_cued_first_diffusion_0.3_swap_ablation_7_1,121,1.766928423953419,512
1,index_cued_first_diffusion_0.3_swap_ablation_7_1,148,1.3745830353037896,512
1,index_cued_first_diffusion_0.3_swap_ablation_7_1,180,1.292996513749046,512
1,index_cued_first_diffusion_0.3_swap_ablation_7_1,195,1.105029410540742,512
1,index_cued_first_diffusion_0.3_swap_ablation_7_1,205,1.7892393443085495,512
1,index_cued_first_diffusion_0.3_swap_ablation_7_1,209,0.6661753903063914,512
1,index_cued_first_diffusion_0.3_swap_ablation_7_1,212,0.45977942232478797,512
1,index_cued_first_diffusion_0.3_swap_ablation_7_1,217,1.881967452914644,512
1,index_cued_first_diffusion_0.3_swap_ablation_7_1,226,1.0676686858258808,512
1,index_cued_first_diffusion_0.3_swap_ablation_7_1,238,0.9917066848007337,512
1,index_cued_first_diffusion_0.3_swap_ablation_7_1,277,1.7167613846414618,512
2,index_cued_first_diffusion_0.3_swap_recovery_ablation_0_0,23,0.4750384936916302,512
2,index_cued_first_diffusion_0.3_swap_recovery_ablation_0_0,24,1.5477857960789274,512
2,index_cued_first_diffusion_0.3_swap_recovery_ablation_0_0,26,1.8094415370200299,512
2,index_cued_first_diffusion_0.3_swap_recovery_ablation_0_0,56,2.5271923088286785,512
2,index_cued_first_diffusion_0.3_swap_recovery_ablation_0_0,119,0.7089381755492684,512
2,index_cued_first_diffusion_0.3_swap_recovery_ablation_0_0,121,1.4241904176106788,512
2,index_cued_first_diffusion_0.3_swap_recovery_ablation_0_0,148,0.9263774955944655,512
2,index_cued_first_diffusion_0.3_swap_recovery_ablation_0_0,180,0.9875890424036025,512
2,index_cued_first_diffusion_0.3_swap_recovery_ablation_0_0,195,0.7030690946964238,512
2,index_cued_first_diffusion_0.3_swap_recovery_ablation_0_0,205,1.3142055546438196,512
2,index_cued_first_diffusion_0.3_swap_recovery_ablation_0_0,209,1.3513327451448744,512
2,index_cued_first_diffusion_0.3_swap_recovery_ablation_0_0,212,1.3879212842346496,512
2,index_cued_first_diffusion_0.3_swap_recovery_ablation_0_0,217,0.8230374990475318,512
2,index_cued_first_diffusion_0.3_swap_recovery_ablation_0_0,226,0.6511865778508286,512
2,index_cued_first_diffusion_0.3_swap_recovery_ablation_0_0,238,1.0995917675255038,512
2,index_cued_first_diffusion_0.3_swap_recovery_ablation_0_0,277,0.6131433382099993,512
2,index_cued_first_diffusion_0.3_swap_recovery_ablation_1_0,23,0.7231962459611688,512
2,index_cued_first_diffusion_0.3_swap_recovery_ablation_1_0,24,0.3951297405215859,512
2,index_cued_first_diffusion_0.3_swap_recovery_ablation_1_0,26,0.21565620241058703,512
2,index_cued_first_diffusion_0.3_swap_recovery_ablation_1_0,56,1.0560698571777505,512
2,index_cued_first_diffusion_0.3_swap_recovery_ablation_1_0,119,0.24052835045140836,512
2,index_cued_first_diffusion_0.3_swap_recovery_ablation_1_0,121,1.010482935782181,512
2,index_cued_first_diffusion_0.3_swap_recovery_ablation_1_0,148,1.2083779696598902,512
2,index_cued_first_diffusion_0.3_swap_recovery_ablation_1_0,180,1.0414424240118012,512
2,index_cued_first_diffusion_0.3_swap_recovery_ablation_1_0,195,0.4353912872235875,512
2,index_cued_first_diffusion_0.3_swap_recovery_ablation_1_0,205,1.7040939146897665,512
2,index_cued_first_diffusion_0.3_swap_recovery_ablation_1_0,209,1.2747558082984087,512
2,index_cued_first_diffusion_0.3_swap_recovery_ablation_1_0,212,2.1523102590159113,512
2,index_cued_first_diffusion_0.3_swap_recovery_ablation_1_0,217,1.3015824405951801,512
2,index_cued_first_diffusion_0.3_swap_recovery_ablation_1_0,226,1.3834918052456961,512
2,index_cued_first_diffusion_0.3_swap_recovery_ablation_1_0,238,0.2063719305716365,512
2,index_cued_first_diffusion_0.3_swap_recovery_ablation_1_0,277,1.009902798183775,512
2,index_cued_first_diffusion_0.3_swap_recovery_ablation_4_0,23,0.5878658823412273,512
2,index_cued_first_diffusion_0.3_swap_recovery_ablation_4_0,24,1.363749845963667,512
2,index_cued_first_diffusion_0.3_swap_recovery_ablation_4_0,26,1.3767276671445678,512
2,index_cued_first_diffusion_0.3_swap_recovery_ablation_4_0,56,1.5548681571523335,512
2,index_cued_first_diffusion_0.3_swap_recovery_ablation_4_0,119,0.9717909003497789,512
2,index_cued_first_diffusion_0.3_swap_recovery_ablation_4_0,121,0.5509004232615158,512
2,index_cued_first_diffusion_0.3_swap_recovery_ablation_4_0,148,1.063927141074875,512
2,index_cued_first_diffusion_0.3_swap_recovery_ablation_4_0,180,0.770691413011311,512
2,index_cued_first_diffusion_0.3_swap_recovery_ablation_4_0,195,1.2676351061380635,512
2,index_cued_first_diffusion_0.3_swap_recovery_ablation_4_0,205,1.9945861091840302,512
2,index_cued_first_diffusion_0.3_swap_recovery_ablation_4_0,209,1.6857064130745143,512
2,index_cued_first_diffusion_0.3_swap_recovery_ablation_4_0,212,1.0756923674903183,512
2,index_cued_first_diffusion_0.3_swap_recovery_ablation_4_0,217,2.0654193864582036,512
2,index_cued_first_diffusion_0.3_swap_recovery_ablation_4_0,226,0.7632283082714922,512
2,index_cued_first_diffusion_0.3_swap_recovery_ablation_4_0,238,0.7641461764387247,512
2,index_cued_first_diffusion_0.3_swap_recovery_ablation_4_0,277,0.46558802390378007,512
2,index_cued_first_diffusion_0.3_swap_recovery_ablation_5_0,23,0.5255327618782983,512
2,index_cued_first_diffusion_0.3_swap_recovery_ablation_5_0,24,0.595431814776215,512
2,index_cued_first_diffusion_0.3_swap_recovery_ablation_5_0,26,0.4879463960489446,512
2,index_cued_first_diffusion_0.3_swap_recovery_ablation_5_0,56,1.3082464170676285,512
2,index_cued_first_diffusion_0.3_swap_recovery_ablation_5_0,119,0.4382742532508934,512
2,index_cued_first_diffusion_0.3_swap_recovery_ablation_5_0,121,1.1371013689754665,512
2,index_cued_first_diffusion_0.3_swap_recovery_ablation_5_0,148,1.6692922176469351,512
2,index_cued_first_diffusion_0.3_swap_recovery_ablation_5_0,180,0.8724354402025112,512
2,index_cued_first_diffusion_0.3_swap_recovery_ablation_5_0,195,1.7740314563462927,512
2,index_cued_first_diffusion_0.3_swap_recovery_ablation_5_0,205,1.7038132479927104,512
2,index_cued_first_diffusion_0.3_swap_recovery_ablation_5_0,209,1.6610095892262473,512
2,index_cued_first_diffusion_0.3_swap_recovery_ablation_5_0,212,2.0426542427156313,512
2,index_cued_first_diffusion_0.3_swap_recovery_ablation_5_0,217,1.338322182235077,512
2,index_cued_first_diffusion_0.3_swap_recovery_ablation_5_0,226,1.2960939181716098,512
2,index_cued_first_diffusion_0.3_swap_recovery_ablation_5_0,238,0.4062006490189638,512
2,index_cued_first_diffusion_0.3_swap_recovery_ablation_5_0,277,0.6005280586474991,512
2,index_cued_first_diffusion_0.3_swap_recovery_ablation_6_0,23,17.75405489482798,512
2,index_cued_first_diffusion_0.3_swap_recovery_ablation_6_0,24,17.002254963458995,512
2,index_cued_first_diffusion_0.3_swap_recovery_ablation_6_0,26,16.03661496574475,512
2,index_cued_first_diffusion_0.3_swap_recovery_ablation_6_0,56,15.696728378695388,512
2,index_cued_first_diffusion_0.3_swap_recovery_ablation_6_0,119,16.818169143859564,512
2,index_cued_first_diffusion_0.3_swap_recovery_ablation_6_0,121,19.74038468691,512
2,index_cued_first_diffusion_0.3_swap_recovery_ablation_6_0,148,6.321662904765736,512
2,index_cued_first_diffusion_0.3_swap_recovery_ablation_6_0,180,11.933129701680379,512
2,index_cued_first_diffusion_0.3_swap_recovery_ablation_6_0,195,9.282336632771631,512
2,index_cued_first_diffusion_0.3_swap_recovery_ablation_6_0,205,10.671382818894717,512
2,index_cued_first_diffusion_0.3_swap_recovery_ablation_6_0,209,12.54028238278083,512
2,index_cued_first_diffusion_0.3_swap_recovery_ablation_6_0,212,4.568283185275773,512
2,index_cued_first_diffusion_0.3_swap_recovery_ablation_6_0,217,8.366019378489241,512
2,index_cued_first_diffusion_0.3_swap_recovery_ablation_6_0,226,9.06254285350844,512
2,index_cued_first_diffusion_0.3_swap_recovery_ablation_6_0,238,10.390375362201596,512
2,index_cued_first_diffusion_0.3_swap_recovery_ablation_6_0,277,12.655655232412741,512
2,index_cued_first_diffusion_0.3_swap_ablation_7_1,23,1.0838625654779717,512
2,index_cued_first_diffusion_0.3_swap_ablation_7_1,24,1.0149490257417813,512
2,index_cued_first_diffusion_0.3_swap_ablation_7_1,26,0.7188349986287981,512
2,index_cued_first_diffusion_0.3_swap_ablation_7_1,56,0.446102308085016,512
2,index_cued_first_diffusion_0.3_swap_ablation_7_1,119,0.49987842151663464,512
2,index_cued_first_diffusion_0.3_swap_ablation_7_1,121,1.0342320091971966,512
2,index_cued_first_diffusion_0.3_swap_ablation_7_1,148,1.4429738146934779,512
2,index_cued_first_diffusion_0.3_swap_ablation_7_1,180,1.1205490291626785,512
2,index_cued_first_diffusion_0.3_swap_ablation_7_1,195,0.38132506759422985,512
2,index_cued_first_diffusion_0.3_swap_ablation_7_1,205,1.2739496810219446,512
2,index_cued_first_diffusion_0.3_swap_ablation_7_1,209,0.16594730251089684,512
2,index_cued_first_diffusion_0.3_swap_ablation_7_1,212,2.540359270571365,512
2,index_cued_first_diffusion_0.3_swap_ablation_7_1,217,0.6380066197227292,512
2,index_cued_first_diffusion_0.3_swap_ablation_7_1,226,0.5394083826265148,512
2,index_cued_first_diffusion_0.3_swap_ablation_7_1,238,0.567208576491515,512
2,index_cued_first_diffusion_0.3_swap_ablation_7_1,277,1.1570473217997579,512
3,index_cued_first_diffusion_0.3_swap_recovery_ablation_0_0,23,0.4956805778479504,512
3,index_cued_first_diffusion_0.3_swap_recovery_ablation_0_0,24,1.4103573793349165,512
3,index_cued_first_diffusion_0.3_swap_recovery_ablation_0_0,26,1.9995507463246565,512
3,index_cued_first_diffusion_0.3_swap_recovery_ablation_0_0,56,2.490303561901834,512
3,index_cued_first_diffusion_0.3_swap_recovery_ablation_0_0,119,0.35643188796909014,512
3,index_cued_first_diffusion_0.3_swap_recovery_ablation_0_0,121,0.9193805905654395,512
3,index_cued_first_diffusion_0.3_swap_recovery_ablation_0_0,148,0.9571957582893881,512
3,index_cued_first_diffusion_0.3_swap_recovery_ablation_0_0,180,2.288114350205718,512
3,index_cued_first_diffusion_0.3_swap_recovery_ablation_0_0,195,0.7068023402098516,512
3,index_cued_first_diffusion_0.3_swap_recovery_ablation_0_0,205,1.1483117454996243,512
3,index_cued_first_diffusion_0.3_swap_recovery_ablation_0_0,209,1.0790934156085117,512
3,index_cued_first_diffusion_0.3_swap_recovery_ablation_0_0,212,2.229194604378713,512
3,index_cued_first_diffusion_0.3_swap_recovery_ablation_0_0,217,1.4631122124677778,512
3,index_cued_first_diffusion_0.3_swap_recovery_ablation_0_0,226,1.8376460680252162,512
3,index_cued_first_diffusion_0.3_swap_recovery_ablation_0_0,238,36.87057566949704,512
3,index_cued_first_diffusion_0.3_swap_recovery_ablation_0_0,277,92.62484282035122,512
3,index_cued_first_diffusion_0.3_swap_recovery_ablation_1_0,23,0.8013103938805104,512
3,index_cued_first_diffusion_0.3_swap_recovery_ablation_1_0,24,0.7505192144022441,512
3,index_cued_first_diffusion_0.3_swap_recovery_ablation_1_0,26,0.7118151636778949,512
3,index_cued_first_diffusion_0.3_swap_recovery_ablation_1_0,56,0.44820972744784565,512
3,index_cued_first_diffusion_0.3_swap_recovery_ablation_1_0,119,0.79889772718044,512
3,index_cued_first_diffusion_0.3_swap_recovery_ablation_1_0,121,1.1250447704316064,512
3,index_cued_first_diffusion_0.3_swap_recovery_ablation_1_0,148,0.8280508411253983,512
3,index_cued_first_diffusion_0.3_swap_recovery_ablation_1_0,180,0.6610031046672515,512
3,index_cued_first_diffusion_0.3_swap_recovery_ablation_1_0,195,0.3791181838025542,512
3,index_cued_first_diffusion_0.3_swap_recovery_ablation_1_0,205,1.5259091340520035,512
3,index_cued_first_diffusion_0.3_swap_recovery_ablation_1_0,209,1.0202873697249357,512
3,index_cued_first_diffusion_0.3_swap_recovery_ablation_1_0,212,0.5315396108121149,512
3,index_cued_first_diffusion_0.3_swap_recovery_ablation_1_0,217,1.4608323498733289,512
3,index_cued_first_diffusion_0.3_swap_recovery_ablation_1_0,226,1.2010820724846347,512
3,index_cued_first_diffusion_0.3_swap_recovery_ablation_1_0,238,36.756457158018435,512
3,index_cued_first_diffusion_0.3_swap_recovery_ablation_1_0,277,93.27976111505556,512
3,index_cued_first_diffusion_0.3_swap_recovery_ablation_4_0,23,0.8339575683620563,512
3,index_cued_first_diffusion_0.3_swap_recovery_ablation_4_0,24,1.2417983520002063,512
3,index_cued_first_diffusion_0.3_swap_recovery_ablation_4_0,26,1.5113831788530538,512
3,index_cued_first_diffusion_0.3_swap_recovery_ablation_4_0,56,1.5936764362266151,512
3,index_cued_first_diffusion_0.3_swap_recovery_ablation_4_0,119,0.8733210188534728,512
3,index_cued_first_diffusion_0.3_swap_recovery_ablation_4_0,121,0.9761436107223019,512
3,index_cued_first_diffusion_0.3_swap_recovery_ablation_4_0,148,0.8576632727903821,512
3,index_cued_first_diffusion_0.3_swap_recovery_ablation_4_0,180,1.991711238124422,512
3,index_cued_first_diffusion_0.3_swap_recovery_ablation_4_0,195,1.0359955557824487,512
3,index_cued_first_diffusion_0.3_swap_recovery_ablation_4_0,205,2.088569412025902,512
3,index_cued_first_diffusion_0.3_swap_recovery_ablation_4_0,209,1.5451158861584229,512
3,index_cued_first_diffusion_0.3_swap_recovery_ablation_4_0,212,1.9718218579445945,512
3,index_cued_first_diffusion_0.3_swap_recovery_ablation_4_0,217,2.3861452553749984,512
3,index_cued_first_diffusion_0.3_swap_recovery_ablation_4_0,226,1.0197453877031197,512
3,index_cued_first_diffusion_0.3_swap_recovery_ablation_4_0,238,37.17449131532186,512
3,index_cued_first_diffusion_0.3_swap_recovery_ablation_4_0,277,92.69950221351331,512
3,index_cued_first_diffusion_0.3_swap_recovery_ablation_5_0,23,0.4771938017472321,512
3,index_cued_first_diffusion_0.3_swap_recovery_ablation_5_0,24,0.6727925939057378,512
3,index_cued_first_diffusion_0.3_swap_recovery_ablation_5_0,26,0.8756124346057239,512
3,index_cued_first_diffusion_0.3_swap_recovery_ablation_5_0,56,1.0398600414816923,512
3,index_cued_first_diffusion_0.3_swap_recovery_ablation_5_0,119,0.5939177834862053,512
3,index_cued_first_diffusion_0.3_swap_recovery_ablation_5_0,121,0.6235065095339268,512
3,index_cued_first_diffusion_0.3_swap_recovery_ablation_5_0,148,1.493294965551025,512
3,index_cued_first_diffusion_0.3_swap_recovery_ablation_5_0,180,1.2091159302368477,512
3,index_cued_first_diffusion_0.3_swap_recovery_ablation_5_0,195,1.5876522887055717,512
3,index_cued_first_diffusion_0.3_swap_recovery_ablation_5_0,205,2.004317316251984,512
3,index_cued_first_diffusion_0.3_swap_recovery_ablation_5_0,209,1.495119850822306,512
3,index_cued_first_diffusion_0.3_swap_recovery_ablation_5_0,212,0.7935118420868006,512
3,index_cued_first_diffusion_0.3_swap_recovery_ablation_5_0,217,1.7902845957900206,512
3,index_cued_first_diffusion_0.3_swap_recovery_ablation_5_0,226,1.1917680229147676,512
3,index_cued_first_diffusion_0.3_swap_recovery_ablation_5_0,238,36.61150513713655,512
3,index_cued_first_diffusion_0.3_swap_recovery_ablation_5_0,277,92.63535594459344,512
3,index_cued_first_diffusion_0.3_swap_recovery_ablation_6_0,23,16.814536877240467,512
3,index_cued_first_diffusion_0.3_swap_recovery_ablation_6_0,24,16.178695466912384,512
3,index_cued_first_diffusion_0.3_swap_recovery_ablation_6_0,26,17.78069239753291,512
3,index_cued_first_diffusion_0.3_swap_recovery_ablation_6_0,56,14.763282871760852,512
3,index_cued_first_diffusion_0.3_swap_recovery_ablation_6_0,119,17.55913481600699,512
3,index_cued_first_diffusion_0.3_swap_recovery_ablation_6_0,121,18.357694983694486,512
3,index_cued_first_diffusion_0.3_swap_recovery_ablation_6_0,148,5.963728124477502,512
3,index_cued_first_diffusion_0.3_swap_recovery_ablation_6_0,180,11.225147713954636,512
3,index_cued_first_diffusion_0.3_swap_recovery_ablation_6_0,195,10.08833547058726,512
3,index_cued_first_diffusion_0.3_swap_recovery_ablation_6_0,205,10.023739987598098,512
3,index_cued_first_diffusion_0.3_swap_recovery_ablation_6_0,209,12.276816931928238,512
3,index_cued_first_diffusion_0.3_swap_recovery_ablation_6_0,212,2.7244710325205825,512
3,index_cued_first_diffusion_0.3_swap_recovery_ablation_6_0,217,9.182144101671877,512
3,index_cued_first_diffusion_0.3_swap_recovery_ablation_6_0,226,7.558449043927901,512
3,index_cued_first_diffusion_0.3_swap_recovery_ablation_6_0,238,45.94580929240417,512
3,index_cued_first_diffusion_0.3_swap_recovery_ablation_6_0,277,104.32811213573274,512
3,index_cued_first_diffusion_0.3_swap_ablation_7_1,23,1.0806521378839355,512
3,index_cued_first_diffusion_0.3_swap_ablation_7_1,24,1.0998479993628802,512
3,index_cued_first_diffusion_0.3_swap_ablation_7_1,26,0.6992773495792531,512
3,index_cued_first_diffusion_0.3_swap_ablation_7_1,56,1.1057371739549342,512
3,index_cued_first_diffusion_0.3_swap_ablation_7_1,119,0.23517340710290946,512
3,index_cued_first_diffusion_0.3_swap_ablation_7_1,121,0.8334303724478125,512
3,index_cued_first_diffusion_0.3_swap_ablation_7_1,148,1.055071263324002,512
3,index_cued_first_diffusion_0.3_swap_ablation_7_1,180,0.4170751999057595,512
3,index_cued_first_diffusion_0.3_swap_ablation_7_1,195,0.5483448907160808,512
3,index_cued_first_diffusion_0.3_swap_ablation_7_1,205,1.2741931467093477,512
3,index_cued_first_diffusion_0.3_swap_ablation_7_1,209,0.4324139836149411,512
3,index_cued_first_diffusion_0.3_swap_ablation_7_1,212,0.9590182129806206,512
3,index_cued_first_diffusion_0.3_swap_ablation_7_1,217,1.421956004910864,512
3,index_cued_first_diffusion_0.3_swap_ablation_7_1,226,1.557011734123845,512
3,index_cued_first_diffusion_0.3_swap_ablation_7_1,238,36.523575120481794,512
3,index_cued_first_diffusion_0.3_swap_ablation_7_1,277,93.19518489610827,512
4,index_cued_first_diffusion_0.3_swap_recovery_ablation_0_0,23,1.1204677709333217,512
4,index_cued_first_diffusion_0.3_swap_recovery_ablation_0_0,24,1.887269175820858,512
4,index_cued_first_diffusion_0.3_swap_recovery_ablation_0_0,26,0.6476597684530454,512
4,index_cued_first_diffusion_0.3_swap_recovery_ablation_0_0,56,1.4815511319931378,512
4,index_cued_first_diffusion_0.3_swap_recovery_ablation_0_0,119,0.5587673624966905,512
4,index_cued_first_diffusion_0.3_swap_recovery_ablation_0_0,121,1.158564209003037,512
4,index_cued_first_diffusion_0.3_swap_recovery_ablation_0_0,148,1.3376136142478732,512
4,index_cued_first_diffusion_0.3_swap_recovery_ablation_0_0,180,0.3426669710444752,512
4,index_cued_first_diffusion_0.3_swap_recovery_ablation_0_0,195,1.1832977532633988,512
4,index_cued_first_diffusion_0.3_swap_recovery_ablation_0_0,205,1.41171754535585,512
4,index_cued_first_diffusion_0.3_swap_recovery_ablation_0_0,209,0.9490317850174903,512
4,index_cued_first_diffusion_0.3_swap_recovery_ablation_0_0,212,1.0631992679532636,512
4,index_cued_first_diffusion_0.3_swap_recovery_ablation_0_0,217,1.5833099519323315,512
4,index_cued_first_diffusion_0.3_swap_recovery_ablation_0_0,226,1.0672427755219094,512
4,index_cued_first_diffusion_0.3_swap_recovery_ablation_0_0,238,1.9174519367185536,512
4,index_cued_first_diffusion_0.3_swap_recovery_ablation_0_0,277,0.9199669574916511,512
4,index_cued_first_diffusion_0.3_swap_recovery_ablation_1_0,23,1.400802188030492,512
4,index_cued_first_diffusion_0.3_swap_recovery_ablation_1_0,24,2.5916084750785213,512
4,index_cued_first_diffusion_0.3_swap_recovery_ablation_1_0,26,1.0404502883103703,512
4,index_cued_first_diffusion_0.3_swap_recovery_ablation_1_0,56,1.4080284660219398,512
4,index_cued_first_diffusion_0.3_swap_recovery_ablation_1_0,119,0.933646682109565,512
4,index_cued_first_diffusion_0.3_swap_recovery_ablation_1_0,121,1.5196003740308734,512
4,index_cued_first_diffusion_0.3_swap_recovery_ablation_1_0,148,1.0118459589495372,512
4,index_cued_first_diffusion_0.3_swap_recovery_ablation_1_0,180,1.6543200818861976,512
4,index_cued_first_diffusion_0.3_swap_recovery_ablation_1_0,195,1.2494504517396634,512
4,index_cued_first_diffusion_0.3_swap_recovery_ablation_1_0,205,1.1264881064981025,512
4,index_cued_first_diffusion_0.3_swap_recovery_ablation_1_0,209,0.8306769011350148,512
4,index_cued_first_diffusion_0.3_swap_recovery_ablation_1_0,212,1.5751911312448033,512
4,index_cued_first_diffusion_0.3_swap_recovery_ablation_1_0,217,1.4687761970725601,512
4,index_cued_first_diffusion_0.3_swap_recovery_ablation_1_0,226,1.4518720333685458,512
4,index_cued_first_diffusion_0.3_swap_recovery_ablation_1_0,238,0.8949328316810794,512
4,index_cued_first_diffusion_0.3_swap_recovery_ablation_1_0,277,1.5158617275333923,512
4,index_cued_first_diffusion_0.3_swap_recovery_ablation_4_0,23,0.07960070993937589,512
4,index_cued_first_diffusion_0.3_swap_recovery_ablation_4_0,24,1.6905396921346882,512
4,index_cued_first_diffusion_0.3_swap_recovery_ablation_4_0,26,0.21567281502531074,512
4,index_cued_first_diffusion_0.3_swap_recovery_ablation_4_0,56,0.07886146486842098,512
4,index_cued_first_diffusion_0.3_swap_recovery_ablation_4_0,119,0.06346097293657177,512
4,index_cued_first_diffusion_0.3_swap_recovery_ablation_4_0,121,0.03960080937417998,512
4,index_cued_first_diffusion_0.3_swap_recovery_ablation_4_0,148,0.18961118397706697,512
4,index_cued_first_diffusion_0.3_swap_recovery_ablation_4_0,180,0.11486312080529097,512
4,index_cued_first_diffusion_0.3_swap_recovery_ablation_4_0,195,0.4466119530438556,512
4,index_cued_first_diffusion_0.3_swap_recovery_ablation_4_0,205,0.06768951212352796,512
4,index_cued_first_diffusion_0.3_swap_recovery_ablation_4_0,209,0.15171374581633582,512
4,index_cued_first_diffusion_0.3_swap_recovery_ablation_4_0,212,0.11988340503602339,512
4,index_cued_first_diffusion_0.3_swap_recovery_ablation_4_0,217,0.14316204741176625,512
4,index_cued_first_diffusion_0.3_swap_recovery_ablation_4_0,226,0.3996575875806512,512
4,index_cued_first_diffusion_0.3_swap_recovery_ablation_4_0,238,0.1262410995782305,512
4,index_cued_first_diffusion_0.3_swap_recovery_ablation_4_0,277,0.03409404866912839,512
4,index_cued_first_diffusion_0.3_swap_recovery_ablation_5_0,23,1.079101087656408,512
4,index_cued_first_diffusion_0.3_swap_recovery_ablation_5_0,24,2.4136151563643278,512
4,index_cued_first_diffusion_0.3_swap_recovery_ablation_5_0,26,0.8297522743408504,512
4,index_cued_first_diffusion_0.3_swap_recovery_ablation_5_0,56,1.2793051048170052,512
4,index_cued_first_diffusion_0.3_swap_recovery_ablation_5_0,119,0.660742167367131,512
4,index_cued_first_diffusion_0.3_swap_recovery_ablation_5_0,121,0.9983472281208075,512
4,index_cued_first_diffusion_0.3_swap_recovery_ablation_5_0,148,1.1375081742366324,512
4,index_cued_first_diffusion_0.3_swap_recovery_ablation_5_0,180,1.0247451202811944,512
4,index_cued_first_diffusion_0.3_swap_recovery_ablation_5_0,195,1.0189339881297192,512
4,index_cued_first_diffusion_0.3_swap_recovery_ablation_5_0,205,1.8043875565623346,512
4,index_cued_first_diffusion_0.3_swap_recovery_ablation_5_0,209,0.9079601699443811,512
4,index_cued_first_diffusion_0.3_swap_recovery_ablation_5_0,212,1.5762959998767905,512
4,index_cued_first_diffusion_0.3_swap_recovery_ablation_5_0,217,1.4216929943033554,512
4,index_cued_first_diffusion_0.3_swap_recovery_ablation_5_0,226,1.4745269552290037,512
4,index_cued_first_diffusion_0.3_swap_recovery_ablation_5_0,238,1.169513783511682,512
4,index_cued_first_diffusion_0.3_swap_recovery_ablation_5_0,277,0.889548351806718,512
4,index_cued_first_diffusion_0.3_swap_recovery_ablation_6_0,23,16.34326599007735,512
4,index_cued_first_diffusion_0.3_swap_recovery_ablation_6_0,24,20.072322581781407,512
4,index_cued_first_diffusion_0.3_swap_recovery_ablation_6_0,26,17.725038257768773,512
4,index_cued_first_diffusion_0.3_swap_recovery_ablation_6_0,56,16.681317447036978,512
4,index_cued_first_diffusion_0.3_swap_recovery_ablation_6_0,119,17.41133372149489,512
4,index_cued_first_diffusion_0.3_swap_recovery_ablation_6_0,121,18.481214038473116,512
4,index_cued_first_diffusion_0.3_swap_recovery_ablation_6_0,148,5.381918244402209,512
4,index_cued_first_diffusion_0.3_swap_recovery_ablation_6_0,180,13.832111499371354,512
4,index_cued_first_diffusion_0.3_swap_recovery_ablation_6_0,195,9.854492923399377,512
4,index_cued_first_diffusion_0.3_swap_recovery_ablation_6_0,205,10.88258010955547,512
4,index_cued_first_diffusion_0.3_swap_recovery_ablation_6_0,209,13.284591484671243,512
4,index_cued_first_diffusion_0.3_swap_recovery_ablation_6_0,212,4.120433729688409,512
4,index_cued_first_diffusion_0.3_swap_recovery_ablation_6_0,217,8.713311875319675,512
4,index_cued_first_diffusion_0.3_swap_recovery_ablation_6_0,226,8.795540908686124,512
4,index_cued_first_diffusion_0.3_swap_recovery_ablation_6_0,238,11.528400653128296,512
4,index_cued_first_diffusion_0.3_swap_recovery_ablation_6_0,277,11.615433240762549,512
4,index_cued_first_diffusion_0.3_swap_ablation_7_1,23,0.9615008380398608,512
4,index_cued_first_diffusion_0.3_swap_ablation_7_1,24,3.0887116657168447,512
4,index_cued_first_diffusion_0.3_swap_ablation_7_1,26,1.3481141161151133,512
4,index_cued_first_diffusion_0.3_swap_ablation_7_1,56,1.7560148538685505,512
4,index_cued_first_diffusion_0.3_swap_ablation_7_1,119,0.9039780724142301,512
4,index_cued_first_diffusion_0.3_swap_ablation_7_1,121,1.0361616628695287,512
4,index_cued_first_diffusion_0.3_swap_ablation_7_1,148,0.9199357542036456,512
4,index_cued_first_diffusion_0.3_swap_ablation_7_1,180,1.8166299953213176,512
4,index_cued_first_diffusion_0.3_swap_ablation_7_1,195,1.4761175916249685,512
4,index_cued_first_diffusion_0.3_swap_ablation_7_1,205,1.1329184059917345,512
4,index_cued_first_diffusion_0.3_swap_ablation_7_1,209,1.4355119552633229,512
4,index_cued_first_diffusion_0.3_swap_ablation_7_1,212,2.0189913478897115,512
4,index_cued_first_diffusion_0.3_swap_ablation_7_1,217,1.3385513563570375,512
4,index_cued_first_diffusion_0.3_swap_ablation_7_1,226,0.9593071910325418,512
4,index_cued_first_diffusion_0.3_swap_ablation_7_1,238,1.3864589341652263,512
4,index_cued_first_diffusion_0.3_swap_ablation_7_1,277,1.2222338607254226,512
5,index_cued_first_diffusion_0.3_swap_recovery_ablation_0_0,23,0.4930760932708418,512
5,index_cued_first_diffusion_0.3_swap_recovery_ablation_0_0,24,1.1757683668976666,512
5,index_cued_first_diffusion_0.3_swap_recovery_ablation_0_0,26,1.5308998401040845,512
5,index_cued_first_diffusion_0.3_swap_recovery_ablation_0_0,56,2.343923657397019,512
5,index_cued_first_diffusion_0.3_swap_recovery_ablation_0_0,119,0.5806814871009431,512
5,index_cued_first_diffusion_0.3_swap_recovery_ablation_0_0,121,0.4961432961069452,512
5,index_cued_first_diffusion_0.3_swap_recovery_ablation_0_0,148,1.6565105795040416,512
5,index_cued_first_diffusion_0.3_swap_recovery_ablation_0_0,180,0.9750171933236415,512
5,index_cued_first_diffusion_0.3_swap_recovery_ablation_0_0,195,1.07972514210304,512
5,index_cued_first_diffusion_0.3_swap_recovery_ablation_0_0,205,1.5045385300240444,512
5,index_cued_first_diffusion_0.3_swap_recovery_ablation_0_0,209,0.9952329271529274,512
5,index_cued_first_diffusion_0.3_swap_recovery_ablation_0_0,212,1.5945751173395686,512
5,index_cued_first_diffusion_0.3_swap_recovery_ablation_0_0,217,0.7149880252944776,512
5,index_cued_first_diffusion_0.3_swap_recovery_ablation_0_0,226,1.226833940213348,512
5,index_cued_first_diffusion_0.3_swap_recovery_ablation_0_0,238,0.8457050644451056,512
5,index_cued_first_diffusion_0.3_swap_recovery_ablation_0_0,277,0.38130256567606535,512
5,index_cued_first_diffusion_0.3_swap_recovery_ablation_1_0,23,0.5833926440210523,512
5,index_cued_first_diffusion_0.3_swap_recovery_ablation_1_0,24,0.3817436969045302,512
5,index_cued_first_diffusion_0.3_swap_recovery_ablation_1_0,26,0.5014537649363581,512
5,index_cued_first_diffusion_0.3_swap_recovery_ablation_1_0,56,0.9065354153987669,512
5,index_cued_first_diffusion_0.3_swap_recovery_ablation_1_0,119,0.3383753344661732,512
5,index_cued_first_diffusion_0.3_swap_recovery_ablation_1_0,121,1.320082620461789,512
5,index_cued_first_diffusion_0.3_swap_recovery_ablation_1_0,148,0.9216116091797346,512
5,index_cued_first_diffusion_0.3_swap_recovery_ablation_1_0,180,1.0273667667899937,512
5,index_cued_first_diffusion_0.3_swap_recovery_ablation_1_0,195,1.3982853910201718,512
5,index_cued_first_diffusion_0.3_swap_recovery_ablation_1_0,205,1.9145179426365573,512
5,index_cued_first_diffusion_0.3_swap_recovery_ablation_1_0,209,0.90379996652324,512
5,index_cued_first_diffusion_0.3_swap_recovery_ablation_1_0,212,0.5673095230803071,512
5,index_cued_first_diffusion_0.3_swap_recovery_ablation_1_0,217,1.0056652242095296,512
5,index_cued_first_diffusion_0.3_swap_recovery_ablation_1_0,226,0.8055185457601414,512
5,index_cued_first_diffusion_0.3_swap_recovery_ablation_1_0,238,0.4006252337520439,512
5,index_cued_first_diffusion_0.3_swap_recovery_ablation_1_0,277,0.6929376654887418,512
5,index_cued_first_diffusion_0.3_swap_recovery_ablation_4_0,23,0.8990934902578976,512
5,index_cued_first_diffusion_0.3_swap_recovery_ablation_4_0,24,1.1030525709237118,512
5,index_cued_first_diffusion_0.3_swap_recovery_ablation_4_0,26,1.0779100095043823,512
5,index_cued_first_diffusion_0.3_swap_recovery_ablation_4_0,56,1.3706190071949116,512
5,index_cued_first_diffusion_0.3_swap_recovery_ablation_4_0,119,0.6566598312765431,512
5,index_cued_first_diffusion_0.3_swap_recovery_ablation_4_0,121,0.9815981420386228,512
5,index_cued_first_diffusion_0.3_swap_recovery_ablation_4_0,148,0.9002733248589114,512
5,index_cued_first_diffusion_0.3_swap_recovery_ablation_4_0,180,0.8777055918159018,512
5,index_cued_first_diffusion_0.3_swap_recovery_ablation_4_0,195,1.3300628242950183,512
5,index_cued_first_diffusion_0.3_swap_recovery_ablation_4_0,205,1.6050950265479638,512
5,index_cued_first_diffusion_0.3_swap_recovery_ablation_4_0,209,1.0163828886729829,512
5,index_cued_first_diffusion_0.3_swap_recovery_ablation_4_0,212,1.5685284640383532,512
5,index_cued_first_diffusion_0.3_swap_recovery_ablation_4_0,217,1.508853191311474,512
5,index_cued_first_diffusion_0.3_swap_recovery_ablation_4_0,226,1.2558092945771082,512
5,index_cued_first_diffusion_0.3_swap_recovery_ablation_4_0,238,0.9999332816683116,512
5,index_cued_first_diffusion_0.3_swap_recovery_ablation_4_0,277,0.8987317879190202,512
5,index_cued_first_diffusion_0.3_swap_recovery_ablation_5_0,23,0.054630193113542586,512
5,index_cued_first_diffusion_0.3_swap_recovery_ablation_5_0,24,0.04704556516347155,512
5,index_cued_first_diffusion_0.3_swap_recovery_ablation_5_0,26,0.46140096707776845,512
5,index_cued_first_diffusion_0.3_swap_recovery_ablation_5_0,56,0.17992850586732395,512
5,index_cued_first_diffusion_0.3_swap_recovery_ablation_5_0,119,0.14356797562695536,512
5,index_cued_first_diffusion_0.3_swap_recovery_ablation_5_0,121,0.17229124135074209,512
5,index_cued_first_diffusion_0.3_swap_recovery_ablation_5_0,148,0.069990645041875,512
5,index_cued_first_diffusion_0.3_swap_recovery_ablation_5_0,180,0.16470031794854811,512
5,index_cued_first_diffusion_0.3_swap_recovery_ablation_5_0,195,0.31747871304865627,512
5,index_cued_first_diffusion_0.3_swap_recovery_ablation_5_0,205,0.27032506332901796,512
5,index_cued_first_diffusion_0.3_swap_recovery_ablation_5_0,209,0.38983201658483885,512
5,index_cued_first_diffusion_0.3_swap_recovery_ablation_5_0,212,0.08097875998213071,512
5,index_cued_first_diffusion_0.3_swap_recovery_ablation_5_0,217,0.1545907406168642,512
5,index_cued_first_diffusion_0.3_swap_recovery_ablation_5_0,226,0.05992748017652534,512
5,index_cued_first_diffusion_0.3_swap_recovery_ablation_5_0,238,0.07064153920723892,512
5,index_cued_first_diffusion_0.3_swap_recovery_ablation_5_0,277,0.1272945044823583,512
5,index_cued_first_diffusion_0.3_swap_recovery_ablation_6_0,23,18.115302662379918,512
5,index_cued_first_diffusion_0.3_swap_recovery_ablation_6_0,24,17.8892753225506,512
5,index_cued_first_diffusion_0.3_swap_recovery_ablation_6_0,26,18.183921196720462,512
5,index_cued_first_diffusion_0.3_swap_recovery_ablation_6_0,56,15.726723707433456,512
5,index_cued_first_diffusion_0.3_swap_recovery_ablation_6_0,119,16.756482757727316,512
5,index_cued_first_diffusion_0.3_swap_recovery_ablation_6_0,121,18.500165409675944,512
5,index_cued_first_diffusion_0.3_swap_recovery_ablation_6_0,148,5.3945943282758115,512
5,index_cued_first_diffusion_0.3_swap_recovery_ablation_6_0,180,12.458571814232076,512
5,index_cued_first_diffusion_0.3_swap_recovery_ablation_6_0,195,10.468361350886394,512
5,index_cued_first_diffusion_0.3_swap_recovery_ablation_6_0,205,9.931004646494266,512
5,index_cued_first_diffusion_0.3_swap_recovery_ablation_6_0,209,13.459908481850217,512
5,index_cued_first_diffusion_0.3_swap_recovery_ablation_6_0,212,2.4802363287054083,512
5,index_cued_first_diffusion_0.3_swap_recovery_ablation_6_0,217,8.69227440360244,512
5,index_cued_first_diffusion_0.3_swap_recovery_ablation_6_0,226,7.6458424050097324,512
5,index_cued_first_diffusion_0.3_swap_recovery_ablation_6_0,238,9.861587265563795,512
5,index_cued_first_diffusion_0.3_swap_recovery_ablation_6_0,277,12.590521485199522,512
5,index_cued_first_diffusion_0.3_swap_ablation_7_1,23,0.9779303180506348,512
5,index_cued_first_diffusion_0.3_swap_ablation_7_1,24,1.4745537190724725,512
5,index_cued_first_diffusion_0.3_swap_ablation_7_1,26,0.8698894142270874,512
5,index_cued_first_diffusion_0.3_swap_ablation_7_1,56,1.4649696545740687,512
5,index_cued_first_diffusion_0.3_swap_ablation_7_1,119,0.6049313786986101,512
5,index_cued_first_diffusion_0.3_swap_ablation_7_1,121,0.8303228892911914,512
5,index_cued_first_diffusion_0.3_swap_ablation_7_1,148,0.7613580518067955,512
5,index_cued_first_diffusion_0.3_swap_ablation_7_1,180,1.2753764776938759,512
5,index_cued_first_diffusion_0.3_swap_ablation_7_1,195,1.8746470492842071,512
5,index_cued_first_diffusion_0.3_swap_ablation_7_1,205,1.3975520796821719,512
5,index_cued_first_diffusion_0.3_swap_ablation_7_1,209,1.6791977150638036,512
5,index_cued_first_diffusion_0.3_swap_ablation_7_1,212,1.0114000868596045,512
5,index_cued_first_diffusion_0.3_swap_ablation_7_1,217,1.3221757283072544,512
5,index_cued_first_diffusion_0.3_swap_ablation_7_1,226,0.8813386345535552,512
5,index_cued_first_diffusion_0.3_swap_ablation_7_1,238,0.33088084177166843,512
5,index_cued_first_diffusion_0.3_swap_ablation_7_1,277,1.0443531947765672,512
6,index_cued_first_diffusion_0.3_swap_recovery_ablation_0_0,23,2.3882285483589847,512
6,index_cued_first_diffusion_0.3_swap_recovery_ablation_0_0,24,1.5753415379053202,512
6,index_cued_first_diffusion_0.3_swap_recovery_ablation_0_0,26,1.4247088676201884,512
6,index_cued_first_diffusion_0.3_swap_recovery_ablation_0_0,56,1.2786898974798362,512
6,index_cued_first_diffusion_0.3_swap_recovery_ablation_0_0,119,0.368241938099626,512
6,index_cued_first_diffusion_0.3_swap_recovery_ablation_0_0,121,0.7212289944238042,512
6,index_cued_first_diffusion_0.3_swap_recovery_ablation_0_0,148,2.485267274157507,512
6,index_cued_first_diffusion_0.3_swap_recovery_ablation_0_0,180,1.480453110817096,512
6,index_cued_first_diffusion_0.3_swap_recovery_ablation_0_0,195,2.4530007297451752,512
6,index_cued_first_diffusion_0.3_swap_recovery_ablation_0_0,205,2.2118407467950147,512
6,index_cued_first_diffusion_0.3_swap_recovery_ablation_0_0,209,2.2923277607168853,512
6,index_cued_first_diffusion_0.3_swap_recovery_ablation_0_0,212,1.5365845750482032,512
6,index_cued_first_diffusion_0.3_swap_recovery_ablation_0_0,217,2.331621064573598,512
6,index_cued_first_diffusion_0.3_swap_recovery_ablation_0_0,226,1.1236470073437679,512
6,index_cued_first_diffusion_0.3_swap_recovery_ablation_0_0,238,1.0858903142021672,512
6,index_cued_first_diffusion_0.3_swap_recovery_ablation_0_0,277,1.4704839055916008,512
6,index_cued_first_diffusion_0.3_swap_recovery_ablation_1_0,23,2.7041348307172557,512
6,index_cued_first_diffusion_0.3_swap_recovery_ablation_1_0,24,2.7291738037514737,512
6,index_cued_first_diffusion_0.3_swap_recovery_ablation_1_0,26,2.6475087910364503,512
6,index_cued_first_diffusion_0.3_swap_recovery_ablation_1_0,56,2.678916800587468,512
6,index_cued_first_diffusion_0.3_swap_recovery_ablation_1_0,119,0.8031364312334517,512
6,index_cued_first_diffusion_0.3_swap_recovery_ablation_1_0,121,1.5124549515197643,512
6,index_cued_first_diffusion_0.3_swap_recovery_ablation_1_0,148,3.0914944673148055,512
6,index_cued_first_diffusion_0.3_swap_recovery_ablation_1_0,180,2.903804456126799,512
6,index_cued_first_diffusion_0.3_swap_recovery_ablation_1_0,195,2.611429507201053,512
6,index_cued_first_diffusion_0.3_swap_recovery_ablation_1_0,205,1.9943468458555424,512
6,index_cued_first_diffusion_0.3_swap_recovery_ablation_1_0,209,2.2312862665171163,512
6,index_cued_first_diffusion_0.3_swap_recovery_ablation_1_0,212,1.8108237084165553,512
6,index_cued_first_diffusion_0.3_swap_recovery_ablation_1_0,217,2.102586622572751,512
6,index_cued_first_diffusion_0.3_swap_recovery_ablation_1_0,226,2.013831461929442,512
6,index_cued_first_diffusion_0.3_swap_recovery_ablation_1_0,238,1.1425487353018748,512
6,index_cued_first_diffusion_0.3_swap_recovery_ablation_1_0,277,2.34275937293498,512
6,index_cued_first_diffusion_0.3_swap_recovery_ablation_4_0,23,1.5884449430223009,512
6,index_cued_first_diffusion_0.3_swap_recovery_ablation_4_0,24,1.6799999323255443,512
6,index_cued_first_diffusion_0.3_swap_recovery_ablation_4_0,26,1.5419398162808635,512
6,index_cued_first_diffusion_0.3_swap_recovery_ablation_4_0,56,2.2701434817772137,512
6,index_cued_first_diffusion_0.3_swap_recovery_ablation_4_0,119,0.21376681187683585,512
6,index_cued_first_diffusion_0.3_swap_recovery_ablation_4_0,121,0.7550356615334959,512
6,index_cued_first_diffusion_0.3_swap_recovery_ablation_4_0,148,2.5249868601688474,512
6,index_cued_first_diffusion_0.3_swap_recovery_ablation_4_0,180,1.657309825176371,512
6,index_cued_first_diffusion_0.3_swap_recovery_ablation_4_0,195,1.8775747641359932,512
6,index_cued_first_diffusion_0.3_swap_recovery_ablation_4_0,205,0.9130065952172504,512
6,index_cued_first_diffusion_0.3_swap_recovery_ablation_4_0,209,1.5009163257323233,512
6,index_cued_first_diffusion_0.3_swap_recovery_ablation_4_0,212,2.3882477772434543,512
6,index_cued_first_diffusion_0.3_swap_recovery_ablation_4_0,217,0.7423042453214574,512
6,index_cued_first_diffusion_0.3_swap_recovery_ablation_4_0,226,2.077401944453035,512
6,index_cued_first_diffusion_0.3_swap_recovery_ablation_4_0,238,1.2968766448277527,512
6,index_cued_first_diffusion_0.3_swap_recovery_ablation_4_0,277,1.192713155450762,512
6,index_cued_first_diffusion_0.3_swap_recovery_ablation_5_0,23,2.131059947315495,512
6,index_cued_first_diffusion_0.3_swap_recovery_ablation_5_0,24,2.4658289270944334,512
6,index_cued_first_diffusion_0.3_swap_recovery_ablation_5_0,26,2.372594563292926,512
6,index_cued_first_diffusion_0.3_swap_recovery_ablation_5_0,56,2.649218332072639,512
6,index_cued_first_diffusion_0.3_swap_recovery_ablation_5_0,119,0.5147191107313525,512
6,index_cued_first_diffusion_0.3_swap_recovery_ablation_5_0,121,0.6139030076424388,512
6,index_cued_first_diffusion_0.3_swap_recovery_ablation_5_0,148,2.4574080717380076,512
6,index_cued_first_diffusion_0.3_swap_recovery_ablation_5_0,180,2.283508884124227,512
6,index_cued_first_diffusion_0.3_swap_recovery_ablation_5_0,195,1.9246605236944503,512
6,index_cued_first_diffusion_0.3_swap_recovery_ablation_5_0,205,2.2107367218674865,512
6,index_cued_first_diffusion_0.3_swap_recovery_ablation_5_0,209,2.071831317778889,512
6,index_cued_first_diffusion_0.3_swap_recovery_ablation_5_0,212,1.6263566906302391,512
6,index_cued_first_diffusion_0.3_swap_recovery_ablation_5_0,217,2.045705157485762,512
6,index_cued_first_diffusion_0.3_swap_recovery_ablation_5_0,226,1.2367182494336093,512
6,index_cued_first_diffusion_0.3_swap_recovery_ablation_5_0,238,0.7755683891686158,512
6,index_cued_first_diffusion_0.3_swap_recovery_ablation_5_0,277,1.657841061129878,512
6,index_cued_first_diffusion_0.3_swap_recovery_ablation_6_0,23,16.570984897010902,512
6,index_cued_first_diffusion_0.3_swap_recovery_ablation_6_0,24,18.304445329543917,512
6,index_cued_first_diffusion_0.3_swap_recovery_ablation_6_0,26,17.65603626600077,512
6,index_cued_first_diffusion_0.3_swap_recovery_ablation_6_0,56,14.814577469066057,512
6,index_cued_first_diffusion_0.3_swap_recovery_ablation_6_0,119,17.745639846452033,512
6,index_cued_first_diffusion_0.3_swap_recovery_ablation_6_0,121,20.301973647322367,512
6,index_cued_first_diffusion_0.3_swap_recovery_ablation_6_0,148,6.272247364284607,512
6,index_cued_first_diffusion_0.3_swap_recovery_ablation_6_0,180,12.415620464703647,512
6,index_cued_first_diffusion_0.3_swap_recovery_ablation_6_0,195,11.347684413374747,512
6,index_cued_first_diffusion_0.3_swap_recovery_ablation_6_0,205,11.51059864796221,512
6,index_cued_first_diffusion_0.3_swap_recovery_ablation_6_0,209,13.700947955558256,512
6,index_cued_first_diffusion_0.3_swap_recovery_ablation_6_0,212,3.2582773702538903,512
6,index_cued_first_diffusion_0.3_swap_recovery_ablation_6_0,217,9.834196531790523,512
6,index_cued_first_diffusion_0.3_swap_recovery_ablation_6_0,226,7.674057925182341,512
6,index_cued_first_diffusion_0.3_swap_recovery_ablation_6_0,238,10.694349618163322,512
6,index_cued_first_diffusion_0.3_swap_recovery_ablation_6_0,277,12.796939371364545,512
6,index_cued_first_diffusion_0.3_swap_ablation_7_1,23,1.4952378772993589,512
6,index_cued_first_diffusion_0.3_swap_ablation_7_1,24,2.8229353132783923,512
6,index_cued_first_diffusion_0.3_swap_ablation_7_1,26,2.6379891056380886,512
6,index_cued_first_diffusion_0.3_swap_ablation_7_1,56,2.8891352262152963,512
6,index_cued_first_diffusion_0.3_swap_ablation_7_1,119,0.7036998868734536,512
6,index_cued_first_diffusion_0.3_swap_ablation_7_1,121,0.8790991080156447,512
6,index_cued_first_diffusion_0.3_swap_ablation_7_1,148,3.1300872916325857,512
6,index_cued_first_diffusion_0.3_swap_ablation_7_1,180,2.49661269840705,512
6,index_cued_first_diffusion_0.3_swap_ablation_7_1,195,2.874569861929266,512
6,index_cued_first_diffusion_0.3_swap_ablation_7_1,205,1.827914507921951,512
6,index_cued_first_diffusion_0.3_swap_ablation_7_1,209,2.7597765235845397,512
6,index_cued_first_diffusion_0.3_swap_ablation_7_1,212,2.5294437269872314,512
6,index_cued_first_diffusion_0.3_swap_ablation_7_1,217,2.046758491625555,512
6,index_cued_first_diffusion_0.3_swap_ablation_7_1,226,1.0890107616505793,512
6,index_cued_first_diffusion_0.3_swap_ablation_7_1,238,0.7089137891047406,512
6,index_cued_first_diffusion_0.3_swap_ablation_7_1,277,1.5213867749095142,512
7,index_cued_first_diffusion_0.3_swap_recovery_ablation_0_0,23,1.2744491070658914,512
7,index_cued_first_diffusion_0.3_swap_recovery_ablation_0_0,24,2.1682481885059155,512
7,index_cued_first_diffusion_0.3_swap_recovery_ablation_0_0,26,1.6198560582868957,512
7,index_cued_first_diffusion_0.3_swap_recovery_ablation_0_0,56,2.98418747426168,512
7,index_cued_first_diffusion_0.3_swap_recovery_ablation_0_0,119,0.40809276048850374,512
7,index_cued_first_diffusion_0.3_swap_recovery_ablation_0_0,121,1.1997540283864385,512
7,index_cued_first_diffusion_0.3_swap_recovery_ablation_0_0,148,1.5522584492613158,512
7,index_cued_first_diffusion_0.3_swap_recovery_ablation_0_0,180,1.9204552468428675,512
7,index_cued_first_diffusion_0.3_swap_recovery_ablation_0_0,195,0.8496476121622463,512
7,index_cued_first_diffusion_0.3_swap_recovery_ablation_0_0,205,0.9743973550237363,512
7,index_cued_first_diffusion_0.3_swap_recovery_ablation_0_0,209,1.3465668907636776,512
7,index_cued_first_diffusion_0.3_swap_recovery_ablation_0_0,212,2.3760200350271075,512
7,index_cued_first_diffusion_0.3_swap_recovery_ablation_0_0,217,0.7267871732766613,512
7,index_cued_first_diffusion_0.3_swap_recovery_ablation_0_0,226,0.4066445159615509,512
7,index_cued_first_diffusion_0.3_swap_recovery_ablation_0_0,238,0.6476689751710418,512
7,index_cued_first_diffusion_0.3_swap_recovery_ablation_0_0,277,1.0834143343786526,512
7,index_cued_first_diffusion_0.3_swap_recovery_ablation_1_0,23,1.4839282578566007,512
7,index_cued_first_diffusion_0.3_swap_recovery_ablation_1_0,24,1.2093373457696037,512
7,index_cued_first_diffusion_0.3_swap_recovery_ablation_1_0,26,1.0819500204633758,512
7,index_cued_first_diffusion_0.3_swap_recovery_ablation_1_0,56,1.0520125380237628,512
7,index_cued_first_diffusion_0.3_swap_recovery_ablation_1_0,119,0.6367739937401204,512
7,index_cued_first_diffusion_0.3_swap_recovery_ablation_1_0,121,1.3080643152354434,512
7,index_cued_first_diffusion_0.3_swap_recovery_ablation_1_0,148,0.3137099371911651,512
7,index_cued_first_diffusion_0.3_swap_recovery_ablation_1_0,180,0.9427834309116623,512
7,index_cued_first_diffusion_0.3_swap_recovery_ablation_1_0,195,0.4635780928015199,512
7,index_cued_first_diffusion_0.3_swap_recovery_ablation_1_0,205,1.5097976748312936,512
7,index_cued_first_diffusion_0.3_swap_recovery_ablation_1_0,209,1.2535531551086452,512
7,index_cued_first_diffusion_0.3_swap_recovery_ablation_1_0,212,1.0463687449730057,512
7,index_cued_first_diffusion_0.3_swap_recovery_ablation_1_0,217,1.0935581734367563,512
7,index_cued_first_diffusion_0.3_swap_recovery_ablation_1_0,226,1.512929250134061,512
7,index_cued_first_diffusion_0.3_swap_recovery_ablation_1_0,238,0.695294641063835,512
7,index_cued_first_diffusion_0.3_swap_recovery_ablation_1_0,277,1.4875992986889988,512
7,index_cued_first_diffusion_0.3_swap_recovery_ablation_4_0,23,0.8063898627788226,512
7,index_cued_first_diffusion_0.3_swap_recovery_ablation_4_0,24,1.9769928022435552,512
7,index_cued_first_diffusion_0.3_swap_recovery_ablation_4_0,26,1.1154310042004525,512
7,index_cued_first_diffusion_0.3_swap_recovery_ablation_4_0,56,1.9158762970325438,512
7,index_cued_first_diffusion_0.3_swap_recovery_ablation_4_0,119,0.8833699377234108,512
7,index_cued_first_diffusion_0.3_swap_recovery_ablation_4_0,121,1.0704751956364804,512
7,index_cued_first_diffusion_0.3_swap_recovery_ablation_4_0,148,0.720243005207363,512
7,index_cued_first_diffusion_0.3_swap_recovery_ablation_4_0,180,1.6934280130544508,512
7,index_cued_first_diffusion_0.3_swap_recovery_ablation_4_0,195,0.9051308759889698,512
7,index_cued_first_diffusion_0.3_swap_recovery_ablation_4_0,205,1.251358521172306,512
7,index_cued_first_diffusion_0.3_swap_recovery_ablation_4_0,209,1.578013996204728,512
7,index_cued_first_diffusion_0.3_swap_recovery_ablation_4_0,212,2.098257983862426,512
7,index_cued_first_diffusion_0.3_swap_recovery_ablation_4_0,217,1.4961922630878923,512
7,index_cued_first_diffusion_0.3_swap_recovery_ablation_4_0,226,1.173536242390659,512
7,index_cued_first_diffusion_0.3_swap_recovery_ablation_4_0,238,1.3933454464986956,512
7,index_cued_first_diffusion_0.3_swap_recovery_ablation_4_0,277,1.1830802974149293,512
7,index_cued_first_diffusion_0.3_swap_recovery_ablation_5_0,23,0.9723500462762183,512
7,index_cued_first_diffusion_0.3_swap_recovery_ablation_5_0,24,1.386270592306862,512
7,index_cued_first_diffusion_0.3_swap_recovery_ablation_5_0,26,1.2562809058702153,512
7,index_cued_first_diffusion_0.3_swap_recovery_ablation_5_0,56,1.5579947553735236,512
7,index_cued_first_diffusion_0.3_swap_recovery_ablation_5_0,119,0.47573338581344815,512
7,index_cued_first_diffusion_0.3_swap_recovery_ablation_5_0,121,0.9682971166214335,512
7,index_cued_first_diffusion_0.3_swap_recovery_ablation_5_0,148,0.8937880843097465,512
7,index_cued_first_diffusion_0.3_swap_recovery_ablation_5_0,180,1.2639447832505328,512
7,index_cued_first_diffusion_0.3_swap_recovery_ablation_5_0,195,1.7160522494931634,512
7,index_cued_first_diffusion_0.3_swap_recovery_ablation_5_0,205,1.5019382537819985,512
7,index_cued_first_diffusion_0.3_swap_recovery_ablation_5_0,209,1.6818600016813783,512
7,index_cued_first_diffusion_0.3_swap_recovery_ablation_5_0,212,0.9896175626302439,512
7,index_cued_first_diffusion_0.3_swap_recovery_ablation_5_0,217,1.099193766575954,512
7,index_cued_first_diffusion_0.3_swap_recovery_ablation_5_0,226,0.9479380312194647,512
7,index_cued_first_diffusion_0.3_swap_recovery_ablation_5_0,238,0.2832914061839415,512
7,index_cued_first_diffusion_0.3_swap_recovery_ablation_5_0,277,0.918613196893131,512
7,index_cued_first_diffusion_0.3_swap_recovery_ablation_6_0,23,17.91773479644071,512
7,index_cued_first_diffusion_0.3_swap_recovery_ablation_6_0,24,16.744667403212425,512
7,index_cued_first_diffusion_0.3_swap_recovery_ablation_6_0,26,16.90905104189589,512
7,index_cued_first_diffusion_0.3_swap_recovery_ablation_6_0,56,14.707615919584658,512
7,index_cued_first_diffusion_0.3_swap_recovery_ablation_6_0,119,18.511717766416286,512
7,index_cued_first_diffusion_0.3_swap_recovery_ablation_6_0,121,18.427385213157077,512
7,index_cued_first_diffusion_0.3_swap_recovery_ablation_6_0,148,5.354360316867585,512
7,index_cued_first_diffusion_0.3_swap_recovery_ablation_6_0,180,11.99583510463902,512
7,index_cued_first_diffusion_0.3_swap_recovery_ablation_6_0,195,9.708077654594208,512
7,index_cued_first_diffusion_0.3_swap_recovery_ablation_6_0,205,9.333255133417497,512
7,index_cued_first_diffusion_0.3_swap_recovery_ablation_6_0,209,12.727968513683578,512
7,index_cued_first_diffusion_0.3_swap_recovery_ablation_6_0,212,2.874059095953385,512
7,index_cued_first_diffusion_0.3_swap_recovery_ablation_6_0,217,7.686754110222701,512
7,index_cued_first_diffusion_0.3_swap_recovery_ablation_6_0,226,8.647170698503116,512
7,index_cued_first_diffusion_0.3_swap_recovery_ablation_6_0,238,11.030473934458517,512
7,index_cued_first_diffusion_0.3_swap_recovery_ablation_6_0,277,12.234637906220591,512
7,index_cued_first_diffusion_0.3_swap_ablation_7_1,23,0.0807914329326696,512
7,index_cued_first_diffusion_0.3_swap_ablation_7_1,24,0.12165392470992269,512
7,index_cued_first_diffusion_0.3_swap_ablation_7_1,26,0.6322454351851607,512
7,index_cued_first_diffusion_0.3_swap_ablation_7_1,56,0.0594899303262217,512
7,index_cued_first_diffusion_0.3_swap_ablation_7_1,119,0.09801915377809943,512
7,index_cued_first_diffusion_0.3_swap_ablation_7_1,121,0.09157257812580236,512
7,index_cued_first_diffusion_0.3_swap_ablation_7_1,148,0.08935127481962865,512
7,index_cued_first_diffusion_0.3_swap_ablation_7_1,180,0.09607354105762081,512
7,index_cued_first_diffusion_0.3_swap_ablation_7_1,195,0.11661746931739236,512
7,index_cued_first_diffusion_0.3_swap_ablation_7_1,205,0.2387898490050513,512
7,index_cued_first_diffusion_0.3_swap_ablation_7_1,209,0.09790858209713496,512
7,index_cued_first_diffusion_0.3_swap_ablation_7_1,212,0.016313957443771093,512
7,index_cued_first_diffusion_0.3_swap_ablation_7_1,217,0.1370579555035828,512
7,index_cued_first_diffusion_0.3_swap_ablation_7_1,226,0.05482154278505218,512
7,index_cued_first_diffusion_0.3_swap_ablation_7_1,238,0.06135604423259705,512
7,index_cued_first_diffusion_0.3_swap_ablation_7_1,277,0.10526653885694547,512
8,index_cued_first_diffusion_0.3_swap_recovery_ablation_0_0,23,2.545076394119066,512
8,index_cued_first_diffusion_0.3_swap_recovery_ablation_0_0,24,2.9205113165461833,512
8,index_cued_first_diffusion_0.3_swap_recovery_ablation_0_0,26,3.049493060387416,512
8,index_cued_first_diffusion_0.3_swap_recovery_ablation_0_0,56,2.86974097461061,512
8,index_cued_first_diffusion_0.3_swap_recovery_ablation_0_0,119,0.6076051478218074,512
8,index_cued_first_diffusion_0.3_swap_recovery_ablation_0_0,121,1.1547877119742265,512
8,index_cued_first_diffusion_0.3_swap_recovery_ablation_0_0,148,2.5938869135598788,512
8,index_cued_first_diffusion_0.3_swap_recovery_ablation_0_0,180,2.9967726157282035,512
8,index_cued_first_diffusion_0.3_swap_recovery_ablation_0_0,195,2.400225668647095,512
8,index_cued_first_diffusion_0.3_swap_recovery_ablation_0_0,205,2.183198094702006,512
8,index_cued_first_diffusion_0.3_swap_recovery_ablation_0_0,209,0.30914646783761235,512
8,index_cued_first_diffusion_0.3_swap_recovery_ablation_0_0,212,2.6434451763724494,512
8,index_cued_first_diffusion_0.3_swap_recovery_ablation_0_0,217,1.219240522872695,512
8,index_cued_first_diffusion_0.3_swap_recovery_ablation_0_0,226,1.0245611166144488,512
8,index_cued_first_diffusion_0.3_swap_recovery_ablation_0_0,238,0.9073729805617449,512
8,index_cued_first_diffusion_0.3_swap_recovery_ablation_0_0,277,2.5369101272667995,512
8,index_cued_first_diffusion_0.3_swap_recovery_ablation_1_0,23,2.7471789789393064,512
8,index_cued_first_diffusion_0.3_swap_recovery_ablation_1_0,24,2.7851919487813337,512
8,index_cued_first_diffusion_0.3_swap_recovery_ablation_1_0,26,2.6209662014056936,512
8,index_cued_first_diffusion_0.3_swap_recovery_ablation_1_0,56,1.6108059965511994,512
8,index_cued_first_diffusion_0.3_swap_recovery_ablation_1_0,119,0.6962588378062686,512
8,index_cued_first_diffusion_0.3_swap_recovery_ablation_1_0,121,2.170520371411862,512
8,index_cued_first_diffusion_0.3_swap_recovery_ablation_1_0,148,1.912329140450845,512
8,index_cued_first_diffusion_0.3_swap_recovery_ablation_1_0,180,2.6396506066777663,512
8,index_cued_first_diffusion_0.3_swap_recovery_ablation_1_0,195,2.1303863161287904,512
8,index_cued_first_diffusion_0.3_swap_recovery_ablation_1_0,205,2.6315194828068567,512
8,index_cued_first_diffusion_0.3_swap_recovery_ablation_1_0,209,0.519583708179921,512
8,index_cued_first_diffusion_0.3_swap_recovery_ablation_1_0,212,1.14576431224173,512
8,index_cued_first_diffusion_0.3_swap_recovery_ablation_1_0,217,1.9788760949592854,512
8,index_cued_first_diffusion_0.3_swap_recovery_ablation_1_0,226,1.0742439682897669,512
8,index_cued_first_diffusion_0.3_swap_recovery_ablation_1_0,238,0.6555119333663588,512
8,index_cued_first_diffusion_0.3_swap_recovery_ablation_1_0,277,3.0491115078618565,512
8,index_cued_first_diffusion_0.3_swap_recovery_ablation_4_0,23,2.3176984237403544,512
8,index_cued_first_diffusion_0.3_swap_recovery_ablation_4_0,24,2.819355478123104,512
8,index_cued_first_diffusion_0.3_swap_recovery_ablation_4_0,26,2.648400202639993,512
8,index_cued_first_diffusion_0.3_swap_recovery_ablation_4_0,56,2.361001475494591,512
8,index_cued_first_diffusion_0.3_swap_recovery_ablation_4_0,119,1.0603835611087908,512
8,index_cued_first_diffusion_0.3_swap_recovery_ablation_4_0,121,2.061231702599959,512
8,index_cued_first_diffusion_0.3_swap_recovery_ablation_4_0,148,1.8145523011066436,512
8,index_cued_first_diffusion_0.3_swap_recovery_ablation_4_0,180,2.904759742120152,512
8,index_cued_first_diffusion_0.3_swap_recovery_ablation_4_0,195,1.8239874548190596,512
8,index_cued_first_diffusion_0.3_swap_recovery_ablation_4_0,205,1.9857219859584856,512
8,index_cued_first_diffusion_0.3_swap_recovery_ablation_4_0,209,1.1439060426168735,512
8,index_cued_first_diffusion_0.3_swap_recovery_ablation_4_0,212,2.376504814503921,512
8,index_cued_first_diffusion_0.3_swap_recovery_ablation_4_0,217,1.6390620881662925,512
8,index_cued_first_diffusion_0.3_swap_recovery_ablation_4_0,226,0.9946080444381686,512
8,index_cued_first_diffusion_0.3_swap_recovery_ablation_4_0,238,1.1572596775057211,512
8,index_cued_first_diffusion_0.3_swap_recovery_ablation_4_0,277,2.5861015580608626,512
8,index_cued_first_diffusion_0.3_swap_recovery_ablation_5_0,23,2.2851232193625073,512
8,index_cued_first_diffusion_0.3_swap_recovery_ablation_5_0,24,2.804358109689639,512
8,index_cued_first_diffusion_0.3_swap_recovery_ablation_5_0,26,2.5952079504885996,512
8,index_cued_first_diffusion_0.3_swap_recovery_ablation_5_0,56,2.0948973140057943,512
8,index_cued_first_diffusion_0.3_swap_recovery_ablation_5_0,119,0.5995002136879239,512
8,index_cued_first_diffusion_0.3_swap_recovery_ablation_5_0,121,1.393308682250216,512
8,index_cued_first_diffusion_0.3_swap_recovery_ablation_5_0,148,1.0538372741729827,512
8,index_cued_first_diffusion_0.3_swap_recovery_ablation_5_0,180,2.764676031584054,512
8,index_cued_first_diffusion_0.3_swap_recovery_ablation_5_0,195,2.0788842129633784,512
8,index_cued_first_diffusion_0.3_swap_recovery_ablation_5_0,205,0.5438703921279462,512
8,index_cued_first_diffusion_0.3_swap_recovery_ablation_5_0,209,1.0221618584279606,512
8,index_cued_first_diffusion_0.3_swap_recovery_ablation_5_0,212,1.0899758977886904,512
8,index_cued_first_diffusion_0.3_swap_recovery_ablation_5_0,217,0.9662514609578686,512
8,index_cued_first_diffusion_0.3_swap_recovery_ablation_5_0,226,0.42999428874767487,512
8,index_cued_first_diffusion_0.3_swap_recovery_ablation_5_0,238,0.24660157557532736,512
8,index_cued_first_diffusion_0.3_swap_recovery_ablation_5_0,277,2.6425606526110337,512
8,index_cued_first_diffusion_0.3_swap_recovery_ablation_6_0,23,15.215094791229133,512
8,index_cued_first_diffusion_0.3_swap_recovery_ablation_6_0,24,15.005523544172043,512
8,index_cued_first_diffusion_0.3_swap_recovery_ablation_6_0,26,15.58175495421881,512
8,index_cued_first_diffusion_0.3_swap_recovery_ablation_6_0,56,15.384815599856083,512
8,index_cued_first_diffusion_0.3_swap_recovery_ablation_6_0,119,16.955770802265057,512
8,index_cued_first_diffusion_0.3_swap_recovery_ablation_6_0,121,17.58333519465802,512
8,index_cued_first_diffusion_0.3_swap_recovery_ablation_6_0,148,4.420783308396965,512
8,index_cued_first_diffusion_0.3_swap_recovery_ablation_6_0,180,10.392886877994467,512
8,index_cued_first_diffusion_0.3_swap_recovery_ablation_6_0,195,7.851073604068557,512
8,index_cued_first_diffusion_0.3_swap_recovery_ablation_6_0,205,8.781327186185202,512
8,index_cued_first_diffusion_0.3_swap_recovery_ablation_6_0,209,11.889641971166618,512
8,index_cued_first_diffusion_0.3_swap_recovery_ablation_6_0,212,2.473527104271961,512
8,index_cued_first_diffusion_0.3_swap_recovery_ablation_6_0,217,7.836527026101812,512
8,index_cued_first_diffusion_0.3_swap_recovery_ablation_6_0,226,8.560762070691517,512
8,index_cued_first_diffusion_0.3_swap_recovery_ablation_6_0,238,10.885929063003132,512
8,index_cued_first_diffusion_0.3_swap_recovery_ablation_6_0,277,11.091319188426812,512
8,index_cued_first_diffusion_0.3_swap_ablation_7_1,23,1.8931820346767907,512
8,index_cued_first_diffusion_0.3_swap_ablation_7_1,24,1.8984134928487615,512
8,index_cued_first_diffusion_0.3_swap_ablation_7_1,26,2.242225898713103,512
8,index_cued_first_diffusion_0.3_swap_ablation_7_1,56,0.7391432673057099,512
8,index_cued_first_diffusion_0.3_swap_ablation_7_1,119,0.20618104660428402,512
8,index_cued_first_diffusion_0.3_swap_ablation_7_1,121,1.8374273623384458,512
8,index_cued_first_diffusion_0.3_swap_ablation_7_1,148,1.6978363769123326,512
8,index_cued_first_diffusion_0.3_swap_ablation_7_1,180,2.038966647444126,512
8,index_cued_first_diffusion_0.3_swap_ablation_7_1,195,1.9085001528816994,512
8,index_cued_first_diffusion_0.3_swap_ablation_7_1,205,1.806058341051293,512
8,index_cued_first_diffusion_0.3_swap_ablation_7_1,209,1.2094511514826347,512
8,index_cued_first_diffusion_0.3_swap_ablation_7_1,212,0.3641757535547079,512
8,index_cued_first_diffusion_0.3_swap_ablation_7_1,217,1.4150764687307475,512
8,index_cued_first_diffusion_0.3_swap_ablation_7_1,226,0.6481731813377032,512
8,index_cued_first_diffusion_0.3_swap_ablation_7_1,238,0.38290629314183056,512
8,index_cued_first_diffusion_0.3_swap_ablation_7_1,277,2.2358727099512663,512
9,index_cued_first_diffusion_0.3_swap_recovery_ablation_0_0,23,0.8611002100491686,512
9,index_cued_first_diffusion_0.3_swap_recovery_ablation_0_0,24,0.6180368253489221,512
9,index_cued_first_diffusion_0.3_swap_recovery_ablation_0_0,26,1.3223423472380937,512
9,index_cued_first_diffusion_0.3_swap_recovery_ablation_0_0,56,2.7448295345370592,512
9,index_cued_first_diffusion_0.3_swap_recovery_ablation_0_0,119,0.30885267909585123,512
9,index_cued_first_diffusion_0.3_swap_recovery_ablation_0_0,121,0.8263214559489462,512
9,index_cued_first_diffusion_0.3_swap_recovery_ablation_0_0,148,0.8334180541737508,512
9,index_cued_first_diffusion_0.3_swap_recovery_ablation_0_0,180,0.20234308708511184,512
9,index_cued_first_diffusion_0.3_swap_recovery_ablation_0_0,195,227.72741181840365,512
9,index_cued_first_diffusion_0.3_swap_recovery_ablation_0_0,205,0.5676976532957045,512
9,index_cued_first_diffusion_0.3_swap_recovery_ablation_0_0,209,0.5265097418202778,512
9,index_cued_first_diffusion_0.3_swap_recovery_ablation_0_0,212,2.4636732431487243,512
9,index_cued_first_diffusion_0.3_swap_recovery_ablation_0_0,217,1.1579710273943027,512
9,index_cued_first_diffusion_0.3_swap_recovery_ablation_0_0,226,0.8730561253927018,512
9,index_cued_first_diffusion_0.3_swap_recovery_ablation_0_0,238,1.1604399255603166,512
9,index_cued_first_diffusion_0.3_swap_recovery_ablation_0_0,277,0.22202345083196645,512
9,index_cued_first_diffusion_0.3_swap_recovery_ablation_1_0,23,1.1646152558006246,512
9,index_cued_first_diffusion_0.3_swap_recovery_ablation_1_0,24,1.0929243014536028,512
9,index_cued_first_diffusion_0.3_swap_recovery_ablation_1_0,26,0.35500061731982246,512
9,index_cued_first_diffusion_0.3_swap_recovery_ablation_1_0,56,0.8071098159614689,512
9,index_cued_first_diffusion_0.3_swap_recovery_ablation_1_0,119,0.6175651831356205,512
9,index_cued_first_diffusion_0.3_swap_recovery_ablation_1_0,121,1.1043808441704086,512
9,index_cued_first_diffusion_0.3_swap_recovery_ablation_1_0,148,1.456016036316053,512
9,index_cued_first_diffusion_0.3_swap_recovery_ablation_1_0,180,1.8238769356078615,512
9,index_cued_first_diffusion_0.3_swap_recovery_ablation_1_0,195,227.99929776808398,512
9,index_cued_first_diffusion_0.3_swap_recovery_ablation_1_0,205,0.7911013657168562,512
9,index_cued_first_diffusion_0.3_swap_recovery_ablation_1_0,209,0.6055216521243103,512
9,index_cued_first_diffusion_0.3_swap_recovery_ablation_1_0,212,1.2928409446806213,512
9,index_cued_first_diffusion_0.3_swap_recovery_ablation_1_0,217,2.014073196825719,512
9,index_cued_first_diffusion_0.3_swap_recovery_ablation_1_0,226,1.1798382124437619,512
9,index_cued_first_diffusion_0.3_swap_recovery_ablation_1_0,238,0.4487273788853853,512
9,index_cued_first_diffusion_0.3_swap_recovery_ablation_1_0,277,0.973309934180056,512
9,index_cued_first_diffusion_0.3_swap_recovery_ablation_4_0,23,0.668983503297675,512
9,index_cued_first_diffusion_0.3_swap_recovery_ablation_4_0,24,0.5623438783309174,512
9,index_cued_first_diffusion_0.3_swap_recovery_ablation_4_0,26,0.9136929408159566,512
9,index_cued_first_diffusion_0.3_swap_recovery_ablation_4_0,56,1.7655920598060022,512
9,index_cued_first_diffusion_0.3_swap_recovery_ablation_4_0,119,0.7476267999906845,512
9,index_cued_first_diffusion_0.3_swap_recovery_ablation_4_0,121,0.883882415675855,512
9,index_cued_first_diffusion_0.3_swap_recovery_ablation_4_0,148,1.3746886776768212,512
9,index_cued_first_diffusion_0.3_swap_recovery_ablation_4_0,180,0.2811044514803914,512
9,index_cued_first_diffusion_0.3_swap_recovery_ablation_4_0,195,228.45061742085778,512
9,index_cued_first_diffusion_0.3_swap_recovery_ablation_4_0,205,0.9721975146313444,512
9,index_cued_first_diffusion_0.3_swap_recovery_ablation_4_0,209,1.0342120144650075,512
9,index_cued_first_diffusion_0.3_swap_recovery_ablation_4_0,212,2.005717660885921,512
9,index_cued_first_diffusion_0.3_swap_recovery_ablation_4_0,217,1.885690496396498,512
9,index_cued_first_diffusion_0.3_swap_recovery_ablation_4_0,226,0.6929832406795802,512
9,index_cued_first_diffusion_0.3_swap_recovery_ablation_4_0,238,1.0194906692163688,512
9,index_cued_first_diffusion_0.3_swap_recovery_ablation_4_0,277,0.8044036626449862,512
9,index_cued_first_diffusion_0.3_swap_recovery_ablation_5_0,23,0.650052146825471,512
9,index_cued_first_diffusion_0.3_swap_recovery_ablation_5_0,24,0.6945237311540551,512
9,index_cued_first_diffusion_0.3_swap_recovery_ablation_5_0,26,0.21192919309383065,512
9,index_cued_first_diffusion_0.3_swap_recovery_ablation_5_0,56,1.1316091579963479,512
9,index_cued_first_diffusion_0.3_swap_recovery_ablation_5_0,119,0.49262371644202335,512
9,index_cued_first_diffusion_0.3_swap_recovery_ablation_5_0,121,0.5369116563845435,512
9,index_cued_first_diffusion_0.3_swap_recovery_ablation_5_0,148,1.8803317700268432,512
9,index_cued_first_diffusion_0.3_swap_recovery_ablation_5_0,180,1.0108601030223032,512
9,index_cued_first_diffusion_0.3_swap_recovery_ablation_5_0,195,228.4065116529814,512
9,index_cued_first_diffusion_0.3_swap_recovery_ablation_5_0,205,1.5968067737131848,512
9,index_cued_first_diffusion_0.3_swap_recovery_ablation_5_0,209,1.0283511907298661,512
9,index_cued_first_diffusion_0.3_swap_recovery_ablation_5_0,212,1.4044082219616345,512
9,index_cued_first_diffusion_0.3_swap_recovery_ablation_5_0,217,1.2246326501779925,512
9,index_cued_first_diffusion_0.3_swap_recovery_ablation_5_0,226,1.0147196510265923,512
9,index_cued_first_diffusion_0.3_swap_recovery_ablation_5_0,238,0.3942050423159675,512
9,index_cued_first_diffusion_0.3_swap_recovery_ablation_5_0,277,0.41696511496629496,512
9,index_cued_first_diffusion_0.3_swap_recovery_ablation_6_0,23,17.056782214379492,512
9,index_cued_first_diffusion_0.3_swap_recovery_ablation_6_0,24,18.350322784812395,512
9,index_cued_first_diffusion_0.3_swap_recovery_ablation_6_0,26,19.278597462072142,512
9,index_cued_first_diffusion_0.3_swap_recovery_ablation_6_0,56,15.53621747054861,512
9,index_cued_first_diffusion_0.3_swap_recovery_ablation_6_0,119,17.817277628432194,512
9,index_cued_first_diffusion_0.3_swap_recovery_ablation_6_0,121,19.394493835622544,512
9,index_cued_first_diffusion_0.3_swap_recovery_ablation_6_0,148,6.972641684188877,512
9,index_cued_first_diffusion_0.3_swap_recovery_ablation_6_0,180,12.323103260409066,512
9,index_cued_first_diffusion_0.3_swap_recovery_ablation_6_0,195,234.32707702244682,512
9,index_cued_first_diffusion_0.3_swap_recovery_ablation_6_0,205,10.25009120367247,512
9,index_cued_first_diffusion_0.3_swap_recovery_ablation_6_0,209,11.352826340341462,512
9,index_cued_first_diffusion_0.3_swap_recovery_ablation_6_0,212,3.462473024302861,512
9,index_cued_first_diffusion_0.3_swap_recovery_ablation_6_0,217,8.023337335067096,512
9,index_cued_first_diffusion_0.3_swap_recovery_ablation_6_0,226,8.690114538422867,512
9,index_cued_first_diffusion_0.3_swap_recovery_ablation_6_0,238,11.454611017104169,512
9,index_cued_first_diffusion_0.3_swap_recovery_ablation_6_0,277,11.884873413954308,512
9,index_cued_first_diffusion_0.3_swap_ablation_7_1,23,0.8521669468854568,512
9,index_cued_first_diffusion_0.3_swap_ablation_7_1,24,2.0197562347369313,512
9,index_cued_first_diffusion_0.3_swap_ablation_7_1,26,1.1276283861019767,512
9,index_cued_first_diffusion_0.3_swap_ablation_7_1,56,0.8852845937230651,512
9,index_cued_first_diffusion_0.3_swap_ablation_7_1,119,0.36809243268861636,512
9,index_cued_first_diffusion_0.3_swap_ablation_7_1,121,0.7695200557638393,512
9,index_cued_first_diffusion_0.3_swap_ablation_7_1,148,1.7352684039332371,512
9,index_cued_first_diffusion_0.3_swap_ablation_7_1,180,1.869330796060644,512
9,index_cued_first_diffusion_0.3_swap_ablation_7_1,195,228.46339801685352,512
9,index_cued_first_diffusion_0.3_swap_ablation_7_1,205,0.8328989646107569,512
9,index_cued_first_diffusion_0.3_swap_ablation_7_1,209,0.8210158508502456,512
9,index_cued_first_diffusion_0.3_swap_ablation_7_1,212,0.8567883261915707,512
9,index_cued_first_diffusion_0.3_swap_ablation_7_1,217,1.3679067985650981,512
9,index_cued_first_diffusion_0.3_swap_ablation_7_1,226,0.6383076426801559,512
9,index_cued_first_diffusion_0.3_swap_ablation_7_1,238,0.6138342627585642,512
9,index_cued_first_diffusion_0.3_swap_ablation_7_1,277,1.1483624240454655,512
10,index_cued_first_diffusion_0.3_swap_recovery_ablation_0_0,23,530.9088888630672,512
10,index_cued_first_diffusion_0.3_swap_recovery_ablation_0_0,24,1.0443129694911837,512
10,index_cued_first_diffusion_0.3_swap_recovery_ablation_0_0,26,1.235746178046432,512
10,index_cued_first_diffusion_0.3_swap_recovery_ablation_0_0,56,2.8417516226207447,512
10,index_cued_first_diffusion_0.3_swap_recovery_ablation_0_0,119,1.3610099789503594,512
10,index_cued_first_diffusion_0.3_swap_recovery_ablation_0_0,121,1.857345615504856,512
10,index_cued_first_diffusion_0.3_swap_recovery_ablation_0_0,148,1.0141562542926525,512
10,index_cued_first_diffusion_0.3_swap_recovery_ablation_0_0,180,0.5283870957411609,512
10,index_cued_first_diffusion_0.3_swap_recovery_ablation_0_0,195,0.9359601511143083,512
10,index_cued_first_diffusion_0.3_swap_recovery_ablation_0_0,205,1.325115752289276,512
10,index_cued_first_diffusion_0.3_swap_recovery_ablation_0_0,209,1.8667138810960742,512
10,index_cued_first_diffusion_0.3_swap_recovery_ablation_0_0,212,2.240680216625325,512
10,index_cued_first_diffusion_0.3_swap_recovery_ablation_0_0,217,2.0185278079129882,512
10,index_cued_first_diffusion_0.3_swap_recovery_ablation_0_0,226,2.1054781824677136,512
10,index_cued_first_diffusion_0.3_swap_recovery_ablation_0_0,238,1.571880925961881,512
10,index_cued_first_diffusion_0.3_swap_recovery_ablation_0_0,277,0.5655724308468166,512
10,index_cued_first_diffusion_0.3_swap_recovery_ablation_1_0,23,531.0926695166286,512
10,index_cued_first_diffusion_0.3_swap_recovery_ablation_1_0,24,0.4781495864574906,512
10,index_cued_first_diffusion_0.3_swap_recovery_ablation_1_0,26,0.5113942735416008,512
10,index_cued_first_diffusion_0.3_swap_recovery_ablation_1_0,56,1.072674147559097,512
10,index_cued_first_diffusion_0.3_swap_recovery_ablation_1_0,119,1.241889954099181,512
10,index_cued_first_diffusion_0.3_swap_recovery_ablation_1_0,121,0.6501645526378919,512
10,index_cued_first_diffusion_0.3_swap_recovery_ablation_1_0,148,0.7321643854870089,512
10,index_cued_first_diffusion_0.3_swap_recovery_ablation_1_0,180,1.4557574606867514,512
10,index_cued_first_diffusion_0.3_swap_recovery_ablation_1_0,195,1.2367183003586704,512
10,index_cued_first_diffusion_0.3_swap_recovery_ablation_1_0,205,0.7101077492280832,512
10,index_cued_first_diffusion_0.3_swap_recovery_ablation_1_0,209,1.877510785494995,512
10,index_cued_first_diffusion_0.3_swap_recovery_ablation_1_0,212,1.7900864619083041,512
10,index_cued_first_diffusion_0.3_swap_recovery_ablation_1_0,217,1.1496007504498975,512
10,index_cued_first_diffusion_0.3_swap_recovery_ablation_1_0,226,1.5498447620772797,512
10,index_cued_first_diffusion_0.3_swap_recovery_ablation_1_0,238,1.3220471994379963,512
10,index_cued_first_diffusion_0.3_swap_recovery_ablation_1_0,277,0.6356319588495086,512
10,index_cued_first_diffusion_0.3_swap_recovery_ablation_4_0,23,531.5005115521034,512
10,index_cued_first_diffusion_0.3_swap_recovery_ablation_4_0,24,0.90072440127287,512
10,index_cued_first_diffusion_0.3_swap_recovery_ablation_4_0,26,0.8973056314650287,512
10,index_cued_first_diffusion_0.3_swap_recovery_ablation_4_0,56,1.975570268237952,512
10,index_cued_first_diffusion_0.3_swap_recovery_ablation_4_0,119,1.0470707141084001,512
10,index_cued_first_diffusion_0.3_swap_recovery_ablation_4_0,121,0.9722105194169162,512
10,index_cued_first_diffusion_0.3_swap_recovery_ablation_4_0,148,0.7379416956891867,512
10,index_cued_first_diffusion_0.3_swap_recovery_ablation_4_0,180,0.2667293084927674,512
10,index_cued_first_diffusion_0.3_swap_recovery_ablation_4_0,195,1.2333500050953226,512
10,index_cued_first_diffusion_0.3_swap_recovery_ablation_4_0,205,1.4444954148178786,512
10,index_cued_first_diffusion_0.3_swap_recovery_ablation_4_0,209,1.7912066474589845,512
10,index_cued_first_diffusion_0.3_swap_recovery_ablation_4_0,212,1.8951499983549347,512
10,index_cued_first_diffusion_0.3_swap_recovery_ablation_4_0,217,1.7899520853103754,512
10,index_cued_first_diffusion_0.3_swap_recovery_ablation_4_0,226,1.4350627941787968,512
10,index_cued_first_diffusion_0.3_swap_recovery_ablation_4_0,238,1.701600994793755,512
10,index_cued_first_diffusion_0.3_swap_recovery_ablation_4_0,277,0.8832088065180299,512
10,index_cued_first_diffusion_0.3_swap_recovery_ablation_5_0,23,530.7921753817933,512
10,index_cued_first_diffusion_0.3_swap_recovery_ablation_5_0,24,0.5011779169875225,512
10,index_cued_first_diffusion_0.3_swap_recovery_ablation_5_0,26,0.33919400380920595,512
10,index_cued_first_diffusion_0.3_swap_recovery_ablation_5_0,56,1.2952784386477716,512
10,index_cued_first_diffusion_0.3_swap_recovery_ablation_5_0,119,1.3989031588481238,512
10,index_cued_first_diffusion_0.3_swap_recovery_ablation_5_0,121,1.5356089556992707,512
10,index_cued_first_diffusion_0.3_swap_recovery_ablation_5_0,148,1.314466314485355,512
10,index_cued_first_diffusion_0.3_swap_recovery_ablation_5_0,180,0.8961634325219306,512
10,index_cued_first_diffusion_0.3_swap_recovery_ablation_5_0,195,0.8805112903675645,512
10,index_cued_first_diffusion_0.3_swap_recovery_ablation_5_0,205,2.296853297671832,512
10,index_cued_first_diffusion_0.3_swap_recovery_ablation_5_0,209,1.7811800151309427,512
10,index_cued_first_diffusion_0.3_swap_recovery_ablation_5_0,212,1.8030567923582688,512
10,index_cued_first_diffusion_0.3_swap_recovery_ablation_5_0,217,1.8485780363815678,512
10,index_cued_first_diffusion_0.3_swap_recovery_ablation_5_0,226,1.9232131633631222,512
10,index_cued_first_diffusion_0.3_swap_recovery_ablation_5_0,238,1.4704402594678117,512
10,index_cued_first_diffusion_0.3_swap_recovery_ablation_5_0,277,0.5915295251545906,512
10,index_cued_first_diffusion_0.3_swap_recovery_ablation_6_0,23,548.1539033263023,512
10,index_cued_first_diffusion_0.3_swap_recovery_ablation_6_0,24,19.63369225344421,512
10,index_cued_first_diffusion_0.3_swap_recovery_ablation_6_0,26,18.0660502987474,512
10,index_cued_first_diffusion_0.3_swap_recovery_ablation_6_0,56,15.905175646917973,512
10,index_cued_first_diffusion_0.3_swap_recovery_ablation_6_0,119,19.04405288018327,512
10,index_cued_first_diffusion_0.3_swap_recovery_ablation_6_0,121,19.941338076750533,512
10,index_cued_first_diffusion_0.3_swap_recovery_ablation_6_0,148,5.861900549253638,512
10,index_cued_first_diffusion_0.3_swap_recovery_ablation_6_0,180,12.797383920606508,512
10,index_cued_first_diffusion_0.3_swap_recovery_ablation_6_0,195,10.495977726062376,512
10,index_cued_first_diffusion_0.3_swap_recovery_ablation_6_0,205,10.670656410944886,512
10,index_cued_first_diffusion_0.3_swap_recovery_ablation_6_0,209,13.663256196423497,512
10,index_cued_first_diffusion_0.3_swap_recovery_ablation_6_0,212,4.2223162444765885,512
10,index_cued_first_diffusion_0.3_swap_recovery_ablation_6_0,217,10.462605884948545,512
10,index_cued_first_diffusion_0.3_swap_recovery_ablation_6_0,226,9.177240045342803,512
10,index_cued_first_diffusion_0.3_swap_recovery_ablation_6_0,238,10.121334229298906,512
10,index_cued_first_diffusion_0.3_swap_recovery_ablation_6_0,277,13.101486923765066,512
10,index_cued_first_diffusion_0.3_swap_ablation_7_1,23,531.641571444186,512
10,index_cued_first_diffusion_0.3_swap_ablation_7_1,24,1.5375567545861668,512
10,index_cued_first_diffusion_0.3_swap_ablation_7_1,26,1.3127213393757358,512
10,index_cued_first_diffusion_0.3_swap_ablation_7_1,56,1.0999362208017263,512
10,index_cued_first_diffusion_0.3_swap_ablation_7_1,119,1.7481303213874075,512
10,index_cued_first_diffusion_0.3_swap_ablation_7_1,121,1.3046874460575237,512
10,index_cued_first_diffusion_0.3_swap_ablation_7_1,148,0.987494908430319,512
10,index_cued_first_diffusion_0.3_swap_ablation_7_1,180,1.6053117842838134,512
10,index_cued_first_diffusion_0.3_swap_ablation_7_1,195,1.6250292487405353,512
10,index_cued_first_diffusion_0.3_swap_ablation_7_1,205,1.9051030640941606,512
10,index_cued_first_diffusion_0.3_swap_ablation_7_1,209,1.1404215070458688,512
10,index_cued_first_diffusion_0.3_swap_ablation_7_1,212,1.610406191360536,512
10,index_cued_first_diffusion_0.3_swap_ablation_7_1,217,2.2040000004884135,512
10,index_cued_first_diffusion_0.3_swap_ablation_7_1,226,2.0259239760531607,512
10,index_cued_first_diffusion_0.3_swap_ablation_7_1,238,1.416380894460775,512
10,index_cued_first_diffusion_0.3_swap_ablation_7_1,277,1.3448999652046023,512
11,index_cued_first_diffusion_0.3_swap_recovery_ablation_0_0,23,104880.55045502674,512
11,index_cued_first_diffusion_0.3_swap_recovery_ablation_0_0,24,142394.48964003555,512
11,index_cued_first_diffusion_0.3_swap_recovery_ablation_0_0,26,340037.5387668038,512
11,index_cued_first_diffusion_0.3_swap_recovery_ablation_0_0,56,25193.657130852927,512
11,index_cued_first_diffusion_0.3_swap_recovery_ablation_0_0,119,2044816.9675885695,512
11,index_cued_first_diffusion_0.3_swap_recovery_ablation_0_0,121,797206.4091479544,512
11,index_cued_first_diffusion_0.3_swap_recovery_ablation_0_0,148,1.7819067381280616,512
11,index_cued_first_diffusion_0.3_swap_recovery_ablation_0_0,180,0.3892599762004709,512
11,index_cued_first_diffusion_0.3_swap_recovery_ablation_0_0,195,1.69262499348809,512
11,index_cued_first_diffusion_0.3_swap_recovery_ablation_0_0,205,2.219204602648799,512
11,index_cued_first_diffusion_0.3_swap_recovery_ablation_0_0,209,1.284445135117416,512
11,index_cued_first_diffusion_0.3_swap_recovery_ablation_0_0,212,1.1432338969917475,512
11,index_cued_first_diffusion_0.3_swap_recovery_ablation_0_0,217,2.775992634394602,512
11,index_cued_first_diffusion_0.3_swap_recovery_ablation_0_0,226,0.7107735261960371,512
11,index_cued_first_diffusion_0.3_swap_recovery_ablation_0_0,238,1.9449948774871206,512
11,index_cued_first_diffusion_0.3_swap_recovery_ablation_0_0,277,1.0222222190913657,512
11,index_cued_first_diffusion_0.3_swap_recovery_ablation_1_0,23,104880.81113189194,512
11,index_cued_first_diffusion_0.3_swap_recovery_ablation_1_0,24,142394.62193090937,512
11,index_cued_first_diffusion_0.3_swap_recovery_ablation_1_0,26,340038.48813530063,512
11,index_cued_first_diffusion_0.3_swap_recovery_ablation_1_0,56,25193.551257053412,512
11,index_cued_first_diffusion_0.3_swap_recovery_ablation_1_0,119,2044817.1506038418,512
11,index_cued_first_diffusion_0.3_swap_recovery_ablation_1_0,121,797206.882082646,512
11,index_cued_first_diffusion_0.3_swap_recovery_ablation_1_0,148,2.69633588931043,512
11,index_cued_first_diffusion_0.3_swap_recovery_ablation_1_0,180,1.8191945981698423,512
11,index_cued_first_diffusion_0.3_swap_recovery_ablation_1_0,195,1.9678628788090538,512
11,index_cued_first_diffusion_0.3_swap_recovery_ablation_1_0,205,1.6539158813169357,512
11,index_cued_first_diffusion_0.3_swap_recovery_ablation_1_0,209,1.2357639493122783,512
11,index_cued_first_diffusion_0.3_swap_recovery_ablation_1_0,212,1.2507604138771256,512
11,index_cued_first_diffusion_0.3_swap_recovery_ablation_1_0,217,2.061636056577655,512
11,index_cued_first_diffusion_0.3_swap_recovery_ablation_1_0,226,2.2009405778449787,512
11,index_cued_first_diffusion_0.3_swap_recovery_ablation_1_0,238,1.0588538187001042,512
11,index_cued_first_diffusion_0.3_swap_recovery_ablation_1_0,277,1.5085844245445186,512
11,index_cued_first_diffusion_0.3_swap_recovery_ablation_4_0,23,104880.19560116454,512
11,index_cued_first_diffusion_0.3_swap_recovery_ablation_4_0,24,142394.3903508954,512
11,index_cued_first_diffusion_0.3_swap_recovery_ablation_4_0,26,340037.42518606957,512
11,index_cued_first_diffusion_0.3_swap_recovery_ablation_4_0,56,25193.432347727372,512
11,index_cued_first_diffusion_0.3_swap_recovery_ablation_4_0,119,2044817.1558407883,512
11,index_cued_first_diffusion_0.3_swap_recovery_ablation_4_0,121,797205.9869359687,512
11,index_cued_first_diffusion_0.3_swap_recovery_ablation_4_0,148,2.325199831035124,512
11,index_cued_first_diffusion_0.3_swap_recovery_ablation_4_0,180,0.4274094496626283,512
11,index_cued_first_diffusion_0.3_swap_recovery_ablation_4_0,195,1.4689277934611389,512
11,index_cued_first_diffusion_0.3_swap_recovery_ablation_4_0,205,1.5307103908930348,512
11,index_cued_first_diffusion_0.3_swap_recovery_ablation_4_0,209,0.9678206870742534,512
11,index_cued_first_diffusion_0.3_swap_recovery_ablation_4_0,212,1.455047013772802,512
11,index_cued_first_diffusion_0.3_swap_recovery_ablation_4_0,217,1.7259820011439617,512
11,index_cued_first_diffusion_0.3_swap_recovery_ablation_4_0,226,1.479626137803085,512
11,index_cued_first_diffusion_0.3_swap_recovery_ablation_4_0,238,0.40233833089117715,512
11,index_cued_first_diffusion_0.3_swap_recovery_ablation_4_0,277,0.3589894475999138,512
11,index_cued_first_diffusion_0.3_swap_recovery_ablation_5_0,23,104880.44552534157,512
11,index_cued_first_diffusion_0.3_swap_recovery_ablation_5_0,24,142394.41862472714,512
11,index_cued_first_diffusion_0.3_swap_recovery_ablation_5_0,26,340038.26083830843,512
11,index_cued_first_diffusion_0.3_swap_recovery_ablation_5_0,56,25193.581831498086,512
11,index_cued_first_diffusion_0.3_swap_recovery_ablation_5_0,119,2044816.9869343447,512
11,index_cued_first_diffusion_0.3_swap_recovery_ablation_5_0,121,797206.2838829099,512
11,index_cued_first_diffusion_0.3_swap_recovery_ablation_5_0,148,2.621852765178356,512
11,index_cued_first_diffusion_0.3_swap_recovery_ablation_5_0,180,0.9943854696481014,512
11,index_cued_first_diffusion_0.3_swap_recovery_ablation_5_0,195,1.0996717799347488,512
11,index_cued_first_diffusion_0.3_swap_recovery_ablation_5_0,205,2.8206595212834014,512
11,index_cued_first_diffusion_0.3_swap_recovery_ablation_5_0,209,1.157038123674504,512
11,index_cued_first_diffusion_0.3_swap_recovery_ablation_5_0,212,1.1276940943956175,512
11,index_cued_first_diffusion_0.3_swap_recovery_ablation_5_0,217,2.5341968746539583,512
11,index_cued_first_diffusion_0.3_swap_recovery_ablation_5_0,226,1.8241973773724438,512
11,index_cued_first_diffusion_0.3_swap_recovery_ablation_5_0,238,1.2189106838870383,512
11,index_cued_first_diffusion_0.3_swap_recovery_ablation_5_0,277,1.0274227182639244,512
11,index_cued_first_diffusion_0.3_swap_recovery_ablation_6_0,23,104896.99363813721,512
11,index_cued_first_diffusion_0.3_swap_recovery_ablation_6_0,24,142403.97616369312,512
11,index_cued_first_diffusion_0.3_swap_recovery_ablation_6_0,26,340042.81702485326,512
11,index_cued_first_diffusion_0.3_swap_recovery_ablation_6_0,56,25199.592843376,512
11,index_cued_first_diffusion_0.3_swap_recovery_ablation_6_0,119,2044817.122139204,512
11,index_cued_first_diffusion_0.3_swap_recovery_ablation_6_0,121,797217.8609629092,512
11,index_cued_first_diffusion_0.3_swap_recovery_ablation_6_0,148,7.361752809279693,512
11,index_cued_first_diffusion_0.3_swap_recovery_ablation_6_0,180,12.844819874759217,512
11,index_cued_first_diffusion_0.3_swap_recovery_ablation_6_0,195,10.10037762431611,512
11,index_cued_first_diffusion_0.3_swap_recovery_ablation_6_0,205,12.158203038132122,512
11,index_cued_first_diffusion_0.3_swap_recovery_ablation_6_0,209,14.247691294643007,512
11,index_cued_first_diffusion_0.3_swap_recovery_ablation_6_0,212,3.502286520803157,512
11,index_cued_first_diffusion_0.3_swap_recovery_ablation_6_0,217,11.543716883029228,512
11,index_cued_first_diffusion_0.3_swap_recovery_ablation_6_0,226,9.03335995114001,512
11,index_cued_first_diffusion_0.3_swap_recovery_ablation_6_0,238,11.71072574260884,512
11,index_cued_first_diffusion_0.3_swap_recovery_ablation_6_0,277,12.094686016692783,512
11,index_cued_first_diffusion_0.3_swap_ablation_7_1,23,104880.46613507616,512
11,index_cued_first_diffusion_0.3_swap_ablation_7_1,24,142394.8739184395,512
11,index_cued_first_diffusion_0.3_swap_ablation_7_1,26,340038.4972153158,512
11,index_cued_first_diffusion_0.3_swap_ablation_7_1,56,25193.874146750168,512
11,index_cued_first_diffusion_0.3_swap_ablation_7_1,119,2044816.8228081574,512
11,index_cued_first_diffusion_0.3_swap_ablation_7_1,121,797206.4029763124,512
11,index_cued_first_diffusion_0.3_swap_ablation_7_1,148,2.8850458440185855,512
11,index_cued_first_diffusion_0.3_swap_ablation_7_1,180,1.8622097605343835,512
11,index_cued_first_diffusion_0.3_swap_ablation_7_1,195,2.2926383245193804,512
11,index_cued_first_diffusion_0.3_swap_ablation_7_1,205,2.350003064326409,512
11,index_cued_first_diffusion_0.3_swap_ablation_7_1,209,1.3847720102731667,512
11,index_cued_first_diffusion_0.3_swap_ablation_7_1,212,1.458541773311131,512
11,index_cued_first_diffusion_0.3_swap_ablation_7_1,217,2.6489124243651982,512
11,index_cued_first_diffusion_0.3_swap_ablation_7_1,226,1.037833351049739,512
11,index_cued_first_diffusion_0.3_swap_ablation_7_1,238,1.4491007992198743,512
11,index_cued_first_diffusion_0.3_swap_ablation_7_1,277,1.3415990061737357,512
12,index_cued_first_diffusion_0.3_swap_recovery_ablation_0_0,23,2.4703614572928165,512
12,index_cued_first_diffusion_0.3_swap_recovery_ablation_0_0,24,2.532711760178116,512
12,index_cued_first_diffusion_0.3_swap_recovery_ablation_0_0,26,1.5110955581074554,512
12,index_cued_first_diffusion_0.3_swap_recovery_ablation_0_0,56,0.6497597296493673,512
12,index_cued_first_diffusion_0.3_swap_recovery_ablation_0_0,119,0.47119379882510304,512
12,index_cued_first_diffusion_0.3_swap_recovery_ablation_0_0,121,2.172691320109636,512
12,index_cued_first_diffusion_0.3_swap_recovery_ablation_0_0,148,1.7013196965452857,512
12,index_cued_first_diffusion_0.3_swap_recovery_ablation_0_0,180,2.07900280918297,512
12,index_cued_first_diffusion_0.3_swap_recovery_ablation_0_0,195,3.108873440423981,512
12,index_cued_first_diffusion_0.3_swap_recovery_ablation_0_0,205,2.502939308166704,512
12,index_cued_first_diffusion_0.3_swap_recovery_ablation_0_0,209,2.0561762145913463,512
12,index_cued_first_diffusion_0.3_swap_recovery_ablation_0_0,212,0.7407778551369697,512
12,index_cued_first_diffusion_0.3_swap_recovery_ablation_0_0,217,2.2161439275793318,512
12,index_cued_first_diffusion_0.3_swap_recovery_ablation_0_0,226,0.6001958159085014,512
12,index_cued_first_diffusion_0.3_swap_recovery_ablation_0_0,238,1.1663453987738226,512
12,index_cued_first_diffusion_0.3_swap_recovery_ablation_0_0,277,2.6032129453606943,512
12,index_cued_first_diffusion_0.3_swap_recovery_ablation_1_0,23,2.6200501999728543,512
12,index_cued_first_diffusion_0.3_swap_recovery_ablation_1_0,24,1.74577194121105,512
12,index_cued_first_diffusion_0.3_swap_recovery_ablation_1_0,26,2.5686823263491663,512
12,index_cued_first_diffusion_0.3_swap_recovery_ablation_1_0,56,2.078187146105547,512
12,index_cued_first_diffusion_0.3_swap_recovery_ablation_1_0,119,0.7780521097654646,512
12,index_cued_first_diffusion_0.3_swap_recovery_ablation_1_0,121,2.1886552364083753,512
12,index_cued_first_diffusion_0.3_swap_recovery_ablation_1_0,148,2.2030462635184165,512
12,index_cued_first_diffusion_0.3_swap_recovery_ablation_1_0,180,1.6371137836556562,512
12,index_cued_first_diffusion_0.3_swap_recovery_ablation_1_0,195,3.091259974885966,512
12,index_cued_first_diffusion_0.3_swap_recovery_ablation_1_0,205,2.3836835441859217,512
12,index_cued_first_diffusion_0.3_swap_recovery_ablation_1_0,209,1.9625158801578875,512
12,index_cued_first_diffusion_0.3_swap_recovery_ablation_1_0,212,1.3089124387801703,512
12,index_cued_first_diffusion_0.3_swap_recovery_ablation_1_0,217,2.2788381105460855,512
12,index_cued_first_diffusion_0.3_swap_recovery_ablation_1_0,226,1.752724905057184,512
12,index_cued_first_diffusion_0.3_swap_recovery_ablation_1_0,238,1.055786879658704,512
12,index_cued_first_diffusion_0.3_swap_recovery_ablation_1_0,277,2.308480355672736,512
12,index_cued_first_diffusion_0.3_swap_recovery_ablation_4_0,23,2.440624408310169,512
12,index_cued_first_diffusion_0.3_swap_recovery_ablation_4_0,24,2.360102382368433,512
12,index_cued_first_diffusion_0.3_swap_recovery_ablation_4_0,26,1.558843518146431,512
12,index_cued_first_diffusion_0.3_swap_recovery_ablation_4_0,56,1.6488033371271151,512
12,index_cued_first_diffusion_0.3_swap_recovery_ablation_4_0,119,0.9156295515549893,512
12,index_cued_first_diffusion_0.3_swap_recovery_ablation_4_0,121,2.5233710539702314,512
12,index_cued_first_diffusion_0.3_swap_recovery_ablation_4_0,148,1.5904638682846974,512
12,index_cued_first_diffusion_0.3_swap_recovery_ablation_4_0,180,1.9364926883119478,512
12,index_cued_first_diffusion_0.3_swap_recovery_ablation_4_0,195,2.27341547979586,512
12,index_cued_first_diffusion_0.3_swap_recovery_ablation_4_0,205,1.3424854212375246,512
12,index_cued_first_diffusion_0.3_swap_recovery_ablation_4_0,209,1.4185166348610037,512
12,index_cued_first_diffusion_0.3_swap_recovery_ablation_4_0,212,1.6459458818350985,512
12,index_cued_first_diffusion_0.3_swap_recovery_ablation_4_0,217,0.8060410245441614,512
12,index_cued_first_diffusion_0.3_swap_recovery_ablation_4_0,226,1.6654300003966869,512
12,index_cued_first_diffusion_0.3_swap_recovery_ablation_4_0,238,0.9364516808394137,512
12,index_cued_first_diffusion_0.3_swap_recovery_ablation_4_0,277,2.9171754681885567,512
12,index_cued_first_diffusion_0.3_swap_recovery_ablation_5_0,23,2.255755702590558,512
12,index_cued_first_diffusion_0.3_swap_recovery_ablation_5_0,24,1.9013571906371884,512
12,index_cued_first_diffusion_0.3_swap_recovery_ablation_5_0,26,2.29286728541031,512
12,index_cued_first_diffusion_0.3_swap_recovery_ablation_5_0,56,2.006741418605819,512
12,index_cued_first_diffusion_0.3_swap_recovery_ablation_5_0,119,0.6074479267696239,512
12,index_cued_first_diffusion_0.3_swap_recovery_ablation_5_0,121,2.1932703475063633,512
12,index_cued_first_diffusion_0.3_swap_recovery_ablation_5_0,148,1.5537843741031558,512
12,index_cued_first_diffusion_0.3_swap_recovery_ablation_5_0,180,1.5828456631171077,512
12,index_cued_first_diffusion_0.3_swap_recovery_ablation_5_0,195,2.5340585657818284,512
12,index_cued_first_diffusion_0.3_swap_recovery_ablation_5_0,205,2.012902204454825,512
12,index_cued_first_diffusion_0.3_swap_recovery_ablation_5_0,209,1.822963171754449,512
12,index_cued_first_diffusion_0.3_swap_recovery_ablation_5_0,212,1.1009021106980976,512
12,index_cued_first_diffusion_0.3_swap_recovery_ablation_5_0,217,1.8208684461415245,512
12,index_cued_first_diffusion_0.3_swap_recovery_ablation_5_0,226,0.9935931408628598,512
12,index_cued_first_diffusion_0.3_swap_recovery_ablation_5_0,238,0.7226640495135547,512
12,index_cued_first_diffusion_0.3_swap_recovery_ablation_5_0,277,2.494415582513985,512
12,index_cued_first_diffusion_0.3_swap_recovery_ablation_6_0,23,15.496670364482577,512
12,index_cued_first_diffusion_0.3_swap_recovery_ablation_6_0,24,16.47738614644214,512
12,index_cued_first_diffusion_0.3_swap_recovery_ablation_6_0,26,18.374083986695556,512
12,index_cued_first_diffusion_0.3_swap_recovery_ablation_6_0,56,16.120374519970117,512
12,index_cued_first_diffusion_0.3_swap_recovery_ablation_6_0,119,16.241896393367345,512
12,index_cued_first_diffusion_0.3_swap_recovery_ablation_6_0,121,16.919656737310895,512
12,index_cued_first_diffusion_0.3_swap_recovery_ablation_6_0,148,5.750448279433279,512
12,index_cued_first_diffusion_0.3_swap_recovery_ablation_6_0,180,9.91541604747189,512
12,index_cued_first_diffusion_0.3_swap_recovery_ablation_6_0,195,10.397345494236278,512
12,index_cued_first_diffusion_0.3_swap_recovery_ablation_6_0,205,11.47560062988809,512
12,index_cued_first_diffusion_0.3_swap_recovery_ablation_6_0,209,14.02907964338759,512
12,index_cued_first_diffusion_0.3_swap_recovery_ablation_6_0,212,3.6213921154037902,512
12,index_cued_first_diffusion_0.3_swap_recovery_ablation_6_0,217,8.786170120190683,512
12,index_cued_first_diffusion_0.3_swap_recovery_ablation_6_0,226,8.439002265923042,512
12,index_cued_first_diffusion_0.3_swap_recovery_ablation_6_0,238,10.108476848339944,512
12,index_cued_first_diffusion_0.3_swap_recovery_ablation_6_0,277,10.026540911684831,512
12,index_cued_first_diffusion_0.3_swap_ablation_7_1,23,2.0244134432593346,512
12,index_cued_first_diffusion_0.3_swap_ablation_7_1,24,0.9851531219587941,512
12,index_cued_first_diffusion_0.3_swap_ablation_7_1,26,2.597421119276162,512
12,index_cued_first_diffusion_0.3_swap_ablation_7_1,56,2.315611013502036,512
12,index_cued_first_diffusion_0.3_swap_ablation_7_1,119,0.20051016962102175,512
12,index_cued_first_diffusion_0.3_swap_ablation_7_1,121,1.8855807471270722,512
12,index_cued_first_diffusion_0.3_swap_ablation_7_1,148,2.189211620719202,512
12,index_cued_first_diffusion_0.3_swap_ablation_7_1,180,1.1215847722653123,512
12,index_cued_first_diffusion_0.3_swap_ablation_7_1,195,3.1442104963874775,512
12,index_cued_first_diffusion_0.3_swap_ablation_7_1,205,2.1367740266575987,512
12,index_cued_first_diffusion_0.3_swap_ablation_7_1,209,2.6587495595047157,512
12,index_cued_first_diffusion_0.3_swap_ablation_7_1,212,1.9167086152730854,512
12,index_cued_first_diffusion_0.3_swap_ablation_7_1,217,2.0546433578860275,512
12,index_cued_first_diffusion_0.3_swap_ablation_7_1,226,0.5792622097045664,512
12,index_cued_first_diffusion_0.3_swap_ablation_7_1,238,0.7417962931143043,512
12,index_cued_first_diffusion_0.3_swap_ablation_7_1,277,2.09357222471541,512
13,index_cued_first_diffusion_0.3_swap_recovery_ablation_0_0,23,0.5946503653363411,512
13,index_cued_first_diffusion_0.3_swap_recovery_ablation_0_0,24,1.3006199027084309,512
13,index_cued_first_diffusion_0.3_swap_recovery_ablation_0_0,26,1.187001675671301,512
13,index_cued_first_diffusion_0.3_swap_recovery_ablation_0_0,56,1.6469152386974684,512
13,index_cued_first_diffusion_0.3_swap_recovery_ablation_0_0,119,0.24988359991093484,512
13,index_cued_first_diffusion_0.3_swap_recovery_ablation_0_0,121,0.9684220959260407,512
13,index_cued_first_diffusion_0.3_swap_recovery_ablation_0_0,148,0.9851345571134729,512
13,index_cued_first_diffusion_0.3_swap_recovery_ablation_0_0,180,1.2469339841779943,512
13,index_cued_first_diffusion_0.3_swap_recovery_ablation_0_0,195,0.23649286006421294,512
13,index_cued_first_diffusion_0.3_swap_recovery_ablation_0_0,205,1.3008988185681116,512
13,index_cued_first_diffusion_0.3_swap_recovery_ablation_0_0,209,1.7478343078094094,512
13,index_cued_first_diffusion_0.3_swap_recovery_ablation_0_0,212,1.271394890732449,512
13,index_cued_first_diffusion_0.3_swap_recovery_ablation_0_0,217,1.0405917445517923,512
13,index_cued_first_diffusion_0.3_swap_recovery_ablation_0_0,226,0.9986259725876961,512
13,index_cued_first_diffusion_0.3_swap_recovery_ablation_0_0,238,0.9865356164114392,512
13,index_cued_first_diffusion_0.3_swap_recovery_ablation_0_0,277,0.791856299314334,512
13,index_cued_first_diffusion_0.3_swap_recovery_ablation_1_0,23,0.5503212921224023,512
13,index_cued_first_diffusion_0.3_swap_recovery_ablation_1_0,24,0.30628462462020706,512
13,index_cued_first_diffusion_0.3_swap_recovery_ablation_1_0,26,0.4298080892638797,512
13,index_cued_first_diffusion_0.3_swap_recovery_ablation_1_0,56,1.0270765835619589,512
13,index_cued_first_diffusion_0.3_swap_recovery_ablation_1_0,119,0.6645554151675679,512
13,index_cued_first_diffusion_0.3_swap_recovery_ablation_1_0,121,1.205775610125551,512
13,index_cued_first_diffusion_0.3_swap_recovery_ablation_1_0,148,1.6366466985414694,512
13,index_cued_first_diffusion_0.3_swap_recovery_ablation_1_0,180,0.7812063448718055,512
13,index_cued_first_diffusion_0.3_swap_recovery_ablation_1_0,195,0.6975876695960335,512
13,index_cued_first_diffusion_0.3_swap_recovery_ablation_1_0,205,0.5988497889857513,512
13,index_cued_first_diffusion_0.3_swap_recovery_ablation_1_0,209,1.717656425480752,512
13,index_cued_first_diffusion_0.3_swap_recovery_ablation_1_0,212,0.5764142454691747,512
13,index_cued_first_diffusion_0.3_swap_recovery_ablation_1_0,217,0.36847059791517767,512
13,index_cued_first_diffusion_0.3_swap_recovery_ablation_1_0,226,0.9402540245197862,512
13,index_cued_first_diffusion_0.3_swap_recovery_ablation_1_0,238,0.6205800956878592,512
13,index_cued_first_diffusion_0.3_swap_recovery_ablation_1_0,277,0.6500257758211807,512
13,index_cued_first_diffusion_0.3_swap_recovery_ablation_4_0,23,1.1972294666376015,512
13,index_cued_first_diffusion_0.3_swap_recovery_ablation_4_0,24,1.1541935607799458,512
13,index_cued_first_diffusion_0.3_swap_recovery_ablation_4_0,26,0.9411114223746719,512
13,index_cued_first_diffusion_0.3_swap_recovery_ablation_4_0,56,0.8411021895677278,512
13,index_cued_first_diffusion_0.3_swap_recovery_ablation_4_0,119,0.6293262959954038,512
13,index_cued_first_diffusion_0.3_swap_recovery_ablation_4_0,121,1.1204500519496587,512
13,index_cued_first_diffusion_0.3_swap_recovery_ablation_4_0,148,1.3251126618784363,512
13,index_cued_first_diffusion_0.3_swap_recovery_ablation_4_0,180,0.9547927585540222,512
13,index_cued_first_diffusion_0.3_swap_recovery_ablation_4_0,195,1.2389818669359831,512
13,index_cued_first_diffusion_0.3_swap_recovery_ablation_4_0,205,1.4695657381969007,512
13,index_cued_first_diffusion_0.3_swap_recovery_ablation_4_0,209,1.791640250084808,512
13,index_cued_first_diffusion_0.3_swap_recovery_ablation_4_0,212,1.138134582609741,512
13,index_cued_first_diffusion_0.3_swap_recovery_ablation_4_0,217,1.5804424527203071,512
13,index_cued_first_diffusion_0.3_swap_recovery_ablation_4_0,226,0.6568065501181983,512
13,index_cued_first_diffusion_0.3_swap_recovery_ablation_4_0,238,1.2501018123347376,512
13,index_cued_first_diffusion_0.3_swap_recovery_ablation_4_0,277,1.224931099287855,512
13,index_cued_first_diffusion_0.3_swap_recovery_ablation_5_0,23,0.30700497450632047,512
13,index_cued_first_diffusion_0.3_swap_recovery_ablation_5_0,24,0.43899486035314406,512
13,index_cued_first_diffusion_0.3_swap_recovery_ablation_5_0,26,0.26986568486000556,512
13,index_cued_first_diffusion_0.3_swap_recovery_ablation_5_0,56,1.2693470704528607,512
13,index_cued_first_diffusion_0.3_swap_recovery_ablation_5_0,119,0.3142912144280965,512
13,index_cued_first_diffusion_0.3_swap_recovery_ablation_5_0,121,0.6693365834754263,512
13,index_cued_first_diffusion_0.3_swap_recovery_ablation_5_0,148,1.7983400986819502,512
13,index_cued_first_diffusion_0.3_swap_recovery_ablation_5_0,180,0.7548960579549299,512
13,index_cued_first_diffusion_0.3_swap_recovery_ablation_5_0,195,1.243038904650348,512
13,index_cued_first_diffusion_0.3_swap_recovery_ablation_5_0,205,2.491643242085196,512
13,index_cued_first_diffusion_0.3_swap_recovery_ablation_5_0,209,1.770549725400115,512
13,index_cued_first_diffusion_0.3_swap_recovery_ablation_5_0,212,0.6245115523221566,512
13,index_cued_first_diffusion_0.3_swap_recovery_ablation_5_0,217,1.1017638612588931,512
13,index_cued_first_diffusion_0.3_swap_recovery_ablation_5_0,226,0.7275379935710414,512
13,index_cued_first_diffusion_0.3_swap_recovery_ablation_5_0,238,0.30199536277151584,512
13,index_cued_first_diffusion_0.3_swap_recovery_ablation_5_0,277,0.52528314301734,512
13,index_cued_first_diffusion_0.3_swap_recovery_ablation_6_0,23,17.699620875656624,512
13,index_cued_first_diffusion_0.3_swap_recovery_ablation_6_0,24,18.813938855087113,512
13,index_cued_first_diffusion_0.3_swap_recovery_ablation_6_0,26,18.994967637632918,512
13,index_cued_first_diffusion_0.3_swap_recovery_ablation_6_0,56,14.808181949809839,512
13,index_cued_first_diffusion_0.3_swap_recovery_ablation_6_0,119,17.04048343353996,512
13,index_cued_first_diffusion_0.3_swap_recovery_ablation_6_0,121,18.318271731070084,512
13,index_cued_first_diffusion_0.3_swap_recovery_ablation_6_0,148,5.941597742072335,512
13,index_cued_first_diffusion_0.3_swap_recovery_ablation_6_0,180,12.472091555794846,512
13,index_cued_first_diffusion_0.3_swap_recovery_ablation_6_0,195,10.848170345672411,512
13,index_cued_first_diffusion_0.3_swap_recovery_ablation_6_0,205,11.899339454341746,512
13,index_cued_first_diffusion_0.3_swap_recovery_ablation_6_0,209,14.471164169368816,512
13,index_cued_first_diffusion_0.3_swap_recovery_ablation_6_0,212,2.7883510344006988,512
13,index_cued_first_diffusion_0.3_swap_recovery_ablation_6_0,217,9.496994471608179,512
13,index_cued_first_diffusion_0.3_swap_recovery_ablation_6_0,226,7.567660989482356,512
13,index_cued_first_diffusion_0.3_swap_recovery_ablation_6_0,238,10.517546550344438,512
13,index_cued_first_diffusion_0.3_swap_recovery_ablation_6_0,277,12.215186967991151,512
13,index_cued_first_diffusion_0.3_swap_ablation_7_1,23,1.1514001670808014,512
13,index_cued_first_diffusion_0.3_swap_ablation_7_1,24,1.3938031358260363,512
13,index_cued_first_diffusion_0.3_swap_ablation_7_1,26,1.302452531909798,512
13,index_cued_first_diffusion_0.3_swap_ablation_7_1,56,1.468616094780534,512
13,index_cued_first_diffusion_0.3_swap_ablation_7_1,119,0.3955938089024162,512
13,index_cued_first_diffusion_0.3_swap_ablation_7_1,121,0.5148826792008296,512
13,index_cued_first_diffusion_0.3_swap_ablation_7_1,148,1.85089290521779,512
13,index_cued_first_diffusion_0.3_swap_ablation_7_1,180,1.1255196020256757,512
13,index_cued_first_diffusion_0.3_swap_ablation_7_1,195,1.1488172500192446,512
13,index_cued_first_diffusion_0.3_swap_ablation_7_1,205,1.993758531464628,512
13,index_cued_first_diffusion_0.3_swap_ablation_7_1,209,0.8449926245084753,512
13,index_cued_first_diffusion_0.3_swap_ablation_7_1,212,1.4869898538190016,512
13,index_cued_first_diffusion_0.3_swap_ablation_7_1,217,1.465301761795582,512
13,index_cued_first_diffusion_0.3_swap_ablation_7_1,226,0.6528998351719314,512
13,index_cued_first_diffusion_0.3_swap_ablation_7_1,238,0.4779685356079818,512
13,index_cued_first_diffusion_0.3_swap_ablation_7_1,277,1.0418338833440157,512
