nohup: ignoring input
Loading student run: index_cued_first_diffusion_0.3_swap_recovery_ablation_0_0
[index_cued_first_diffusion_0.3_swap_recovery_ablation_0_0] trial 0/288
USING PRECUED ITEMS - SHOULD NEVER BE DONE IN TRAINING
USING PRECUED ITEMS - SHOULD NEVER BE DONE IN TRAINING
USING PRECUED ITEMS - SHOULD NEVER BE DONE IN TRAINING
USING PRECUED ITEMS - SHOULD NEVER BE DONE IN TRAINING
USING PRECUED ITEMS - SHOULD NEVER BE DONE IN TRAINING
USING PRECUED ITEMS - SHOULD NEVER BE DONE IN TRAINING
USING PRECUED ITEMS - SHOULD NEVER BE DONE IN TRAINING
USING PRECUED ITEMS - SHOULD NEVER BE DONE IN TRAINING
USING PRECUED ITEMS - SHOULD NEVER BE DONE IN TRAINING
USING PRECUED ITEMS - SHOULD NEVER BE DONE IN TRAINING
USING PRECUED ITEMS - SHOULD NEVER BE DONE IN TRAINING
USING PRECUED ITEMS - SHOULD NEVER BE DONE IN TRAINING
USING PRECUED ITEMS - SHOULD NEVER BE DONE IN TRAINING
USING PRECUED ITEMS - SHOULD NEVER BE DONE IN TRAINING
USING PRECUED ITEMS - SHOULD NEVER BE DONE IN TRAINING
USING PRECUED ITEMS - SHOULD NEVER BE DONE IN TRAINING
USING PRECUED ITEMS - SHOULD NEVER BE DONE IN TRAINING
USING PRECUED ITEMS - SHOULD NEVER BE DONE IN TRAINING
USING PRECUED ITEMS - SHOULD NEVER BE DONE IN TRAINING
USING PRECUED ITEMS - SHOULD NEVER BE DONE IN TRAINING
USING PRECUED ITEMS - SHOULD NEVER BE DONE IN TRAINING
USING PRECUED ITEMS - SHOULD NEVER BE DONE IN TRAINING
USING PRECUED ITEMS - SHOULD NEVER BE DONE IN TRAINING
USING PRECUED ITEMS - SHOULD NEVER BE DONE IN TRAINING
USING PRECUED ITEMS - SHOULD NEVER BE DONE IN TRAINING
USING PRECUED ITEMS - SHOULD NEVER BE DONE IN TRAINING
USING PRECUED ITEMS - SHOULD NEVER BE DONE IN TRAINING
USING PRECUED ITEMS - SHOULD NEVER BE DONE IN TRAINING
USING PRECUED ITEMS - SHOULD NEVER BE DONE IN TRAINING
USING PRECUED ITEMS - SHOULD NEVER BE DONE IN TRAINING
USING PRECUED ITEMS - SHOULD NEVER BE DONE IN TRAINING
USING PRECUED ITEMS - SHOULD NEVER BE DONE IN TRAINING
USING PRECUED ITEMS - SHOULD NEVER BE DONE IN TRAINING
USING PRECUED ITEMS - SHOULD NEVER BE DONE IN TRAINING
USING PRECUED ITEMS - SHOULD NEVER BE DONE IN TRAINING
USING PRECUED ITEMS - SHOULD NEVER BE DONE IN TRAINING
USING PRECUED ITEMS - SHOULD NEVER BE DONE IN TRAINING
USING PRECUED ITEMS - SHOULD NEVER BE DONE IN TRAINING
USING PRECUED ITEMS - SHOULD NEVER BE DONE IN TRAINING
USING PRECUED ITEMS - SHOULD NEVER BE DONE IN TRAINING
USING PRECUED ITEMS - SHOULD NEVER BE DONE IN TRAINING
USING PRECUED ITEMS - SHOULD NEVER BE DONE IN TRAINING
USING PRECUED ITEMS - SHOULD NEVER BE DONE IN TRAINING
USING PRECUED ITEMS - SHOULD NEVER BE DONE IN TRAINING
USING PRECUED ITEMS - SHOULD NEVER BE DONE IN TRAINING
USING PRECUED ITEMS - SHOULD NEVER BE DONE IN TRAINING
USING PRECUED ITEMS - SHOULD NEVER BE DONE IN TRAINING
USING PRECUED ITEMS - SHOULD NEVER BE DONE IN TRAINING
USING PRECUED ITEMS - SHOULD NEVER BE DONE IN TRAINING
USING PRECUED ITEMS - SHOULD NEVER BE DONE IN TRAINING
[index_cued_first_diffusion_0.3_swap_recovery_ablation_0_0] trial 50/288
USING PRECUED ITEMS - SHOULD NEVER BE DONE IN TRAINING
USING PRECUED ITEMS - SHOULD NEVER BE DONE IN TRAINING
USING PRECUED ITEMS - SHOULD NEVER BE DONE IN TRAINING
USING PRECUED ITEMS - SHOULD NEVER BE DONE IN TRAINING
USING PRECUED ITEMS - SHOULD NEVER BE DONE IN TRAINING
USING PRECUED ITEMS - SHOULD NEVER BE DONE IN TRAINING
USING PRECUED ITEMS - SHOULD NEVER BE DONE IN TRAINING
USING PRECUED ITEMS - SHOULD NEVER BE DONE IN TRAINING
USING PRECUED ITEMS - SHOULD NEVER BE DONE IN TRAINING
USING PRECUED ITEMS - SHOULD NEVER BE DONE IN TRAINING
USING PRECUED ITEMS - SHOULD NEVER BE DONE IN TRAINING
USING PRECUED ITEMS - SHOULD NEVER BE DONE IN TRAINING
USING PRECUED ITEMS - SHOULD NEVER BE DONE IN TRAINING
USING PRECUED ITEMS - SHOULD NEVER BE DONE IN TRAINING
USING PRECUED ITEMS - SHOULD NEVER BE DONE IN TRAINING
USING PRECUED ITEMS - SHOULD NEVER BE DONE IN TRAINING
USING PRECUED ITEMS - SHOULD NEVER BE DONE IN TRAINING
USING PRECUED ITEMS - SHOULD NEVER BE DONE IN TRAINING
USING PRECUED ITEMS - SHOULD NEVER BE DONE IN TRAINING
USING PRECUED ITEMS - SHOULD NEVER BE DONE IN TRAINING
USING PRECUED ITEMS - SHOULD NEVER BE DONE IN TRAINING
USING PRECUED ITEMS - SHOULD NEVER BE DONE IN TRAINING
USING PRECUED ITEMS - SHOULD NEVER BE DONE IN TRAINING
USING PRECUED ITEMS - SHOULD NEVER BE DONE IN TRAINING
USING PRECUED ITEMS - SHOULD NEVER BE DONE IN TRAINING
USING PRECUED ITEMS - SHOULD NEVER BE DONE IN TRAINING
USING PRECUED ITEMS - SHOULD NEVER BE DONE IN TRAINING
USING PRECUED ITEMS - SHOULD NEVER BE DONE IN TRAINING
USING PRECUED ITEMS - SHOULD NEVER BE DONE IN TRAINING
USING PRECUED ITEMS - SHOULD NEVER BE DONE IN TRAINING
USING PRECUED ITEMS - SHOULD NEVER BE DONE IN TRAINING
USING PRECUED ITEMS - SHOULD NEVER BE DONE IN TRAINING
USING PRECUED ITEMS - SHOULD NEVER BE DONE IN TRAINING
USING PRECUED ITEMS - SHOULD NEVER BE DONE IN TRAINING
USING PRECUED ITEMS - SHOULD NEVER BE DONE IN TRAINING
USING PRECUED ITEMS - SHOULD NEVER BE DONE IN TRAINING
USING PRECUED ITEMS - SHOULD NEVER BE DONE IN TRAINING
USING PRECUED ITEMS - SHOULD NEVER BE DONE IN TRAINING
USING PRECUED ITEMS - SHOULD NEVER BE DONE IN TRAINING
USING PRECUED ITEMS - SHOULD NEVER BE DONE IN TRAINING
USING PRECUED ITEMS - SHOULD NEVER BE DONE IN TRAINING
USING PRECUED ITEMS - SHOULD NEVER BE DONE IN TRAINING
USING PRECUED ITEMS - SHOULD NEVER BE DONE IN TRAINING
USING PRECUED ITEMS - SHOULD NEVER BE DONE IN TRAINING
USING PRECUED ITEMS - SHOULD NEVER BE DONE IN TRAINING
USING PRECUED ITEMS - SHOULD NEVER BE DONE IN TRAINING
USING PRECUED ITEMS - SHOULD NEVER BE DONE IN TRAINING
USING PRECUED ITEMS - SHOULD NEVER BE DONE IN TRAINING
USING PRECUED ITEMS - SHOULD NEVER BE DONE IN TRAINING
USING PRECUED ITEMS - SHOULD NEVER BE DONE IN TRAINING
[index_cued_first_diffusion_0.3_swap_recovery_ablation_0_0] trial 100/288
USING PRECUED ITEMS - SHOULD NEVER BE DONE IN TRAINING
USING PRECUED ITEMS - SHOULD NEVER BE DONE IN TRAINING
USING PRECUED ITEMS - SHOULD NEVER BE DONE IN TRAINING
USING PRECUED ITEMS - SHOULD NEVER BE DONE IN TRAINING
USING PRECUED ITEMS - SHOULD NEVER BE DONE IN TRAINING
USING PRECUED ITEMS - SHOULD NEVER BE DONE IN TRAINING
USING PRECUED ITEMS - SHOULD NEVER BE DONE IN TRAINING
USING PRECUED ITEMS - SHOULD NEVER BE DONE IN TRAINING
USING PRECUED ITEMS - SHOULD NEVER BE DONE IN TRAINING
USING PRECUED ITEMS - SHOULD NEVER BE DONE IN TRAINING
USING PRECUED ITEMS - SHOULD NEVER BE DONE IN TRAINING
USING PRECUED ITEMS - SHOULD NEVER BE DONE IN TRAINING
USING PRECUED ITEMS - SHOULD NEVER BE DONE IN TRAINING
USING PRECUED ITEMS - SHOULD NEVER BE DONE IN TRAINING
USING PRECUED ITEMS - SHOULD NEVER BE DONE IN TRAINING
USING PRECUED ITEMS - SHOULD NEVER BE DONE IN TRAINING
USING PRECUED ITEMS - SHOULD NEVER BE DONE IN TRAINING
USING PRECUED ITEMS - SHOULD NEVER BE DONE IN TRAINING
USING PRECUED ITEMS - SHOULD NEVER BE DONE IN TRAINING
USING PRECUED ITEMS - SHOULD NEVER BE DONE IN TRAINING
USING PRECUED ITEMS - SHOULD NEVER BE DONE IN TRAINING
USING PRECUED ITEMS - SHOULD NEVER BE DONE IN TRAINING
USING PRECUED ITEMS - SHOULD NEVER BE DONE IN TRAINING
USING PRECUED ITEMS - SHOULD NEVER BE DONE IN TRAINING
USING PRECUED ITEMS - SHOULD NEVER BE DONE IN TRAINING
USING PRECUED ITEMS - SHOULD NEVER BE DONE IN TRAINING
USING PRECUED ITEMS - SHOULD NEVER BE DONE IN TRAINING
USING PRECUED ITEMS - SHOULD NEVER BE DONE IN TRAINING
USING PRECUED ITEMS - SHOULD NEVER BE DONE IN TRAINING
USING PRECUED ITEMS - SHOULD NEVER BE DONE IN TRAINING
USING PRECUED ITEMS - SHOULD NEVER BE DONE IN TRAINING
USING PRECUED ITEMS - SHOULD NEVER BE DONE IN TRAINING
USING PRECUED ITEMS - SHOULD NEVER BE DONE IN TRAINING
USING PRECUED ITEMS - SHOULD NEVER BE DONE IN TRAINING
USING PRECUED ITEMS - SHOULD NEVER BE DONE IN TRAINING
USING PRECUED ITEMS - SHOULD NEVER BE DONE IN TRAINING
USING PRECUED ITEMS - SHOULD NEVER BE DONE IN TRAINING
USING PRECUED ITEMS - SHOULD NEVER BE DONE IN TRAINING
USING PRECUED ITEMS - SHOULD NEVER BE DONE IN TRAINING
USING PRECUED ITEMS - SHOULD NEVER BE DONE IN TRAINING
USING PRECUED ITEMS - SHOULD NEVER BE DONE IN TRAINING
USING PRECUED ITEMS - SHOULD NEVER BE DONE IN TRAINING
USING PRECUED ITEMS - SHOULD NEVER BE DONE IN TRAINING
USING PRECUED ITEMS - SHOULD NEVER BE DONE IN TRAINING
USING PRECUED ITEMS - SHOULD NEVER BE DONE IN TRAINING
USING PRECUED ITEMS - SHOULD NEVER BE DONE IN TRAINING
USING PRECUED ITEMS - SHOULD NEVER BE DONE IN TRAINING
USING PRECUED ITEMS - SHOULD NEVER BE DONE IN TRAINING
USING PRECUED ITEMS - SHOULD NEVER BE DONE IN TRAINING
USING PRECUED ITEMS - SHOULD NEVER BE DONE IN TRAINING
[index_cued_first_diffusion_0.3_swap_recovery_ablation_0_0] trial 150/288
USING PRECUED ITEMS - SHOULD NEVER BE DONE IN TRAINING
USING PRECUED ITEMS - SHOULD NEVER BE DONE IN TRAINING
USING PRECUED ITEMS - SHOULD NEVER BE DONE IN TRAINING
USING PRECUED ITEMS - SHOULD NEVER BE DONE IN TRAINING
USING PRECUED ITEMS - SHOULD NEVER BE DONE IN TRAINING
USING PRECUED ITEMS - SHOULD NEVER BE DONE IN TRAINING
USING PRECUED ITEMS - SHOULD NEVER BE DONE IN TRAINING
USING PRECUED ITEMS - SHOULD NEVER BE DONE IN TRAINING
USING PRECUED ITEMS - SHOULD NEVER BE DONE IN TRAINING
USING PRECUED ITEMS - SHOULD NEVER BE DONE IN TRAINING
USING PRECUED ITEMS - SHOULD NEVER BE DONE IN TRAINING
USING PRECUED ITEMS - SHOULD NEVER BE DONE IN TRAINING
USING PRECUED ITEMS - SHOULD NEVER BE DONE IN TRAINING
USING PRECUED ITEMS - SHOULD NEVER BE DONE IN TRAINING
USING PRECUED ITEMS - SHOULD NEVER BE DONE IN TRAINING
USING PRECUED ITEMS - SHOULD NEVER BE DONE IN TRAINING
USING PRECUED ITEMS - SHOULD NEVER BE DONE IN TRAINING
USING PRECUED ITEMS - SHOULD NEVER BE DONE IN TRAINING
USING PRECUED ITEMS - SHOULD NEVER BE DONE IN TRAINING
USING PRECUED ITEMS - SHOULD NEVER BE DONE IN TRAINING
USING PRECUED ITEMS - SHOULD NEVER BE DONE IN TRAINING
USING PRECUED ITEMS - SHOULD NEVER BE DONE IN TRAINING
USING PRECUED ITEMS - SHOULD NEVER BE DONE IN TRAINING
USING PRECUED ITEMS - SHOULD NEVER BE DONE IN TRAINING
USING PRECUED ITEMS - SHOULD NEVER BE DONE IN TRAINING
USING PRECUED ITEMS - SHOULD NEVER BE DONE IN TRAINING
USING PRECUED ITEMS - SHOULD NEVER BE DONE IN TRAINING
USING PRECUED ITEMS - SHOULD NEVER BE DONE IN TRAINING
USING PRECUED ITEMS - SHOULD NEVER BE DONE IN TRAINING
USING PRECUED ITEMS - SHOULD NEVER BE DONE IN TRAINING
USING PRECUED ITEMS - SHOULD NEVER BE DONE IN TRAINING
USING PRECUED ITEMS - SHOULD NEVER BE DONE IN TRAINING
USING PRECUED ITEMS - SHOULD NEVER BE DONE IN TRAINING
USING PRECUED ITEMS - SHOULD NEVER BE DONE IN TRAINING
USING PRECUED ITEMS - SHOULD NEVER BE DONE IN TRAINING
USING PRECUED ITEMS - SHOULD NEVER BE DONE IN TRAINING
USING PRECUED ITEMS - SHOULD NEVER BE DONE IN TRAINING
USING PRECUED ITEMS - SHOULD NEVER BE DONE IN TRAINING
USING PRECUED ITEMS - SHOULD NEVER BE DONE IN TRAINING
USING PRECUED ITEMS - SHOULD NEVER BE DONE IN TRAINING
USING PRECUED ITEMS - SHOULD NEVER BE DONE IN TRAINING
USING PRECUED ITEMS - SHOULD NEVER BE DONE IN TRAINING
USING PRECUED ITEMS - SHOULD NEVER BE DONE IN TRAINING
USING PRECUED ITEMS - SHOULD NEVER BE DONE IN TRAINING
USING PRECUED ITEMS - SHOULD NEVER BE DONE IN TRAINING
USING PRECUED ITEMS - SHOULD NEVER BE DONE IN TRAINING
USING PRECUED ITEMS - SHOULD NEVER BE DONE IN TRAINING
USING PRECUED ITEMS - SHOULD NEVER BE DONE IN TRAINING
USING PRECUED ITEMS - SHOULD NEVER BE DONE IN TRAINING
USING PRECUED ITEMS - SHOULD NEVER BE DONE IN TRAINING
[index_cued_first_diffusion_0.3_swap_recovery_ablation_0_0] trial 200/288
USING PRECUED ITEMS - SHOULD NEVER BE DONE IN TRAINING
USING PRECUED ITEMS - SHOULD NEVER BE DONE IN TRAINING
USING PRECUED ITEMS - SHOULD NEVER BE DONE IN TRAINING
USING PRECUED ITEMS - SHOULD NEVER BE DONE IN TRAINING
USING PRECUED ITEMS - SHOULD NEVER BE DONE IN TRAINING
USING PRECUED ITEMS - SHOULD NEVER BE DONE IN TRAINING
USING PRECUED ITEMS - SHOULD NEVER BE DONE IN TRAINING
USING PRECUED ITEMS - SHOULD NEVER BE DONE IN TRAINING
USING PRECUED ITEMS - SHOULD NEVER BE DONE IN TRAINING
USING PRECUED ITEMS - SHOULD NEVER BE DONE IN TRAINING
USING PRECUED ITEMS - SHOULD NEVER BE DONE IN TRAINING
USING PRECUED ITEMS - SHOULD NEVER BE DONE IN TRAINING
USING PRECUED ITEMS - SHOULD NEVER BE DONE IN TRAINING
USING PRECUED ITEMS - SHOULD NEVER BE DONE IN TRAINING
USING PRECUED ITEMS - SHOULD NEVER BE DONE IN TRAINING
USING PRECUED ITEMS - SHOULD NEVER BE DONE IN TRAINING
USING PRECUED ITEMS - SHOULD NEVER BE DONE IN TRAINING
USING PRECUED ITEMS - SHOULD NEVER BE DONE IN TRAINING
USING PRECUED ITEMS - SHOULD NEVER BE DONE IN TRAINING
USING PRECUED ITEMS - SHOULD NEVER BE DONE IN TRAINING
USING PRECUED ITEMS - SHOULD NEVER BE DONE IN TRAINING
USING PRECUED ITEMS - SHOULD NEVER BE DONE IN TRAINING
USING PRECUED ITEMS - SHOULD NEVER BE DONE IN TRAINING
USING PRECUED ITEMS - SHOULD NEVER BE DONE IN TRAINING
USING PRECUED ITEMS - SHOULD NEVER BE DONE IN TRAINING
USING PRECUED ITEMS - SHOULD NEVER BE DONE IN TRAINING
USING PRECUED ITEMS - SHOULD NEVER BE DONE IN TRAINING
USING PRECUED ITEMS - SHOULD NEVER BE DONE IN TRAINING
USING PRECUED ITEMS - SHOULD NEVER BE DONE IN TRAINING
USING PRECUED ITEMS - SHOULD NEVER BE DONE IN TRAINING
USING PRECUED ITEMS - SHOULD NEVER BE DONE IN TRAINING
USING PRECUED ITEMS - SHOULD NEVER BE DONE IN TRAINING
USING PRECUED ITEMS - SHOULD NEVER BE DONE IN TRAINING
USING PRECUED ITEMS - SHOULD NEVER BE DONE IN TRAINING
USING PRECUED ITEMS - SHOULD NEVER BE DONE IN TRAINING
USING PRECUED ITEMS - SHOULD NEVER BE DONE IN TRAINING
USING PRECUED ITEMS - SHOULD NEVER BE DONE IN TRAINING
USING PRECUED ITEMS - SHOULD NEVER BE DONE IN TRAINING
USING PRECUED ITEMS - SHOULD NEVER BE DONE IN TRAINING
USING PRECUED ITEMS - SHOULD NEVER BE DONE IN TRAINING
USING PRECUED ITEMS - SHOULD NEVER BE DONE IN TRAINING
USING PRECUED ITEMS - SHOULD NEVER BE DONE IN TRAINING
USING PRECUED ITEMS - SHOULD NEVER BE DONE IN TRAINING
USING PRECUED ITEMS - SHOULD NEVER BE DONE IN TRAINING
USING PRECUED ITEMS - SHOULD NEVER BE DONE IN TRAINING
USING PRECUED ITEMS - SHOULD NEVER BE DONE IN TRAINING
USING PRECUED ITEMS - SHOULD NEVER BE DONE IN TRAINING
USING PRECUED ITEMS - SHOULD NEVER BE DONE IN TRAINING
USING PRECUED ITEMS - SHOULD NEVER BE DONE IN TRAINING
USING PRECUED ITEMS - SHOULD NEVER BE DONE IN TRAINING
[index_cued_first_diffusion_0.3_swap_recovery_ablation_0_0] trial 250/288
USING PRECUED ITEMS - SHOULD NEVER BE DONE IN TRAINING
USING PRECUED ITEMS - SHOULD NEVER BE DONE IN TRAINING
USING PRECUED ITEMS - SHOULD NEVER BE DONE IN TRAINING
USING PRECUED ITEMS - SHOULD NEVER BE DONE IN TRAINING
USING PRECUED ITEMS - SHOULD NEVER BE DONE IN TRAINING
USING PRECUED ITEMS - SHOULD NEVER BE DONE IN TRAINING
USING PRECUED ITEMS - SHOULD NEVER BE DONE IN TRAINING
USING PRECUED ITEMS - SHOULD NEVER BE DONE IN TRAINING
USING PRECUED ITEMS - SHOULD NEVER BE DONE IN TRAINING
USING PRECUED ITEMS - SHOULD NEVER BE DONE IN TRAINING
USING PRECUED ITEMS - SHOULD NEVER BE DONE IN TRAINING
USING PRECUED ITEMS - SHOULD NEVER BE DONE IN TRAINING
USING PRECUED ITEMS - SHOULD NEVER BE DONE IN TRAINING
USING PRECUED ITEMS - SHOULD NEVER BE DONE IN TRAINING
USING PRECUED ITEMS - SHOULD NEVER BE DONE IN TRAINING
USING PRECUED ITEMS - SHOULD NEVER BE DONE IN TRAINING
USING PRECUED ITEMS - SHOULD NEVER BE DONE IN TRAINING
USING PRECUED ITEMS - SHOULD NEVER BE DONE IN TRAINING
USING PRECUED ITEMS - SHOULD NEVER BE DONE IN TRAINING
USING PRECUED ITEMS - SHOULD NEVER BE DONE IN TRAINING
USING PRECUED ITEMS - SHOULD NEVER BE DONE IN TRAINING
USING PRECUED ITEMS - SHOULD NEVER BE DONE IN TRAINING
USING PRECUED ITEMS - SHOULD NEVER BE DONE IN TRAINING
USING PRECUED ITEMS - SHOULD NEVER BE DONE IN TRAINING
USING PRECUED ITEMS - SHOULD NEVER BE DONE IN TRAINING
USING PRECUED ITEMS - SHOULD NEVER BE DONE IN TRAINING
USING PRECUED ITEMS - SHOULD NEVER BE DONE IN TRAINING
USING PRECUED ITEMS - SHOULD NEVER BE DONE IN TRAINING
USING PRECUED ITEMS - SHOULD NEVER BE DONE IN TRAINING
USING PRECUED ITEMS - SHOULD NEVER BE DONE IN TRAINING
USING PRECUED ITEMS - SHOULD NEVER BE DONE IN TRAINING
USING PRECUED ITEMS - SHOULD NEVER BE DONE IN TRAINING
USING PRECUED ITEMS - SHOULD NEVER BE DONE IN TRAINING
USING PRECUED ITEMS - SHOULD NEVER BE DONE IN TRAINING
USING PRECUED ITEMS - SHOULD NEVER BE DONE IN TRAINING
USING PRECUED ITEMS - SHOULD NEVER BE DONE IN TRAINING
USING PRECUED ITEMS - SHOULD NEVER BE DONE IN TRAINING
USING PRECUED ITEMS - SHOULD NEVER BE DONE IN TRAINING
Loading student run: index_cued_first_diffusion_0.3_swap_recovery_ablation_1_0
[index_cued_first_diffusion_0.3_swap_recovery_ablation_1_0] trial 0/288
USING PRECUED ITEMS - SHOULD NEVER BE DONE IN TRAINING
USING PRECUED ITEMS - SHOULD NEVER BE DONE IN TRAINING
USING PRECUED ITEMS - SHOULD NEVER BE DONE IN TRAINING
USING PRECUED ITEMS - SHOULD NEVER BE DONE IN TRAINING
USING PRECUED ITEMS - SHOULD NEVER BE DONE IN TRAINING
USING PRECUED ITEMS - SHOULD NEVER BE DONE IN TRAINING
USING PRECUED ITEMS - SHOULD NEVER BE DONE IN TRAINING
USING PRECUED ITEMS - SHOULD NEVER BE DONE IN TRAINING
USING PRECUED ITEMS - SHOULD NEVER BE DONE IN TRAINING
USING PRECUED ITEMS - SHOULD NEVER BE DONE IN TRAINING
USING PRECUED ITEMS - SHOULD NEVER BE DONE IN TRAINING
USING PRECUED ITEMS - SHOULD NEVER BE DONE IN TRAINING
USING PRECUED ITEMS - SHOULD NEVER BE DONE IN TRAINING
USING PRECUED ITEMS - SHOULD NEVER BE DONE IN TRAINING
USING PRECUED ITEMS - SHOULD NEVER BE DONE IN TRAINING
USING PRECUED ITEMS - SHOULD NEVER BE DONE IN TRAINING
USING PRECUED ITEMS - SHOULD NEVER BE DONE IN TRAINING
USING PRECUED ITEMS - SHOULD NEVER BE DONE IN TRAINING
USING PRECUED ITEMS - SHOULD NEVER BE DONE IN TRAINING
USING PRECUED ITEMS - SHOULD NEVER BE DONE IN TRAINING
USING PRECUED ITEMS - SHOULD NEVER BE DONE IN TRAINING
USING PRECUED ITEMS - SHOULD NEVER BE DONE IN TRAINING
USING PRECUED ITEMS - SHOULD NEVER BE DONE IN TRAINING
USING PRECUED ITEMS - SHOULD NEVER BE DONE IN TRAINING
USING PRECUED ITEMS - SHOULD NEVER BE DONE IN TRAINING
USING PRECUED ITEMS - SHOULD NEVER BE DONE IN TRAINING
USING PRECUED ITEMS - SHOULD NEVER BE DONE IN TRAINING
USING PRECUED ITEMS - SHOULD NEVER BE DONE IN TRAINING
USING PRECUED ITEMS - SHOULD NEVER BE DONE IN TRAINING
USING PRECUED ITEMS - SHOULD NEVER BE DONE IN TRAINING
USING PRECUED ITEMS - SHOULD NEVER BE DONE IN TRAINING
USING PRECUED ITEMS - SHOULD NEVER BE DONE IN TRAINING
USING PRECUED ITEMS - SHOULD NEVER BE DONE IN TRAINING
USING PRECUED ITEMS - SHOULD NEVER BE DONE IN TRAINING
USING PRECUED ITEMS - SHOULD NEVER BE DONE IN TRAINING
USING PRECUED ITEMS - SHOULD NEVER BE DONE IN TRAINING
USING PRECUED ITEMS - SHOULD NEVER BE DONE IN TRAINING
USING PRECUED ITEMS - SHOULD NEVER BE DONE IN TRAINING
USING PRECUED ITEMS - SHOULD NEVER BE DONE IN TRAINING
USING PRECUED ITEMS - SHOULD NEVER BE DONE IN TRAINING
USING PRECUED ITEMS - SHOULD NEVER BE DONE IN TRAINING
USING PRECUED ITEMS - SHOULD NEVER BE DONE IN TRAINING
USING PRECUED ITEMS - SHOULD NEVER BE DONE IN TRAINING
USING PRECUED ITEMS - SHOULD NEVER BE DONE IN TRAINING
USING PRECUED ITEMS - SHOULD NEVER BE DONE IN TRAINING
USING PRECUED ITEMS - SHOULD NEVER BE DONE IN TRAINING
USING PRECUED ITEMS - SHOULD NEVER BE DONE IN TRAINING
USING PRECUED ITEMS - SHOULD NEVER BE DONE IN TRAINING
USING PRECUED ITEMS - SHOULD NEVER BE DONE IN TRAINING
USING PRECUED ITEMS - SHOULD NEVER BE DONE IN TRAINING
[index_cued_first_diffusion_0.3_swap_recovery_ablation_1_0] trial 50/288
USING PRECUED ITEMS - SHOULD NEVER BE DONE IN TRAINING
USING PRECUED ITEMS - SHOULD NEVER BE DONE IN TRAINING
USING PRECUED ITEMS - SHOULD NEVER BE DONE IN TRAINING
USING PRECUED ITEMS - SHOULD NEVER BE DONE IN TRAINING
USING PRECUED ITEMS - SHOULD NEVER BE DONE IN TRAINING
USING PRECUED ITEMS - SHOULD NEVER BE DONE IN TRAINING
USING PRECUED ITEMS - SHOULD NEVER BE DONE IN TRAINING
USING PRECUED ITEMS - SHOULD NEVER BE DONE IN TRAINING
USING PRECUED ITEMS - SHOULD NEVER BE DONE IN TRAINING
USING PRECUED ITEMS - SHOULD NEVER BE DONE IN TRAINING
USING PRECUED ITEMS - SHOULD NEVER BE DONE IN TRAINING
USING PRECUED ITEMS - SHOULD NEVER BE DONE IN TRAINING
USING PRECUED ITEMS - SHOULD NEVER BE DONE IN TRAINING
USING PRECUED ITEMS - SHOULD NEVER BE DONE IN TRAINING
USING PRECUED ITEMS - SHOULD NEVER BE DONE IN TRAINING
USING PRECUED ITEMS - SHOULD NEVER BE DONE IN TRAINING
USING PRECUED ITEMS - SHOULD NEVER BE DONE IN TRAINING
USING PRECUED ITEMS - SHOULD NEVER BE DONE IN TRAINING
USING PRECUED ITEMS - SHOULD NEVER BE DONE IN TRAINING
USING PRECUED ITEMS - SHOULD NEVER BE DONE IN TRAINING
USING PRECUED ITEMS - SHOULD NEVER BE DONE IN TRAINING
USING PRECUED ITEMS - SHOULD NEVER BE DONE IN TRAINING
USING PRECUED ITEMS - SHOULD NEVER BE DONE IN TRAINING
USING PRECUED ITEMS - SHOULD NEVER BE DONE IN TRAINING
USING PRECUED ITEMS - SHOULD NEVER BE DONE IN TRAINING
USING PRECUED ITEMS - SHOULD NEVER BE DONE IN TRAINING
USING PRECUED ITEMS - SHOULD NEVER BE DONE IN TRAINING
USING PRECUED ITEMS - SHOULD NEVER BE DONE IN TRAINING
USING PRECUED ITEMS - SHOULD NEVER BE DONE IN TRAINING
USING PRECUED ITEMS - SHOULD NEVER BE DONE IN TRAINING
USING PRECUED ITEMS - SHOULD NEVER BE DONE IN TRAINING
USING PRECUED ITEMS - SHOULD NEVER BE DONE IN TRAINING
USING PRECUED ITEMS - SHOULD NEVER BE DONE IN TRAINING
USING PRECUED ITEMS - SHOULD NEVER BE DONE IN TRAINING
USING PRECUED ITEMS - SHOULD NEVER BE DONE IN TRAINING
USING PRECUED ITEMS - SHOULD NEVER BE DONE IN TRAINING
USING PRECUED ITEMS - SHOULD NEVER BE DONE IN TRAINING
USING PRECUED ITEMS - SHOULD NEVER BE DONE IN TRAINING
USING PRECUED ITEMS - SHOULD NEVER BE DONE IN TRAINING
USING PRECUED ITEMS - SHOULD NEVER BE DONE IN TRAINING
USING PRECUED ITEMS - SHOULD NEVER BE DONE IN TRAINING
USING PRECUED ITEMS - SHOULD NEVER BE DONE IN TRAINING
USING PRECUED ITEMS - SHOULD NEVER BE DONE IN TRAINING
USING PRECUED ITEMS - SHOULD NEVER BE DONE IN TRAINING
USING PRECUED ITEMS - SHOULD NEVER BE DONE IN TRAINING
USING PRECUED ITEMS - SHOULD NEVER BE DONE IN TRAINING
USING PRECUED ITEMS - SHOULD NEVER BE DONE IN TRAINING
USING PRECUED ITEMS - SHOULD NEVER BE DONE IN TRAINING
USING PRECUED ITEMS - SHOULD NEVER BE DONE IN TRAINING
USING PRECUED ITEMS - SHOULD NEVER BE DONE IN TRAINING
[index_cued_first_diffusion_0.3_swap_recovery_ablation_1_0] trial 100/288
USING PRECUED ITEMS - SHOULD NEVER BE DONE IN TRAINING
USING PRECUED ITEMS - SHOULD NEVER BE DONE IN TRAINING
USING PRECUED ITEMS - SHOULD NEVER BE DONE IN TRAINING
USING PRECUED ITEMS - SHOULD NEVER BE DONE IN TRAINING
USING PRECUED ITEMS - SHOULD NEVER BE DONE IN TRAINING
USING PRECUED ITEMS - SHOULD NEVER BE DONE IN TRAINING
USING PRECUED ITEMS - SHOULD NEVER BE DONE IN TRAINING
USING PRECUED ITEMS - SHOULD NEVER BE DONE IN TRAINING
USING PRECUED ITEMS - SHOULD NEVER BE DONE IN TRAINING
USING PRECUED ITEMS - SHOULD NEVER BE DONE IN TRAINING
USING PRECUED ITEMS - SHOULD NEVER BE DONE IN TRAINING
USING PRECUED ITEMS - SHOULD NEVER BE DONE IN TRAINING
USING PRECUED ITEMS - SHOULD NEVER BE DONE IN TRAINING
USING PRECUED ITEMS - SHOULD NEVER BE DONE IN TRAINING
USING PRECUED ITEMS - SHOULD NEVER BE DONE IN TRAINING
USING PRECUED ITEMS - SHOULD NEVER BE DONE IN TRAINING
USING PRECUED ITEMS - SHOULD NEVER BE DONE IN TRAINING
USING PRECUED ITEMS - SHOULD NEVER BE DONE IN TRAINING
USING PRECUED ITEMS - SHOULD NEVER BE DONE IN TRAINING
USING PRECUED ITEMS - SHOULD NEVER BE DONE IN TRAINING
USING PRECUED ITEMS - SHOULD NEVER BE DONE IN TRAINING
USING PRECUED ITEMS - SHOULD NEVER BE DONE IN TRAINING
USING PRECUED ITEMS - SHOULD NEVER BE DONE IN TRAINING
USING PRECUED ITEMS - SHOULD NEVER BE DONE IN TRAINING
USING PRECUED ITEMS - SHOULD NEVER BE DONE IN TRAINING
USING PRECUED ITEMS - SHOULD NEVER BE DONE IN TRAINING
USING PRECUED ITEMS - SHOULD NEVER BE DONE IN TRAINING
USING PRECUED ITEMS - SHOULD NEVER BE DONE IN TRAINING
USING PRECUED ITEMS - SHOULD NEVER BE DONE IN TRAINING
USING PRECUED ITEMS - SHOULD NEVER BE DONE IN TRAINING
USING PRECUED ITEMS - SHOULD NEVER BE DONE IN TRAINING
USING PRECUED ITEMS - SHOULD NEVER BE DONE IN TRAINING
USING PRECUED ITEMS - SHOULD NEVER BE DONE IN TRAINING
USING PRECUED ITEMS - SHOULD NEVER BE DONE IN TRAINING
USING PRECUED ITEMS - SHOULD NEVER BE DONE IN TRAINING
USING PRECUED ITEMS - SHOULD NEVER BE DONE IN TRAINING
USING PRECUED ITEMS - SHOULD NEVER BE DONE IN TRAINING
USING PRECUED ITEMS - SHOULD NEVER BE DONE IN TRAINING
USING PRECUED ITEMS - SHOULD NEVER BE DONE IN TRAINING
USING PRECUED ITEMS - SHOULD NEVER BE DONE IN TRAINING
USING PRECUED ITEMS - SHOULD NEVER BE DONE IN TRAINING
USING PRECUED ITEMS - SHOULD NEVER BE DONE IN TRAINING
USING PRECUED ITEMS - SHOULD NEVER BE DONE IN TRAINING
USING PRECUED ITEMS - SHOULD NEVER BE DONE IN TRAINING
USING PRECUED ITEMS - SHOULD NEVER BE DONE IN TRAINING
USING PRECUED ITEMS - SHOULD NEVER BE DONE IN TRAINING
USING PRECUED ITEMS - SHOULD NEVER BE DONE IN TRAINING
USING PRECUED ITEMS - SHOULD NEVER BE DONE IN TRAINING
USING PRECUED ITEMS - SHOULD NEVER BE DONE IN TRAINING
USING PRECUED ITEMS - SHOULD NEVER BE DONE IN TRAINING
[index_cued_first_diffusion_0.3_swap_recovery_ablation_1_0] trial 150/288
USING PRECUED ITEMS - SHOULD NEVER BE DONE IN TRAINING
USING PRECUED ITEMS - SHOULD NEVER BE DONE IN TRAINING
USING PRECUED ITEMS - SHOULD NEVER BE DONE IN TRAINING
USING PRECUED ITEMS - SHOULD NEVER BE DONE IN TRAINING
USING PRECUED ITEMS - SHOULD NEVER BE DONE IN TRAINING
USING PRECUED ITEMS - SHOULD NEVER BE DONE IN TRAINING
USING PRECUED ITEMS - SHOULD NEVER BE DONE IN TRAINING
USING PRECUED ITEMS - SHOULD NEVER BE DONE IN TRAINING
USING PRECUED ITEMS - SHOULD NEVER BE DONE IN TRAINING
USING PRECUED ITEMS - SHOULD NEVER BE DONE IN TRAINING
USING PRECUED ITEMS - SHOULD NEVER BE DONE IN TRAINING
USING PRECUED ITEMS - SHOULD NEVER BE DONE IN TRAINING
USING PRECUED ITEMS - SHOULD NEVER BE DONE IN TRAINING
USING PRECUED ITEMS - SHOULD NEVER BE DONE IN TRAINING
USING PRECUED ITEMS - SHOULD NEVER BE DONE IN TRAINING
USING PRECUED ITEMS - SHOULD NEVER BE DONE IN TRAINING
USING PRECUED ITEMS - SHOULD NEVER BE DONE IN TRAINING
USING PRECUED ITEMS - SHOULD NEVER BE DONE IN TRAINING
USING PRECUED ITEMS - SHOULD NEVER BE DONE IN TRAINING
USING PRECUED ITEMS - SHOULD NEVER BE DONE IN TRAINING
USING PRECUED ITEMS - SHOULD NEVER BE DONE IN TRAINING
USING PRECUED ITEMS - SHOULD NEVER BE DONE IN TRAINING
USING PRECUED ITEMS - SHOULD NEVER BE DONE IN TRAINING
USING PRECUED ITEMS - SHOULD NEVER BE DONE IN TRAINING
USING PRECUED ITEMS - SHOULD NEVER BE DONE IN TRAINING
USING PRECUED ITEMS - SHOULD NEVER BE DONE IN TRAINING
USING PRECUED ITEMS - SHOULD NEVER BE DONE IN TRAINING
USING PRECUED ITEMS - SHOULD NEVER BE DONE IN TRAINING
USING PRECUED ITEMS - SHOULD NEVER BE DONE IN TRAINING
USING PRECUED ITEMS - SHOULD NEVER BE DONE IN TRAINING
USING PRECUED ITEMS - SHOULD NEVER BE DONE IN TRAINING
USING PRECUED ITEMS - SHOULD NEVER BE DONE IN TRAINING
USING PRECUED ITEMS - SHOULD NEVER BE DONE IN TRAINING
USING PRECUED ITEMS - SHOULD NEVER BE DONE IN TRAINING
USING PRECUED ITEMS - SHOULD NEVER BE DONE IN TRAINING
USING PRECUED ITEMS - SHOULD NEVER BE DONE IN TRAINING
USING PRECUED ITEMS - SHOULD NEVER BE DONE IN TRAINING
USING PRECUED ITEMS - SHOULD NEVER BE DONE IN TRAINING
USING PRECUED ITEMS - SHOULD NEVER BE DONE IN TRAINING
USING PRECUED ITEMS - SHOULD NEVER BE DONE IN TRAINING
USING PRECUED ITEMS - SHOULD NEVER BE DONE IN TRAINING
USING PRECUED ITEMS - SHOULD NEVER BE DONE IN TRAINING
USING PRECUED ITEMS - SHOULD NEVER BE DONE IN TRAINING
USING PRECUED ITEMS - SHOULD NEVER BE DONE IN TRAINING
USING PRECUED ITEMS - SHOULD NEVER BE DONE IN TRAINING
USING PRECUED ITEMS - SHOULD NEVER BE DONE IN TRAINING
USING PRECUED ITEMS - SHOULD NEVER BE DONE IN TRAINING
USING PRECUED ITEMS - SHOULD NEVER BE DONE IN TRAINING
USING PRECUED ITEMS - SHOULD NEVER BE DONE IN TRAINING
USING PRECUED ITEMS - SHOULD NEVER BE DONE IN TRAINING
[index_cued_first_diffusion_0.3_swap_recovery_ablation_1_0] trial 200/288
USING PRECUED ITEMS - SHOULD NEVER BE DONE IN TRAINING
USING PRECUED ITEMS - SHOULD NEVER BE DONE IN TRAINING
USING PRECUED ITEMS - SHOULD NEVER BE DONE IN TRAINING
USING PRECUED ITEMS - SHOULD NEVER BE DONE IN TRAINING
USING PRECUED ITEMS - SHOULD NEVER BE DONE IN TRAINING
USING PRECUED ITEMS - SHOULD NEVER BE DONE IN TRAINING
USING PRECUED ITEMS - SHOULD NEVER BE DONE IN TRAINING
USING PRECUED ITEMS - SHOULD NEVER BE DONE IN TRAINING
USING PRECUED ITEMS - SHOULD NEVER BE DONE IN TRAINING
USING PRECUED ITEMS - SHOULD NEVER BE DONE IN TRAINING
USING PRECUED ITEMS - SHOULD NEVER BE DONE IN TRAINING
USING PRECUED ITEMS - SHOULD NEVER BE DONE IN TRAINING
USING PRECUED ITEMS - SHOULD NEVER BE DONE IN TRAINING
USING PRECUED ITEMS - SHOULD NEVER BE DONE IN TRAINING
USING PRECUED ITEMS - SHOULD NEVER BE DONE IN TRAINING
USING PRECUED ITEMS - SHOULD NEVER BE DONE IN TRAINING
USING PRECUED ITEMS - SHOULD NEVER BE DONE IN TRAINING
USING PRECUED ITEMS - SHOULD NEVER BE DONE IN TRAINING
USING PRECUED ITEMS - SHOULD NEVER BE DONE IN TRAINING
USING PRECUED ITEMS - SHOULD NEVER BE DONE IN TRAINING
USING PRECUED ITEMS - SHOULD NEVER BE DONE IN TRAINING
USING PRECUED ITEMS - SHOULD NEVER BE DONE IN TRAINING
USING PRECUED ITEMS - SHOULD NEVER BE DONE IN TRAINING
USING PRECUED ITEMS - SHOULD NEVER BE DONE IN TRAINING
USING PRECUED ITEMS - SHOULD NEVER BE DONE IN TRAINING
USING PRECUED ITEMS - SHOULD NEVER BE DONE IN TRAINING
USING PRECUED ITEMS - SHOULD NEVER BE DONE IN TRAINING
USING PRECUED ITEMS - SHOULD NEVER BE DONE IN TRAINING
USING PRECUED ITEMS - SHOULD NEVER BE DONE IN TRAINING
USING PRECUED ITEMS - SHOULD NEVER BE DONE IN TRAINING
USING PRECUED ITEMS - SHOULD NEVER BE DONE IN TRAINING
USING PRECUED ITEMS - SHOULD NEVER BE DONE IN TRAINING
USING PRECUED ITEMS - SHOULD NEVER BE DONE IN TRAINING
USING PRECUED ITEMS - SHOULD NEVER BE DONE IN TRAINING
USING PRECUED ITEMS - SHOULD NEVER BE DONE IN TRAINING
USING PRECUED ITEMS - SHOULD NEVER BE DONE IN TRAINING
USING PRECUED ITEMS - SHOULD NEVER BE DONE IN TRAINING
USING PRECUED ITEMS - SHOULD NEVER BE DONE IN TRAINING
USING PRECUED ITEMS - SHOULD NEVER BE DONE IN TRAINING
USING PRECUED ITEMS - SHOULD NEVER BE DONE IN TRAINING
USING PRECUED ITEMS - SHOULD NEVER BE DONE IN TRAINING
USING PRECUED ITEMS - SHOULD NEVER BE DONE IN TRAINING
USING PRECUED ITEMS - SHOULD NEVER BE DONE IN TRAINING
USING PRECUED ITEMS - SHOULD NEVER BE DONE IN TRAINING
USING PRECUED ITEMS - SHOULD NEVER BE DONE IN TRAINING
USING PRECUED ITEMS - SHOULD NEVER BE DONE IN TRAINING
USING PRECUED ITEMS - SHOULD NEVER BE DONE IN TRAINING
USING PRECUED ITEMS - SHOULD NEVER BE DONE IN TRAINING
USING PRECUED ITEMS - SHOULD NEVER BE DONE IN TRAINING
USING PRECUED ITEMS - SHOULD NEVER BE DONE IN TRAINING
[index_cued_first_diffusion_0.3_swap_recovery_ablation_1_0] trial 250/288
USING PRECUED ITEMS - SHOULD NEVER BE DONE IN TRAINING
USING PRECUED ITEMS - SHOULD NEVER BE DONE IN TRAINING
USING PRECUED ITEMS - SHOULD NEVER BE DONE IN TRAINING
USING PRECUED ITEMS - SHOULD NEVER BE DONE IN TRAINING
USING PRECUED ITEMS - SHOULD NEVER BE DONE IN TRAINING
USING PRECUED ITEMS - SHOULD NEVER BE DONE IN TRAINING
USING PRECUED ITEMS - SHOULD NEVER BE DONE IN TRAINING
USING PRECUED ITEMS - SHOULD NEVER BE DONE IN TRAINING
USING PRECUED ITEMS - SHOULD NEVER BE DONE IN TRAINING
USING PRECUED ITEMS - SHOULD NEVER BE DONE IN TRAINING
USING PRECUED ITEMS - SHOULD NEVER BE DONE IN TRAINING
USING PRECUED ITEMS - SHOULD NEVER BE DONE IN TRAINING
USING PRECUED ITEMS - SHOULD NEVER BE DONE IN TRAINING
USING PRECUED ITEMS - SHOULD NEVER BE DONE IN TRAINING
USING PRECUED ITEMS - SHOULD NEVER BE DONE IN TRAINING
USING PRECUED ITEMS - SHOULD NEVER BE DONE IN TRAINING
USING PRECUED ITEMS - SHOULD NEVER BE DONE IN TRAINING
USING PRECUED ITEMS - SHOULD NEVER BE DONE IN TRAINING
USING PRECUED ITEMS - SHOULD NEVER BE DONE IN TRAINING
USING PRECUED ITEMS - SHOULD NEVER BE DONE IN TRAINING
USING PRECUED ITEMS - SHOULD NEVER BE DONE IN TRAINING
USING PRECUED ITEMS - SHOULD NEVER BE DONE IN TRAINING
USING PRECUED ITEMS - SHOULD NEVER BE DONE IN TRAINING
USING PRECUED ITEMS - SHOULD NEVER BE DONE IN TRAINING
USING PRECUED ITEMS - SHOULD NEVER BE DONE IN TRAINING
USING PRECUED ITEMS - SHOULD NEVER BE DONE IN TRAINING
USING PRECUED ITEMS - SHOULD NEVER BE DONE IN TRAINING
USING PRECUED ITEMS - SHOULD NEVER BE DONE IN TRAINING
USING PRECUED ITEMS - SHOULD NEVER BE DONE IN TRAINING
USING PRECUED ITEMS - SHOULD NEVER BE DONE IN TRAINING
USING PRECUED ITEMS - SHOULD NEVER BE DONE IN TRAINING
USING PRECUED ITEMS - SHOULD NEVER BE DONE IN TRAINING
USING PRECUED ITEMS - SHOULD NEVER BE DONE IN TRAINING
USING PRECUED ITEMS - SHOULD NEVER BE DONE IN TRAINING
USING PRECUED ITEMS - SHOULD NEVER BE DONE IN TRAINING
USING PRECUED ITEMS - SHOULD NEVER BE DONE IN TRAINING
USING PRECUED ITEMS - SHOULD NEVER BE DONE IN TRAINING
USING PRECUED ITEMS - SHOULD NEVER BE DONE IN TRAINING
Loading student run: index_cued_first_diffusion_0.3_swap_recovery_ablation_4_0
[index_cued_first_diffusion_0.3_swap_recovery_ablation_4_0] trial 0/288
USING PRECUED ITEMS - SHOULD NEVER BE DONE IN TRAINING
USING PRECUED ITEMS - SHOULD NEVER BE DONE IN TRAINING
USING PRECUED ITEMS - SHOULD NEVER BE DONE IN TRAINING
USING PRECUED ITEMS - SHOULD NEVER BE DONE IN TRAINING
USING PRECUED ITEMS - SHOULD NEVER BE DONE IN TRAINING
USING PRECUED ITEMS - SHOULD NEVER BE DONE IN TRAINING
USING PRECUED ITEMS - SHOULD NEVER BE DONE IN TRAINING
USING PRECUED ITEMS - SHOULD NEVER BE DONE IN TRAINING
USING PRECUED ITEMS - SHOULD NEVER BE DONE IN TRAINING
USING PRECUED ITEMS - SHOULD NEVER BE DONE IN TRAINING
USING PRECUED ITEMS - SHOULD NEVER BE DONE IN TRAINING
USING PRECUED ITEMS - SHOULD NEVER BE DONE IN TRAINING
USING PRECUED ITEMS - SHOULD NEVER BE DONE IN TRAINING
USING PRECUED ITEMS - SHOULD NEVER BE DONE IN TRAINING
USING PRECUED ITEMS - SHOULD NEVER BE DONE IN TRAINING
USING PRECUED ITEMS - SHOULD NEVER BE DONE IN TRAINING
USING PRECUED ITEMS - SHOULD NEVER BE DONE IN TRAINING
USING PRECUED ITEMS - SHOULD NEVER BE DONE IN TRAINING
USING PRECUED ITEMS - SHOULD NEVER BE DONE IN TRAINING
USING PRECUED ITEMS - SHOULD NEVER BE DONE IN TRAINING
USING PRECUED ITEMS - SHOULD NEVER BE DONE IN TRAINING
USING PRECUED ITEMS - SHOULD NEVER BE DONE IN TRAINING
USING PRECUED ITEMS - SHOULD NEVER BE DONE IN TRAINING
USING PRECUED ITEMS - SHOULD NEVER BE DONE IN TRAINING
USING PRECUED ITEMS - SHOULD NEVER BE DONE IN TRAINING
USING PRECUED ITEMS - SHOULD NEVER BE DONE IN TRAINING
USING PRECUED ITEMS - SHOULD NEVER BE DONE IN TRAINING
USING PRECUED ITEMS - SHOULD NEVER BE DONE IN TRAINING
USING PRECUED ITEMS - SHOULD NEVER BE DONE IN TRAINING
USING PRECUED ITEMS - SHOULD NEVER BE DONE IN TRAINING
USING PRECUED ITEMS - SHOULD NEVER BE DONE IN TRAINING
USING PRECUED ITEMS - SHOULD NEVER BE DONE IN TRAINING
USING PRECUED ITEMS - SHOULD NEVER BE DONE IN TRAINING
USING PRECUED ITEMS - SHOULD NEVER BE DONE IN TRAINING
USING PRECUED ITEMS - SHOULD NEVER BE DONE IN TRAINING
USING PRECUED ITEMS - SHOULD NEVER BE DONE IN TRAINING
USING PRECUED ITEMS - SHOULD NEVER BE DONE IN TRAINING
USING PRECUED ITEMS - SHOULD NEVER BE DONE IN TRAINING
USING PRECUED ITEMS - SHOULD NEVER BE DONE IN TRAINING
USING PRECUED ITEMS - SHOULD NEVER BE DONE IN TRAINING
USING PRECUED ITEMS - SHOULD NEVER BE DONE IN TRAINING
USING PRECUED ITEMS - SHOULD NEVER BE DONE IN TRAINING
USING PRECUED ITEMS - SHOULD NEVER BE DONE IN TRAINING
USING PRECUED ITEMS - SHOULD NEVER BE DONE IN TRAINING
USING PRECUED ITEMS - SHOULD NEVER BE DONE IN TRAINING
USING PRECUED ITEMS - SHOULD NEVER BE DONE IN TRAINING
USING PRECUED ITEMS - SHOULD NEVER BE DONE IN TRAINING
USING PRECUED ITEMS - SHOULD NEVER BE DONE IN TRAINING
USING PRECUED ITEMS - SHOULD NEVER BE DONE IN TRAINING
USING PRECUED ITEMS - SHOULD NEVER BE DONE IN TRAINING
[index_cued_first_diffusion_0.3_swap_recovery_ablation_4_0] trial 50/288
USING PRECUED ITEMS - SHOULD NEVER BE DONE IN TRAINING
USING PRECUED ITEMS - SHOULD NEVER BE DONE IN TRAINING
USING PRECUED ITEMS - SHOULD NEVER BE DONE IN TRAINING
USING PRECUED ITEMS - SHOULD NEVER BE DONE IN TRAINING
USING PRECUED ITEMS - SHOULD NEVER BE DONE IN TRAINING
USING PRECUED ITEMS - SHOULD NEVER BE DONE IN TRAINING
USING PRECUED ITEMS - SHOULD NEVER BE DONE IN TRAINING
USING PRECUED ITEMS - SHOULD NEVER BE DONE IN TRAINING
USING PRECUED ITEMS - SHOULD NEVER BE DONE IN TRAINING
USING PRECUED ITEMS - SHOULD NEVER BE DONE IN TRAINING
USING PRECUED ITEMS - SHOULD NEVER BE DONE IN TRAINING
USING PRECUED ITEMS - SHOULD NEVER BE DONE IN TRAINING
USING PRECUED ITEMS - SHOULD NEVER BE DONE IN TRAINING
USING PRECUED ITEMS - SHOULD NEVER BE DONE IN TRAINING
USING PRECUED ITEMS - SHOULD NEVER BE DONE IN TRAINING
USING PRECUED ITEMS - SHOULD NEVER BE DONE IN TRAINING
USING PRECUED ITEMS - SHOULD NEVER BE DONE IN TRAINING
USING PRECUED ITEMS - SHOULD NEVER BE DONE IN TRAINING
USING PRECUED ITEMS - SHOULD NEVER BE DONE IN TRAINING
USING PRECUED ITEMS - SHOULD NEVER BE DONE IN TRAINING
USING PRECUED ITEMS - SHOULD NEVER BE DONE IN TRAINING
USING PRECUED ITEMS - SHOULD NEVER BE DONE IN TRAINING
USING PRECUED ITEMS - SHOULD NEVER BE DONE IN TRAINING
USING PRECUED ITEMS - SHOULD NEVER BE DONE IN TRAINING
USING PRECUED ITEMS - SHOULD NEVER BE DONE IN TRAINING
USING PRECUED ITEMS - SHOULD NEVER BE DONE IN TRAINING
USING PRECUED ITEMS - SHOULD NEVER BE DONE IN TRAINING
USING PRECUED ITEMS - SHOULD NEVER BE DONE IN TRAINING
USING PRECUED ITEMS - SHOULD NEVER BE DONE IN TRAINING
USING PRECUED ITEMS - SHOULD NEVER BE DONE IN TRAINING
USING PRECUED ITEMS - SHOULD NEVER BE DONE IN TRAINING
USING PRECUED ITEMS - SHOULD NEVER BE DONE IN TRAINING
USING PRECUED ITEMS - SHOULD NEVER BE DONE IN TRAINING
USING PRECUED ITEMS - SHOULD NEVER BE DONE IN TRAINING
USING PRECUED ITEMS - SHOULD NEVER BE DONE IN TRAINING
USING PRECUED ITEMS - SHOULD NEVER BE DONE IN TRAINING
USING PRECUED ITEMS - SHOULD NEVER BE DONE IN TRAINING
USING PRECUED ITEMS - SHOULD NEVER BE DONE IN TRAINING
USING PRECUED ITEMS - SHOULD NEVER BE DONE IN TRAINING
USING PRECUED ITEMS - SHOULD NEVER BE DONE IN TRAINING
USING PRECUED ITEMS - SHOULD NEVER BE DONE IN TRAINING
USING PRECUED ITEMS - SHOULD NEVER BE DONE IN TRAINING
USING PRECUED ITEMS - SHOULD NEVER BE DONE IN TRAINING
USING PRECUED ITEMS - SHOULD NEVER BE DONE IN TRAINING
USING PRECUED ITEMS - SHOULD NEVER BE DONE IN TRAINING
USING PRECUED ITEMS - SHOULD NEVER BE DONE IN TRAINING
USING PRECUED ITEMS - SHOULD NEVER BE DONE IN TRAINING
USING PRECUED ITEMS - SHOULD NEVER BE DONE IN TRAINING
USING PRECUED ITEMS - SHOULD NEVER BE DONE IN TRAINING
USING PRECUED ITEMS - SHOULD NEVER BE DONE IN TRAINING
[index_cued_first_diffusion_0.3_swap_recovery_ablation_4_0] trial 100/288
USING PRECUED ITEMS - SHOULD NEVER BE DONE IN TRAINING
USING PRECUED ITEMS - SHOULD NEVER BE DONE IN TRAINING
USING PRECUED ITEMS - SHOULD NEVER BE DONE IN TRAINING
USING PRECUED ITEMS - SHOULD NEVER BE DONE IN TRAINING
USING PRECUED ITEMS - SHOULD NEVER BE DONE IN TRAINING
USING PRECUED ITEMS - SHOULD NEVER BE DONE IN TRAINING
USING PRECUED ITEMS - SHOULD NEVER BE DONE IN TRAINING
USING PRECUED ITEMS - SHOULD NEVER BE DONE IN TRAINING
USING PRECUED ITEMS - SHOULD NEVER BE DONE IN TRAINING
USING PRECUED ITEMS - SHOULD NEVER BE DONE IN TRAINING
USING PRECUED ITEMS - SHOULD NEVER BE DONE IN TRAINING
USING PRECUED ITEMS - SHOULD NEVER BE DONE IN TRAINING
USING PRECUED ITEMS - SHOULD NEVER BE DONE IN TRAINING
USING PRECUED ITEMS - SHOULD NEVER BE DONE IN TRAINING
USING PRECUED ITEMS - SHOULD NEVER BE DONE IN TRAINING
USING PRECUED ITEMS - SHOULD NEVER BE DONE IN TRAINING
USING PRECUED ITEMS - SHOULD NEVER BE DONE IN TRAINING
USING PRECUED ITEMS - SHOULD NEVER BE DONE IN TRAINING
USING PRECUED ITEMS - SHOULD NEVER BE DONE IN TRAINING
USING PRECUED ITEMS - SHOULD NEVER BE DONE IN TRAINING
USING PRECUED ITEMS - SHOULD NEVER BE DONE IN TRAINING
USING PRECUED ITEMS - SHOULD NEVER BE DONE IN TRAINING
USING PRECUED ITEMS - SHOULD NEVER BE DONE IN TRAINING
USING PRECUED ITEMS - SHOULD NEVER BE DONE IN TRAINING
USING PRECUED ITEMS - SHOULD NEVER BE DONE IN TRAINING
USING PRECUED ITEMS - SHOULD NEVER BE DONE IN TRAINING
USING PRECUED ITEMS - SHOULD NEVER BE DONE IN TRAINING
USING PRECUED ITEMS - SHOULD NEVER BE DONE IN TRAINING
USING PRECUED ITEMS - SHOULD NEVER BE DONE IN TRAINING
USING PRECUED ITEMS - SHOULD NEVER BE DONE IN TRAINING
USING PRECUED ITEMS - SHOULD NEVER BE DONE IN TRAINING
USING PRECUED ITEMS - SHOULD NEVER BE DONE IN TRAINING
USING PRECUED ITEMS - SHOULD NEVER BE DONE IN TRAINING
USING PRECUED ITEMS - SHOULD NEVER BE DONE IN TRAINING
USING PRECUED ITEMS - SHOULD NEVER BE DONE IN TRAINING
USING PRECUED ITEMS - SHOULD NEVER BE DONE IN TRAINING
USING PRECUED ITEMS - SHOULD NEVER BE DONE IN TRAINING
USING PRECUED ITEMS - SHOULD NEVER BE DONE IN TRAINING
USING PRECUED ITEMS - SHOULD NEVER BE DONE IN TRAINING
USING PRECUED ITEMS - SHOULD NEVER BE DONE IN TRAINING
USING PRECUED ITEMS - SHOULD NEVER BE DONE IN TRAINING
USING PRECUED ITEMS - SHOULD NEVER BE DONE IN TRAINING
USING PRECUED ITEMS - SHOULD NEVER BE DONE IN TRAINING
USING PRECUED ITEMS - SHOULD NEVER BE DONE IN TRAINING
USING PRECUED ITEMS - SHOULD NEVER BE DONE IN TRAINING
USING PRECUED ITEMS - SHOULD NEVER BE DONE IN TRAINING
USING PRECUED ITEMS - SHOULD NEVER BE DONE IN TRAINING
USING PRECUED ITEMS - SHOULD NEVER BE DONE IN TRAINING
USING PRECUED ITEMS - SHOULD NEVER BE DONE IN TRAINING
USING PRECUED ITEMS - SHOULD NEVER BE DONE IN TRAINING
[index_cued_first_diffusion_0.3_swap_recovery_ablation_4_0] trial 150/288
USING PRECUED ITEMS - SHOULD NEVER BE DONE IN TRAINING
USING PRECUED ITEMS - SHOULD NEVER BE DONE IN TRAINING
USING PRECUED ITEMS - SHOULD NEVER BE DONE IN TRAINING
USING PRECUED ITEMS - SHOULD NEVER BE DONE IN TRAINING
USING PRECUED ITEMS - SHOULD NEVER BE DONE IN TRAINING
USING PRECUED ITEMS - SHOULD NEVER BE DONE IN TRAINING
USING PRECUED ITEMS - SHOULD NEVER BE DONE IN TRAINING
USING PRECUED ITEMS - SHOULD NEVER BE DONE IN TRAINING
USING PRECUED ITEMS - SHOULD NEVER BE DONE IN TRAINING
USING PRECUED ITEMS - SHOULD NEVER BE DONE IN TRAINING
USING PRECUED ITEMS - SHOULD NEVER BE DONE IN TRAINING
USING PRECUED ITEMS - SHOULD NEVER BE DONE IN TRAINING
USING PRECUED ITEMS - SHOULD NEVER BE DONE IN TRAINING
USING PRECUED ITEMS - SHOULD NEVER BE DONE IN TRAINING
USING PRECUED ITEMS - SHOULD NEVER BE DONE IN TRAINING
USING PRECUED ITEMS - SHOULD NEVER BE DONE IN TRAINING
USING PRECUED ITEMS - SHOULD NEVER BE DONE IN TRAINING
USING PRECUED ITEMS - SHOULD NEVER BE DONE IN TRAINING
USING PRECUED ITEMS - SHOULD NEVER BE DONE IN TRAINING
USING PRECUED ITEMS - SHOULD NEVER BE DONE IN TRAINING
USING PRECUED ITEMS - SHOULD NEVER BE DONE IN TRAINING
USING PRECUED ITEMS - SHOULD NEVER BE DONE IN TRAINING
USING PRECUED ITEMS - SHOULD NEVER BE DONE IN TRAINING
USING PRECUED ITEMS - SHOULD NEVER BE DONE IN TRAINING
USING PRECUED ITEMS - SHOULD NEVER BE DONE IN TRAINING
USING PRECUED ITEMS - SHOULD NEVER BE DONE IN TRAINING
USING PRECUED ITEMS - SHOULD NEVER BE DONE IN TRAINING
USING PRECUED ITEMS - SHOULD NEVER BE DONE IN TRAINING
USING PRECUED ITEMS - SHOULD NEVER BE DONE IN TRAINING
USING PRECUED ITEMS - SHOULD NEVER BE DONE IN TRAINING
USING PRECUED ITEMS - SHOULD NEVER BE DONE IN TRAINING
USING PRECUED ITEMS - SHOULD NEVER BE DONE IN TRAINING
USING PRECUED ITEMS - SHOULD NEVER BE DONE IN TRAINING
USING PRECUED ITEMS - SHOULD NEVER BE DONE IN TRAINING
USING PRECUED ITEMS - SHOULD NEVER BE DONE IN TRAINING
USING PRECUED ITEMS - SHOULD NEVER BE DONE IN TRAINING
USING PRECUED ITEMS - SHOULD NEVER BE DONE IN TRAINING
USING PRECUED ITEMS - SHOULD NEVER BE DONE IN TRAINING
USING PRECUED ITEMS - SHOULD NEVER BE DONE IN TRAINING
USING PRECUED ITEMS - SHOULD NEVER BE DONE IN TRAINING
USING PRECUED ITEMS - SHOULD NEVER BE DONE IN TRAINING
USING PRECUED ITEMS - SHOULD NEVER BE DONE IN TRAINING
USING PRECUED ITEMS - SHOULD NEVER BE DONE IN TRAINING
USING PRECUED ITEMS - SHOULD NEVER BE DONE IN TRAINING
USING PRECUED ITEMS - SHOULD NEVER BE DONE IN TRAINING
USING PRECUED ITEMS - SHOULD NEVER BE DONE IN TRAINING
USING PRECUED ITEMS - SHOULD NEVER BE DONE IN TRAINING
USING PRECUED ITEMS - SHOULD NEVER BE DONE IN TRAINING
USING PRECUED ITEMS - SHOULD NEVER BE DONE IN TRAINING
USING PRECUED ITEMS - SHOULD NEVER BE DONE IN TRAINING
[index_cued_first_diffusion_0.3_swap_recovery_ablation_4_0] trial 200/288
USING PRECUED ITEMS - SHOULD NEVER BE DONE IN TRAINING
USING PRECUED ITEMS - SHOULD NEVER BE DONE IN TRAINING
USING PRECUED ITEMS - SHOULD NEVER BE DONE IN TRAINING
USING PRECUED ITEMS - SHOULD NEVER BE DONE IN TRAINING
USING PRECUED ITEMS - SHOULD NEVER BE DONE IN TRAINING
USING PRECUED ITEMS - SHOULD NEVER BE DONE IN TRAINING
USING PRECUED ITEMS - SHOULD NEVER BE DONE IN TRAINING
USING PRECUED ITEMS - SHOULD NEVER BE DONE IN TRAINING
USING PRECUED ITEMS - SHOULD NEVER BE DONE IN TRAINING
USING PRECUED ITEMS - SHOULD NEVER BE DONE IN TRAINING
USING PRECUED ITEMS - SHOULD NEVER BE DONE IN TRAINING
USING PRECUED ITEMS - SHOULD NEVER BE DONE IN TRAINING
USING PRECUED ITEMS - SHOULD NEVER BE DONE IN TRAINING
USING PRECUED ITEMS - SHOULD NEVER BE DONE IN TRAINING
USING PRECUED ITEMS - SHOULD NEVER BE DONE IN TRAINING
USING PRECUED ITEMS - SHOULD NEVER BE DONE IN TRAINING
USING PRECUED ITEMS - SHOULD NEVER BE DONE IN TRAINING
USING PRECUED ITEMS - SHOULD NEVER BE DONE IN TRAINING
USING PRECUED ITEMS - SHOULD NEVER BE DONE IN TRAINING
USING PRECUED ITEMS - SHOULD NEVER BE DONE IN TRAINING
USING PRECUED ITEMS - SHOULD NEVER BE DONE IN TRAINING
USING PRECUED ITEMS - SHOULD NEVER BE DONE IN TRAINING
USING PRECUED ITEMS - SHOULD NEVER BE DONE IN TRAINING
USING PRECUED ITEMS - SHOULD NEVER BE DONE IN TRAINING
USING PRECUED ITEMS - SHOULD NEVER BE DONE IN TRAINING
USING PRECUED ITEMS - SHOULD NEVER BE DONE IN TRAINING
USING PRECUED ITEMS - SHOULD NEVER BE DONE IN TRAINING
USING PRECUED ITEMS - SHOULD NEVER BE DONE IN TRAINING
USING PRECUED ITEMS - SHOULD NEVER BE DONE IN TRAINING
USING PRECUED ITEMS - SHOULD NEVER BE DONE IN TRAINING
USING PRECUED ITEMS - SHOULD NEVER BE DONE IN TRAINING
USING PRECUED ITEMS - SHOULD NEVER BE DONE IN TRAINING
USING PRECUED ITEMS - SHOULD NEVER BE DONE IN TRAINING
USING PRECUED ITEMS - SHOULD NEVER BE DONE IN TRAINING
USING PRECUED ITEMS - SHOULD NEVER BE DONE IN TRAINING
USING PRECUED ITEMS - SHOULD NEVER BE DONE IN TRAINING
USING PRECUED ITEMS - SHOULD NEVER BE DONE IN TRAINING
USING PRECUED ITEMS - SHOULD NEVER BE DONE IN TRAINING
USING PRECUED ITEMS - SHOULD NEVER BE DONE IN TRAINING
USING PRECUED ITEMS - SHOULD NEVER BE DONE IN TRAINING
USING PRECUED ITEMS - SHOULD NEVER BE DONE IN TRAINING
USING PRECUED ITEMS - SHOULD NEVER BE DONE IN TRAINING
USING PRECUED ITEMS - SHOULD NEVER BE DONE IN TRAINING
USING PRECUED ITEMS - SHOULD NEVER BE DONE IN TRAINING
USING PRECUED ITEMS - SHOULD NEVER BE DONE IN TRAINING
USING PRECUED ITEMS - SHOULD NEVER BE DONE IN TRAINING
USING PRECUED ITEMS - SHOULD NEVER BE DONE IN TRAINING
USING PRECUED ITEMS - SHOULD NEVER BE DONE IN TRAINING
USING PRECUED ITEMS - SHOULD NEVER BE DONE IN TRAINING
USING PRECUED ITEMS - SHOULD NEVER BE DONE IN TRAINING
[index_cued_first_diffusion_0.3_swap_recovery_ablation_4_0] trial 250/288
USING PRECUED ITEMS - SHOULD NEVER BE DONE IN TRAINING
USING PRECUED ITEMS - SHOULD NEVER BE DONE IN TRAINING
USING PRECUED ITEMS - SHOULD NEVER BE DONE IN TRAINING
USING PRECUED ITEMS - SHOULD NEVER BE DONE IN TRAINING
USING PRECUED ITEMS - SHOULD NEVER BE DONE IN TRAINING
USING PRECUED ITEMS - SHOULD NEVER BE DONE IN TRAINING
USING PRECUED ITEMS - SHOULD NEVER BE DONE IN TRAINING
USING PRECUED ITEMS - SHOULD NEVER BE DONE IN TRAINING
USING PRECUED ITEMS - SHOULD NEVER BE DONE IN TRAINING
USING PRECUED ITEMS - SHOULD NEVER BE DONE IN TRAINING
USING PRECUED ITEMS - SHOULD NEVER BE DONE IN TRAINING
USING PRECUED ITEMS - SHOULD NEVER BE DONE IN TRAINING
USING PRECUED ITEMS - SHOULD NEVER BE DONE IN TRAINING
USING PRECUED ITEMS - SHOULD NEVER BE DONE IN TRAINING
USING PRECUED ITEMS - SHOULD NEVER BE DONE IN TRAINING
USING PRECUED ITEMS - SHOULD NEVER BE DONE IN TRAINING
USING PRECUED ITEMS - SHOULD NEVER BE DONE IN TRAINING
USING PRECUED ITEMS - SHOULD NEVER BE DONE IN TRAINING
USING PRECUED ITEMS - SHOULD NEVER BE DONE IN TRAINING
USING PRECUED ITEMS - SHOULD NEVER BE DONE IN TRAINING
USING PRECUED ITEMS - SHOULD NEVER BE DONE IN TRAINING
USING PRECUED ITEMS - SHOULD NEVER BE DONE IN TRAINING
USING PRECUED ITEMS - SHOULD NEVER BE DONE IN TRAINING
USING PRECUED ITEMS - SHOULD NEVER BE DONE IN TRAINING
USING PRECUED ITEMS - SHOULD NEVER BE DONE IN TRAINING
USING PRECUED ITEMS - SHOULD NEVER BE DONE IN TRAINING
USING PRECUED ITEMS - SHOULD NEVER BE DONE IN TRAINING
USING PRECUED ITEMS - SHOULD NEVER BE DONE IN TRAINING
USING PRECUED ITEMS - SHOULD NEVER BE DONE IN TRAINING
USING PRECUED ITEMS - SHOULD NEVER BE DONE IN TRAINING
USING PRECUED ITEMS - SHOULD NEVER BE DONE IN TRAINING
USING PRECUED ITEMS - SHOULD NEVER BE DONE IN TRAINING
USING PRECUED ITEMS - SHOULD NEVER BE DONE IN TRAINING
USING PRECUED ITEMS - SHOULD NEVER BE DONE IN TRAINING
USING PRECUED ITEMS - SHOULD NEVER BE DONE IN TRAINING
USING PRECUED ITEMS - SHOULD NEVER BE DONE IN TRAINING
USING PRECUED ITEMS - SHOULD NEVER BE DONE IN TRAINING
USING PRECUED ITEMS - SHOULD NEVER BE DONE IN TRAINING
Loading student run: index_cued_first_diffusion_0.3_swap_recovery_ablation_5_0
[index_cued_first_diffusion_0.3_swap_recovery_ablation_5_0] trial 0/288
USING PRECUED ITEMS - SHOULD NEVER BE DONE IN TRAINING
USING PRECUED ITEMS - SHOULD NEVER BE DONE IN TRAINING
USING PRECUED ITEMS - SHOULD NEVER BE DONE IN TRAINING
USING PRECUED ITEMS - SHOULD NEVER BE DONE IN TRAINING
USING PRECUED ITEMS - SHOULD NEVER BE DONE IN TRAINING
USING PRECUED ITEMS - SHOULD NEVER BE DONE IN TRAINING
USING PRECUED ITEMS - SHOULD NEVER BE DONE IN TRAINING
USING PRECUED ITEMS - SHOULD NEVER BE DONE IN TRAINING
USING PRECUED ITEMS - SHOULD NEVER BE DONE IN TRAINING
USING PRECUED ITEMS - SHOULD NEVER BE DONE IN TRAINING
USING PRECUED ITEMS - SHOULD NEVER BE DONE IN TRAINING
USING PRECUED ITEMS - SHOULD NEVER BE DONE IN TRAINING
USING PRECUED ITEMS - SHOULD NEVER BE DONE IN TRAINING
USING PRECUED ITEMS - SHOULD NEVER BE DONE IN TRAINING
USING PRECUED ITEMS - SHOULD NEVER BE DONE IN TRAINING
USING PRECUED ITEMS - SHOULD NEVER BE DONE IN TRAINING
USING PRECUED ITEMS - SHOULD NEVER BE DONE IN TRAINING
USING PRECUED ITEMS - SHOULD NEVER BE DONE IN TRAINING
USING PRECUED ITEMS - SHOULD NEVER BE DONE IN TRAINING
USING PRECUED ITEMS - SHOULD NEVER BE DONE IN TRAINING
USING PRECUED ITEMS - SHOULD NEVER BE DONE IN TRAINING
USING PRECUED ITEMS - SHOULD NEVER BE DONE IN TRAINING
USING PRECUED ITEMS - SHOULD NEVER BE DONE IN TRAINING
USING PRECUED ITEMS - SHOULD NEVER BE DONE IN TRAINING
USING PRECUED ITEMS - SHOULD NEVER BE DONE IN TRAINING
USING PRECUED ITEMS - SHOULD NEVER BE DONE IN TRAINING
USING PRECUED ITEMS - SHOULD NEVER BE DONE IN TRAINING
USING PRECUED ITEMS - SHOULD NEVER BE DONE IN TRAINING
USING PRECUED ITEMS - SHOULD NEVER BE DONE IN TRAINING
USING PRECUED ITEMS - SHOULD NEVER BE DONE IN TRAINING
USING PRECUED ITEMS - SHOULD NEVER BE DONE IN TRAINING
USING PRECUED ITEMS - SHOULD NEVER BE DONE IN TRAINING
USING PRECUED ITEMS - SHOULD NEVER BE DONE IN TRAINING
USING PRECUED ITEMS - SHOULD NEVER BE DONE IN TRAINING
USING PRECUED ITEMS - SHOULD NEVER BE DONE IN TRAINING
USING PRECUED ITEMS - SHOULD NEVER BE DONE IN TRAINING
USING PRECUED ITEMS - SHOULD NEVER BE DONE IN TRAINING
USING PRECUED ITEMS - SHOULD NEVER BE DONE IN TRAINING
USING PRECUED ITEMS - SHOULD NEVER BE DONE IN TRAINING
USING PRECUED ITEMS - SHOULD NEVER BE DONE IN TRAINING
USING PRECUED ITEMS - SHOULD NEVER BE DONE IN TRAINING
USING PRECUED ITEMS - SHOULD NEVER BE DONE IN TRAINING
USING PRECUED ITEMS - SHOULD NEVER BE DONE IN TRAINING
USING PRECUED ITEMS - SHOULD NEVER BE DONE IN TRAINING
USING PRECUED ITEMS - SHOULD NEVER BE DONE IN TRAINING
USING PRECUED ITEMS - SHOULD NEVER BE DONE IN TRAINING
USING PRECUED ITEMS - SHOULD NEVER BE DONE IN TRAINING
USING PRECUED ITEMS - SHOULD NEVER BE DONE IN TRAINING
USING PRECUED ITEMS - SHOULD NEVER BE DONE IN TRAINING
USING PRECUED ITEMS - SHOULD NEVER BE DONE IN TRAINING
[index_cued_first_diffusion_0.3_swap_recovery_ablation_5_0] trial 50/288
USING PRECUED ITEMS - SHOULD NEVER BE DONE IN TRAINING
USING PRECUED ITEMS - SHOULD NEVER BE DONE IN TRAINING
USING PRECUED ITEMS - SHOULD NEVER BE DONE IN TRAINING
USING PRECUED ITEMS - SHOULD NEVER BE DONE IN TRAINING
USING PRECUED ITEMS - SHOULD NEVER BE DONE IN TRAINING
USING PRECUED ITEMS - SHOULD NEVER BE DONE IN TRAINING
USING PRECUED ITEMS - SHOULD NEVER BE DONE IN TRAINING
USING PRECUED ITEMS - SHOULD NEVER BE DONE IN TRAINING
USING PRECUED ITEMS - SHOULD NEVER BE DONE IN TRAINING
USING PRECUED ITEMS - SHOULD NEVER BE DONE IN TRAINING
USING PRECUED ITEMS - SHOULD NEVER BE DONE IN TRAINING
USING PRECUED ITEMS - SHOULD NEVER BE DONE IN TRAINING
USING PRECUED ITEMS - SHOULD NEVER BE DONE IN TRAINING
USING PRECUED ITEMS - SHOULD NEVER BE DONE IN TRAINING
USING PRECUED ITEMS - SHOULD NEVER BE DONE IN TRAINING
USING PRECUED ITEMS - SHOULD NEVER BE DONE IN TRAINING
USING PRECUED ITEMS - SHOULD NEVER BE DONE IN TRAINING
USING PRECUED ITEMS - SHOULD NEVER BE DONE IN TRAINING
USING PRECUED ITEMS - SHOULD NEVER BE DONE IN TRAINING
USING PRECUED ITEMS - SHOULD NEVER BE DONE IN TRAINING
USING PRECUED ITEMS - SHOULD NEVER BE DONE IN TRAINING
USING PRECUED ITEMS - SHOULD NEVER BE DONE IN TRAINING
USING PRECUED ITEMS - SHOULD NEVER BE DONE IN TRAINING
USING PRECUED ITEMS - SHOULD NEVER BE DONE IN TRAINING
USING PRECUED ITEMS - SHOULD NEVER BE DONE IN TRAINING
USING PRECUED ITEMS - SHOULD NEVER BE DONE IN TRAINING
USING PRECUED ITEMS - SHOULD NEVER BE DONE IN TRAINING
USING PRECUED ITEMS - SHOULD NEVER BE DONE IN TRAINING
USING PRECUED ITEMS - SHOULD NEVER BE DONE IN TRAINING
USING PRECUED ITEMS - SHOULD NEVER BE DONE IN TRAINING
USING PRECUED ITEMS - SHOULD NEVER BE DONE IN TRAINING
USING PRECUED ITEMS - SHOULD NEVER BE DONE IN TRAINING
USING PRECUED ITEMS - SHOULD NEVER BE DONE IN TRAINING
USING PRECUED ITEMS - SHOULD NEVER BE DONE IN TRAINING
USING PRECUED ITEMS - SHOULD NEVER BE DONE IN TRAINING
USING PRECUED ITEMS - SHOULD NEVER BE DONE IN TRAINING
USING PRECUED ITEMS - SHOULD NEVER BE DONE IN TRAINING
USING PRECUED ITEMS - SHOULD NEVER BE DONE IN TRAINING
USING PRECUED ITEMS - SHOULD NEVER BE DONE IN TRAINING
USING PRECUED ITEMS - SHOULD NEVER BE DONE IN TRAINING
USING PRECUED ITEMS - SHOULD NEVER BE DONE IN TRAINING
USING PRECUED ITEMS - SHOULD NEVER BE DONE IN TRAINING
USING PRECUED ITEMS - SHOULD NEVER BE DONE IN TRAINING
USING PRECUED ITEMS - SHOULD NEVER BE DONE IN TRAINING
USING PRECUED ITEMS - SHOULD NEVER BE DONE IN TRAINING
USING PRECUED ITEMS - SHOULD NEVER BE DONE IN TRAINING
USING PRECUED ITEMS - SHOULD NEVER BE DONE IN TRAINING
USING PRECUED ITEMS - SHOULD NEVER BE DONE IN TRAINING
USING PRECUED ITEMS - SHOULD NEVER BE DONE IN TRAINING
USING PRECUED ITEMS - SHOULD NEVER BE DONE IN TRAINING
[index_cued_first_diffusion_0.3_swap_recovery_ablation_5_0] trial 100/288
USING PRECUED ITEMS - SHOULD NEVER BE DONE IN TRAINING
USING PRECUED ITEMS - SHOULD NEVER BE DONE IN TRAINING
USING PRECUED ITEMS - SHOULD NEVER BE DONE IN TRAINING
USING PRECUED ITEMS - SHOULD NEVER BE DONE IN TRAINING
USING PRECUED ITEMS - SHOULD NEVER BE DONE IN TRAINING
USING PRECUED ITEMS - SHOULD NEVER BE DONE IN TRAINING
USING PRECUED ITEMS - SHOULD NEVER BE DONE IN TRAINING
USING PRECUED ITEMS - SHOULD NEVER BE DONE IN TRAINING
USING PRECUED ITEMS - SHOULD NEVER BE DONE IN TRAINING
USING PRECUED ITEMS - SHOULD NEVER BE DONE IN TRAINING
USING PRECUED ITEMS - SHOULD NEVER BE DONE IN TRAINING
USING PRECUED ITEMS - SHOULD NEVER BE DONE IN TRAINING
USING PRECUED ITEMS - SHOULD NEVER BE DONE IN TRAINING
USING PRECUED ITEMS - SHOULD NEVER BE DONE IN TRAINING
USING PRECUED ITEMS - SHOULD NEVER BE DONE IN TRAINING
USING PRECUED ITEMS - SHOULD NEVER BE DONE IN TRAINING
USING PRECUED ITEMS - SHOULD NEVER BE DONE IN TRAINING
USING PRECUED ITEMS - SHOULD NEVER BE DONE IN TRAINING
USING PRECUED ITEMS - SHOULD NEVER BE DONE IN TRAINING
USING PRECUED ITEMS - SHOULD NEVER BE DONE IN TRAINING
USING PRECUED ITEMS - SHOULD NEVER BE DONE IN TRAINING
USING PRECUED ITEMS - SHOULD NEVER BE DONE IN TRAINING
USING PRECUED ITEMS - SHOULD NEVER BE DONE IN TRAINING
USING PRECUED ITEMS - SHOULD NEVER BE DONE IN TRAINING
USING PRECUED ITEMS - SHOULD NEVER BE DONE IN TRAINING
USING PRECUED ITEMS - SHOULD NEVER BE DONE IN TRAINING
USING PRECUED ITEMS - SHOULD NEVER BE DONE IN TRAINING
USING PRECUED ITEMS - SHOULD NEVER BE DONE IN TRAINING
USING PRECUED ITEMS - SHOULD NEVER BE DONE IN TRAINING
USING PRECUED ITEMS - SHOULD NEVER BE DONE IN TRAINING
USING PRECUED ITEMS - SHOULD NEVER BE DONE IN TRAINING
USING PRECUED ITEMS - SHOULD NEVER BE DONE IN TRAINING
USING PRECUED ITEMS - SHOULD NEVER BE DONE IN TRAINING
USING PRECUED ITEMS - SHOULD NEVER BE DONE IN TRAINING
USING PRECUED ITEMS - SHOULD NEVER BE DONE IN TRAINING
USING PRECUED ITEMS - SHOULD NEVER BE DONE IN TRAINING
USING PRECUED ITEMS - SHOULD NEVER BE DONE IN TRAINING
USING PRECUED ITEMS - SHOULD NEVER BE DONE IN TRAINING
USING PRECUED ITEMS - SHOULD NEVER BE DONE IN TRAINING
USING PRECUED ITEMS - SHOULD NEVER BE DONE IN TRAINING
USING PRECUED ITEMS - SHOULD NEVER BE DONE IN TRAINING
USING PRECUED ITEMS - SHOULD NEVER BE DONE IN TRAINING
USING PRECUED ITEMS - SHOULD NEVER BE DONE IN TRAINING
USING PRECUED ITEMS - SHOULD NEVER BE DONE IN TRAINING
USING PRECUED ITEMS - SHOULD NEVER BE DONE IN TRAINING
USING PRECUED ITEMS - SHOULD NEVER BE DONE IN TRAINING
USING PRECUED ITEMS - SHOULD NEVER BE DONE IN TRAINING
USING PRECUED ITEMS - SHOULD NEVER BE DONE IN TRAINING
USING PRECUED ITEMS - SHOULD NEVER BE DONE IN TRAINING
USING PRECUED ITEMS - SHOULD NEVER BE DONE IN TRAINING
[index_cued_first_diffusion_0.3_swap_recovery_ablation_5_0] trial 150/288
USING PRECUED ITEMS - SHOULD NEVER BE DONE IN TRAINING
USING PRECUED ITEMS - SHOULD NEVER BE DONE IN TRAINING
USING PRECUED ITEMS - SHOULD NEVER BE DONE IN TRAINING
USING PRECUED ITEMS - SHOULD NEVER BE DONE IN TRAINING
USING PRECUED ITEMS - SHOULD NEVER BE DONE IN TRAINING
USING PRECUED ITEMS - SHOULD NEVER BE DONE IN TRAINING
USING PRECUED ITEMS - SHOULD NEVER BE DONE IN TRAINING
USING PRECUED ITEMS - SHOULD NEVER BE DONE IN TRAINING
USING PRECUED ITEMS - SHOULD NEVER BE DONE IN TRAINING
USING PRECUED ITEMS - SHOULD NEVER BE DONE IN TRAINING
USING PRECUED ITEMS - SHOULD NEVER BE DONE IN TRAINING
USING PRECUED ITEMS - SHOULD NEVER BE DONE IN TRAINING
USING PRECUED ITEMS - SHOULD NEVER BE DONE IN TRAINING
USING PRECUED ITEMS - SHOULD NEVER BE DONE IN TRAINING
USING PRECUED ITEMS - SHOULD NEVER BE DONE IN TRAINING
USING PRECUED ITEMS - SHOULD NEVER BE DONE IN TRAINING
USING PRECUED ITEMS - SHOULD NEVER BE DONE IN TRAINING
USING PRECUED ITEMS - SHOULD NEVER BE DONE IN TRAINING
USING PRECUED ITEMS - SHOULD NEVER BE DONE IN TRAINING
USING PRECUED ITEMS - SHOULD NEVER BE DONE IN TRAINING
USING PRECUED ITEMS - SHOULD NEVER BE DONE IN TRAINING
USING PRECUED ITEMS - SHOULD NEVER BE DONE IN TRAINING
USING PRECUED ITEMS - SHOULD NEVER BE DONE IN TRAINING
USING PRECUED ITEMS - SHOULD NEVER BE DONE IN TRAINING
USING PRECUED ITEMS - SHOULD NEVER BE DONE IN TRAINING
USING PRECUED ITEMS - SHOULD NEVER BE DONE IN TRAINING
USING PRECUED ITEMS - SHOULD NEVER BE DONE IN TRAINING
USING PRECUED ITEMS - SHOULD NEVER BE DONE IN TRAINING
USING PRECUED ITEMS - SHOULD NEVER BE DONE IN TRAINING
USING PRECUED ITEMS - SHOULD NEVER BE DONE IN TRAINING
USING PRECUED ITEMS - SHOULD NEVER BE DONE IN TRAINING
USING PRECUED ITEMS - SHOULD NEVER BE DONE IN TRAINING
USING PRECUED ITEMS - SHOULD NEVER BE DONE IN TRAINING
USING PRECUED ITEMS - SHOULD NEVER BE DONE IN TRAINING
USING PRECUED ITEMS - SHOULD NEVER BE DONE IN TRAINING
USING PRECUED ITEMS - SHOULD NEVER BE DONE IN TRAINING
USING PRECUED ITEMS - SHOULD NEVER BE DONE IN TRAINING
USING PRECUED ITEMS - SHOULD NEVER BE DONE IN TRAINING
USING PRECUED ITEMS - SHOULD NEVER BE DONE IN TRAINING
USING PRECUED ITEMS - SHOULD NEVER BE DONE IN TRAINING
USING PRECUED ITEMS - SHOULD NEVER BE DONE IN TRAINING
USING PRECUED ITEMS - SHOULD NEVER BE DONE IN TRAINING
USING PRECUED ITEMS - SHOULD NEVER BE DONE IN TRAINING
USING PRECUED ITEMS - SHOULD NEVER BE DONE IN TRAINING
USING PRECUED ITEMS - SHOULD NEVER BE DONE IN TRAINING
USING PRECUED ITEMS - SHOULD NEVER BE DONE IN TRAINING
USING PRECUED ITEMS - SHOULD NEVER BE DONE IN TRAINING
USING PRECUED ITEMS - SHOULD NEVER BE DONE IN TRAINING
USING PRECUED ITEMS - SHOULD NEVER BE DONE IN TRAINING
USING PRECUED ITEMS - SHOULD NEVER BE DONE IN TRAINING
[index_cued_first_diffusion_0.3_swap_recovery_ablation_5_0] trial 200/288
USING PRECUED ITEMS - SHOULD NEVER BE DONE IN TRAINING
USING PRECUED ITEMS - SHOULD NEVER BE DONE IN TRAINING
USING PRECUED ITEMS - SHOULD NEVER BE DONE IN TRAINING
USING PRECUED ITEMS - SHOULD NEVER BE DONE IN TRAINING
USING PRECUED ITEMS - SHOULD NEVER BE DONE IN TRAINING
USING PRECUED ITEMS - SHOULD NEVER BE DONE IN TRAINING
USING PRECUED ITEMS - SHOULD NEVER BE DONE IN TRAINING
USING PRECUED ITEMS - SHOULD NEVER BE DONE IN TRAINING
USING PRECUED ITEMS - SHOULD NEVER BE DONE IN TRAINING
USING PRECUED ITEMS - SHOULD NEVER BE DONE IN TRAINING
USING PRECUED ITEMS - SHOULD NEVER BE DONE IN TRAINING
USING PRECUED ITEMS - SHOULD NEVER BE DONE IN TRAINING
USING PRECUED ITEMS - SHOULD NEVER BE DONE IN TRAINING
USING PRECUED ITEMS - SHOULD NEVER BE DONE IN TRAINING
USING PRECUED ITEMS - SHOULD NEVER BE DONE IN TRAINING
USING PRECUED ITEMS - SHOULD NEVER BE DONE IN TRAINING
USING PRECUED ITEMS - SHOULD NEVER BE DONE IN TRAINING
USING PRECUED ITEMS - SHOULD NEVER BE DONE IN TRAINING
USING PRECUED ITEMS - SHOULD NEVER BE DONE IN TRAINING
USING PRECUED ITEMS - SHOULD NEVER BE DONE IN TRAINING
USING PRECUED ITEMS - SHOULD NEVER BE DONE IN TRAINING
USING PRECUED ITEMS - SHOULD NEVER BE DONE IN TRAINING
USING PRECUED ITEMS - SHOULD NEVER BE DONE IN TRAINING
USING PRECUED ITEMS - SHOULD NEVER BE DONE IN TRAINING
USING PRECUED ITEMS - SHOULD NEVER BE DONE IN TRAINING
USING PRECUED ITEMS - SHOULD NEVER BE DONE IN TRAINING
USING PRECUED ITEMS - SHOULD NEVER BE DONE IN TRAINING
USING PRECUED ITEMS - SHOULD NEVER BE DONE IN TRAINING
USING PRECUED ITEMS - SHOULD NEVER BE DONE IN TRAINING
USING PRECUED ITEMS - SHOULD NEVER BE DONE IN TRAINING
USING PRECUED ITEMS - SHOULD NEVER BE DONE IN TRAINING
USING PRECUED ITEMS - SHOULD NEVER BE DONE IN TRAINING
USING PRECUED ITEMS - SHOULD NEVER BE DONE IN TRAINING
USING PRECUED ITEMS - SHOULD NEVER BE DONE IN TRAINING
USING PRECUED ITEMS - SHOULD NEVER BE DONE IN TRAINING
USING PRECUED ITEMS - SHOULD NEVER BE DONE IN TRAINING
USING PRECUED ITEMS - SHOULD NEVER BE DONE IN TRAINING
USING PRECUED ITEMS - SHOULD NEVER BE DONE IN TRAINING
USING PRECUED ITEMS - SHOULD NEVER BE DONE IN TRAINING
USING PRECUED ITEMS - SHOULD NEVER BE DONE IN TRAINING
USING PRECUED ITEMS - SHOULD NEVER BE DONE IN TRAINING
USING PRECUED ITEMS - SHOULD NEVER BE DONE IN TRAINING
USING PRECUED ITEMS - SHOULD NEVER BE DONE IN TRAINING
USING PRECUED ITEMS - SHOULD NEVER BE DONE IN TRAINING
USING PRECUED ITEMS - SHOULD NEVER BE DONE IN TRAINING
USING PRECUED ITEMS - SHOULD NEVER BE DONE IN TRAINING
USING PRECUED ITEMS - SHOULD NEVER BE DONE IN TRAINING
USING PRECUED ITEMS - SHOULD NEVER BE DONE IN TRAINING
USING PRECUED ITEMS - SHOULD NEVER BE DONE IN TRAINING
USING PRECUED ITEMS - SHOULD NEVER BE DONE IN TRAINING
[index_cued_first_diffusion_0.3_swap_recovery_ablation_5_0] trial 250/288
USING PRECUED ITEMS - SHOULD NEVER BE DONE IN TRAINING
USING PRECUED ITEMS - SHOULD NEVER BE DONE IN TRAINING
USING PRECUED ITEMS - SHOULD NEVER BE DONE IN TRAINING
USING PRECUED ITEMS - SHOULD NEVER BE DONE IN TRAINING
USING PRECUED ITEMS - SHOULD NEVER BE DONE IN TRAINING
USING PRECUED ITEMS - SHOULD NEVER BE DONE IN TRAINING
USING PRECUED ITEMS - SHOULD NEVER BE DONE IN TRAINING
USING PRECUED ITEMS - SHOULD NEVER BE DONE IN TRAINING
USING PRECUED ITEMS - SHOULD NEVER BE DONE IN TRAINING
USING PRECUED ITEMS - SHOULD NEVER BE DONE IN TRAINING
USING PRECUED ITEMS - SHOULD NEVER BE DONE IN TRAINING
USING PRECUED ITEMS - SHOULD NEVER BE DONE IN TRAINING
USING PRECUED ITEMS - SHOULD NEVER BE DONE IN TRAINING
USING PRECUED ITEMS - SHOULD NEVER BE DONE IN TRAINING
USING PRECUED ITEMS - SHOULD NEVER BE DONE IN TRAINING
USING PRECUED ITEMS - SHOULD NEVER BE DONE IN TRAINING
USING PRECUED ITEMS - SHOULD NEVER BE DONE IN TRAINING
USING PRECUED ITEMS - SHOULD NEVER BE DONE IN TRAINING
USING PRECUED ITEMS - SHOULD NEVER BE DONE IN TRAINING
USING PRECUED ITEMS - SHOULD NEVER BE DONE IN TRAINING
USING PRECUED ITEMS - SHOULD NEVER BE DONE IN TRAINING
USING PRECUED ITEMS - SHOULD NEVER BE DONE IN TRAINING
USING PRECUED ITEMS - SHOULD NEVER BE DONE IN TRAINING
USING PRECUED ITEMS - SHOULD NEVER BE DONE IN TRAINING
USING PRECUED ITEMS - SHOULD NEVER BE DONE IN TRAINING
USING PRECUED ITEMS - SHOULD NEVER BE DONE IN TRAINING
USING PRECUED ITEMS - SHOULD NEVER BE DONE IN TRAINING
USING PRECUED ITEMS - SHOULD NEVER BE DONE IN TRAINING
USING PRECUED ITEMS - SHOULD NEVER BE DONE IN TRAINING
USING PRECUED ITEMS - SHOULD NEVER BE DONE IN TRAINING
USING PRECUED ITEMS - SHOULD NEVER BE DONE IN TRAINING
USING PRECUED ITEMS - SHOULD NEVER BE DONE IN TRAINING
USING PRECUED ITEMS - SHOULD NEVER BE DONE IN TRAINING
USING PRECUED ITEMS - SHOULD NEVER BE DONE IN TRAINING
USING PRECUED ITEMS - SHOULD NEVER BE DONE IN TRAINING
USING PRECUED ITEMS - SHOULD NEVER BE DONE IN TRAINING
USING PRECUED ITEMS - SHOULD NEVER BE DONE IN TRAINING
USING PRECUED ITEMS - SHOULD NEVER BE DONE IN TRAINING
Loading student run: index_cued_first_diffusion_0.3_swap_recovery_ablation_6_0
[index_cued_first_diffusion_0.3_swap_recovery_ablation_6_0] trial 0/288
USING PRECUED ITEMS - SHOULD NEVER BE DONE IN TRAINING
USING PRECUED ITEMS - SHOULD NEVER BE DONE IN TRAINING
USING PRECUED ITEMS - SHOULD NEVER BE DONE IN TRAINING
USING PRECUED ITEMS - SHOULD NEVER BE DONE IN TRAINING
USING PRECUED ITEMS - SHOULD NEVER BE DONE IN TRAINING
USING PRECUED ITEMS - SHOULD NEVER BE DONE IN TRAINING
USING PRECUED ITEMS - SHOULD NEVER BE DONE IN TRAINING
USING PRECUED ITEMS - SHOULD NEVER BE DONE IN TRAINING
USING PRECUED ITEMS - SHOULD NEVER BE DONE IN TRAINING
USING PRECUED ITEMS - SHOULD NEVER BE DONE IN TRAINING
USING PRECUED ITEMS - SHOULD NEVER BE DONE IN TRAINING
USING PRECUED ITEMS - SHOULD NEVER BE DONE IN TRAINING
USING PRECUED ITEMS - SHOULD NEVER BE DONE IN TRAINING
USING PRECUED ITEMS - SHOULD NEVER BE DONE IN TRAINING
USING PRECUED ITEMS - SHOULD NEVER BE DONE IN TRAINING
USING PRECUED ITEMS - SHOULD NEVER BE DONE IN TRAINING
USING PRECUED ITEMS - SHOULD NEVER BE DONE IN TRAINING
USING PRECUED ITEMS - SHOULD NEVER BE DONE IN TRAINING
USING PRECUED ITEMS - SHOULD NEVER BE DONE IN TRAINING
USING PRECUED ITEMS - SHOULD NEVER BE DONE IN TRAINING
USING PRECUED ITEMS - SHOULD NEVER BE DONE IN TRAINING
USING PRECUED ITEMS - SHOULD NEVER BE DONE IN TRAINING
USING PRECUED ITEMS - SHOULD NEVER BE DONE IN TRAINING
USING PRECUED ITEMS - SHOULD NEVER BE DONE IN TRAINING
USING PRECUED ITEMS - SHOULD NEVER BE DONE IN TRAINING
USING PRECUED ITEMS - SHOULD NEVER BE DONE IN TRAINING
USING PRECUED ITEMS - SHOULD NEVER BE DONE IN TRAINING
USING PRECUED ITEMS - SHOULD NEVER BE DONE IN TRAINING
USING PRECUED ITEMS - SHOULD NEVER BE DONE IN TRAINING
USING PRECUED ITEMS - SHOULD NEVER BE DONE IN TRAINING
USING PRECUED ITEMS - SHOULD NEVER BE DONE IN TRAINING
USING PRECUED ITEMS - SHOULD NEVER BE DONE IN TRAINING
USING PRECUED ITEMS - SHOULD NEVER BE DONE IN TRAINING
USING PRECUED ITEMS - SHOULD NEVER BE DONE IN TRAINING
USING PRECUED ITEMS - SHOULD NEVER BE DONE IN TRAINING
USING PRECUED ITEMS - SHOULD NEVER BE DONE IN TRAINING
USING PRECUED ITEMS - SHOULD NEVER BE DONE IN TRAINING
USING PRECUED ITEMS - SHOULD NEVER BE DONE IN TRAINING
USING PRECUED ITEMS - SHOULD NEVER BE DONE IN TRAINING
USING PRECUED ITEMS - SHOULD NEVER BE DONE IN TRAINING
USING PRECUED ITEMS - SHOULD NEVER BE DONE IN TRAINING
USING PRECUED ITEMS - SHOULD NEVER BE DONE IN TRAINING
USING PRECUED ITEMS - SHOULD NEVER BE DONE IN TRAINING
USING PRECUED ITEMS - SHOULD NEVER BE DONE IN TRAINING
USING PRECUED ITEMS - SHOULD NEVER BE DONE IN TRAINING
USING PRECUED ITEMS - SHOULD NEVER BE DONE IN TRAINING
USING PRECUED ITEMS - SHOULD NEVER BE DONE IN TRAINING
USING PRECUED ITEMS - SHOULD NEVER BE DONE IN TRAINING
USING PRECUED ITEMS - SHOULD NEVER BE DONE IN TRAINING
USING PRECUED ITEMS - SHOULD NEVER BE DONE IN TRAINING
[index_cued_first_diffusion_0.3_swap_recovery_ablation_6_0] trial 50/288
USING PRECUED ITEMS - SHOULD NEVER BE DONE IN TRAINING
USING PRECUED ITEMS - SHOULD NEVER BE DONE IN TRAINING
USING PRECUED ITEMS - SHOULD NEVER BE DONE IN TRAINING
USING PRECUED ITEMS - SHOULD NEVER BE DONE IN TRAINING
USING PRECUED ITEMS - SHOULD NEVER BE DONE IN TRAINING
USING PRECUED ITEMS - SHOULD NEVER BE DONE IN TRAINING
USING PRECUED ITEMS - SHOULD NEVER BE DONE IN TRAINING
USING PRECUED ITEMS - SHOULD NEVER BE DONE IN TRAINING
USING PRECUED ITEMS - SHOULD NEVER BE DONE IN TRAINING
USING PRECUED ITEMS - SHOULD NEVER BE DONE IN TRAINING
USING PRECUED ITEMS - SHOULD NEVER BE DONE IN TRAINING
USING PRECUED ITEMS - SHOULD NEVER BE DONE IN TRAINING
USING PRECUED ITEMS - SHOULD NEVER BE DONE IN TRAINING
USING PRECUED ITEMS - SHOULD NEVER BE DONE IN TRAINING
USING PRECUED ITEMS - SHOULD NEVER BE DONE IN TRAINING
USING PRECUED ITEMS - SHOULD NEVER BE DONE IN TRAINING
USING PRECUED ITEMS - SHOULD NEVER BE DONE IN TRAINING
USING PRECUED ITEMS - SHOULD NEVER BE DONE IN TRAINING
USING PRECUED ITEMS - SHOULD NEVER BE DONE IN TRAINING
USING PRECUED ITEMS - SHOULD NEVER BE DONE IN TRAINING
USING PRECUED ITEMS - SHOULD NEVER BE DONE IN TRAINING
USING PRECUED ITEMS - SHOULD NEVER BE DONE IN TRAINING
USING PRECUED ITEMS - SHOULD NEVER BE DONE IN TRAINING
USING PRECUED ITEMS - SHOULD NEVER BE DONE IN TRAINING
USING PRECUED ITEMS - SHOULD NEVER BE DONE IN TRAINING
USING PRECUED ITEMS - SHOULD NEVER BE DONE IN TRAINING
USING PRECUED ITEMS - SHOULD NEVER BE DONE IN TRAINING
USING PRECUED ITEMS - SHOULD NEVER BE DONE IN TRAINING
USING PRECUED ITEMS - SHOULD NEVER BE DONE IN TRAINING
USING PRECUED ITEMS - SHOULD NEVER BE DONE IN TRAINING
USING PRECUED ITEMS - SHOULD NEVER BE DONE IN TRAINING
USING PRECUED ITEMS - SHOULD NEVER BE DONE IN TRAINING
USING PRECUED ITEMS - SHOULD NEVER BE DONE IN TRAINING
USING PRECUED ITEMS - SHOULD NEVER BE DONE IN TRAINING
USING PRECUED ITEMS - SHOULD NEVER BE DONE IN TRAINING
USING PRECUED ITEMS - SHOULD NEVER BE DONE IN TRAINING
USING PRECUED ITEMS - SHOULD NEVER BE DONE IN TRAINING
USING PRECUED ITEMS - SHOULD NEVER BE DONE IN TRAINING
USING PRECUED ITEMS - SHOULD NEVER BE DONE IN TRAINING
USING PRECUED ITEMS - SHOULD NEVER BE DONE IN TRAINING
USING PRECUED ITEMS - SHOULD NEVER BE DONE IN TRAINING
USING PRECUED ITEMS - SHOULD NEVER BE DONE IN TRAINING
USING PRECUED ITEMS - SHOULD NEVER BE DONE IN TRAINING
USING PRECUED ITEMS - SHOULD NEVER BE DONE IN TRAINING
USING PRECUED ITEMS - SHOULD NEVER BE DONE IN TRAINING
USING PRECUED ITEMS - SHOULD NEVER BE DONE IN TRAINING
USING PRECUED ITEMS - SHOULD NEVER BE DONE IN TRAINING
USING PRECUED ITEMS - SHOULD NEVER BE DONE IN TRAINING
USING PRECUED ITEMS - SHOULD NEVER BE DONE IN TRAINING
USING PRECUED ITEMS - SHOULD NEVER BE DONE IN TRAINING
[index_cued_first_diffusion_0.3_swap_recovery_ablation_6_0] trial 100/288
USING PRECUED ITEMS - SHOULD NEVER BE DONE IN TRAINING
USING PRECUED ITEMS - SHOULD NEVER BE DONE IN TRAINING
USING PRECUED ITEMS - SHOULD NEVER BE DONE IN TRAINING
USING PRECUED ITEMS - SHOULD NEVER BE DONE IN TRAINING
USING PRECUED ITEMS - SHOULD NEVER BE DONE IN TRAINING
USING PRECUED ITEMS - SHOULD NEVER BE DONE IN TRAINING
USING PRECUED ITEMS - SHOULD NEVER BE DONE IN TRAINING
USING PRECUED ITEMS - SHOULD NEVER BE DONE IN TRAINING
USING PRECUED ITEMS - SHOULD NEVER BE DONE IN TRAINING
USING PRECUED ITEMS - SHOULD NEVER BE DONE IN TRAINING
USING PRECUED ITEMS - SHOULD NEVER BE DONE IN TRAINING
USING PRECUED ITEMS - SHOULD NEVER BE DONE IN TRAINING
USING PRECUED ITEMS - SHOULD NEVER BE DONE IN TRAINING
USING PRECUED ITEMS - SHOULD NEVER BE DONE IN TRAINING
USING PRECUED ITEMS - SHOULD NEVER BE DONE IN TRAINING
USING PRECUED ITEMS - SHOULD NEVER BE DONE IN TRAINING
USING PRECUED ITEMS - SHOULD NEVER BE DONE IN TRAINING
USING PRECUED ITEMS - SHOULD NEVER BE DONE IN TRAINING
USING PRECUED ITEMS - SHOULD NEVER BE DONE IN TRAINING
USING PRECUED ITEMS - SHOULD NEVER BE DONE IN TRAINING
USING PRECUED ITEMS - SHOULD NEVER BE DONE IN TRAINING
USING PRECUED ITEMS - SHOULD NEVER BE DONE IN TRAINING
USING PRECUED ITEMS - SHOULD NEVER BE DONE IN TRAINING
USING PRECUED ITEMS - SHOULD NEVER BE DONE IN TRAINING
USING PRECUED ITEMS - SHOULD NEVER BE DONE IN TRAINING
USING PRECUED ITEMS - SHOULD NEVER BE DONE IN TRAINING
USING PRECUED ITEMS - SHOULD NEVER BE DONE IN TRAINING
USING PRECUED ITEMS - SHOULD NEVER BE DONE IN TRAINING
USING PRECUED ITEMS - SHOULD NEVER BE DONE IN TRAINING
USING PRECUED ITEMS - SHOULD NEVER BE DONE IN TRAINING
USING PRECUED ITEMS - SHOULD NEVER BE DONE IN TRAINING
USING PRECUED ITEMS - SHOULD NEVER BE DONE IN TRAINING
USING PRECUED ITEMS - SHOULD NEVER BE DONE IN TRAINING
USING PRECUED ITEMS - SHOULD NEVER BE DONE IN TRAINING
USING PRECUED ITEMS - SHOULD NEVER BE DONE IN TRAINING
USING PRECUED ITEMS - SHOULD NEVER BE DONE IN TRAINING
USING PRECUED ITEMS - SHOULD NEVER BE DONE IN TRAINING
USING PRECUED ITEMS - SHOULD NEVER BE DONE IN TRAINING
USING PRECUED ITEMS - SHOULD NEVER BE DONE IN TRAINING
USING PRECUED ITEMS - SHOULD NEVER BE DONE IN TRAINING
USING PRECUED ITEMS - SHOULD NEVER BE DONE IN TRAINING
USING PRECUED ITEMS - SHOULD NEVER BE DONE IN TRAINING
USING PRECUED ITEMS - SHOULD NEVER BE DONE IN TRAINING
USING PRECUED ITEMS - SHOULD NEVER BE DONE IN TRAINING
USING PRECUED ITEMS - SHOULD NEVER BE DONE IN TRAINING
USING PRECUED ITEMS - SHOULD NEVER BE DONE IN TRAINING
USING PRECUED ITEMS - SHOULD NEVER BE DONE IN TRAINING
USING PRECUED ITEMS - SHOULD NEVER BE DONE IN TRAINING
USING PRECUED ITEMS - SHOULD NEVER BE DONE IN TRAINING
USING PRECUED ITEMS - SHOULD NEVER BE DONE IN TRAINING
[index_cued_first_diffusion_0.3_swap_recovery_ablation_6_0] trial 150/288
USING PRECUED ITEMS - SHOULD NEVER BE DONE IN TRAINING
USING PRECUED ITEMS - SHOULD NEVER BE DONE IN TRAINING
USING PRECUED ITEMS - SHOULD NEVER BE DONE IN TRAINING
USING PRECUED ITEMS - SHOULD NEVER BE DONE IN TRAINING
USING PRECUED ITEMS - SHOULD NEVER BE DONE IN TRAINING
USING PRECUED ITEMS - SHOULD NEVER BE DONE IN TRAINING
USING PRECUED ITEMS - SHOULD NEVER BE DONE IN TRAINING
USING PRECUED ITEMS - SHOULD NEVER BE DONE IN TRAINING
USING PRECUED ITEMS - SHOULD NEVER BE DONE IN TRAINING
USING PRECUED ITEMS - SHOULD NEVER BE DONE IN TRAINING
USING PRECUED ITEMS - SHOULD NEVER BE DONE IN TRAINING
USING PRECUED ITEMS - SHOULD NEVER BE DONE IN TRAINING
USING PRECUED ITEMS - SHOULD NEVER BE DONE IN TRAINING
USING PRECUED ITEMS - SHOULD NEVER BE DONE IN TRAINING
USING PRECUED ITEMS - SHOULD NEVER BE DONE IN TRAINING
USING PRECUED ITEMS - SHOULD NEVER BE DONE IN TRAINING
USING PRECUED ITEMS - SHOULD NEVER BE DONE IN TRAINING
USING PRECUED ITEMS - SHOULD NEVER BE DONE IN TRAINING
USING PRECUED ITEMS - SHOULD NEVER BE DONE IN TRAINING
USING PRECUED ITEMS - SHOULD NEVER BE DONE IN TRAINING
USING PRECUED ITEMS - SHOULD NEVER BE DONE IN TRAINING
USING PRECUED ITEMS - SHOULD NEVER BE DONE IN TRAINING
USING PRECUED ITEMS - SHOULD NEVER BE DONE IN TRAINING
USING PRECUED ITEMS - SHOULD NEVER BE DONE IN TRAINING
USING PRECUED ITEMS - SHOULD NEVER BE DONE IN TRAINING
USING PRECUED ITEMS - SHOULD NEVER BE DONE IN TRAINING
USING PRECUED ITEMS - SHOULD NEVER BE DONE IN TRAINING
USING PRECUED ITEMS - SHOULD NEVER BE DONE IN TRAINING
USING PRECUED ITEMS - SHOULD NEVER BE DONE IN TRAINING
USING PRECUED ITEMS - SHOULD NEVER BE DONE IN TRAINING
USING PRECUED ITEMS - SHOULD NEVER BE DONE IN TRAINING
USING PRECUED ITEMS - SHOULD NEVER BE DONE IN TRAINING
USING PRECUED ITEMS - SHOULD NEVER BE DONE IN TRAINING
USING PRECUED ITEMS - SHOULD NEVER BE DONE IN TRAINING
USING PRECUED ITEMS - SHOULD NEVER BE DONE IN TRAINING
USING PRECUED ITEMS - SHOULD NEVER BE DONE IN TRAINING
USING PRECUED ITEMS - SHOULD NEVER BE DONE IN TRAINING
USING PRECUED ITEMS - SHOULD NEVER BE DONE IN TRAINING
USING PRECUED ITEMS - SHOULD NEVER BE DONE IN TRAINING
USING PRECUED ITEMS - SHOULD NEVER BE DONE IN TRAINING
USING PRECUED ITEMS - SHOULD NEVER BE DONE IN TRAINING
USING PRECUED ITEMS - SHOULD NEVER BE DONE IN TRAINING
USING PRECUED ITEMS - SHOULD NEVER BE DONE IN TRAINING
USING PRECUED ITEMS - SHOULD NEVER BE DONE IN TRAINING
USING PRECUED ITEMS - SHOULD NEVER BE DONE IN TRAINING
USING PRECUED ITEMS - SHOULD NEVER BE DONE IN TRAINING
USING PRECUED ITEMS - SHOULD NEVER BE DONE IN TRAINING
USING PRECUED ITEMS - SHOULD NEVER BE DONE IN TRAINING
USING PRECUED ITEMS - SHOULD NEVER BE DONE IN TRAINING
USING PRECUED ITEMS - SHOULD NEVER BE DONE IN TRAINING
[index_cued_first_diffusion_0.3_swap_recovery_ablation_6_0] trial 200/288
USING PRECUED ITEMS - SHOULD NEVER BE DONE IN TRAINING
USING PRECUED ITEMS - SHOULD NEVER BE DONE IN TRAINING
USING PRECUED ITEMS - SHOULD NEVER BE DONE IN TRAINING
USING PRECUED ITEMS - SHOULD NEVER BE DONE IN TRAINING
USING PRECUED ITEMS - SHOULD NEVER BE DONE IN TRAINING
USING PRECUED ITEMS - SHOULD NEVER BE DONE IN TRAINING
USING PRECUED ITEMS - SHOULD NEVER BE DONE IN TRAINING
USING PRECUED ITEMS - SHOULD NEVER BE DONE IN TRAINING
USING PRECUED ITEMS - SHOULD NEVER BE DONE IN TRAINING
USING PRECUED ITEMS - SHOULD NEVER BE DONE IN TRAINING
USING PRECUED ITEMS - SHOULD NEVER BE DONE IN TRAINING
USING PRECUED ITEMS - SHOULD NEVER BE DONE IN TRAINING
USING PRECUED ITEMS - SHOULD NEVER BE DONE IN TRAINING
USING PRECUED ITEMS - SHOULD NEVER BE DONE IN TRAINING
USING PRECUED ITEMS - SHOULD NEVER BE DONE IN TRAINING
USING PRECUED ITEMS - SHOULD NEVER BE DONE IN TRAINING
USING PRECUED ITEMS - SHOULD NEVER BE DONE IN TRAINING
USING PRECUED ITEMS - SHOULD NEVER BE DONE IN TRAINING
USING PRECUED ITEMS - SHOULD NEVER BE DONE IN TRAINING
USING PRECUED ITEMS - SHOULD NEVER BE DONE IN TRAINING
USING PRECUED ITEMS - SHOULD NEVER BE DONE IN TRAINING
USING PRECUED ITEMS - SHOULD NEVER BE DONE IN TRAINING
USING PRECUED ITEMS - SHOULD NEVER BE DONE IN TRAINING
USING PRECUED ITEMS - SHOULD NEVER BE DONE IN TRAINING
USING PRECUED ITEMS - SHOULD NEVER BE DONE IN TRAINING
USING PRECUED ITEMS - SHOULD NEVER BE DONE IN TRAINING
USING PRECUED ITEMS - SHOULD NEVER BE DONE IN TRAINING
USING PRECUED ITEMS - SHOULD NEVER BE DONE IN TRAINING
USING PRECUED ITEMS - SHOULD NEVER BE DONE IN TRAINING
USING PRECUED ITEMS - SHOULD NEVER BE DONE IN TRAINING
USING PRECUED ITEMS - SHOULD NEVER BE DONE IN TRAINING
USING PRECUED ITEMS - SHOULD NEVER BE DONE IN TRAINING
USING PRECUED ITEMS - SHOULD NEVER BE DONE IN TRAINING
USING PRECUED ITEMS - SHOULD NEVER BE DONE IN TRAINING
USING PRECUED ITEMS - SHOULD NEVER BE DONE IN TRAINING
USING PRECUED ITEMS - SHOULD NEVER BE DONE IN TRAINING
USING PRECUED ITEMS - SHOULD NEVER BE DONE IN TRAINING
USING PRECUED ITEMS - SHOULD NEVER BE DONE IN TRAINING
USING PRECUED ITEMS - SHOULD NEVER BE DONE IN TRAINING
USING PRECUED ITEMS - SHOULD NEVER BE DONE IN TRAINING
USING PRECUED ITEMS - SHOULD NEVER BE DONE IN TRAINING
USING PRECUED ITEMS - SHOULD NEVER BE DONE IN TRAINING
USING PRECUED ITEMS - SHOULD NEVER BE DONE IN TRAINING
USING PRECUED ITEMS - SHOULD NEVER BE DONE IN TRAINING
USING PRECUED ITEMS - SHOULD NEVER BE DONE IN TRAINING
USING PRECUED ITEMS - SHOULD NEVER BE DONE IN TRAINING
USING PRECUED ITEMS - SHOULD NEVER BE DONE IN TRAINING
USING PRECUED ITEMS - SHOULD NEVER BE DONE IN TRAINING
USING PRECUED ITEMS - SHOULD NEVER BE DONE IN TRAINING
USING PRECUED ITEMS - SHOULD NEVER BE DONE IN TRAINING
[index_cued_first_diffusion_0.3_swap_recovery_ablation_6_0] trial 250/288
USING PRECUED ITEMS - SHOULD NEVER BE DONE IN TRAINING
USING PRECUED ITEMS - SHOULD NEVER BE DONE IN TRAINING
USING PRECUED ITEMS - SHOULD NEVER BE DONE IN TRAINING
USING PRECUED ITEMS - SHOULD NEVER BE DONE IN TRAINING
USING PRECUED ITEMS - SHOULD NEVER BE DONE IN TRAINING
USING PRECUED ITEMS - SHOULD NEVER BE DONE IN TRAINING
USING PRECUED ITEMS - SHOULD NEVER BE DONE IN TRAINING
USING PRECUED ITEMS - SHOULD NEVER BE DONE IN TRAINING
USING PRECUED ITEMS - SHOULD NEVER BE DONE IN TRAINING
USING PRECUED ITEMS - SHOULD NEVER BE DONE IN TRAINING
USING PRECUED ITEMS - SHOULD NEVER BE DONE IN TRAINING
USING PRECUED ITEMS - SHOULD NEVER BE DONE IN TRAINING
USING PRECUED ITEMS - SHOULD NEVER BE DONE IN TRAINING
USING PRECUED ITEMS - SHOULD NEVER BE DONE IN TRAINING
USING PRECUED ITEMS - SHOULD NEVER BE DONE IN TRAINING
USING PRECUED ITEMS - SHOULD NEVER BE DONE IN TRAINING
USING PRECUED ITEMS - SHOULD NEVER BE DONE IN TRAINING
USING PRECUED ITEMS - SHOULD NEVER BE DONE IN TRAINING
USING PRECUED ITEMS - SHOULD NEVER BE DONE IN TRAINING
USING PRECUED ITEMS - SHOULD NEVER BE DONE IN TRAINING
USING PRECUED ITEMS - SHOULD NEVER BE DONE IN TRAINING
USING PRECUED ITEMS - SHOULD NEVER BE DONE IN TRAINING
USING PRECUED ITEMS - SHOULD NEVER BE DONE IN TRAINING
USING PRECUED ITEMS - SHOULD NEVER BE DONE IN TRAINING
USING PRECUED ITEMS - SHOULD NEVER BE DONE IN TRAINING
USING PRECUED ITEMS - SHOULD NEVER BE DONE IN TRAINING
USING PRECUED ITEMS - SHOULD NEVER BE DONE IN TRAINING
USING PRECUED ITEMS - SHOULD NEVER BE DONE IN TRAINING
USING PRECUED ITEMS - SHOULD NEVER BE DONE IN TRAINING
USING PRECUED ITEMS - SHOULD NEVER BE DONE IN TRAINING
USING PRECUED ITEMS - SHOULD NEVER BE DONE IN TRAINING
USING PRECUED ITEMS - SHOULD NEVER BE DONE IN TRAINING
USING PRECUED ITEMS - SHOULD NEVER BE DONE IN TRAINING
USING PRECUED ITEMS - SHOULD NEVER BE DONE IN TRAINING
USING PRECUED ITEMS - SHOULD NEVER BE DONE IN TRAINING
USING PRECUED ITEMS - SHOULD NEVER BE DONE IN TRAINING
USING PRECUED ITEMS - SHOULD NEVER BE DONE IN TRAINING
USING PRECUED ITEMS - SHOULD NEVER BE DONE IN TRAINING
Loading student run: index_cued_first_diffusion_0.3_swap_ablation_7_1
[index_cued_first_diffusion_0.3_swap_ablation_7_1] trial 0/288
USING PRECUED ITEMS - SHOULD NEVER BE DONE IN TRAINING
USING PRECUED ITEMS - SHOULD NEVER BE DONE IN TRAINING
USING PRECUED ITEMS - SHOULD NEVER BE DONE IN TRAINING
USING PRECUED ITEMS - SHOULD NEVER BE DONE IN TRAINING
USING PRECUED ITEMS - SHOULD NEVER BE DONE IN TRAINING
USING PRECUED ITEMS - SHOULD NEVER BE DONE IN TRAINING
USING PRECUED ITEMS - SHOULD NEVER BE DONE IN TRAINING
USING PRECUED ITEMS - SHOULD NEVER BE DONE IN TRAINING
USING PRECUED ITEMS - SHOULD NEVER BE DONE IN TRAINING
USING PRECUED ITEMS - SHOULD NEVER BE DONE IN TRAINING
USING PRECUED ITEMS - SHOULD NEVER BE DONE IN TRAINING
USING PRECUED ITEMS - SHOULD NEVER BE DONE IN TRAINING
USING PRECUED ITEMS - SHOULD NEVER BE DONE IN TRAINING
USING PRECUED ITEMS - SHOULD NEVER BE DONE IN TRAINING
USING PRECUED ITEMS - SHOULD NEVER BE DONE IN TRAINING
USING PRECUED ITEMS - SHOULD NEVER BE DONE IN TRAINING
USING PRECUED ITEMS - SHOULD NEVER BE DONE IN TRAINING
USING PRECUED ITEMS - SHOULD NEVER BE DONE IN TRAINING
USING PRECUED ITEMS - SHOULD NEVER BE DONE IN TRAINING
USING PRECUED ITEMS - SHOULD NEVER BE DONE IN TRAINING
USING PRECUED ITEMS - SHOULD NEVER BE DONE IN TRAINING
USING PRECUED ITEMS - SHOULD NEVER BE DONE IN TRAINING
USING PRECUED ITEMS - SHOULD NEVER BE DONE IN TRAINING
USING PRECUED ITEMS - SHOULD NEVER BE DONE IN TRAINING
USING PRECUED ITEMS - SHOULD NEVER BE DONE IN TRAINING
USING PRECUED ITEMS - SHOULD NEVER BE DONE IN TRAINING
USING PRECUED ITEMS - SHOULD NEVER BE DONE IN TRAINING
USING PRECUED ITEMS - SHOULD NEVER BE DONE IN TRAINING
USING PRECUED ITEMS - SHOULD NEVER BE DONE IN TRAINING
USING PRECUED ITEMS - SHOULD NEVER BE DONE IN TRAINING
USING PRECUED ITEMS - SHOULD NEVER BE DONE IN TRAINING
USING PRECUED ITEMS - SHOULD NEVER BE DONE IN TRAINING
USING PRECUED ITEMS - SHOULD NEVER BE DONE IN TRAINING
USING PRECUED ITEMS - SHOULD NEVER BE DONE IN TRAINING
USING PRECUED ITEMS - SHOULD NEVER BE DONE IN TRAINING
USING PRECUED ITEMS - SHOULD NEVER BE DONE IN TRAINING
USING PRECUED ITEMS - SHOULD NEVER BE DONE IN TRAINING
USING PRECUED ITEMS - SHOULD NEVER BE DONE IN TRAINING
USING PRECUED ITEMS - SHOULD NEVER BE DONE IN TRAINING
USING PRECUED ITEMS - SHOULD NEVER BE DONE IN TRAINING
USING PRECUED ITEMS - SHOULD NEVER BE DONE IN TRAINING
USING PRECUED ITEMS - SHOULD NEVER BE DONE IN TRAINING
USING PRECUED ITEMS - SHOULD NEVER BE DONE IN TRAINING
USING PRECUED ITEMS - SHOULD NEVER BE DONE IN TRAINING
USING PRECUED ITEMS - SHOULD NEVER BE DONE IN TRAINING
USING PRECUED ITEMS - SHOULD NEVER BE DONE IN TRAINING
USING PRECUED ITEMS - SHOULD NEVER BE DONE IN TRAINING
USING PRECUED ITEMS - SHOULD NEVER BE DONE IN TRAINING
USING PRECUED ITEMS - SHOULD NEVER BE DONE IN TRAINING
USING PRECUED ITEMS - SHOULD NEVER BE DONE IN TRAINING
[index_cued_first_diffusion_0.3_swap_ablation_7_1] trial 50/288
USING PRECUED ITEMS - SHOULD NEVER BE DONE IN TRAINING
USING PRECUED ITEMS - SHOULD NEVER BE DONE IN TRAINING
USING PRECUED ITEMS - SHOULD NEVER BE DONE IN TRAINING
USING PRECUED ITEMS - SHOULD NEVER BE DONE IN TRAINING
USING PRECUED ITEMS - SHOULD NEVER BE DONE IN TRAINING
USING PRECUED ITEMS - SHOULD NEVER BE DONE IN TRAINING
USING PRECUED ITEMS - SHOULD NEVER BE DONE IN TRAINING
USING PRECUED ITEMS - SHOULD NEVER BE DONE IN TRAINING
USING PRECUED ITEMS - SHOULD NEVER BE DONE IN TRAINING
USING PRECUED ITEMS - SHOULD NEVER BE DONE IN TRAINING
USING PRECUED ITEMS - SHOULD NEVER BE DONE IN TRAINING
USING PRECUED ITEMS - SHOULD NEVER BE DONE IN TRAINING
USING PRECUED ITEMS - SHOULD NEVER BE DONE IN TRAINING
USING PRECUED ITEMS - SHOULD NEVER BE DONE IN TRAINING
USING PRECUED ITEMS - SHOULD NEVER BE DONE IN TRAINING
USING PRECUED ITEMS - SHOULD NEVER BE DONE IN TRAINING
USING PRECUED ITEMS - SHOULD NEVER BE DONE IN TRAINING
USING PRECUED ITEMS - SHOULD NEVER BE DONE IN TRAINING
USING PRECUED ITEMS - SHOULD NEVER BE DONE IN TRAINING
USING PRECUED ITEMS - SHOULD NEVER BE DONE IN TRAINING
USING PRECUED ITEMS - SHOULD NEVER BE DONE IN TRAINING
USING PRECUED ITEMS - SHOULD NEVER BE DONE IN TRAINING
USING PRECUED ITEMS - SHOULD NEVER BE DONE IN TRAINING
USING PRECUED ITEMS - SHOULD NEVER BE DONE IN TRAINING
USING PRECUED ITEMS - SHOULD NEVER BE DONE IN TRAINING
USING PRECUED ITEMS - SHOULD NEVER BE DONE IN TRAINING
USING PRECUED ITEMS - SHOULD NEVER BE DONE IN TRAINING
USING PRECUED ITEMS - SHOULD NEVER BE DONE IN TRAINING
USING PRECUED ITEMS - SHOULD NEVER BE DONE IN TRAINING
USING PRECUED ITEMS - SHOULD NEVER BE DONE IN TRAINING
USING PRECUED ITEMS - SHOULD NEVER BE DONE IN TRAINING
USING PRECUED ITEMS - SHOULD NEVER BE DONE IN TRAINING
USING PRECUED ITEMS - SHOULD NEVER BE DONE IN TRAINING
USING PRECUED ITEMS - SHOULD NEVER BE DONE IN TRAINING
USING PRECUED ITEMS - SHOULD NEVER BE DONE IN TRAINING
USING PRECUED ITEMS - SHOULD NEVER BE DONE IN TRAINING
USING PRECUED ITEMS - SHOULD NEVER BE DONE IN TRAINING
USING PRECUED ITEMS - SHOULD NEVER BE DONE IN TRAINING
USING PRECUED ITEMS - SHOULD NEVER BE DONE IN TRAINING
USING PRECUED ITEMS - SHOULD NEVER BE DONE IN TRAINING
USING PRECUED ITEMS - SHOULD NEVER BE DONE IN TRAINING
USING PRECUED ITEMS - SHOULD NEVER BE DONE IN TRAINING
USING PRECUED ITEMS - SHOULD NEVER BE DONE IN TRAINING
USING PRECUED ITEMS - SHOULD NEVER BE DONE IN TRAINING
USING PRECUED ITEMS - SHOULD NEVER BE DONE IN TRAINING
USING PRECUED ITEMS - SHOULD NEVER BE DONE IN TRAINING
USING PRECUED ITEMS - SHOULD NEVER BE DONE IN TRAINING
USING PRECUED ITEMS - SHOULD NEVER BE DONE IN TRAINING
USING PRECUED ITEMS - SHOULD NEVER BE DONE IN TRAINING
USING PRECUED ITEMS - SHOULD NEVER BE DONE IN TRAINING
[index_cued_first_diffusion_0.3_swap_ablation_7_1] trial 100/288
USING PRECUED ITEMS - SHOULD NEVER BE DONE IN TRAINING
USING PRECUED ITEMS - SHOULD NEVER BE DONE IN TRAINING
USING PRECUED ITEMS - SHOULD NEVER BE DONE IN TRAINING
USING PRECUED ITEMS - SHOULD NEVER BE DONE IN TRAINING
USING PRECUED ITEMS - SHOULD NEVER BE DONE IN TRAINING
USING PRECUED ITEMS - SHOULD NEVER BE DONE IN TRAINING
USING PRECUED ITEMS - SHOULD NEVER BE DONE IN TRAINING
USING PRECUED ITEMS - SHOULD NEVER BE DONE IN TRAINING
USING PRECUED ITEMS - SHOULD NEVER BE DONE IN TRAINING
USING PRECUED ITEMS - SHOULD NEVER BE DONE IN TRAINING
USING PRECUED ITEMS - SHOULD NEVER BE DONE IN TRAINING
USING PRECUED ITEMS - SHOULD NEVER BE DONE IN TRAINING
USING PRECUED ITEMS - SHOULD NEVER BE DONE IN TRAINING
USING PRECUED ITEMS - SHOULD NEVER BE DONE IN TRAINING
USING PRECUED ITEMS - SHOULD NEVER BE DONE IN TRAINING
USING PRECUED ITEMS - SHOULD NEVER BE DONE IN TRAINING
USING PRECUED ITEMS - SHOULD NEVER BE DONE IN TRAINING
USING PRECUED ITEMS - SHOULD NEVER BE DONE IN TRAINING
USING PRECUED ITEMS - SHOULD NEVER BE DONE IN TRAINING
USING PRECUED ITEMS - SHOULD NEVER BE DONE IN TRAINING
USING PRECUED ITEMS - SHOULD NEVER BE DONE IN TRAINING
USING PRECUED ITEMS - SHOULD NEVER BE DONE IN TRAINING
USING PRECUED ITEMS - SHOULD NEVER BE DONE IN TRAINING
USING PRECUED ITEMS - SHOULD NEVER BE DONE IN TRAINING
USING PRECUED ITEMS - SHOULD NEVER BE DONE IN TRAINING
USING PRECUED ITEMS - SHOULD NEVER BE DONE IN TRAINING
USING PRECUED ITEMS - SHOULD NEVER BE DONE IN TRAINING
USING PRECUED ITEMS - SHOULD NEVER BE DONE IN TRAINING
USING PRECUED ITEMS - SHOULD NEVER BE DONE IN TRAINING
USING PRECUED ITEMS - SHOULD NEVER BE DONE IN TRAINING
USING PRECUED ITEMS - SHOULD NEVER BE DONE IN TRAINING
USING PRECUED ITEMS - SHOULD NEVER BE DONE IN TRAINING
USING PRECUED ITEMS - SHOULD NEVER BE DONE IN TRAINING
USING PRECUED ITEMS - SHOULD NEVER BE DONE IN TRAINING
USING PRECUED ITEMS - SHOULD NEVER BE DONE IN TRAINING
USING PRECUED ITEMS - SHOULD NEVER BE DONE IN TRAINING
USING PRECUED ITEMS - SHOULD NEVER BE DONE IN TRAINING
USING PRECUED ITEMS - SHOULD NEVER BE DONE IN TRAINING
USING PRECUED ITEMS - SHOULD NEVER BE DONE IN TRAINING
USING PRECUED ITEMS - SHOULD NEVER BE DONE IN TRAINING
USING PRECUED ITEMS - SHOULD NEVER BE DONE IN TRAINING
USING PRECUED ITEMS - SHOULD NEVER BE DONE IN TRAINING
USING PRECUED ITEMS - SHOULD NEVER BE DONE IN TRAINING
USING PRECUED ITEMS - SHOULD NEVER BE DONE IN TRAINING
USING PRECUED ITEMS - SHOULD NEVER BE DONE IN TRAINING
USING PRECUED ITEMS - SHOULD NEVER BE DONE IN TRAINING
USING PRECUED ITEMS - SHOULD NEVER BE DONE IN TRAINING
USING PRECUED ITEMS - SHOULD NEVER BE DONE IN TRAINING
USING PRECUED ITEMS - SHOULD NEVER BE DONE IN TRAINING
USING PRECUED ITEMS - SHOULD NEVER BE DONE IN TRAINING
[index_cued_first_diffusion_0.3_swap_ablation_7_1] trial 150/288
USING PRECUED ITEMS - SHOULD NEVER BE DONE IN TRAINING
USING PRECUED ITEMS - SHOULD NEVER BE DONE IN TRAINING
USING PRECUED ITEMS - SHOULD NEVER BE DONE IN TRAINING
USING PRECUED ITEMS - SHOULD NEVER BE DONE IN TRAINING
USING PRECUED ITEMS - SHOULD NEVER BE DONE IN TRAINING
USING PRECUED ITEMS - SHOULD NEVER BE DONE IN TRAINING
USING PRECUED ITEMS - SHOULD NEVER BE DONE IN TRAINING
USING PRECUED ITEMS - SHOULD NEVER BE DONE IN TRAINING
USING PRECUED ITEMS - SHOULD NEVER BE DONE IN TRAINING
USING PRECUED ITEMS - SHOULD NEVER BE DONE IN TRAINING
USING PRECUED ITEMS - SHOULD NEVER BE DONE IN TRAINING
USING PRECUED ITEMS - SHOULD NEVER BE DONE IN TRAINING
USING PRECUED ITEMS - SHOULD NEVER BE DONE IN TRAINING
USING PRECUED ITEMS - SHOULD NEVER BE DONE IN TRAINING
USING PRECUED ITEMS - SHOULD NEVER BE DONE IN TRAINING
USING PRECUED ITEMS - SHOULD NEVER BE DONE IN TRAINING
USING PRECUED ITEMS - SHOULD NEVER BE DONE IN TRAINING
USING PRECUED ITEMS - SHOULD NEVER BE DONE IN TRAINING
USING PRECUED ITEMS - SHOULD NEVER BE DONE IN TRAINING
USING PRECUED ITEMS - SHOULD NEVER BE DONE IN TRAINING
USING PRECUED ITEMS - SHOULD NEVER BE DONE IN TRAINING
USING PRECUED ITEMS - SHOULD NEVER BE DONE IN TRAINING
USING PRECUED ITEMS - SHOULD NEVER BE DONE IN TRAINING
USING PRECUED ITEMS - SHOULD NEVER BE DONE IN TRAINING
USING PRECUED ITEMS - SHOULD NEVER BE DONE IN TRAINING
USING PRECUED ITEMS - SHOULD NEVER BE DONE IN TRAINING
USING PRECUED ITEMS - SHOULD NEVER BE DONE IN TRAINING
USING PRECUED ITEMS - SHOULD NEVER BE DONE IN TRAINING
USING PRECUED ITEMS - SHOULD NEVER BE DONE IN TRAINING
USING PRECUED ITEMS - SHOULD NEVER BE DONE IN TRAINING
USING PRECUED ITEMS - SHOULD NEVER BE DONE IN TRAINING
USING PRECUED ITEMS - SHOULD NEVER BE DONE IN TRAINING
USING PRECUED ITEMS - SHOULD NEVER BE DONE IN TRAINING
USING PRECUED ITEMS - SHOULD NEVER BE DONE IN TRAINING
USING PRECUED ITEMS - SHOULD NEVER BE DONE IN TRAINING
USING PRECUED ITEMS - SHOULD NEVER BE DONE IN TRAINING
USING PRECUED ITEMS - SHOULD NEVER BE DONE IN TRAINING
USING PRECUED ITEMS - SHOULD NEVER BE DONE IN TRAINING
USING PRECUED ITEMS - SHOULD NEVER BE DONE IN TRAINING
USING PRECUED ITEMS - SHOULD NEVER BE DONE IN TRAINING
USING PRECUED ITEMS - SHOULD NEVER BE DONE IN TRAINING
USING PRECUED ITEMS - SHOULD NEVER BE DONE IN TRAINING
USING PRECUED ITEMS - SHOULD NEVER BE DONE IN TRAINING
USING PRECUED ITEMS - SHOULD NEVER BE DONE IN TRAINING
USING PRECUED ITEMS - SHOULD NEVER BE DONE IN TRAINING
USING PRECUED ITEMS - SHOULD NEVER BE DONE IN TRAINING
USING PRECUED ITEMS - SHOULD NEVER BE DONE IN TRAINING
USING PRECUED ITEMS - SHOULD NEVER BE DONE IN TRAINING
USING PRECUED ITEMS - SHOULD NEVER BE DONE IN TRAINING
USING PRECUED ITEMS - SHOULD NEVER BE DONE IN TRAINING
[index_cued_first_diffusion_0.3_swap_ablation_7_1] trial 200/288
USING PRECUED ITEMS - SHOULD NEVER BE DONE IN TRAINING
USING PRECUED ITEMS - SHOULD NEVER BE DONE IN TRAINING
USING PRECUED ITEMS - SHOULD NEVER BE DONE IN TRAINING
USING PRECUED ITEMS - SHOULD NEVER BE DONE IN TRAINING
USING PRECUED ITEMS - SHOULD NEVER BE DONE IN TRAINING
USING PRECUED ITEMS - SHOULD NEVER BE DONE IN TRAINING
USING PRECUED ITEMS - SHOULD NEVER BE DONE IN TRAINING
USING PRECUED ITEMS - SHOULD NEVER BE DONE IN TRAINING
USING PRECUED ITEMS - SHOULD NEVER BE DONE IN TRAINING
USING PRECUED ITEMS - SHOULD NEVER BE DONE IN TRAINING
USING PRECUED ITEMS - SHOULD NEVER BE DONE IN TRAINING
USING PRECUED ITEMS - SHOULD NEVER BE DONE IN TRAINING
USING PRECUED ITEMS - SHOULD NEVER BE DONE IN TRAINING
USING PRECUED ITEMS - SHOULD NEVER BE DONE IN TRAINING
USING PRECUED ITEMS - SHOULD NEVER BE DONE IN TRAINING
USING PRECUED ITEMS - SHOULD NEVER BE DONE IN TRAINING
USING PRECUED ITEMS - SHOULD NEVER BE DONE IN TRAINING
USING PRECUED ITEMS - SHOULD NEVER BE DONE IN TRAINING
USING PRECUED ITEMS - SHOULD NEVER BE DONE IN TRAINING
USING PRECUED ITEMS - SHOULD NEVER BE DONE IN TRAINING
USING PRECUED ITEMS - SHOULD NEVER BE DONE IN TRAINING
USING PRECUED ITEMS - SHOULD NEVER BE DONE IN TRAINING
USING PRECUED ITEMS - SHOULD NEVER BE DONE IN TRAINING
USING PRECUED ITEMS - SHOULD NEVER BE DONE IN TRAINING
USING PRECUED ITEMS - SHOULD NEVER BE DONE IN TRAINING
USING PRECUED ITEMS - SHOULD NEVER BE DONE IN TRAINING
USING PRECUED ITEMS - SHOULD NEVER BE DONE IN TRAINING
USING PRECUED ITEMS - SHOULD NEVER BE DONE IN TRAINING
USING PRECUED ITEMS - SHOULD NEVER BE DONE IN TRAINING
USING PRECUED ITEMS - SHOULD NEVER BE DONE IN TRAINING
USING PRECUED ITEMS - SHOULD NEVER BE DONE IN TRAINING
USING PRECUED ITEMS - SHOULD NEVER BE DONE IN TRAINING
USING PRECUED ITEMS - SHOULD NEVER BE DONE IN TRAINING
USING PRECUED ITEMS - SHOULD NEVER BE DONE IN TRAINING
USING PRECUED ITEMS - SHOULD NEVER BE DONE IN TRAINING
USING PRECUED ITEMS - SHOULD NEVER BE DONE IN TRAINING
USING PRECUED ITEMS - SHOULD NEVER BE DONE IN TRAINING
USING PRECUED ITEMS - SHOULD NEVER BE DONE IN TRAINING
USING PRECUED ITEMS - SHOULD NEVER BE DONE IN TRAINING
USING PRECUED ITEMS - SHOULD NEVER BE DONE IN TRAINING
USING PRECUED ITEMS - SHOULD NEVER BE DONE IN TRAINING
USING PRECUED ITEMS - SHOULD NEVER BE DONE IN TRAINING
USING PRECUED ITEMS - SHOULD NEVER BE DONE IN TRAINING
USING PRECUED ITEMS - SHOULD NEVER BE DONE IN TRAINING
USING PRECUED ITEMS - SHOULD NEVER BE DONE IN TRAINING
USING PRECUED ITEMS - SHOULD NEVER BE DONE IN TRAINING
USING PRECUED ITEMS - SHOULD NEVER BE DONE IN TRAINING
USING PRECUED ITEMS - SHOULD NEVER BE DONE IN TRAINING
USING PRECUED ITEMS - SHOULD NEVER BE DONE IN TRAINING
USING PRECUED ITEMS - SHOULD NEVER BE DONE IN TRAINING
[index_cued_first_diffusion_0.3_swap_ablation_7_1] trial 250/288
USING PRECUED ITEMS - SHOULD NEVER BE DONE IN TRAINING
USING PRECUED ITEMS - SHOULD NEVER BE DONE IN TRAINING
USING PRECUED ITEMS - SHOULD NEVER BE DONE IN TRAINING
USING PRECUED ITEMS - SHOULD NEVER BE DONE IN TRAINING
USING PRECUED ITEMS - SHOULD NEVER BE DONE IN TRAINING
USING PRECUED ITEMS - SHOULD NEVER BE DONE IN TRAINING
USING PRECUED ITEMS - SHOULD NEVER BE DONE IN TRAINING
USING PRECUED ITEMS - SHOULD NEVER BE DONE IN TRAINING
USING PRECUED ITEMS - SHOULD NEVER BE DONE IN TRAINING
USING PRECUED ITEMS - SHOULD NEVER BE DONE IN TRAINING
USING PRECUED ITEMS - SHOULD NEVER BE DONE IN TRAINING
USING PRECUED ITEMS - SHOULD NEVER BE DONE IN TRAINING
USING PRECUED ITEMS - SHOULD NEVER BE DONE IN TRAINING
USING PRECUED ITEMS - SHOULD NEVER BE DONE IN TRAINING
USING PRECUED ITEMS - SHOULD NEVER BE DONE IN TRAINING
USING PRECUED ITEMS - SHOULD NEVER BE DONE IN TRAINING
USING PRECUED ITEMS - SHOULD NEVER BE DONE IN TRAINING
USING PRECUED ITEMS - SHOULD NEVER BE DONE IN TRAINING
USING PRECUED ITEMS - SHOULD NEVER BE DONE IN TRAINING
USING PRECUED ITEMS - SHOULD NEVER BE DONE IN TRAINING
USING PRECUED ITEMS - SHOULD NEVER BE DONE IN TRAINING
USING PRECUED ITEMS - SHOULD NEVER BE DONE IN TRAINING
USING PRECUED ITEMS - SHOULD NEVER BE DONE IN TRAINING
USING PRECUED ITEMS - SHOULD NEVER BE DONE IN TRAINING
USING PRECUED ITEMS - SHOULD NEVER BE DONE IN TRAINING
USING PRECUED ITEMS - SHOULD NEVER BE DONE IN TRAINING
USING PRECUED ITEMS - SHOULD NEVER BE DONE IN TRAINING
USING PRECUED ITEMS - SHOULD NEVER BE DONE IN TRAINING
USING PRECUED ITEMS - SHOULD NEVER BE DONE IN TRAINING
USING PRECUED ITEMS - SHOULD NEVER BE DONE IN TRAINING
USING PRECUED ITEMS - SHOULD NEVER BE DONE IN TRAINING
USING PRECUED ITEMS - SHOULD NEVER BE DONE IN TRAINING
USING PRECUED ITEMS - SHOULD NEVER BE DONE IN TRAINING
USING PRECUED ITEMS - SHOULD NEVER BE DONE IN TRAINING
USING PRECUED ITEMS - SHOULD NEVER BE DONE IN TRAINING
USING PRECUED ITEMS - SHOULD NEVER BE DONE IN TRAINING
USING PRECUED ITEMS - SHOULD NEVER BE DONE IN TRAINING
USING PRECUED ITEMS - SHOULD NEVER BE DONE IN TRAINING

======================================================================
Processing ablation direction 0
[index_cued_first_diffusion_0.3_swap_7_ablated_dir_00] using ablation direction key: nullspace_00
[index_cued_first_diffusion_0.3_swap_7_ablated_dir_00] trial 0/288
USING PRECUED ITEMS - SHOULD NEVER BE DONE IN TRAINING
USING PRECUED ITEMS - SHOULD NEVER BE DONE IN TRAINING
USING PRECUED ITEMS - SHOULD NEVER BE DONE IN TRAINING
USING PRECUED ITEMS - SHOULD NEVER BE DONE IN TRAINING
USING PRECUED ITEMS - SHOULD NEVER BE DONE IN TRAINING
USING PRECUED ITEMS - SHOULD NEVER BE DONE IN TRAINING
USING PRECUED ITEMS - SHOULD NEVER BE DONE IN TRAINING
USING PRECUED ITEMS - SHOULD NEVER BE DONE IN TRAINING
USING PRECUED ITEMS - SHOULD NEVER BE DONE IN TRAINING
USING PRECUED ITEMS - SHOULD NEVER BE DONE IN TRAINING
USING PRECUED ITEMS - SHOULD NEVER BE DONE IN TRAINING
USING PRECUED ITEMS - SHOULD NEVER BE DONE IN TRAINING
USING PRECUED ITEMS - SHOULD NEVER BE DONE IN TRAINING
USING PRECUED ITEMS - SHOULD NEVER BE DONE IN TRAINING
USING PRECUED ITEMS - SHOULD NEVER BE DONE IN TRAINING
USING PRECUED ITEMS - SHOULD NEVER BE DONE IN TRAINING
USING PRECUED ITEMS - SHOULD NEVER BE DONE IN TRAINING
USING PRECUED ITEMS - SHOULD NEVER BE DONE IN TRAINING
USING PRECUED ITEMS - SHOULD NEVER BE DONE IN TRAINING
USING PRECUED ITEMS - SHOULD NEVER BE DONE IN TRAINING
USING PRECUED ITEMS - SHOULD NEVER BE DONE IN TRAINING
USING PRECUED ITEMS - SHOULD NEVER BE DONE IN TRAINING
USING PRECUED ITEMS - SHOULD NEVER BE DONE IN TRAINING
USING PRECUED ITEMS - SHOULD NEVER BE DONE IN TRAINING
USING PRECUED ITEMS - SHOULD NEVER BE DONE IN TRAINING
USING PRECUED ITEMS - SHOULD NEVER BE DONE IN TRAINING
USING PRECUED ITEMS - SHOULD NEVER BE DONE IN TRAINING
USING PRECUED ITEMS - SHOULD NEVER BE DONE IN TRAINING
USING PRECUED ITEMS - SHOULD NEVER BE DONE IN TRAINING
USING PRECUED ITEMS - SHOULD NEVER BE DONE IN TRAINING
USING PRECUED ITEMS - SHOULD NEVER BE DONE IN TRAINING
USING PRECUED ITEMS - SHOULD NEVER BE DONE IN TRAINING
USING PRECUED ITEMS - SHOULD NEVER BE DONE IN TRAINING
USING PRECUED ITEMS - SHOULD NEVER BE DONE IN TRAINING
USING PRECUED ITEMS - SHOULD NEVER BE DONE IN TRAINING
USING PRECUED ITEMS - SHOULD NEVER BE DONE IN TRAINING
USING PRECUED ITEMS - SHOULD NEVER BE DONE IN TRAINING
USING PRECUED ITEMS - SHOULD NEVER BE DONE IN TRAINING
USING PRECUED ITEMS - SHOULD NEVER BE DONE IN TRAINING
USING PRECUED ITEMS - SHOULD NEVER BE DONE IN TRAINING
USING PRECUED ITEMS - SHOULD NEVER BE DONE IN TRAINING
USING PRECUED ITEMS - SHOULD NEVER BE DONE IN TRAINING
USING PRECUED ITEMS - SHOULD NEVER BE DONE IN TRAINING
USING PRECUED ITEMS - SHOULD NEVER BE DONE IN TRAINING
USING PRECUED ITEMS - SHOULD NEVER BE DONE IN TRAINING
USING PRECUED ITEMS - SHOULD NEVER BE DONE IN TRAINING
USING PRECUED ITEMS - SHOULD NEVER BE DONE IN TRAINING
USING PRECUED ITEMS - SHOULD NEVER BE DONE IN TRAINING
USING PRECUED ITEMS - SHOULD NEVER BE DONE IN TRAINING
USING PRECUED ITEMS - SHOULD NEVER BE DONE IN TRAINING
[index_cued_first_diffusion_0.3_swap_7_ablated_dir_00] trial 50/288
USING PRECUED ITEMS - SHOULD NEVER BE DONE IN TRAINING
USING PRECUED ITEMS - SHOULD NEVER BE DONE IN TRAINING
USING PRECUED ITEMS - SHOULD NEVER BE DONE IN TRAINING
USING PRECUED ITEMS - SHOULD NEVER BE DONE IN TRAINING
USING PRECUED ITEMS - SHOULD NEVER BE DONE IN TRAINING
USING PRECUED ITEMS - SHOULD NEVER BE DONE IN TRAINING
USING PRECUED ITEMS - SHOULD NEVER BE DONE IN TRAINING
USING PRECUED ITEMS - SHOULD NEVER BE DONE IN TRAINING
USING PRECUED ITEMS - SHOULD NEVER BE DONE IN TRAINING
USING PRECUED ITEMS - SHOULD NEVER BE DONE IN TRAINING
USING PRECUED ITEMS - SHOULD NEVER BE DONE IN TRAINING
USING PRECUED ITEMS - SHOULD NEVER BE DONE IN TRAINING
USING PRECUED ITEMS - SHOULD NEVER BE DONE IN TRAINING
USING PRECUED ITEMS - SHOULD NEVER BE DONE IN TRAINING
USING PRECUED ITEMS - SHOULD NEVER BE DONE IN TRAINING
USING PRECUED ITEMS - SHOULD NEVER BE DONE IN TRAINING
USING PRECUED ITEMS - SHOULD NEVER BE DONE IN TRAINING
USING PRECUED ITEMS - SHOULD NEVER BE DONE IN TRAINING
USING PRECUED ITEMS - SHOULD NEVER BE DONE IN TRAINING
USING PRECUED ITEMS - SHOULD NEVER BE DONE IN TRAINING
USING PRECUED ITEMS - SHOULD NEVER BE DONE IN TRAINING
USING PRECUED ITEMS - SHOULD NEVER BE DONE IN TRAINING
USING PRECUED ITEMS - SHOULD NEVER BE DONE IN TRAINING
USING PRECUED ITEMS - SHOULD NEVER BE DONE IN TRAINING
USING PRECUED ITEMS - SHOULD NEVER BE DONE IN TRAINING
USING PRECUED ITEMS - SHOULD NEVER BE DONE IN TRAINING
USING PRECUED ITEMS - SHOULD NEVER BE DONE IN TRAINING
USING PRECUED ITEMS - SHOULD NEVER BE DONE IN TRAINING
USING PRECUED ITEMS - SHOULD NEVER BE DONE IN TRAINING
USING PRECUED ITEMS - SHOULD NEVER BE DONE IN TRAINING
USING PRECUED ITEMS - SHOULD NEVER BE DONE IN TRAINING
USING PRECUED ITEMS - SHOULD NEVER BE DONE IN TRAINING
USING PRECUED ITEMS - SHOULD NEVER BE DONE IN TRAINING
USING PRECUED ITEMS - SHOULD NEVER BE DONE IN TRAINING
USING PRECUED ITEMS - SHOULD NEVER BE DONE IN TRAINING
USING PRECUED ITEMS - SHOULD NEVER BE DONE IN TRAINING
USING PRECUED ITEMS - SHOULD NEVER BE DONE IN TRAINING
USING PRECUED ITEMS - SHOULD NEVER BE DONE IN TRAINING
USING PRECUED ITEMS - SHOULD NEVER BE DONE IN TRAINING
USING PRECUED ITEMS - SHOULD NEVER BE DONE IN TRAINING
USING PRECUED ITEMS - SHOULD NEVER BE DONE IN TRAINING
USING PRECUED ITEMS - SHOULD NEVER BE DONE IN TRAINING
USING PRECUED ITEMS - SHOULD NEVER BE DONE IN TRAINING
USING PRECUED ITEMS - SHOULD NEVER BE DONE IN TRAINING
USING PRECUED ITEMS - SHOULD NEVER BE DONE IN TRAINING
USING PRECUED ITEMS - SHOULD NEVER BE DONE IN TRAINING
USING PRECUED ITEMS - SHOULD NEVER BE DONE IN TRAINING
USING PRECUED ITEMS - SHOULD NEVER BE DONE IN TRAINING
USING PRECUED ITEMS - SHOULD NEVER BE DONE IN TRAINING
USING PRECUED ITEMS - SHOULD NEVER BE DONE IN TRAINING
[index_cued_first_diffusion_0.3_swap_7_ablated_dir_00] trial 100/288
USING PRECUED ITEMS - SHOULD NEVER BE DONE IN TRAINING
USING PRECUED ITEMS - SHOULD NEVER BE DONE IN TRAINING
USING PRECUED ITEMS - SHOULD NEVER BE DONE IN TRAINING
USING PRECUED ITEMS - SHOULD NEVER BE DONE IN TRAINING
USING PRECUED ITEMS - SHOULD NEVER BE DONE IN TRAINING
USING PRECUED ITEMS - SHOULD NEVER BE DONE IN TRAINING
USING PRECUED ITEMS - SHOULD NEVER BE DONE IN TRAINING
USING PRECUED ITEMS - SHOULD NEVER BE DONE IN TRAINING
USING PRECUED ITEMS - SHOULD NEVER BE DONE IN TRAINING
USING PRECUED ITEMS - SHOULD NEVER BE DONE IN TRAINING
USING PRECUED ITEMS - SHOULD NEVER BE DONE IN TRAINING
USING PRECUED ITEMS - SHOULD NEVER BE DONE IN TRAINING
USING PRECUED ITEMS - SHOULD NEVER BE DONE IN TRAINING
USING PRECUED ITEMS - SHOULD NEVER BE DONE IN TRAINING
USING PRECUED ITEMS - SHOULD NEVER BE DONE IN TRAINING
USING PRECUED ITEMS - SHOULD NEVER BE DONE IN TRAINING
USING PRECUED ITEMS - SHOULD NEVER BE DONE IN TRAINING
USING PRECUED ITEMS - SHOULD NEVER BE DONE IN TRAINING
USING PRECUED ITEMS - SHOULD NEVER BE DONE IN TRAINING
USING PRECUED ITEMS - SHOULD NEVER BE DONE IN TRAINING
USING PRECUED ITEMS - SHOULD NEVER BE DONE IN TRAINING
USING PRECUED ITEMS - SHOULD NEVER BE DONE IN TRAINING
USING PRECUED ITEMS - SHOULD NEVER BE DONE IN TRAINING
USING PRECUED ITEMS - SHOULD NEVER BE DONE IN TRAINING
USING PRECUED ITEMS - SHOULD NEVER BE DONE IN TRAINING
USING PRECUED ITEMS - SHOULD NEVER BE DONE IN TRAINING
USING PRECUED ITEMS - SHOULD NEVER BE DONE IN TRAINING
USING PRECUED ITEMS - SHOULD NEVER BE DONE IN TRAINING
USING PRECUED ITEMS - SHOULD NEVER BE DONE IN TRAINING
USING PRECUED ITEMS - SHOULD NEVER BE DONE IN TRAINING
USING PRECUED ITEMS - SHOULD NEVER BE DONE IN TRAINING
USING PRECUED ITEMS - SHOULD NEVER BE DONE IN TRAINING
USING PRECUED ITEMS - SHOULD NEVER BE DONE IN TRAINING
USING PRECUED ITEMS - SHOULD NEVER BE DONE IN TRAINING
USING PRECUED ITEMS - SHOULD NEVER BE DONE IN TRAINING
USING PRECUED ITEMS - SHOULD NEVER BE DONE IN TRAINING
USING PRECUED ITEMS - SHOULD NEVER BE DONE IN TRAINING
USING PRECUED ITEMS - SHOULD NEVER BE DONE IN TRAINING
USING PRECUED ITEMS - SHOULD NEVER BE DONE IN TRAINING
USING PRECUED ITEMS - SHOULD NEVER BE DONE IN TRAINING
USING PRECUED ITEMS - SHOULD NEVER BE DONE IN TRAINING
USING PRECUED ITEMS - SHOULD NEVER BE DONE IN TRAINING
USING PRECUED ITEMS - SHOULD NEVER BE DONE IN TRAINING
USING PRECUED ITEMS - SHOULD NEVER BE DONE IN TRAINING
USING PRECUED ITEMS - SHOULD NEVER BE DONE IN TRAINING
USING PRECUED ITEMS - SHOULD NEVER BE DONE IN TRAINING
USING PRECUED ITEMS - SHOULD NEVER BE DONE IN TRAINING
USING PRECUED ITEMS - SHOULD NEVER BE DONE IN TRAINING
USING PRECUED ITEMS - SHOULD NEVER BE DONE IN TRAINING
USING PRECUED ITEMS - SHOULD NEVER BE DONE IN TRAINING
[index_cued_first_diffusion_0.3_swap_7_ablated_dir_00] trial 150/288
USING PRECUED ITEMS - SHOULD NEVER BE DONE IN TRAINING
USING PRECUED ITEMS - SHOULD NEVER BE DONE IN TRAINING
USING PRECUED ITEMS - SHOULD NEVER BE DONE IN TRAINING
USING PRECUED ITEMS - SHOULD NEVER BE DONE IN TRAINING
USING PRECUED ITEMS - SHOULD NEVER BE DONE IN TRAINING
USING PRECUED ITEMS - SHOULD NEVER BE DONE IN TRAINING
USING PRECUED ITEMS - SHOULD NEVER BE DONE IN TRAINING
USING PRECUED ITEMS - SHOULD NEVER BE DONE IN TRAINING
USING PRECUED ITEMS - SHOULD NEVER BE DONE IN TRAINING
USING PRECUED ITEMS - SHOULD NEVER BE DONE IN TRAINING
USING PRECUED ITEMS - SHOULD NEVER BE DONE IN TRAINING
USING PRECUED ITEMS - SHOULD NEVER BE DONE IN TRAINING
USING PRECUED ITEMS - SHOULD NEVER BE DONE IN TRAINING
USING PRECUED ITEMS - SHOULD NEVER BE DONE IN TRAINING
USING PRECUED ITEMS - SHOULD NEVER BE DONE IN TRAINING
USING PRECUED ITEMS - SHOULD NEVER BE DONE IN TRAINING
USING PRECUED ITEMS - SHOULD NEVER BE DONE IN TRAINING
USING PRECUED ITEMS - SHOULD NEVER BE DONE IN TRAINING
USING PRECUED ITEMS - SHOULD NEVER BE DONE IN TRAINING
USING PRECUED ITEMS - SHOULD NEVER BE DONE IN TRAINING
USING PRECUED ITEMS - SHOULD NEVER BE DONE IN TRAINING
USING PRECUED ITEMS - SHOULD NEVER BE DONE IN TRAINING
USING PRECUED ITEMS - SHOULD NEVER BE DONE IN TRAINING
USING PRECUED ITEMS - SHOULD NEVER BE DONE IN TRAINING
USING PRECUED ITEMS - SHOULD NEVER BE DONE IN TRAINING
USING PRECUED ITEMS - SHOULD NEVER BE DONE IN TRAINING
USING PRECUED ITEMS - SHOULD NEVER BE DONE IN TRAINING
USING PRECUED ITEMS - SHOULD NEVER BE DONE IN TRAINING
USING PRECUED ITEMS - SHOULD NEVER BE DONE IN TRAINING
USING PRECUED ITEMS - SHOULD NEVER BE DONE IN TRAINING
USING PRECUED ITEMS - SHOULD NEVER BE DONE IN TRAINING
USING PRECUED ITEMS - SHOULD NEVER BE DONE IN TRAINING
USING PRECUED ITEMS - SHOULD NEVER BE DONE IN TRAINING
USING PRECUED ITEMS - SHOULD NEVER BE DONE IN TRAINING
USING PRECUED ITEMS - SHOULD NEVER BE DONE IN TRAINING
USING PRECUED ITEMS - SHOULD NEVER BE DONE IN TRAINING
USING PRECUED ITEMS - SHOULD NEVER BE DONE IN TRAINING
USING PRECUED ITEMS - SHOULD NEVER BE DONE IN TRAINING
USING PRECUED ITEMS - SHOULD NEVER BE DONE IN TRAINING
USING PRECUED ITEMS - SHOULD NEVER BE DONE IN TRAINING
USING PRECUED ITEMS - SHOULD NEVER BE DONE IN TRAINING
USING PRECUED ITEMS - SHOULD NEVER BE DONE IN TRAINING
USING PRECUED ITEMS - SHOULD NEVER BE DONE IN TRAINING
USING PRECUED ITEMS - SHOULD NEVER BE DONE IN TRAINING
USING PRECUED ITEMS - SHOULD NEVER BE DONE IN TRAINING
USING PRECUED ITEMS - SHOULD NEVER BE DONE IN TRAINING
USING PRECUED ITEMS - SHOULD NEVER BE DONE IN TRAINING
USING PRECUED ITEMS - SHOULD NEVER BE DONE IN TRAINING
USING PRECUED ITEMS - SHOULD NEVER BE DONE IN TRAINING
USING PRECUED ITEMS - SHOULD NEVER BE DONE IN TRAINING
[index_cued_first_diffusion_0.3_swap_7_ablated_dir_00] trial 200/288
USING PRECUED ITEMS - SHOULD NEVER BE DONE IN TRAINING
USING PRECUED ITEMS - SHOULD NEVER BE DONE IN TRAINING
USING PRECUED ITEMS - SHOULD NEVER BE DONE IN TRAINING
USING PRECUED ITEMS - SHOULD NEVER BE DONE IN TRAINING
USING PRECUED ITEMS - SHOULD NEVER BE DONE IN TRAINING
USING PRECUED ITEMS - SHOULD NEVER BE DONE IN TRAINING
USING PRECUED ITEMS - SHOULD NEVER BE DONE IN TRAINING
USING PRECUED ITEMS - SHOULD NEVER BE DONE IN TRAINING
USING PRECUED ITEMS - SHOULD NEVER BE DONE IN TRAINING
USING PRECUED ITEMS - SHOULD NEVER BE DONE IN TRAINING
USING PRECUED ITEMS - SHOULD NEVER BE DONE IN TRAINING
USING PRECUED ITEMS - SHOULD NEVER BE DONE IN TRAINING
USING PRECUED ITEMS - SHOULD NEVER BE DONE IN TRAINING
USING PRECUED ITEMS - SHOULD NEVER BE DONE IN TRAINING
USING PRECUED ITEMS - SHOULD NEVER BE DONE IN TRAINING
USING PRECUED ITEMS - SHOULD NEVER BE DONE IN TRAINING
USING PRECUED ITEMS - SHOULD NEVER BE DONE IN TRAINING
USING PRECUED ITEMS - SHOULD NEVER BE DONE IN TRAINING
USING PRECUED ITEMS - SHOULD NEVER BE DONE IN TRAINING
USING PRECUED ITEMS - SHOULD NEVER BE DONE IN TRAINING
USING PRECUED ITEMS - SHOULD NEVER BE DONE IN TRAINING
USING PRECUED ITEMS - SHOULD NEVER BE DONE IN TRAINING
USING PRECUED ITEMS - SHOULD NEVER BE DONE IN TRAINING
USING PRECUED ITEMS - SHOULD NEVER BE DONE IN TRAINING
USING PRECUED ITEMS - SHOULD NEVER BE DONE IN TRAINING
USING PRECUED ITEMS - SHOULD NEVER BE DONE IN TRAINING
USING PRECUED ITEMS - SHOULD NEVER BE DONE IN TRAINING
USING PRECUED ITEMS - SHOULD NEVER BE DONE IN TRAINING
USING PRECUED ITEMS - SHOULD NEVER BE DONE IN TRAINING
USING PRECUED ITEMS - SHOULD NEVER BE DONE IN TRAINING
USING PRECUED ITEMS - SHOULD NEVER BE DONE IN TRAINING
USING PRECUED ITEMS - SHOULD NEVER BE DONE IN TRAINING
USING PRECUED ITEMS - SHOULD NEVER BE DONE IN TRAINING
USING PRECUED ITEMS - SHOULD NEVER BE DONE IN TRAINING
USING PRECUED ITEMS - SHOULD NEVER BE DONE IN TRAINING
USING PRECUED ITEMS - SHOULD NEVER BE DONE IN TRAINING
USING PRECUED ITEMS - SHOULD NEVER BE DONE IN TRAINING
USING PRECUED ITEMS - SHOULD NEVER BE DONE IN TRAINING
USING PRECUED ITEMS - SHOULD NEVER BE DONE IN TRAINING
USING PRECUED ITEMS - SHOULD NEVER BE DONE IN TRAINING
USING PRECUED ITEMS - SHOULD NEVER BE DONE IN TRAINING
USING PRECUED ITEMS - SHOULD NEVER BE DONE IN TRAINING
USING PRECUED ITEMS - SHOULD NEVER BE DONE IN TRAINING
USING PRECUED ITEMS - SHOULD NEVER BE DONE IN TRAINING
USING PRECUED ITEMS - SHOULD NEVER BE DONE IN TRAINING
USING PRECUED ITEMS - SHOULD NEVER BE DONE IN TRAINING
USING PRECUED ITEMS - SHOULD NEVER BE DONE IN TRAINING
USING PRECUED ITEMS - SHOULD NEVER BE DONE IN TRAINING
USING PRECUED ITEMS - SHOULD NEVER BE DONE IN TRAINING
USING PRECUED ITEMS - SHOULD NEVER BE DONE IN TRAINING
[index_cued_first_diffusion_0.3_swap_7_ablated_dir_00] trial 250/288
USING PRECUED ITEMS - SHOULD NEVER BE DONE IN TRAINING
USING PRECUED ITEMS - SHOULD NEVER BE DONE IN TRAINING
USING PRECUED ITEMS - SHOULD NEVER BE DONE IN TRAINING
USING PRECUED ITEMS - SHOULD NEVER BE DONE IN TRAINING
USING PRECUED ITEMS - SHOULD NEVER BE DONE IN TRAINING
USING PRECUED ITEMS - SHOULD NEVER BE DONE IN TRAINING
USING PRECUED ITEMS - SHOULD NEVER BE DONE IN TRAINING
USING PRECUED ITEMS - SHOULD NEVER BE DONE IN TRAINING
USING PRECUED ITEMS - SHOULD NEVER BE DONE IN TRAINING
USING PRECUED ITEMS - SHOULD NEVER BE DONE IN TRAINING
USING PRECUED ITEMS - SHOULD NEVER BE DONE IN TRAINING
USING PRECUED ITEMS - SHOULD NEVER BE DONE IN TRAINING
USING PRECUED ITEMS - SHOULD NEVER BE DONE IN TRAINING
USING PRECUED ITEMS - SHOULD NEVER BE DONE IN TRAINING
USING PRECUED ITEMS - SHOULD NEVER BE DONE IN TRAINING
USING PRECUED ITEMS - SHOULD NEVER BE DONE IN TRAINING
USING PRECUED ITEMS - SHOULD NEVER BE DONE IN TRAINING
USING PRECUED ITEMS - SHOULD NEVER BE DONE IN TRAINING
USING PRECUED ITEMS - SHOULD NEVER BE DONE IN TRAINING
USING PRECUED ITEMS - SHOULD NEVER BE DONE IN TRAINING
USING PRECUED ITEMS - SHOULD NEVER BE DONE IN TRAINING
USING PRECUED ITEMS - SHOULD NEVER BE DONE IN TRAINING
USING PRECUED ITEMS - SHOULD NEVER BE DONE IN TRAINING
USING PRECUED ITEMS - SHOULD NEVER BE DONE IN TRAINING
USING PRECUED ITEMS - SHOULD NEVER BE DONE IN TRAINING
USING PRECUED ITEMS - SHOULD NEVER BE DONE IN TRAINING
USING PRECUED ITEMS - SHOULD NEVER BE DONE IN TRAINING
USING PRECUED ITEMS - SHOULD NEVER BE DONE IN TRAINING
USING PRECUED ITEMS - SHOULD NEVER BE DONE IN TRAINING
USING PRECUED ITEMS - SHOULD NEVER BE DONE IN TRAINING
USING PRECUED ITEMS - SHOULD NEVER BE DONE IN TRAINING
USING PRECUED ITEMS - SHOULD NEVER BE DONE IN TRAINING
USING PRECUED ITEMS - SHOULD NEVER BE DONE IN TRAINING
USING PRECUED ITEMS - SHOULD NEVER BE DONE IN TRAINING
USING PRECUED ITEMS - SHOULD NEVER BE DONE IN TRAINING
USING PRECUED ITEMS - SHOULD NEVER BE DONE IN TRAINING
USING PRECUED ITEMS - SHOULD NEVER BE DONE IN TRAINING
USING PRECUED ITEMS - SHOULD NEVER BE DONE IN TRAINING
  Comparing ablation 0 -> student index_cued_first_diffusion_0.3_swap_recovery_ablation_0_0
  Comparing ablation 0 -> student index_cued_first_diffusion_0.3_swap_recovery_ablation_1_0
  Comparing ablation 0 -> student index_cued_first_diffusion_0.3_swap_recovery_ablation_4_0
  Comparing ablation 0 -> student index_cued_first_diffusion_0.3_swap_recovery_ablation_5_0
  Comparing ablation 0 -> student index_cued_first_diffusion_0.3_swap_recovery_ablation_6_0
  Comparing ablation 0 -> student index_cued_first_diffusion_0.3_swap_ablation_7_1

======================================================================
Processing ablation direction 1
[index_cued_first_diffusion_0.3_swap_7_ablated_dir_01] using ablation direction key: nullspace_01
[index_cued_first_diffusion_0.3_swap_7_ablated_dir_01] trial 0/288
USING PRECUED ITEMS - SHOULD NEVER BE DONE IN TRAINING
USING PRECUED ITEMS - SHOULD NEVER BE DONE IN TRAINING
USING PRECUED ITEMS - SHOULD NEVER BE DONE IN TRAINING
USING PRECUED ITEMS - SHOULD NEVER BE DONE IN TRAINING
USING PRECUED ITEMS - SHOULD NEVER BE DONE IN TRAINING
USING PRECUED ITEMS - SHOULD NEVER BE DONE IN TRAINING
USING PRECUED ITEMS - SHOULD NEVER BE DONE IN TRAINING
USING PRECUED ITEMS - SHOULD NEVER BE DONE IN TRAINING
USING PRECUED ITEMS - SHOULD NEVER BE DONE IN TRAINING
USING PRECUED ITEMS - SHOULD NEVER BE DONE IN TRAINING
USING PRECUED ITEMS - SHOULD NEVER BE DONE IN TRAINING
USING PRECUED ITEMS - SHOULD NEVER BE DONE IN TRAINING
USING PRECUED ITEMS - SHOULD NEVER BE DONE IN TRAINING
USING PRECUED ITEMS - SHOULD NEVER BE DONE IN TRAINING
USING PRECUED ITEMS - SHOULD NEVER BE DONE IN TRAINING
USING PRECUED ITEMS - SHOULD NEVER BE DONE IN TRAINING
USING PRECUED ITEMS - SHOULD NEVER BE DONE IN TRAINING
USING PRECUED ITEMS - SHOULD NEVER BE DONE IN TRAINING
USING PRECUED ITEMS - SHOULD NEVER BE DONE IN TRAINING
USING PRECUED ITEMS - SHOULD NEVER BE DONE IN TRAINING
USING PRECUED ITEMS - SHOULD NEVER BE DONE IN TRAINING
USING PRECUED ITEMS - SHOULD NEVER BE DONE IN TRAINING
USING PRECUED ITEMS - SHOULD NEVER BE DONE IN TRAINING
USING PRECUED ITEMS - SHOULD NEVER BE DONE IN TRAINING
USING PRECUED ITEMS - SHOULD NEVER BE DONE IN TRAINING
USING PRECUED ITEMS - SHOULD NEVER BE DONE IN TRAINING
USING PRECUED ITEMS - SHOULD NEVER BE DONE IN TRAINING
USING PRECUED ITEMS - SHOULD NEVER BE DONE IN TRAINING
USING PRECUED ITEMS - SHOULD NEVER BE DONE IN TRAINING
USING PRECUED ITEMS - SHOULD NEVER BE DONE IN TRAINING
USING PRECUED ITEMS - SHOULD NEVER BE DONE IN TRAINING
USING PRECUED ITEMS - SHOULD NEVER BE DONE IN TRAINING
USING PRECUED ITEMS - SHOULD NEVER BE DONE IN TRAINING
USING PRECUED ITEMS - SHOULD NEVER BE DONE IN TRAINING
USING PRECUED ITEMS - SHOULD NEVER BE DONE IN TRAINING
USING PRECUED ITEMS - SHOULD NEVER BE DONE IN TRAINING
USING PRECUED ITEMS - SHOULD NEVER BE DONE IN TRAINING
USING PRECUED ITEMS - SHOULD NEVER BE DONE IN TRAINING
USING PRECUED ITEMS - SHOULD NEVER BE DONE IN TRAINING
USING PRECUED ITEMS - SHOULD NEVER BE DONE IN TRAINING
USING PRECUED ITEMS - SHOULD NEVER BE DONE IN TRAINING
USING PRECUED ITEMS - SHOULD NEVER BE DONE IN TRAINING
USING PRECUED ITEMS - SHOULD NEVER BE DONE IN TRAINING
USING PRECUED ITEMS - SHOULD NEVER BE DONE IN TRAINING
USING PRECUED ITEMS - SHOULD NEVER BE DONE IN TRAINING
USING PRECUED ITEMS - SHOULD NEVER BE DONE IN TRAINING
USING PRECUED ITEMS - SHOULD NEVER BE DONE IN TRAINING
USING PRECUED ITEMS - SHOULD NEVER BE DONE IN TRAINING
USING PRECUED ITEMS - SHOULD NEVER BE DONE IN TRAINING
USING PRECUED ITEMS - SHOULD NEVER BE DONE IN TRAINING
[index_cued_first_diffusion_0.3_swap_7_ablated_dir_01] trial 50/288
USING PRECUED ITEMS - SHOULD NEVER BE DONE IN TRAINING
USING PRECUED ITEMS - SHOULD NEVER BE DONE IN TRAINING
USING PRECUED ITEMS - SHOULD NEVER BE DONE IN TRAINING
USING PRECUED ITEMS - SHOULD NEVER BE DONE IN TRAINING
USING PRECUED ITEMS - SHOULD NEVER BE DONE IN TRAINING
USING PRECUED ITEMS - SHOULD NEVER BE DONE IN TRAINING
USING PRECUED ITEMS - SHOULD NEVER BE DONE IN TRAINING
USING PRECUED ITEMS - SHOULD NEVER BE DONE IN TRAINING
USING PRECUED ITEMS - SHOULD NEVER BE DONE IN TRAINING
USING PRECUED ITEMS - SHOULD NEVER BE DONE IN TRAINING
USING PRECUED ITEMS - SHOULD NEVER BE DONE IN TRAINING
USING PRECUED ITEMS - SHOULD NEVER BE DONE IN TRAINING
USING PRECUED ITEMS - SHOULD NEVER BE DONE IN TRAINING
USING PRECUED ITEMS - SHOULD NEVER BE DONE IN TRAINING
USING PRECUED ITEMS - SHOULD NEVER BE DONE IN TRAINING
USING PRECUED ITEMS - SHOULD NEVER BE DONE IN TRAINING
USING PRECUED ITEMS - SHOULD NEVER BE DONE IN TRAINING
USING PRECUED ITEMS - SHOULD NEVER BE DONE IN TRAINING
USING PRECUED ITEMS - SHOULD NEVER BE DONE IN TRAINING
USING PRECUED ITEMS - SHOULD NEVER BE DONE IN TRAINING
USING PRECUED ITEMS - SHOULD NEVER BE DONE IN TRAINING
USING PRECUED ITEMS - SHOULD NEVER BE DONE IN TRAINING
USING PRECUED ITEMS - SHOULD NEVER BE DONE IN TRAINING
USING PRECUED ITEMS - SHOULD NEVER BE DONE IN TRAINING
USING PRECUED ITEMS - SHOULD NEVER BE DONE IN TRAINING
USING PRECUED ITEMS - SHOULD NEVER BE DONE IN TRAINING
USING PRECUED ITEMS - SHOULD NEVER BE DONE IN TRAINING
USING PRECUED ITEMS - SHOULD NEVER BE DONE IN TRAINING
USING PRECUED ITEMS - SHOULD NEVER BE DONE IN TRAINING
USING PRECUED ITEMS - SHOULD NEVER BE DONE IN TRAINING
USING PRECUED ITEMS - SHOULD NEVER BE DONE IN TRAINING
USING PRECUED ITEMS - SHOULD NEVER BE DONE IN TRAINING
USING PRECUED ITEMS - SHOULD NEVER BE DONE IN TRAINING
USING PRECUED ITEMS - SHOULD NEVER BE DONE IN TRAINING
USING PRECUED ITEMS - SHOULD NEVER BE DONE IN TRAINING
USING PRECUED ITEMS - SHOULD NEVER BE DONE IN TRAINING
USING PRECUED ITEMS - SHOULD NEVER BE DONE IN TRAINING
USING PRECUED ITEMS - SHOULD NEVER BE DONE IN TRAINING
USING PRECUED ITEMS - SHOULD NEVER BE DONE IN TRAINING
USING PRECUED ITEMS - SHOULD NEVER BE DONE IN TRAINING
USING PRECUED ITEMS - SHOULD NEVER BE DONE IN TRAINING
USING PRECUED ITEMS - SHOULD NEVER BE DONE IN TRAINING
USING PRECUED ITEMS - SHOULD NEVER BE DONE IN TRAINING
USING PRECUED ITEMS - SHOULD NEVER BE DONE IN TRAINING
USING PRECUED ITEMS - SHOULD NEVER BE DONE IN TRAINING
USING PRECUED ITEMS - SHOULD NEVER BE DONE IN TRAINING
USING PRECUED ITEMS - SHOULD NEVER BE DONE IN TRAINING
USING PRECUED ITEMS - SHOULD NEVER BE DONE IN TRAINING
USING PRECUED ITEMS - SHOULD NEVER BE DONE IN TRAINING
USING PRECUED ITEMS - SHOULD NEVER BE DONE IN TRAINING
[index_cued_first_diffusion_0.3_swap_7_ablated_dir_01] trial 100/288
USING PRECUED ITEMS - SHOULD NEVER BE DONE IN TRAINING
USING PRECUED ITEMS - SHOULD NEVER BE DONE IN TRAINING
USING PRECUED ITEMS - SHOULD NEVER BE DONE IN TRAINING
USING PRECUED ITEMS - SHOULD NEVER BE DONE IN TRAINING
USING PRECUED ITEMS - SHOULD NEVER BE DONE IN TRAINING
USING PRECUED ITEMS - SHOULD NEVER BE DONE IN TRAINING
USING PRECUED ITEMS - SHOULD NEVER BE DONE IN TRAINING
USING PRECUED ITEMS - SHOULD NEVER BE DONE IN TRAINING
USING PRECUED ITEMS - SHOULD NEVER BE DONE IN TRAINING
USING PRECUED ITEMS - SHOULD NEVER BE DONE IN TRAINING
USING PRECUED ITEMS - SHOULD NEVER BE DONE IN TRAINING
USING PRECUED ITEMS - SHOULD NEVER BE DONE IN TRAINING
USING PRECUED ITEMS - SHOULD NEVER BE DONE IN TRAINING
USING PRECUED ITEMS - SHOULD NEVER BE DONE IN TRAINING
USING PRECUED ITEMS - SHOULD NEVER BE DONE IN TRAINING
USING PRECUED ITEMS - SHOULD NEVER BE DONE IN TRAINING
USING PRECUED ITEMS - SHOULD NEVER BE DONE IN TRAINING
USING PRECUED ITEMS - SHOULD NEVER BE DONE IN TRAINING
USING PRECUED ITEMS - SHOULD NEVER BE DONE IN TRAINING
USING PRECUED ITEMS - SHOULD NEVER BE DONE IN TRAINING
USING PRECUED ITEMS - SHOULD NEVER BE DONE IN TRAINING
USING PRECUED ITEMS - SHOULD NEVER BE DONE IN TRAINING
USING PRECUED ITEMS - SHOULD NEVER BE DONE IN TRAINING
USING PRECUED ITEMS - SHOULD NEVER BE DONE IN TRAINING
USING PRECUED ITEMS - SHOULD NEVER BE DONE IN TRAINING
USING PRECUED ITEMS - SHOULD NEVER BE DONE IN TRAINING
USING PRECUED ITEMS - SHOULD NEVER BE DONE IN TRAINING
USING PRECUED ITEMS - SHOULD NEVER BE DONE IN TRAINING
USING PRECUED ITEMS - SHOULD NEVER BE DONE IN TRAINING
USING PRECUED ITEMS - SHOULD NEVER BE DONE IN TRAINING
USING PRECUED ITEMS - SHOULD NEVER BE DONE IN TRAINING
USING PRECUED ITEMS - SHOULD NEVER BE DONE IN TRAINING
USING PRECUED ITEMS - SHOULD NEVER BE DONE IN TRAINING
USING PRECUED ITEMS - SHOULD NEVER BE DONE IN TRAINING
USING PRECUED ITEMS - SHOULD NEVER BE DONE IN TRAINING
USING PRECUED ITEMS - SHOULD NEVER BE DONE IN TRAINING
USING PRECUED ITEMS - SHOULD NEVER BE DONE IN TRAINING
USING PRECUED ITEMS - SHOULD NEVER BE DONE IN TRAINING
USING PRECUED ITEMS - SHOULD NEVER BE DONE IN TRAINING
USING PRECUED ITEMS - SHOULD NEVER BE DONE IN TRAINING
USING PRECUED ITEMS - SHOULD NEVER BE DONE IN TRAINING
USING PRECUED ITEMS - SHOULD NEVER BE DONE IN TRAINING
USING PRECUED ITEMS - SHOULD NEVER BE DONE IN TRAINING
USING PRECUED ITEMS - SHOULD NEVER BE DONE IN TRAINING
USING PRECUED ITEMS - SHOULD NEVER BE DONE IN TRAINING
USING PRECUED ITEMS - SHOULD NEVER BE DONE IN TRAINING
USING PRECUED ITEMS - SHOULD NEVER BE DONE IN TRAINING
USING PRECUED ITEMS - SHOULD NEVER BE DONE IN TRAINING
USING PRECUED ITEMS - SHOULD NEVER BE DONE IN TRAINING
USING PRECUED ITEMS - SHOULD NEVER BE DONE IN TRAINING
[index_cued_first_diffusion_0.3_swap_7_ablated_dir_01] trial 150/288
USING PRECUED ITEMS - SHOULD NEVER BE DONE IN TRAINING
USING PRECUED ITEMS - SHOULD NEVER BE DONE IN TRAINING
USING PRECUED ITEMS - SHOULD NEVER BE DONE IN TRAINING
USING PRECUED ITEMS - SHOULD NEVER BE DONE IN TRAINING
USING PRECUED ITEMS - SHOULD NEVER BE DONE IN TRAINING
USING PRECUED ITEMS - SHOULD NEVER BE DONE IN TRAINING
USING PRECUED ITEMS - SHOULD NEVER BE DONE IN TRAINING
USING PRECUED ITEMS - SHOULD NEVER BE DONE IN TRAINING
USING PRECUED ITEMS - SHOULD NEVER BE DONE IN TRAINING
USING PRECUED ITEMS - SHOULD NEVER BE DONE IN TRAINING
USING PRECUED ITEMS - SHOULD NEVER BE DONE IN TRAINING
USING PRECUED ITEMS - SHOULD NEVER BE DONE IN TRAINING
USING PRECUED ITEMS - SHOULD NEVER BE DONE IN TRAINING
USING PRECUED ITEMS - SHOULD NEVER BE DONE IN TRAINING
USING PRECUED ITEMS - SHOULD NEVER BE DONE IN TRAINING
USING PRECUED ITEMS - SHOULD NEVER BE DONE IN TRAINING
USING PRECUED ITEMS - SHOULD NEVER BE DONE IN TRAINING
USING PRECUED ITEMS - SHOULD NEVER BE DONE IN TRAINING
USING PRECUED ITEMS - SHOULD NEVER BE DONE IN TRAINING
USING PRECUED ITEMS - SHOULD NEVER BE DONE IN TRAINING
USING PRECUED ITEMS - SHOULD NEVER BE DONE IN TRAINING
USING PRECUED ITEMS - SHOULD NEVER BE DONE IN TRAINING
USING PRECUED ITEMS - SHOULD NEVER BE DONE IN TRAINING
USING PRECUED ITEMS - SHOULD NEVER BE DONE IN TRAINING
USING PRECUED ITEMS - SHOULD NEVER BE DONE IN TRAINING
USING PRECUED ITEMS - SHOULD NEVER BE DONE IN TRAINING
USING PRECUED ITEMS - SHOULD NEVER BE DONE IN TRAINING
USING PRECUED ITEMS - SHOULD NEVER BE DONE IN TRAINING
USING PRECUED ITEMS - SHOULD NEVER BE DONE IN TRAINING
USING PRECUED ITEMS - SHOULD NEVER BE DONE IN TRAINING
USING PRECUED ITEMS - SHOULD NEVER BE DONE IN TRAINING
USING PRECUED ITEMS - SHOULD NEVER BE DONE IN TRAINING
USING PRECUED ITEMS - SHOULD NEVER BE DONE IN TRAINING
USING PRECUED ITEMS - SHOULD NEVER BE DONE IN TRAINING
USING PRECUED ITEMS - SHOULD NEVER BE DONE IN TRAINING
USING PRECUED ITEMS - SHOULD NEVER BE DONE IN TRAINING
USING PRECUED ITEMS - SHOULD NEVER BE DONE IN TRAINING
USING PRECUED ITEMS - SHOULD NEVER BE DONE IN TRAINING
USING PRECUED ITEMS - SHOULD NEVER BE DONE IN TRAINING
USING PRECUED ITEMS - SHOULD NEVER BE DONE IN TRAINING
USING PRECUED ITEMS - SHOULD NEVER BE DONE IN TRAINING
USING PRECUED ITEMS - SHOULD NEVER BE DONE IN TRAINING
USING PRECUED ITEMS - SHOULD NEVER BE DONE IN TRAINING
USING PRECUED ITEMS - SHOULD NEVER BE DONE IN TRAINING
USING PRECUED ITEMS - SHOULD NEVER BE DONE IN TRAINING
USING PRECUED ITEMS - SHOULD NEVER BE DONE IN TRAINING
USING PRECUED ITEMS - SHOULD NEVER BE DONE IN TRAINING
USING PRECUED ITEMS - SHOULD NEVER BE DONE IN TRAINING
USING PRECUED ITEMS - SHOULD NEVER BE DONE IN TRAINING
USING PRECUED ITEMS - SHOULD NEVER BE DONE IN TRAINING
[index_cued_first_diffusion_0.3_swap_7_ablated_dir_01] trial 200/288
USING PRECUED ITEMS - SHOULD NEVER BE DONE IN TRAINING
USING PRECUED ITEMS - SHOULD NEVER BE DONE IN TRAINING
USING PRECUED ITEMS - SHOULD NEVER BE DONE IN TRAINING
USING PRECUED ITEMS - SHOULD NEVER BE DONE IN TRAINING
USING PRECUED ITEMS - SHOULD NEVER BE DONE IN TRAINING
USING PRECUED ITEMS - SHOULD NEVER BE DONE IN TRAINING
USING PRECUED ITEMS - SHOULD NEVER BE DONE IN TRAINING
USING PRECUED ITEMS - SHOULD NEVER BE DONE IN TRAINING
USING PRECUED ITEMS - SHOULD NEVER BE DONE IN TRAINING
USING PRECUED ITEMS - SHOULD NEVER BE DONE IN TRAINING
USING PRECUED ITEMS - SHOULD NEVER BE DONE IN TRAINING
USING PRECUED ITEMS - SHOULD NEVER BE DONE IN TRAINING
USING PRECUED ITEMS - SHOULD NEVER BE DONE IN TRAINING
USING PRECUED ITEMS - SHOULD NEVER BE DONE IN TRAINING
USING PRECUED ITEMS - SHOULD NEVER BE DONE IN TRAINING
USING PRECUED ITEMS - SHOULD NEVER BE DONE IN TRAINING
USING PRECUED ITEMS - SHOULD NEVER BE DONE IN TRAINING
USING PRECUED ITEMS - SHOULD NEVER BE DONE IN TRAINING
USING PRECUED ITEMS - SHOULD NEVER BE DONE IN TRAINING
USING PRECUED ITEMS - SHOULD NEVER BE DONE IN TRAINING
USING PRECUED ITEMS - SHOULD NEVER BE DONE IN TRAINING
USING PRECUED ITEMS - SHOULD NEVER BE DONE IN TRAINING
USING PRECUED ITEMS - SHOULD NEVER BE DONE IN TRAINING
USING PRECUED ITEMS - SHOULD NEVER BE DONE IN TRAINING
USING PRECUED ITEMS - SHOULD NEVER BE DONE IN TRAINING
USING PRECUED ITEMS - SHOULD NEVER BE DONE IN TRAINING
USING PRECUED ITEMS - SHOULD NEVER BE DONE IN TRAINING
USING PRECUED ITEMS - SHOULD NEVER BE DONE IN TRAINING
USING PRECUED ITEMS - SHOULD NEVER BE DONE IN TRAINING
USING PRECUED ITEMS - SHOULD NEVER BE DONE IN TRAINING
USING PRECUED ITEMS - SHOULD NEVER BE DONE IN TRAINING
USING PRECUED ITEMS - SHOULD NEVER BE DONE IN TRAINING
USING PRECUED ITEMS - SHOULD NEVER BE DONE IN TRAINING
USING PRECUED ITEMS - SHOULD NEVER BE DONE IN TRAINING
USING PRECUED ITEMS - SHOULD NEVER BE DONE IN TRAINING
USING PRECUED ITEMS - SHOULD NEVER BE DONE IN TRAINING
USING PRECUED ITEMS - SHOULD NEVER BE DONE IN TRAINING
USING PRECUED ITEMS - SHOULD NEVER BE DONE IN TRAINING
USING PRECUED ITEMS - SHOULD NEVER BE DONE IN TRAINING
USING PRECUED ITEMS - SHOULD NEVER BE DONE IN TRAINING
USING PRECUED ITEMS - SHOULD NEVER BE DONE IN TRAINING
USING PRECUED ITEMS - SHOULD NEVER BE DONE IN TRAINING
USING PRECUED ITEMS - SHOULD NEVER BE DONE IN TRAINING
USING PRECUED ITEMS - SHOULD NEVER BE DONE IN TRAINING
USING PRECUED ITEMS - SHOULD NEVER BE DONE IN TRAINING
USING PRECUED ITEMS - SHOULD NEVER BE DONE IN TRAINING
USING PRECUED ITEMS - SHOULD NEVER BE DONE IN TRAINING
USING PRECUED ITEMS - SHOULD NEVER BE DONE IN TRAINING
USING PRECUED ITEMS - SHOULD NEVER BE DONE IN TRAINING
USING PRECUED ITEMS - SHOULD NEVER BE DONE IN TRAINING
[index_cued_first_diffusion_0.3_swap_7_ablated_dir_01] trial 250/288
USING PRECUED ITEMS - SHOULD NEVER BE DONE IN TRAINING
USING PRECUED ITEMS - SHOULD NEVER BE DONE IN TRAINING
USING PRECUED ITEMS - SHOULD NEVER BE DONE IN TRAINING
USING PRECUED ITEMS - SHOULD NEVER BE DONE IN TRAINING
USING PRECUED ITEMS - SHOULD NEVER BE DONE IN TRAINING
USING PRECUED ITEMS - SHOULD NEVER BE DONE IN TRAINING
USING PRECUED ITEMS - SHOULD NEVER BE DONE IN TRAINING
USING PRECUED ITEMS - SHOULD NEVER BE DONE IN TRAINING
USING PRECUED ITEMS - SHOULD NEVER BE DONE IN TRAINING
USING PRECUED ITEMS - SHOULD NEVER BE DONE IN TRAINING
USING PRECUED ITEMS - SHOULD NEVER BE DONE IN TRAINING
USING PRECUED ITEMS - SHOULD NEVER BE DONE IN TRAINING
USING PRECUED ITEMS - SHOULD NEVER BE DONE IN TRAINING
USING PRECUED ITEMS - SHOULD NEVER BE DONE IN TRAINING
USING PRECUED ITEMS - SHOULD NEVER BE DONE IN TRAINING
USING PRECUED ITEMS - SHOULD NEVER BE DONE IN TRAINING
USING PRECUED ITEMS - SHOULD NEVER BE DONE IN TRAINING
USING PRECUED ITEMS - SHOULD NEVER BE DONE IN TRAINING
USING PRECUED ITEMS - SHOULD NEVER BE DONE IN TRAINING
USING PRECUED ITEMS - SHOULD NEVER BE DONE IN TRAINING
USING PRECUED ITEMS - SHOULD NEVER BE DONE IN TRAINING
USING PRECUED ITEMS - SHOULD NEVER BE DONE IN TRAINING
USING PRECUED ITEMS - SHOULD NEVER BE DONE IN TRAINING
USING PRECUED ITEMS - SHOULD NEVER BE DONE IN TRAINING
USING PRECUED ITEMS - SHOULD NEVER BE DONE IN TRAINING
USING PRECUED ITEMS - SHOULD NEVER BE DONE IN TRAINING
USING PRECUED ITEMS - SHOULD NEVER BE DONE IN TRAINING
USING PRECUED ITEMS - SHOULD NEVER BE DONE IN TRAINING
USING PRECUED ITEMS - SHOULD NEVER BE DONE IN TRAINING
USING PRECUED ITEMS - SHOULD NEVER BE DONE IN TRAINING
USING PRECUED ITEMS - SHOULD NEVER BE DONE IN TRAINING
USING PRECUED ITEMS - SHOULD NEVER BE DONE IN TRAINING
USING PRECUED ITEMS - SHOULD NEVER BE DONE IN TRAINING
USING PRECUED ITEMS - SHOULD NEVER BE DONE IN TRAINING
USING PRECUED ITEMS - SHOULD NEVER BE DONE IN TRAINING
USING PRECUED ITEMS - SHOULD NEVER BE DONE IN TRAINING
USING PRECUED ITEMS - SHOULD NEVER BE DONE IN TRAINING
USING PRECUED ITEMS - SHOULD NEVER BE DONE IN TRAINING
  Comparing ablation 1 -> student index_cued_first_diffusion_0.3_swap_recovery_ablation_0_0
  Comparing ablation 1 -> student index_cued_first_diffusion_0.3_swap_recovery_ablation_1_0
  Comparing ablation 1 -> student index_cued_first_diffusion_0.3_swap_recovery_ablation_4_0
  Comparing ablation 1 -> student index_cued_first_diffusion_0.3_swap_recovery_ablation_5_0
  Comparing ablation 1 -> student index_cued_first_diffusion_0.3_swap_recovery_ablation_6_0
  Comparing ablation 1 -> student index_cued_first_diffusion_0.3_swap_ablation_7_1

======================================================================
Processing ablation direction 2
[index_cued_first_diffusion_0.3_swap_7_ablated_dir_02] using ablation direction key: nullspace_02
[index_cued_first_diffusion_0.3_swap_7_ablated_dir_02] trial 0/288
USING PRECUED ITEMS - SHOULD NEVER BE DONE IN TRAINING
USING PRECUED ITEMS - SHOULD NEVER BE DONE IN TRAINING
USING PRECUED ITEMS - SHOULD NEVER BE DONE IN TRAINING
USING PRECUED ITEMS - SHOULD NEVER BE DONE IN TRAINING
USING PRECUED ITEMS - SHOULD NEVER BE DONE IN TRAINING
USING PRECUED ITEMS - SHOULD NEVER BE DONE IN TRAINING
USING PRECUED ITEMS - SHOULD NEVER BE DONE IN TRAINING
USING PRECUED ITEMS - SHOULD NEVER BE DONE IN TRAINING
USING PRECUED ITEMS - SHOULD NEVER BE DONE IN TRAINING
USING PRECUED ITEMS - SHOULD NEVER BE DONE IN TRAINING
USING PRECUED ITEMS - SHOULD NEVER BE DONE IN TRAINING
USING PRECUED ITEMS - SHOULD NEVER BE DONE IN TRAINING
USING PRECUED ITEMS - SHOULD NEVER BE DONE IN TRAINING
USING PRECUED ITEMS - SHOULD NEVER BE DONE IN TRAINING
USING PRECUED ITEMS - SHOULD NEVER BE DONE IN TRAINING
USING PRECUED ITEMS - SHOULD NEVER BE DONE IN TRAINING
USING PRECUED ITEMS - SHOULD NEVER BE DONE IN TRAINING
USING PRECUED ITEMS - SHOULD NEVER BE DONE IN TRAINING
USING PRECUED ITEMS - SHOULD NEVER BE DONE IN TRAINING
USING PRECUED ITEMS - SHOULD NEVER BE DONE IN TRAINING
USING PRECUED ITEMS - SHOULD NEVER BE DONE IN TRAINING
USING PRECUED ITEMS - SHOULD NEVER BE DONE IN TRAINING
USING PRECUED ITEMS - SHOULD NEVER BE DONE IN TRAINING
USING PRECUED ITEMS - SHOULD NEVER BE DONE IN TRAINING
USING PRECUED ITEMS - SHOULD NEVER BE DONE IN TRAINING
USING PRECUED ITEMS - SHOULD NEVER BE DONE IN TRAINING
USING PRECUED ITEMS - SHOULD NEVER BE DONE IN TRAINING
USING PRECUED ITEMS - SHOULD NEVER BE DONE IN TRAINING
USING PRECUED ITEMS - SHOULD NEVER BE DONE IN TRAINING
USING PRECUED ITEMS - SHOULD NEVER BE DONE IN TRAINING
USING PRECUED ITEMS - SHOULD NEVER BE DONE IN TRAINING
USING PRECUED ITEMS - SHOULD NEVER BE DONE IN TRAINING
USING PRECUED ITEMS - SHOULD NEVER BE DONE IN TRAINING
USING PRECUED ITEMS - SHOULD NEVER BE DONE IN TRAINING
USING PRECUED ITEMS - SHOULD NEVER BE DONE IN TRAINING
USING PRECUED ITEMS - SHOULD NEVER BE DONE IN TRAINING
USING PRECUED ITEMS - SHOULD NEVER BE DONE IN TRAINING
USING PRECUED ITEMS - SHOULD NEVER BE DONE IN TRAINING
USING PRECUED ITEMS - SHOULD NEVER BE DONE IN TRAINING
USING PRECUED ITEMS - SHOULD NEVER BE DONE IN TRAINING
USING PRECUED ITEMS - SHOULD NEVER BE DONE IN TRAINING
USING PRECUED ITEMS - SHOULD NEVER BE DONE IN TRAINING
USING PRECUED ITEMS - SHOULD NEVER BE DONE IN TRAINING
USING PRECUED ITEMS - SHOULD NEVER BE DONE IN TRAINING
USING PRECUED ITEMS - SHOULD NEVER BE DONE IN TRAINING
USING PRECUED ITEMS - SHOULD NEVER BE DONE IN TRAINING
USING PRECUED ITEMS - SHOULD NEVER BE DONE IN TRAINING
USING PRECUED ITEMS - SHOULD NEVER BE DONE IN TRAINING
USING PRECUED ITEMS - SHOULD NEVER BE DONE IN TRAINING
USING PRECUED ITEMS - SHOULD NEVER BE DONE IN TRAINING
[index_cued_first_diffusion_0.3_swap_7_ablated_dir_02] trial 50/288
USING PRECUED ITEMS - SHOULD NEVER BE DONE IN TRAINING
USING PRECUED ITEMS - SHOULD NEVER BE DONE IN TRAINING
USING PRECUED ITEMS - SHOULD NEVER BE DONE IN TRAINING
USING PRECUED ITEMS - SHOULD NEVER BE DONE IN TRAINING
USING PRECUED ITEMS - SHOULD NEVER BE DONE IN TRAINING
USING PRECUED ITEMS - SHOULD NEVER BE DONE IN TRAINING
USING PRECUED ITEMS - SHOULD NEVER BE DONE IN TRAINING
USING PRECUED ITEMS - SHOULD NEVER BE DONE IN TRAINING
USING PRECUED ITEMS - SHOULD NEVER BE DONE IN TRAINING
USING PRECUED ITEMS - SHOULD NEVER BE DONE IN TRAINING
USING PRECUED ITEMS - SHOULD NEVER BE DONE IN TRAINING
USING PRECUED ITEMS - SHOULD NEVER BE DONE IN TRAINING
USING PRECUED ITEMS - SHOULD NEVER BE DONE IN TRAINING
USING PRECUED ITEMS - SHOULD NEVER BE DONE IN TRAINING
USING PRECUED ITEMS - SHOULD NEVER BE DONE IN TRAINING
USING PRECUED ITEMS - SHOULD NEVER BE DONE IN TRAINING
USING PRECUED ITEMS - SHOULD NEVER BE DONE IN TRAINING
USING PRECUED ITEMS - SHOULD NEVER BE DONE IN TRAINING
USING PRECUED ITEMS - SHOULD NEVER BE DONE IN TRAINING
USING PRECUED ITEMS - SHOULD NEVER BE DONE IN TRAINING
USING PRECUED ITEMS - SHOULD NEVER BE DONE IN TRAINING
USING PRECUED ITEMS - SHOULD NEVER BE DONE IN TRAINING
USING PRECUED ITEMS - SHOULD NEVER BE DONE IN TRAINING
USING PRECUED ITEMS - SHOULD NEVER BE DONE IN TRAINING
USING PRECUED ITEMS - SHOULD NEVER BE DONE IN TRAINING
USING PRECUED ITEMS - SHOULD NEVER BE DONE IN TRAINING
USING PRECUED ITEMS - SHOULD NEVER BE DONE IN TRAINING
USING PRECUED ITEMS - SHOULD NEVER BE DONE IN TRAINING
USING PRECUED ITEMS - SHOULD NEVER BE DONE IN TRAINING
USING PRECUED ITEMS - SHOULD NEVER BE DONE IN TRAINING
USING PRECUED ITEMS - SHOULD NEVER BE DONE IN TRAINING
USING PRECUED ITEMS - SHOULD NEVER BE DONE IN TRAINING
USING PRECUED ITEMS - SHOULD NEVER BE DONE IN TRAINING
USING PRECUED ITEMS - SHOULD NEVER BE DONE IN TRAINING
USING PRECUED ITEMS - SHOULD NEVER BE DONE IN TRAINING
USING PRECUED ITEMS - SHOULD NEVER BE DONE IN TRAINING
USING PRECUED ITEMS - SHOULD NEVER BE DONE IN TRAINING
USING PRECUED ITEMS - SHOULD NEVER BE DONE IN TRAINING
USING PRECUED ITEMS - SHOULD NEVER BE DONE IN TRAINING
USING PRECUED ITEMS - SHOULD NEVER BE DONE IN TRAINING
USING PRECUED ITEMS - SHOULD NEVER BE DONE IN TRAINING
USING PRECUED ITEMS - SHOULD NEVER BE DONE IN TRAINING
USING PRECUED ITEMS - SHOULD NEVER BE DONE IN TRAINING
USING PRECUED ITEMS - SHOULD NEVER BE DONE IN TRAINING
USING PRECUED ITEMS - SHOULD NEVER BE DONE IN TRAINING
USING PRECUED ITEMS - SHOULD NEVER BE DONE IN TRAINING
USING PRECUED ITEMS - SHOULD NEVER BE DONE IN TRAINING
USING PRECUED ITEMS - SHOULD NEVER BE DONE IN TRAINING
USING PRECUED ITEMS - SHOULD NEVER BE DONE IN TRAINING
USING PRECUED ITEMS - SHOULD NEVER BE DONE IN TRAINING
[index_cued_first_diffusion_0.3_swap_7_ablated_dir_02] trial 100/288
USING PRECUED ITEMS - SHOULD NEVER BE DONE IN TRAINING
USING PRECUED ITEMS - SHOULD NEVER BE DONE IN TRAINING
USING PRECUED ITEMS - SHOULD NEVER BE DONE IN TRAINING
USING PRECUED ITEMS - SHOULD NEVER BE DONE IN TRAINING
USING PRECUED ITEMS - SHOULD NEVER BE DONE IN TRAINING
USING PRECUED ITEMS - SHOULD NEVER BE DONE IN TRAINING
USING PRECUED ITEMS - SHOULD NEVER BE DONE IN TRAINING
USING PRECUED ITEMS - SHOULD NEVER BE DONE IN TRAINING
USING PRECUED ITEMS - SHOULD NEVER BE DONE IN TRAINING
USING PRECUED ITEMS - SHOULD NEVER BE DONE IN TRAINING
USING PRECUED ITEMS - SHOULD NEVER BE DONE IN TRAINING
USING PRECUED ITEMS - SHOULD NEVER BE DONE IN TRAINING
USING PRECUED ITEMS - SHOULD NEVER BE DONE IN TRAINING
USING PRECUED ITEMS - SHOULD NEVER BE DONE IN TRAINING
USING PRECUED ITEMS - SHOULD NEVER BE DONE IN TRAINING
USING PRECUED ITEMS - SHOULD NEVER BE DONE IN TRAINING
USING PRECUED ITEMS - SHOULD NEVER BE DONE IN TRAINING
USING PRECUED ITEMS - SHOULD NEVER BE DONE IN TRAINING
USING PRECUED ITEMS - SHOULD NEVER BE DONE IN TRAINING
USING PRECUED ITEMS - SHOULD NEVER BE DONE IN TRAINING
USING PRECUED ITEMS - SHOULD NEVER BE DONE IN TRAINING
USING PRECUED ITEMS - SHOULD NEVER BE DONE IN TRAINING
USING PRECUED ITEMS - SHOULD NEVER BE DONE IN TRAINING
USING PRECUED ITEMS - SHOULD NEVER BE DONE IN TRAINING
USING PRECUED ITEMS - SHOULD NEVER BE DONE IN TRAINING
USING PRECUED ITEMS - SHOULD NEVER BE DONE IN TRAINING
USING PRECUED ITEMS - SHOULD NEVER BE DONE IN TRAINING
USING PRECUED ITEMS - SHOULD NEVER BE DONE IN TRAINING
USING PRECUED ITEMS - SHOULD NEVER BE DONE IN TRAINING
USING PRECUED ITEMS - SHOULD NEVER BE DONE IN TRAINING
USING PRECUED ITEMS - SHOULD NEVER BE DONE IN TRAINING
USING PRECUED ITEMS - SHOULD NEVER BE DONE IN TRAINING
USING PRECUED ITEMS - SHOULD NEVER BE DONE IN TRAINING
USING PRECUED ITEMS - SHOULD NEVER BE DONE IN TRAINING
USING PRECUED ITEMS - SHOULD NEVER BE DONE IN TRAINING
USING PRECUED ITEMS - SHOULD NEVER BE DONE IN TRAINING
USING PRECUED ITEMS - SHOULD NEVER BE DONE IN TRAINING
USING PRECUED ITEMS - SHOULD NEVER BE DONE IN TRAINING
USING PRECUED ITEMS - SHOULD NEVER BE DONE IN TRAINING
USING PRECUED ITEMS - SHOULD NEVER BE DONE IN TRAINING
USING PRECUED ITEMS - SHOULD NEVER BE DONE IN TRAINING
USING PRECUED ITEMS - SHOULD NEVER BE DONE IN TRAINING
USING PRECUED ITEMS - SHOULD NEVER BE DONE IN TRAINING
USING PRECUED ITEMS - SHOULD NEVER BE DONE IN TRAINING
USING PRECUED ITEMS - SHOULD NEVER BE DONE IN TRAINING
USING PRECUED ITEMS - SHOULD NEVER BE DONE IN TRAINING
USING PRECUED ITEMS - SHOULD NEVER BE DONE IN TRAINING
USING PRECUED ITEMS - SHOULD NEVER BE DONE IN TRAINING
USING PRECUED ITEMS - SHOULD NEVER BE DONE IN TRAINING
USING PRECUED ITEMS - SHOULD NEVER BE DONE IN TRAINING
[index_cued_first_diffusion_0.3_swap_7_ablated_dir_02] trial 150/288
USING PRECUED ITEMS - SHOULD NEVER BE DONE IN TRAINING
USING PRECUED ITEMS - SHOULD NEVER BE DONE IN TRAINING
USING PRECUED ITEMS - SHOULD NEVER BE DONE IN TRAINING
USING PRECUED ITEMS - SHOULD NEVER BE DONE IN TRAINING
USING PRECUED ITEMS - SHOULD NEVER BE DONE IN TRAINING
USING PRECUED ITEMS - SHOULD NEVER BE DONE IN TRAINING
USING PRECUED ITEMS - SHOULD NEVER BE DONE IN TRAINING
USING PRECUED ITEMS - SHOULD NEVER BE DONE IN TRAINING
USING PRECUED ITEMS - SHOULD NEVER BE DONE IN TRAINING
USING PRECUED ITEMS - SHOULD NEVER BE DONE IN TRAINING
USING PRECUED ITEMS - SHOULD NEVER BE DONE IN TRAINING
USING PRECUED ITEMS - SHOULD NEVER BE DONE IN TRAINING
USING PRECUED ITEMS - SHOULD NEVER BE DONE IN TRAINING
USING PRECUED ITEMS - SHOULD NEVER BE DONE IN TRAINING
USING PRECUED ITEMS - SHOULD NEVER BE DONE IN TRAINING
USING PRECUED ITEMS - SHOULD NEVER BE DONE IN TRAINING
USING PRECUED ITEMS - SHOULD NEVER BE DONE IN TRAINING
USING PRECUED ITEMS - SHOULD NEVER BE DONE IN TRAINING
USING PRECUED ITEMS - SHOULD NEVER BE DONE IN TRAINING
USING PRECUED ITEMS - SHOULD NEVER BE DONE IN TRAINING
USING PRECUED ITEMS - SHOULD NEVER BE DONE IN TRAINING
USING PRECUED ITEMS - SHOULD NEVER BE DONE IN TRAINING
USING PRECUED ITEMS - SHOULD NEVER BE DONE IN TRAINING
USING PRECUED ITEMS - SHOULD NEVER BE DONE IN TRAINING
USING PRECUED ITEMS - SHOULD NEVER BE DONE IN TRAINING
USING PRECUED ITEMS - SHOULD NEVER BE DONE IN TRAINING
USING PRECUED ITEMS - SHOULD NEVER BE DONE IN TRAINING
USING PRECUED ITEMS - SHOULD NEVER BE DONE IN TRAINING
USING PRECUED ITEMS - SHOULD NEVER BE DONE IN TRAINING
USING PRECUED ITEMS - SHOULD NEVER BE DONE IN TRAINING
USING PRECUED ITEMS - SHOULD NEVER BE DONE IN TRAINING
USING PRECUED ITEMS - SHOULD NEVER BE DONE IN TRAINING
USING PRECUED ITEMS - SHOULD NEVER BE DONE IN TRAINING
USING PRECUED ITEMS - SHOULD NEVER BE DONE IN TRAINING
USING PRECUED ITEMS - SHOULD NEVER BE DONE IN TRAINING
USING PRECUED ITEMS - SHOULD NEVER BE DONE IN TRAINING
USING PRECUED ITEMS - SHOULD NEVER BE DONE IN TRAINING
USING PRECUED ITEMS - SHOULD NEVER BE DONE IN TRAINING
USING PRECUED ITEMS - SHOULD NEVER BE DONE IN TRAINING
USING PRECUED ITEMS - SHOULD NEVER BE DONE IN TRAINING
USING PRECUED ITEMS - SHOULD NEVER BE DONE IN TRAINING
USING PRECUED ITEMS - SHOULD NEVER BE DONE IN TRAINING
USING PRECUED ITEMS - SHOULD NEVER BE DONE IN TRAINING
USING PRECUED ITEMS - SHOULD NEVER BE DONE IN TRAINING
USING PRECUED ITEMS - SHOULD NEVER BE DONE IN TRAINING
USING PRECUED ITEMS - SHOULD NEVER BE DONE IN TRAINING
USING PRECUED ITEMS - SHOULD NEVER BE DONE IN TRAINING
USING PRECUED ITEMS - SHOULD NEVER BE DONE IN TRAINING
USING PRECUED ITEMS - SHOULD NEVER BE DONE IN TRAINING
USING PRECUED ITEMS - SHOULD NEVER BE DONE IN TRAINING
[index_cued_first_diffusion_0.3_swap_7_ablated_dir_02] trial 200/288
USING PRECUED ITEMS - SHOULD NEVER BE DONE IN TRAINING
USING PRECUED ITEMS - SHOULD NEVER BE DONE IN TRAINING
USING PRECUED ITEMS - SHOULD NEVER BE DONE IN TRAINING
USING PRECUED ITEMS - SHOULD NEVER BE DONE IN TRAINING
USING PRECUED ITEMS - SHOULD NEVER BE DONE IN TRAINING
USING PRECUED ITEMS - SHOULD NEVER BE DONE IN TRAINING
USING PRECUED ITEMS - SHOULD NEVER BE DONE IN TRAINING
USING PRECUED ITEMS - SHOULD NEVER BE DONE IN TRAINING
USING PRECUED ITEMS - SHOULD NEVER BE DONE IN TRAINING
USING PRECUED ITEMS - SHOULD NEVER BE DONE IN TRAINING
USING PRECUED ITEMS - SHOULD NEVER BE DONE IN TRAINING
USING PRECUED ITEMS - SHOULD NEVER BE DONE IN TRAINING
USING PRECUED ITEMS - SHOULD NEVER BE DONE IN TRAINING
USING PRECUED ITEMS - SHOULD NEVER BE DONE IN TRAINING
USING PRECUED ITEMS - SHOULD NEVER BE DONE IN TRAINING
USING PRECUED ITEMS - SHOULD NEVER BE DONE IN TRAINING
USING PRECUED ITEMS - SHOULD NEVER BE DONE IN TRAINING
USING PRECUED ITEMS - SHOULD NEVER BE DONE IN TRAINING
USING PRECUED ITEMS - SHOULD NEVER BE DONE IN TRAINING
USING PRECUED ITEMS - SHOULD NEVER BE DONE IN TRAINING
USING PRECUED ITEMS - SHOULD NEVER BE DONE IN TRAINING
USING PRECUED ITEMS - SHOULD NEVER BE DONE IN TRAINING
USING PRECUED ITEMS - SHOULD NEVER BE DONE IN TRAINING
USING PRECUED ITEMS - SHOULD NEVER BE DONE IN TRAINING
USING PRECUED ITEMS - SHOULD NEVER BE DONE IN TRAINING
USING PRECUED ITEMS - SHOULD NEVER BE DONE IN TRAINING
USING PRECUED ITEMS - SHOULD NEVER BE DONE IN TRAINING
USING PRECUED ITEMS - SHOULD NEVER BE DONE IN TRAINING
USING PRECUED ITEMS - SHOULD NEVER BE DONE IN TRAINING
USING PRECUED ITEMS - SHOULD NEVER BE DONE IN TRAINING
USING PRECUED ITEMS - SHOULD NEVER BE DONE IN TRAINING
USING PRECUED ITEMS - SHOULD NEVER BE DONE IN TRAINING
USING PRECUED ITEMS - SHOULD NEVER BE DONE IN TRAINING
USING PRECUED ITEMS - SHOULD NEVER BE DONE IN TRAINING
USING PRECUED ITEMS - SHOULD NEVER BE DONE IN TRAINING
USING PRECUED ITEMS - SHOULD NEVER BE DONE IN TRAINING
USING PRECUED ITEMS - SHOULD NEVER BE DONE IN TRAINING
USING PRECUED ITEMS - SHOULD NEVER BE DONE IN TRAINING
USING PRECUED ITEMS - SHOULD NEVER BE DONE IN TRAINING
USING PRECUED ITEMS - SHOULD NEVER BE DONE IN TRAINING
USING PRECUED ITEMS - SHOULD NEVER BE DONE IN TRAINING
USING PRECUED ITEMS - SHOULD NEVER BE DONE IN TRAINING
USING PRECUED ITEMS - SHOULD NEVER BE DONE IN TRAINING
USING PRECUED ITEMS - SHOULD NEVER BE DONE IN TRAINING
USING PRECUED ITEMS - SHOULD NEVER BE DONE IN TRAINING
USING PRECUED ITEMS - SHOULD NEVER BE DONE IN TRAINING
USING PRECUED ITEMS - SHOULD NEVER BE DONE IN TRAINING
USING PRECUED ITEMS - SHOULD NEVER BE DONE IN TRAINING
USING PRECUED ITEMS - SHOULD NEVER BE DONE IN TRAINING
USING PRECUED ITEMS - SHOULD NEVER BE DONE IN TRAINING
[index_cued_first_diffusion_0.3_swap_7_ablated_dir_02] trial 250/288
USING PRECUED ITEMS - SHOULD NEVER BE DONE IN TRAINING
USING PRECUED ITEMS - SHOULD NEVER BE DONE IN TRAINING
USING PRECUED ITEMS - SHOULD NEVER BE DONE IN TRAINING
USING PRECUED ITEMS - SHOULD NEVER BE DONE IN TRAINING
USING PRECUED ITEMS - SHOULD NEVER BE DONE IN TRAINING
USING PRECUED ITEMS - SHOULD NEVER BE DONE IN TRAINING
USING PRECUED ITEMS - SHOULD NEVER BE DONE IN TRAINING
USING PRECUED ITEMS - SHOULD NEVER BE DONE IN TRAINING
USING PRECUED ITEMS - SHOULD NEVER BE DONE IN TRAINING
USING PRECUED ITEMS - SHOULD NEVER BE DONE IN TRAINING
USING PRECUED ITEMS - SHOULD NEVER BE DONE IN TRAINING
USING PRECUED ITEMS - SHOULD NEVER BE DONE IN TRAINING
USING PRECUED ITEMS - SHOULD NEVER BE DONE IN TRAINING
USING PRECUED ITEMS - SHOULD NEVER BE DONE IN TRAINING
USING PRECUED ITEMS - SHOULD NEVER BE DONE IN TRAINING
USING PRECUED ITEMS - SHOULD NEVER BE DONE IN TRAINING
USING PRECUED ITEMS - SHOULD NEVER BE DONE IN TRAINING
USING PRECUED ITEMS - SHOULD NEVER BE DONE IN TRAINING
USING PRECUED ITEMS - SHOULD NEVER BE DONE IN TRAINING
USING PRECUED ITEMS - SHOULD NEVER BE DONE IN TRAINING
USING PRECUED ITEMS - SHOULD NEVER BE DONE IN TRAINING
USING PRECUED ITEMS - SHOULD NEVER BE DONE IN TRAINING
USING PRECUED ITEMS - SHOULD NEVER BE DONE IN TRAINING
USING PRECUED ITEMS - SHOULD NEVER BE DONE IN TRAINING
USING PRECUED ITEMS - SHOULD NEVER BE DONE IN TRAINING
USING PRECUED ITEMS - SHOULD NEVER BE DONE IN TRAINING
USING PRECUED ITEMS - SHOULD NEVER BE DONE IN TRAINING
USING PRECUED ITEMS - SHOULD NEVER BE DONE IN TRAINING
USING PRECUED ITEMS - SHOULD NEVER BE DONE IN TRAINING
USING PRECUED ITEMS - SHOULD NEVER BE DONE IN TRAINING
USING PRECUED ITEMS - SHOULD NEVER BE DONE IN TRAINING
USING PRECUED ITEMS - SHOULD NEVER BE DONE IN TRAINING
USING PRECUED ITEMS - SHOULD NEVER BE DONE IN TRAINING
USING PRECUED ITEMS - SHOULD NEVER BE DONE IN TRAINING
USING PRECUED ITEMS - SHOULD NEVER BE DONE IN TRAINING
USING PRECUED ITEMS - SHOULD NEVER BE DONE IN TRAINING
USING PRECUED ITEMS - SHOULD NEVER BE DONE IN TRAINING
USING PRECUED ITEMS - SHOULD NEVER BE DONE IN TRAINING
  Comparing ablation 2 -> student index_cued_first_diffusion_0.3_swap_recovery_ablation_0_0
  Comparing ablation 2 -> student index_cued_first_diffusion_0.3_swap_recovery_ablation_1_0
  Comparing ablation 2 -> student index_cued_first_diffusion_0.3_swap_recovery_ablation_4_0
  Comparing ablation 2 -> student index_cued_first_diffusion_0.3_swap_recovery_ablation_5_0
  Comparing ablation 2 -> student index_cued_first_diffusion_0.3_swap_recovery_ablation_6_0
  Comparing ablation 2 -> student index_cued_first_diffusion_0.3_swap_ablation_7_1

======================================================================
Processing ablation direction 3
[index_cued_first_diffusion_0.3_swap_7_ablated_dir_03] using ablation direction key: nullspace_03
[index_cued_first_diffusion_0.3_swap_7_ablated_dir_03] trial 0/288
USING PRECUED ITEMS - SHOULD NEVER BE DONE IN TRAINING
USING PRECUED ITEMS - SHOULD NEVER BE DONE IN TRAINING
USING PRECUED ITEMS - SHOULD NEVER BE DONE IN TRAINING
USING PRECUED ITEMS - SHOULD NEVER BE DONE IN TRAINING
USING PRECUED ITEMS - SHOULD NEVER BE DONE IN TRAINING
USING PRECUED ITEMS - SHOULD NEVER BE DONE IN TRAINING
USING PRECUED ITEMS - SHOULD NEVER BE DONE IN TRAINING
USING PRECUED ITEMS - SHOULD NEVER BE DONE IN TRAINING
USING PRECUED ITEMS - SHOULD NEVER BE DONE IN TRAINING
USING PRECUED ITEMS - SHOULD NEVER BE DONE IN TRAINING
USING PRECUED ITEMS - SHOULD NEVER BE DONE IN TRAINING
USING PRECUED ITEMS - SHOULD NEVER BE DONE IN TRAINING
USING PRECUED ITEMS - SHOULD NEVER BE DONE IN TRAINING
USING PRECUED ITEMS - SHOULD NEVER BE DONE IN TRAINING
USING PRECUED ITEMS - SHOULD NEVER BE DONE IN TRAINING
USING PRECUED ITEMS - SHOULD NEVER BE DONE IN TRAINING
USING PRECUED ITEMS - SHOULD NEVER BE DONE IN TRAINING
USING PRECUED ITEMS - SHOULD NEVER BE DONE IN TRAINING
USING PRECUED ITEMS - SHOULD NEVER BE DONE IN TRAINING
USING PRECUED ITEMS - SHOULD NEVER BE DONE IN TRAINING
USING PRECUED ITEMS - SHOULD NEVER BE DONE IN TRAINING
USING PRECUED ITEMS - SHOULD NEVER BE DONE IN TRAINING
USING PRECUED ITEMS - SHOULD NEVER BE DONE IN TRAINING
USING PRECUED ITEMS - SHOULD NEVER BE DONE IN TRAINING
USING PRECUED ITEMS - SHOULD NEVER BE DONE IN TRAINING
USING PRECUED ITEMS - SHOULD NEVER BE DONE IN TRAINING
USING PRECUED ITEMS - SHOULD NEVER BE DONE IN TRAINING
USING PRECUED ITEMS - SHOULD NEVER BE DONE IN TRAINING
USING PRECUED ITEMS - SHOULD NEVER BE DONE IN TRAINING
USING PRECUED ITEMS - SHOULD NEVER BE DONE IN TRAINING
USING PRECUED ITEMS - SHOULD NEVER BE DONE IN TRAINING
USING PRECUED ITEMS - SHOULD NEVER BE DONE IN TRAINING
USING PRECUED ITEMS - SHOULD NEVER BE DONE IN TRAINING
USING PRECUED ITEMS - SHOULD NEVER BE DONE IN TRAINING
USING PRECUED ITEMS - SHOULD NEVER BE DONE IN TRAINING
USING PRECUED ITEMS - SHOULD NEVER BE DONE IN TRAINING
USING PRECUED ITEMS - SHOULD NEVER BE DONE IN TRAINING
USING PRECUED ITEMS - SHOULD NEVER BE DONE IN TRAINING
USING PRECUED ITEMS - SHOULD NEVER BE DONE IN TRAINING
USING PRECUED ITEMS - SHOULD NEVER BE DONE IN TRAINING
USING PRECUED ITEMS - SHOULD NEVER BE DONE IN TRAINING
USING PRECUED ITEMS - SHOULD NEVER BE DONE IN TRAINING
USING PRECUED ITEMS - SHOULD NEVER BE DONE IN TRAINING
USING PRECUED ITEMS - SHOULD NEVER BE DONE IN TRAINING
USING PRECUED ITEMS - SHOULD NEVER BE DONE IN TRAINING
USING PRECUED ITEMS - SHOULD NEVER BE DONE IN TRAINING
USING PRECUED ITEMS - SHOULD NEVER BE DONE IN TRAINING
USING PRECUED ITEMS - SHOULD NEVER BE DONE IN TRAINING
USING PRECUED ITEMS - SHOULD NEVER BE DONE IN TRAINING
USING PRECUED ITEMS - SHOULD NEVER BE DONE IN TRAINING
[index_cued_first_diffusion_0.3_swap_7_ablated_dir_03] trial 50/288
USING PRECUED ITEMS - SHOULD NEVER BE DONE IN TRAINING
USING PRECUED ITEMS - SHOULD NEVER BE DONE IN TRAINING
USING PRECUED ITEMS - SHOULD NEVER BE DONE IN TRAINING
USING PRECUED ITEMS - SHOULD NEVER BE DONE IN TRAINING
USING PRECUED ITEMS - SHOULD NEVER BE DONE IN TRAINING
USING PRECUED ITEMS - SHOULD NEVER BE DONE IN TRAINING
USING PRECUED ITEMS - SHOULD NEVER BE DONE IN TRAINING
USING PRECUED ITEMS - SHOULD NEVER BE DONE IN TRAINING
USING PRECUED ITEMS - SHOULD NEVER BE DONE IN TRAINING
USING PRECUED ITEMS - SHOULD NEVER BE DONE IN TRAINING
USING PRECUED ITEMS - SHOULD NEVER BE DONE IN TRAINING
USING PRECUED ITEMS - SHOULD NEVER BE DONE IN TRAINING
USING PRECUED ITEMS - SHOULD NEVER BE DONE IN TRAINING
USING PRECUED ITEMS - SHOULD NEVER BE DONE IN TRAINING
USING PRECUED ITEMS - SHOULD NEVER BE DONE IN TRAINING
USING PRECUED ITEMS - SHOULD NEVER BE DONE IN TRAINING
USING PRECUED ITEMS - SHOULD NEVER BE DONE IN TRAINING
USING PRECUED ITEMS - SHOULD NEVER BE DONE IN TRAINING
USING PRECUED ITEMS - SHOULD NEVER BE DONE IN TRAINING
USING PRECUED ITEMS - SHOULD NEVER BE DONE IN TRAINING
USING PRECUED ITEMS - SHOULD NEVER BE DONE IN TRAINING
USING PRECUED ITEMS - SHOULD NEVER BE DONE IN TRAINING
USING PRECUED ITEMS - SHOULD NEVER BE DONE IN TRAINING
USING PRECUED ITEMS - SHOULD NEVER BE DONE IN TRAINING
USING PRECUED ITEMS - SHOULD NEVER BE DONE IN TRAINING
USING PRECUED ITEMS - SHOULD NEVER BE DONE IN TRAINING
USING PRECUED ITEMS - SHOULD NEVER BE DONE IN TRAINING
USING PRECUED ITEMS - SHOULD NEVER BE DONE IN TRAINING
USING PRECUED ITEMS - SHOULD NEVER BE DONE IN TRAINING
USING PRECUED ITEMS - SHOULD NEVER BE DONE IN TRAINING
USING PRECUED ITEMS - SHOULD NEVER BE DONE IN TRAINING
USING PRECUED ITEMS - SHOULD NEVER BE DONE IN TRAINING
USING PRECUED ITEMS - SHOULD NEVER BE DONE IN TRAINING
USING PRECUED ITEMS - SHOULD NEVER BE DONE IN TRAINING
USING PRECUED ITEMS - SHOULD NEVER BE DONE IN TRAINING
USING PRECUED ITEMS - SHOULD NEVER BE DONE IN TRAINING
USING PRECUED ITEMS - SHOULD NEVER BE DONE IN TRAINING
USING PRECUED ITEMS - SHOULD NEVER BE DONE IN TRAINING
USING PRECUED ITEMS - SHOULD NEVER BE DONE IN TRAINING
USING PRECUED ITEMS - SHOULD NEVER BE DONE IN TRAINING
USING PRECUED ITEMS - SHOULD NEVER BE DONE IN TRAINING
USING PRECUED ITEMS - SHOULD NEVER BE DONE IN TRAINING
USING PRECUED ITEMS - SHOULD NEVER BE DONE IN TRAINING
USING PRECUED ITEMS - SHOULD NEVER BE DONE IN TRAINING
USING PRECUED ITEMS - SHOULD NEVER BE DONE IN TRAINING
USING PRECUED ITEMS - SHOULD NEVER BE DONE IN TRAINING
USING PRECUED ITEMS - SHOULD NEVER BE DONE IN TRAINING
USING PRECUED ITEMS - SHOULD NEVER BE DONE IN TRAINING
USING PRECUED ITEMS - SHOULD NEVER BE DONE IN TRAINING
USING PRECUED ITEMS - SHOULD NEVER BE DONE IN TRAINING
[index_cued_first_diffusion_0.3_swap_7_ablated_dir_03] trial 100/288
USING PRECUED ITEMS - SHOULD NEVER BE DONE IN TRAINING
USING PRECUED ITEMS - SHOULD NEVER BE DONE IN TRAINING
USING PRECUED ITEMS - SHOULD NEVER BE DONE IN TRAINING
USING PRECUED ITEMS - SHOULD NEVER BE DONE IN TRAINING
USING PRECUED ITEMS - SHOULD NEVER BE DONE IN TRAINING
USING PRECUED ITEMS - SHOULD NEVER BE DONE IN TRAINING
USING PRECUED ITEMS - SHOULD NEVER BE DONE IN TRAINING
USING PRECUED ITEMS - SHOULD NEVER BE DONE IN TRAINING
USING PRECUED ITEMS - SHOULD NEVER BE DONE IN TRAINING
USING PRECUED ITEMS - SHOULD NEVER BE DONE IN TRAINING
USING PRECUED ITEMS - SHOULD NEVER BE DONE IN TRAINING
USING PRECUED ITEMS - SHOULD NEVER BE DONE IN TRAINING
USING PRECUED ITEMS - SHOULD NEVER BE DONE IN TRAINING
USING PRECUED ITEMS - SHOULD NEVER BE DONE IN TRAINING
USING PRECUED ITEMS - SHOULD NEVER BE DONE IN TRAINING
USING PRECUED ITEMS - SHOULD NEVER BE DONE IN TRAINING
USING PRECUED ITEMS - SHOULD NEVER BE DONE IN TRAINING
USING PRECUED ITEMS - SHOULD NEVER BE DONE IN TRAINING
USING PRECUED ITEMS - SHOULD NEVER BE DONE IN TRAINING
USING PRECUED ITEMS - SHOULD NEVER BE DONE IN TRAINING
USING PRECUED ITEMS - SHOULD NEVER BE DONE IN TRAINING
USING PRECUED ITEMS - SHOULD NEVER BE DONE IN TRAINING
USING PRECUED ITEMS - SHOULD NEVER BE DONE IN TRAINING
USING PRECUED ITEMS - SHOULD NEVER BE DONE IN TRAINING
USING PRECUED ITEMS - SHOULD NEVER BE DONE IN TRAINING
USING PRECUED ITEMS - SHOULD NEVER BE DONE IN TRAINING
USING PRECUED ITEMS - SHOULD NEVER BE DONE IN TRAINING
USING PRECUED ITEMS - SHOULD NEVER BE DONE IN TRAINING
USING PRECUED ITEMS - SHOULD NEVER BE DONE IN TRAINING
USING PRECUED ITEMS - SHOULD NEVER BE DONE IN TRAINING
USING PRECUED ITEMS - SHOULD NEVER BE DONE IN TRAINING
USING PRECUED ITEMS - SHOULD NEVER BE DONE IN TRAINING
USING PRECUED ITEMS - SHOULD NEVER BE DONE IN TRAINING
USING PRECUED ITEMS - SHOULD NEVER BE DONE IN TRAINING
USING PRECUED ITEMS - SHOULD NEVER BE DONE IN TRAINING
USING PRECUED ITEMS - SHOULD NEVER BE DONE IN TRAINING
USING PRECUED ITEMS - SHOULD NEVER BE DONE IN TRAINING
USING PRECUED ITEMS - SHOULD NEVER BE DONE IN TRAINING
USING PRECUED ITEMS - SHOULD NEVER BE DONE IN TRAINING
USING PRECUED ITEMS - SHOULD NEVER BE DONE IN TRAINING
USING PRECUED ITEMS - SHOULD NEVER BE DONE IN TRAINING
USING PRECUED ITEMS - SHOULD NEVER BE DONE IN TRAINING
USING PRECUED ITEMS - SHOULD NEVER BE DONE IN TRAINING
USING PRECUED ITEMS - SHOULD NEVER BE DONE IN TRAINING
USING PRECUED ITEMS - SHOULD NEVER BE DONE IN TRAINING
USING PRECUED ITEMS - SHOULD NEVER BE DONE IN TRAINING
USING PRECUED ITEMS - SHOULD NEVER BE DONE IN TRAINING
USING PRECUED ITEMS - SHOULD NEVER BE DONE IN TRAINING
USING PRECUED ITEMS - SHOULD NEVER BE DONE IN TRAINING
USING PRECUED ITEMS - SHOULD NEVER BE DONE IN TRAINING
[index_cued_first_diffusion_0.3_swap_7_ablated_dir_03] trial 150/288
USING PRECUED ITEMS - SHOULD NEVER BE DONE IN TRAINING
USING PRECUED ITEMS - SHOULD NEVER BE DONE IN TRAINING
USING PRECUED ITEMS - SHOULD NEVER BE DONE IN TRAINING
USING PRECUED ITEMS - SHOULD NEVER BE DONE IN TRAINING
USING PRECUED ITEMS - SHOULD NEVER BE DONE IN TRAINING
USING PRECUED ITEMS - SHOULD NEVER BE DONE IN TRAINING
USING PRECUED ITEMS - SHOULD NEVER BE DONE IN TRAINING
USING PRECUED ITEMS - SHOULD NEVER BE DONE IN TRAINING
USING PRECUED ITEMS - SHOULD NEVER BE DONE IN TRAINING
USING PRECUED ITEMS - SHOULD NEVER BE DONE IN TRAINING
USING PRECUED ITEMS - SHOULD NEVER BE DONE IN TRAINING
USING PRECUED ITEMS - SHOULD NEVER BE DONE IN TRAINING
USING PRECUED ITEMS - SHOULD NEVER BE DONE IN TRAINING
USING PRECUED ITEMS - SHOULD NEVER BE DONE IN TRAINING
USING PRECUED ITEMS - SHOULD NEVER BE DONE IN TRAINING
USING PRECUED ITEMS - SHOULD NEVER BE DONE IN TRAINING
USING PRECUED ITEMS - SHOULD NEVER BE DONE IN TRAINING
USING PRECUED ITEMS - SHOULD NEVER BE DONE IN TRAINING
USING PRECUED ITEMS - SHOULD NEVER BE DONE IN TRAINING
USING PRECUED ITEMS - SHOULD NEVER BE DONE IN TRAINING
USING PRECUED ITEMS - SHOULD NEVER BE DONE IN TRAINING
USING PRECUED ITEMS - SHOULD NEVER BE DONE IN TRAINING
USING PRECUED ITEMS - SHOULD NEVER BE DONE IN TRAINING
USING PRECUED ITEMS - SHOULD NEVER BE DONE IN TRAINING
USING PRECUED ITEMS - SHOULD NEVER BE DONE IN TRAINING
USING PRECUED ITEMS - SHOULD NEVER BE DONE IN TRAINING
USING PRECUED ITEMS - SHOULD NEVER BE DONE IN TRAINING
USING PRECUED ITEMS - SHOULD NEVER BE DONE IN TRAINING
USING PRECUED ITEMS - SHOULD NEVER BE DONE IN TRAINING
USING PRECUED ITEMS - SHOULD NEVER BE DONE IN TRAINING
USING PRECUED ITEMS - SHOULD NEVER BE DONE IN TRAINING
USING PRECUED ITEMS - SHOULD NEVER BE DONE IN TRAINING
USING PRECUED ITEMS - SHOULD NEVER BE DONE IN TRAINING
USING PRECUED ITEMS - SHOULD NEVER BE DONE IN TRAINING
USING PRECUED ITEMS - SHOULD NEVER BE DONE IN TRAINING
USING PRECUED ITEMS - SHOULD NEVER BE DONE IN TRAINING
USING PRECUED ITEMS - SHOULD NEVER BE DONE IN TRAINING
USING PRECUED ITEMS - SHOULD NEVER BE DONE IN TRAINING
USING PRECUED ITEMS - SHOULD NEVER BE DONE IN TRAINING
USING PRECUED ITEMS - SHOULD NEVER BE DONE IN TRAINING
USING PRECUED ITEMS - SHOULD NEVER BE DONE IN TRAINING
USING PRECUED ITEMS - SHOULD NEVER BE DONE IN TRAINING
USING PRECUED ITEMS - SHOULD NEVER BE DONE IN TRAINING
USING PRECUED ITEMS - SHOULD NEVER BE DONE IN TRAINING
USING PRECUED ITEMS - SHOULD NEVER BE DONE IN TRAINING
USING PRECUED ITEMS - SHOULD NEVER BE DONE IN TRAINING
USING PRECUED ITEMS - SHOULD NEVER BE DONE IN TRAINING
USING PRECUED ITEMS - SHOULD NEVER BE DONE IN TRAINING
USING PRECUED ITEMS - SHOULD NEVER BE DONE IN TRAINING
USING PRECUED ITEMS - SHOULD NEVER BE DONE IN TRAINING
[index_cued_first_diffusion_0.3_swap_7_ablated_dir_03] trial 200/288
USING PRECUED ITEMS - SHOULD NEVER BE DONE IN TRAINING
USING PRECUED ITEMS - SHOULD NEVER BE DONE IN TRAINING
USING PRECUED ITEMS - SHOULD NEVER BE DONE IN TRAINING
USING PRECUED ITEMS - SHOULD NEVER BE DONE IN TRAINING
USING PRECUED ITEMS - SHOULD NEVER BE DONE IN TRAINING
USING PRECUED ITEMS - SHOULD NEVER BE DONE IN TRAINING
USING PRECUED ITEMS - SHOULD NEVER BE DONE IN TRAINING
USING PRECUED ITEMS - SHOULD NEVER BE DONE IN TRAINING
USING PRECUED ITEMS - SHOULD NEVER BE DONE IN TRAINING
USING PRECUED ITEMS - SHOULD NEVER BE DONE IN TRAINING
USING PRECUED ITEMS - SHOULD NEVER BE DONE IN TRAINING
USING PRECUED ITEMS - SHOULD NEVER BE DONE IN TRAINING
USING PRECUED ITEMS - SHOULD NEVER BE DONE IN TRAINING
USING PRECUED ITEMS - SHOULD NEVER BE DONE IN TRAINING
USING PRECUED ITEMS - SHOULD NEVER BE DONE IN TRAINING
USING PRECUED ITEMS - SHOULD NEVER BE DONE IN TRAINING
USING PRECUED ITEMS - SHOULD NEVER BE DONE IN TRAINING
USING PRECUED ITEMS - SHOULD NEVER BE DONE IN TRAINING
USING PRECUED ITEMS - SHOULD NEVER BE DONE IN TRAINING
USING PRECUED ITEMS - SHOULD NEVER BE DONE IN TRAINING
USING PRECUED ITEMS - SHOULD NEVER BE DONE IN TRAINING
USING PRECUED ITEMS - SHOULD NEVER BE DONE IN TRAINING
USING PRECUED ITEMS - SHOULD NEVER BE DONE IN TRAINING
USING PRECUED ITEMS - SHOULD NEVER BE DONE IN TRAINING
USING PRECUED ITEMS - SHOULD NEVER BE DONE IN TRAINING
USING PRECUED ITEMS - SHOULD NEVER BE DONE IN TRAINING
USING PRECUED ITEMS - SHOULD NEVER BE DONE IN TRAINING
USING PRECUED ITEMS - SHOULD NEVER BE DONE IN TRAINING
USING PRECUED ITEMS - SHOULD NEVER BE DONE IN TRAINING
USING PRECUED ITEMS - SHOULD NEVER BE DONE IN TRAINING
USING PRECUED ITEMS - SHOULD NEVER BE DONE IN TRAINING
USING PRECUED ITEMS - SHOULD NEVER BE DONE IN TRAINING
USING PRECUED ITEMS - SHOULD NEVER BE DONE IN TRAINING
USING PRECUED ITEMS - SHOULD NEVER BE DONE IN TRAINING
USING PRECUED ITEMS - SHOULD NEVER BE DONE IN TRAINING
USING PRECUED ITEMS - SHOULD NEVER BE DONE IN TRAINING
USING PRECUED ITEMS - SHOULD NEVER BE DONE IN TRAINING
USING PRECUED ITEMS - SHOULD NEVER BE DONE IN TRAINING
USING PRECUED ITEMS - SHOULD NEVER BE DONE IN TRAINING
USING PRECUED ITEMS - SHOULD NEVER BE DONE IN TRAINING
USING PRECUED ITEMS - SHOULD NEVER BE DONE IN TRAINING
USING PRECUED ITEMS - SHOULD NEVER BE DONE IN TRAINING
USING PRECUED ITEMS - SHOULD NEVER BE DONE IN TRAINING
USING PRECUED ITEMS - SHOULD NEVER BE DONE IN TRAINING
USING PRECUED ITEMS - SHOULD NEVER BE DONE IN TRAINING
USING PRECUED ITEMS - SHOULD NEVER BE DONE IN TRAINING
USING PRECUED ITEMS - SHOULD NEVER BE DONE IN TRAINING
USING PRECUED ITEMS - SHOULD NEVER BE DONE IN TRAINING
USING PRECUED ITEMS - SHOULD NEVER BE DONE IN TRAINING
USING PRECUED ITEMS - SHOULD NEVER BE DONE IN TRAINING
[index_cued_first_diffusion_0.3_swap_7_ablated_dir_03] trial 250/288
USING PRECUED ITEMS - SHOULD NEVER BE DONE IN TRAINING
USING PRECUED ITEMS - SHOULD NEVER BE DONE IN TRAINING
USING PRECUED ITEMS - SHOULD NEVER BE DONE IN TRAINING
USING PRECUED ITEMS - SHOULD NEVER BE DONE IN TRAINING
USING PRECUED ITEMS - SHOULD NEVER BE DONE IN TRAINING
USING PRECUED ITEMS - SHOULD NEVER BE DONE IN TRAINING
USING PRECUED ITEMS - SHOULD NEVER BE DONE IN TRAINING
USING PRECUED ITEMS - SHOULD NEVER BE DONE IN TRAINING
USING PRECUED ITEMS - SHOULD NEVER BE DONE IN TRAINING
USING PRECUED ITEMS - SHOULD NEVER BE DONE IN TRAINING
USING PRECUED ITEMS - SHOULD NEVER BE DONE IN TRAINING
USING PRECUED ITEMS - SHOULD NEVER BE DONE IN TRAINING
USING PRECUED ITEMS - SHOULD NEVER BE DONE IN TRAINING
USING PRECUED ITEMS - SHOULD NEVER BE DONE IN TRAINING
USING PRECUED ITEMS - SHOULD NEVER BE DONE IN TRAINING
USING PRECUED ITEMS - SHOULD NEVER BE DONE IN TRAINING
USING PRECUED ITEMS - SHOULD NEVER BE DONE IN TRAINING
USING PRECUED ITEMS - SHOULD NEVER BE DONE IN TRAINING
USING PRECUED ITEMS - SHOULD NEVER BE DONE IN TRAINING
USING PRECUED ITEMS - SHOULD NEVER BE DONE IN TRAINING
USING PRECUED ITEMS - SHOULD NEVER BE DONE IN TRAINING
USING PRECUED ITEMS - SHOULD NEVER BE DONE IN TRAINING
USING PRECUED ITEMS - SHOULD NEVER BE DONE IN TRAINING
USING PRECUED ITEMS - SHOULD NEVER BE DONE IN TRAINING
USING PRECUED ITEMS - SHOULD NEVER BE DONE IN TRAINING
USING PRECUED ITEMS - SHOULD NEVER BE DONE IN TRAINING
USING PRECUED ITEMS - SHOULD NEVER BE DONE IN TRAINING
USING PRECUED ITEMS - SHOULD NEVER BE DONE IN TRAINING
USING PRECUED ITEMS - SHOULD NEVER BE DONE IN TRAINING
USING PRECUED ITEMS - SHOULD NEVER BE DONE IN TRAINING
USING PRECUED ITEMS - SHOULD NEVER BE DONE IN TRAINING
USING PRECUED ITEMS - SHOULD NEVER BE DONE IN TRAINING
USING PRECUED ITEMS - SHOULD NEVER BE DONE IN TRAINING
USING PRECUED ITEMS - SHOULD NEVER BE DONE IN TRAINING
USING PRECUED ITEMS - SHOULD NEVER BE DONE IN TRAINING
USING PRECUED ITEMS - SHOULD NEVER BE DONE IN TRAINING
USING PRECUED ITEMS - SHOULD NEVER BE DONE IN TRAINING
USING PRECUED ITEMS - SHOULD NEVER BE DONE IN TRAINING
  Comparing ablation 3 -> student index_cued_first_diffusion_0.3_swap_recovery_ablation_0_0
  Comparing ablation 3 -> student index_cued_first_diffusion_0.3_swap_recovery_ablation_1_0
  Comparing ablation 3 -> student index_cued_first_diffusion_0.3_swap_recovery_ablation_4_0
  Comparing ablation 3 -> student index_cued_first_diffusion_0.3_swap_recovery_ablation_5_0
  Comparing ablation 3 -> student index_cued_first_diffusion_0.3_swap_recovery_ablation_6_0
  Comparing ablation 3 -> student index_cued_first_diffusion_0.3_swap_ablation_7_1

======================================================================
Processing ablation direction 4
[index_cued_first_diffusion_0.3_swap_7_ablated_dir_04] using ablation direction key: nullspace_04
[index_cued_first_diffusion_0.3_swap_7_ablated_dir_04] trial 0/288
USING PRECUED ITEMS - SHOULD NEVER BE DONE IN TRAINING
USING PRECUED ITEMS - SHOULD NEVER BE DONE IN TRAINING
USING PRECUED ITEMS - SHOULD NEVER BE DONE IN TRAINING
USING PRECUED ITEMS - SHOULD NEVER BE DONE IN TRAINING
USING PRECUED ITEMS - SHOULD NEVER BE DONE IN TRAINING
USING PRECUED ITEMS - SHOULD NEVER BE DONE IN TRAINING
USING PRECUED ITEMS - SHOULD NEVER BE DONE IN TRAINING
USING PRECUED ITEMS - SHOULD NEVER BE DONE IN TRAINING
USING PRECUED ITEMS - SHOULD NEVER BE DONE IN TRAINING
USING PRECUED ITEMS - SHOULD NEVER BE DONE IN TRAINING
USING PRECUED ITEMS - SHOULD NEVER BE DONE IN TRAINING
USING PRECUED ITEMS - SHOULD NEVER BE DONE IN TRAINING
USING PRECUED ITEMS - SHOULD NEVER BE DONE IN TRAINING
USING PRECUED ITEMS - SHOULD NEVER BE DONE IN TRAINING
USING PRECUED ITEMS - SHOULD NEVER BE DONE IN TRAINING
USING PRECUED ITEMS - SHOULD NEVER BE DONE IN TRAINING
USING PRECUED ITEMS - SHOULD NEVER BE DONE IN TRAINING
USING PRECUED ITEMS - SHOULD NEVER BE DONE IN TRAINING
USING PRECUED ITEMS - SHOULD NEVER BE DONE IN TRAINING
USING PRECUED ITEMS - SHOULD NEVER BE DONE IN TRAINING
USING PRECUED ITEMS - SHOULD NEVER BE DONE IN TRAINING
USING PRECUED ITEMS - SHOULD NEVER BE DONE IN TRAINING
USING PRECUED ITEMS - SHOULD NEVER BE DONE IN TRAINING
USING PRECUED ITEMS - SHOULD NEVER BE DONE IN TRAINING
USING PRECUED ITEMS - SHOULD NEVER BE DONE IN TRAINING
USING PRECUED ITEMS - SHOULD NEVER BE DONE IN TRAINING
USING PRECUED ITEMS - SHOULD NEVER BE DONE IN TRAINING
USING PRECUED ITEMS - SHOULD NEVER BE DONE IN TRAINING
USING PRECUED ITEMS - SHOULD NEVER BE DONE IN TRAINING
USING PRECUED ITEMS - SHOULD NEVER BE DONE IN TRAINING
USING PRECUED ITEMS - SHOULD NEVER BE DONE IN TRAINING
USING PRECUED ITEMS - SHOULD NEVER BE DONE IN TRAINING
USING PRECUED ITEMS - SHOULD NEVER BE DONE IN TRAINING
USING PRECUED ITEMS - SHOULD NEVER BE DONE IN TRAINING
USING PRECUED ITEMS - SHOULD NEVER BE DONE IN TRAINING
USING PRECUED ITEMS - SHOULD NEVER BE DONE IN TRAINING
USING PRECUED ITEMS - SHOULD NEVER BE DONE IN TRAINING
USING PRECUED ITEMS - SHOULD NEVER BE DONE IN TRAINING
USING PRECUED ITEMS - SHOULD NEVER BE DONE IN TRAINING
USING PRECUED ITEMS - SHOULD NEVER BE DONE IN TRAINING
USING PRECUED ITEMS - SHOULD NEVER BE DONE IN TRAINING
USING PRECUED ITEMS - SHOULD NEVER BE DONE IN TRAINING
USING PRECUED ITEMS - SHOULD NEVER BE DONE IN TRAINING
USING PRECUED ITEMS - SHOULD NEVER BE DONE IN TRAINING
USING PRECUED ITEMS - SHOULD NEVER BE DONE IN TRAINING
USING PRECUED ITEMS - SHOULD NEVER BE DONE IN TRAINING
USING PRECUED ITEMS - SHOULD NEVER BE DONE IN TRAINING
USING PRECUED ITEMS - SHOULD NEVER BE DONE IN TRAINING
USING PRECUED ITEMS - SHOULD NEVER BE DONE IN TRAINING
USING PRECUED ITEMS - SHOULD NEVER BE DONE IN TRAINING
[index_cued_first_diffusion_0.3_swap_7_ablated_dir_04] trial 50/288
USING PRECUED ITEMS - SHOULD NEVER BE DONE IN TRAINING
USING PRECUED ITEMS - SHOULD NEVER BE DONE IN TRAINING
USING PRECUED ITEMS - SHOULD NEVER BE DONE IN TRAINING
USING PRECUED ITEMS - SHOULD NEVER BE DONE IN TRAINING
USING PRECUED ITEMS - SHOULD NEVER BE DONE IN TRAINING
USING PRECUED ITEMS - SHOULD NEVER BE DONE IN TRAINING
USING PRECUED ITEMS - SHOULD NEVER BE DONE IN TRAINING
USING PRECUED ITEMS - SHOULD NEVER BE DONE IN TRAINING
USING PRECUED ITEMS - SHOULD NEVER BE DONE IN TRAINING
USING PRECUED ITEMS - SHOULD NEVER BE DONE IN TRAINING
USING PRECUED ITEMS - SHOULD NEVER BE DONE IN TRAINING
USING PRECUED ITEMS - SHOULD NEVER BE DONE IN TRAINING
USING PRECUED ITEMS - SHOULD NEVER BE DONE IN TRAINING
USING PRECUED ITEMS - SHOULD NEVER BE DONE IN TRAINING
USING PRECUED ITEMS - SHOULD NEVER BE DONE IN TRAINING
USING PRECUED ITEMS - SHOULD NEVER BE DONE IN TRAINING
USING PRECUED ITEMS - SHOULD NEVER BE DONE IN TRAINING
USING PRECUED ITEMS - SHOULD NEVER BE DONE IN TRAINING
USING PRECUED ITEMS - SHOULD NEVER BE DONE IN TRAINING
USING PRECUED ITEMS - SHOULD NEVER BE DONE IN TRAINING
USING PRECUED ITEMS - SHOULD NEVER BE DONE IN TRAINING
USING PRECUED ITEMS - SHOULD NEVER BE DONE IN TRAINING
USING PRECUED ITEMS - SHOULD NEVER BE DONE IN TRAINING
USING PRECUED ITEMS - SHOULD NEVER BE DONE IN TRAINING
USING PRECUED ITEMS - SHOULD NEVER BE DONE IN TRAINING
USING PRECUED ITEMS - SHOULD NEVER BE DONE IN TRAINING
USING PRECUED ITEMS - SHOULD NEVER BE DONE IN TRAINING
USING PRECUED ITEMS - SHOULD NEVER BE DONE IN TRAINING
USING PRECUED ITEMS - SHOULD NEVER BE DONE IN TRAINING
USING PRECUED ITEMS - SHOULD NEVER BE DONE IN TRAINING
USING PRECUED ITEMS - SHOULD NEVER BE DONE IN TRAINING
USING PRECUED ITEMS - SHOULD NEVER BE DONE IN TRAINING
USING PRECUED ITEMS - SHOULD NEVER BE DONE IN TRAINING
USING PRECUED ITEMS - SHOULD NEVER BE DONE IN TRAINING
USING PRECUED ITEMS - SHOULD NEVER BE DONE IN TRAINING
USING PRECUED ITEMS - SHOULD NEVER BE DONE IN TRAINING
USING PRECUED ITEMS - SHOULD NEVER BE DONE IN TRAINING
USING PRECUED ITEMS - SHOULD NEVER BE DONE IN TRAINING
USING PRECUED ITEMS - SHOULD NEVER BE DONE IN TRAINING
USING PRECUED ITEMS - SHOULD NEVER BE DONE IN TRAINING
USING PRECUED ITEMS - SHOULD NEVER BE DONE IN TRAINING
USING PRECUED ITEMS - SHOULD NEVER BE DONE IN TRAINING
USING PRECUED ITEMS - SHOULD NEVER BE DONE IN TRAINING
USING PRECUED ITEMS - SHOULD NEVER BE DONE IN TRAINING
USING PRECUED ITEMS - SHOULD NEVER BE DONE IN TRAINING
USING PRECUED ITEMS - SHOULD NEVER BE DONE IN TRAINING
USING PRECUED ITEMS - SHOULD NEVER BE DONE IN TRAINING
USING PRECUED ITEMS - SHOULD NEVER BE DONE IN TRAINING
USING PRECUED ITEMS - SHOULD NEVER BE DONE IN TRAINING
USING PRECUED ITEMS - SHOULD NEVER BE DONE IN TRAINING
[index_cued_first_diffusion_0.3_swap_7_ablated_dir_04] trial 100/288
USING PRECUED ITEMS - SHOULD NEVER BE DONE IN TRAINING
USING PRECUED ITEMS - SHOULD NEVER BE DONE IN TRAINING
USING PRECUED ITEMS - SHOULD NEVER BE DONE IN TRAINING
USING PRECUED ITEMS - SHOULD NEVER BE DONE IN TRAINING
USING PRECUED ITEMS - SHOULD NEVER BE DONE IN TRAINING
USING PRECUED ITEMS - SHOULD NEVER BE DONE IN TRAINING
USING PRECUED ITEMS - SHOULD NEVER BE DONE IN TRAINING
USING PRECUED ITEMS - SHOULD NEVER BE DONE IN TRAINING
USING PRECUED ITEMS - SHOULD NEVER BE DONE IN TRAINING
USING PRECUED ITEMS - SHOULD NEVER BE DONE IN TRAINING
USING PRECUED ITEMS - SHOULD NEVER BE DONE IN TRAINING
USING PRECUED ITEMS - SHOULD NEVER BE DONE IN TRAINING
USING PRECUED ITEMS - SHOULD NEVER BE DONE IN TRAINING
USING PRECUED ITEMS - SHOULD NEVER BE DONE IN TRAINING
USING PRECUED ITEMS - SHOULD NEVER BE DONE IN TRAINING
USING PRECUED ITEMS - SHOULD NEVER BE DONE IN TRAINING
USING PRECUED ITEMS - SHOULD NEVER BE DONE IN TRAINING
USING PRECUED ITEMS - SHOULD NEVER BE DONE IN TRAINING
USING PRECUED ITEMS - SHOULD NEVER BE DONE IN TRAINING
USING PRECUED ITEMS - SHOULD NEVER BE DONE IN TRAINING
USING PRECUED ITEMS - SHOULD NEVER BE DONE IN TRAINING
USING PRECUED ITEMS - SHOULD NEVER BE DONE IN TRAINING
USING PRECUED ITEMS - SHOULD NEVER BE DONE IN TRAINING
USING PRECUED ITEMS - SHOULD NEVER BE DONE IN TRAINING
USING PRECUED ITEMS - SHOULD NEVER BE DONE IN TRAINING
USING PRECUED ITEMS - SHOULD NEVER BE DONE IN TRAINING
USING PRECUED ITEMS - SHOULD NEVER BE DONE IN TRAINING
USING PRECUED ITEMS - SHOULD NEVER BE DONE IN TRAINING
USING PRECUED ITEMS - SHOULD NEVER BE DONE IN TRAINING
USING PRECUED ITEMS - SHOULD NEVER BE DONE IN TRAINING
USING PRECUED ITEMS - SHOULD NEVER BE DONE IN TRAINING
USING PRECUED ITEMS - SHOULD NEVER BE DONE IN TRAINING
USING PRECUED ITEMS - SHOULD NEVER BE DONE IN TRAINING
USING PRECUED ITEMS - SHOULD NEVER BE DONE IN TRAINING
USING PRECUED ITEMS - SHOULD NEVER BE DONE IN TRAINING
USING PRECUED ITEMS - SHOULD NEVER BE DONE IN TRAINING
USING PRECUED ITEMS - SHOULD NEVER BE DONE IN TRAINING
USING PRECUED ITEMS - SHOULD NEVER BE DONE IN TRAINING
USING PRECUED ITEMS - SHOULD NEVER BE DONE IN TRAINING
USING PRECUED ITEMS - SHOULD NEVER BE DONE IN TRAINING
USING PRECUED ITEMS - SHOULD NEVER BE DONE IN TRAINING
USING PRECUED ITEMS - SHOULD NEVER BE DONE IN TRAINING
USING PRECUED ITEMS - SHOULD NEVER BE DONE IN TRAINING
USING PRECUED ITEMS - SHOULD NEVER BE DONE IN TRAINING
USING PRECUED ITEMS - SHOULD NEVER BE DONE IN TRAINING
USING PRECUED ITEMS - SHOULD NEVER BE DONE IN TRAINING
USING PRECUED ITEMS - SHOULD NEVER BE DONE IN TRAINING
USING PRECUED ITEMS - SHOULD NEVER BE DONE IN TRAINING
USING PRECUED ITEMS - SHOULD NEVER BE DONE IN TRAINING
USING PRECUED ITEMS - SHOULD NEVER BE DONE IN TRAINING
[index_cued_first_diffusion_0.3_swap_7_ablated_dir_04] trial 150/288
USING PRECUED ITEMS - SHOULD NEVER BE DONE IN TRAINING
USING PRECUED ITEMS - SHOULD NEVER BE DONE IN TRAINING
USING PRECUED ITEMS - SHOULD NEVER BE DONE IN TRAINING
USING PRECUED ITEMS - SHOULD NEVER BE DONE IN TRAINING
USING PRECUED ITEMS - SHOULD NEVER BE DONE IN TRAINING
USING PRECUED ITEMS - SHOULD NEVER BE DONE IN TRAINING
USING PRECUED ITEMS - SHOULD NEVER BE DONE IN TRAINING
USING PRECUED ITEMS - SHOULD NEVER BE DONE IN TRAINING
USING PRECUED ITEMS - SHOULD NEVER BE DONE IN TRAINING
USING PRECUED ITEMS - SHOULD NEVER BE DONE IN TRAINING
USING PRECUED ITEMS - SHOULD NEVER BE DONE IN TRAINING
USING PRECUED ITEMS - SHOULD NEVER BE DONE IN TRAINING
USING PRECUED ITEMS - SHOULD NEVER BE DONE IN TRAINING
USING PRECUED ITEMS - SHOULD NEVER BE DONE IN TRAINING
USING PRECUED ITEMS - SHOULD NEVER BE DONE IN TRAINING
USING PRECUED ITEMS - SHOULD NEVER BE DONE IN TRAINING
USING PRECUED ITEMS - SHOULD NEVER BE DONE IN TRAINING
USING PRECUED ITEMS - SHOULD NEVER BE DONE IN TRAINING
USING PRECUED ITEMS - SHOULD NEVER BE DONE IN TRAINING
USING PRECUED ITEMS - SHOULD NEVER BE DONE IN TRAINING
USING PRECUED ITEMS - SHOULD NEVER BE DONE IN TRAINING
USING PRECUED ITEMS - SHOULD NEVER BE DONE IN TRAINING
USING PRECUED ITEMS - SHOULD NEVER BE DONE IN TRAINING
USING PRECUED ITEMS - SHOULD NEVER BE DONE IN TRAINING
USING PRECUED ITEMS - SHOULD NEVER BE DONE IN TRAINING
USING PRECUED ITEMS - SHOULD NEVER BE DONE IN TRAINING
USING PRECUED ITEMS - SHOULD NEVER BE DONE IN TRAINING
USING PRECUED ITEMS - SHOULD NEVER BE DONE IN TRAINING
USING PRECUED ITEMS - SHOULD NEVER BE DONE IN TRAINING
USING PRECUED ITEMS - SHOULD NEVER BE DONE IN TRAINING
USING PRECUED ITEMS - SHOULD NEVER BE DONE IN TRAINING
USING PRECUED ITEMS - SHOULD NEVER BE DONE IN TRAINING
USING PRECUED ITEMS - SHOULD NEVER BE DONE IN TRAINING
USING PRECUED ITEMS - SHOULD NEVER BE DONE IN TRAINING
USING PRECUED ITEMS - SHOULD NEVER BE DONE IN TRAINING
USING PRECUED ITEMS - SHOULD NEVER BE DONE IN TRAINING
USING PRECUED ITEMS - SHOULD NEVER BE DONE IN TRAINING
USING PRECUED ITEMS - SHOULD NEVER BE DONE IN TRAINING
USING PRECUED ITEMS - SHOULD NEVER BE DONE IN TRAINING
USING PRECUED ITEMS - SHOULD NEVER BE DONE IN TRAINING
USING PRECUED ITEMS - SHOULD NEVER BE DONE IN TRAINING
USING PRECUED ITEMS - SHOULD NEVER BE DONE IN TRAINING
USING PRECUED ITEMS - SHOULD NEVER BE DONE IN TRAINING
USING PRECUED ITEMS - SHOULD NEVER BE DONE IN TRAINING
USING PRECUED ITEMS - SHOULD NEVER BE DONE IN TRAINING
USING PRECUED ITEMS - SHOULD NEVER BE DONE IN TRAINING
USING PRECUED ITEMS - SHOULD NEVER BE DONE IN TRAINING
USING PRECUED ITEMS - SHOULD NEVER BE DONE IN TRAINING
USING PRECUED ITEMS - SHOULD NEVER BE DONE IN TRAINING
USING PRECUED ITEMS - SHOULD NEVER BE DONE IN TRAINING
[index_cued_first_diffusion_0.3_swap_7_ablated_dir_04] trial 200/288
USING PRECUED ITEMS - SHOULD NEVER BE DONE IN TRAINING
USING PRECUED ITEMS - SHOULD NEVER BE DONE IN TRAINING
USING PRECUED ITEMS - SHOULD NEVER BE DONE IN TRAINING
USING PRECUED ITEMS - SHOULD NEVER BE DONE IN TRAINING
USING PRECUED ITEMS - SHOULD NEVER BE DONE IN TRAINING
USING PRECUED ITEMS - SHOULD NEVER BE DONE IN TRAINING
USING PRECUED ITEMS - SHOULD NEVER BE DONE IN TRAINING
USING PRECUED ITEMS - SHOULD NEVER BE DONE IN TRAINING
USING PRECUED ITEMS - SHOULD NEVER BE DONE IN TRAINING
USING PRECUED ITEMS - SHOULD NEVER BE DONE IN TRAINING
USING PRECUED ITEMS - SHOULD NEVER BE DONE IN TRAINING
USING PRECUED ITEMS - SHOULD NEVER BE DONE IN TRAINING
USING PRECUED ITEMS - SHOULD NEVER BE DONE IN TRAINING
USING PRECUED ITEMS - SHOULD NEVER BE DONE IN TRAINING
USING PRECUED ITEMS - SHOULD NEVER BE DONE IN TRAINING
USING PRECUED ITEMS - SHOULD NEVER BE DONE IN TRAINING
USING PRECUED ITEMS - SHOULD NEVER BE DONE IN TRAINING
USING PRECUED ITEMS - SHOULD NEVER BE DONE IN TRAINING
USING PRECUED ITEMS - SHOULD NEVER BE DONE IN TRAINING
USING PRECUED ITEMS - SHOULD NEVER BE DONE IN TRAINING
USING PRECUED ITEMS - SHOULD NEVER BE DONE IN TRAINING
USING PRECUED ITEMS - SHOULD NEVER BE DONE IN TRAINING
USING PRECUED ITEMS - SHOULD NEVER BE DONE IN TRAINING
USING PRECUED ITEMS - SHOULD NEVER BE DONE IN TRAINING
USING PRECUED ITEMS - SHOULD NEVER BE DONE IN TRAINING
USING PRECUED ITEMS - SHOULD NEVER BE DONE IN TRAINING
USING PRECUED ITEMS - SHOULD NEVER BE DONE IN TRAINING
USING PRECUED ITEMS - SHOULD NEVER BE DONE IN TRAINING
USING PRECUED ITEMS - SHOULD NEVER BE DONE IN TRAINING
USING PRECUED ITEMS - SHOULD NEVER BE DONE IN TRAINING
USING PRECUED ITEMS - SHOULD NEVER BE DONE IN TRAINING
USING PRECUED ITEMS - SHOULD NEVER BE DONE IN TRAINING
USING PRECUED ITEMS - SHOULD NEVER BE DONE IN TRAINING
USING PRECUED ITEMS - SHOULD NEVER BE DONE IN TRAINING
USING PRECUED ITEMS - SHOULD NEVER BE DONE IN TRAINING
USING PRECUED ITEMS - SHOULD NEVER BE DONE IN TRAINING
USING PRECUED ITEMS - SHOULD NEVER BE DONE IN TRAINING
USING PRECUED ITEMS - SHOULD NEVER BE DONE IN TRAINING
USING PRECUED ITEMS - SHOULD NEVER BE DONE IN TRAINING
USING PRECUED ITEMS - SHOULD NEVER BE DONE IN TRAINING
USING PRECUED ITEMS - SHOULD NEVER BE DONE IN TRAINING
USING PRECUED ITEMS - SHOULD NEVER BE DONE IN TRAINING
USING PRECUED ITEMS - SHOULD NEVER BE DONE IN TRAINING
USING PRECUED ITEMS - SHOULD NEVER BE DONE IN TRAINING
USING PRECUED ITEMS - SHOULD NEVER BE DONE IN TRAINING
USING PRECUED ITEMS - SHOULD NEVER BE DONE IN TRAINING
USING PRECUED ITEMS - SHOULD NEVER BE DONE IN TRAINING
USING PRECUED ITEMS - SHOULD NEVER BE DONE IN TRAINING
USING PRECUED ITEMS - SHOULD NEVER BE DONE IN TRAINING
USING PRECUED ITEMS - SHOULD NEVER BE DONE IN TRAINING
[index_cued_first_diffusion_0.3_swap_7_ablated_dir_04] trial 250/288
USING PRECUED ITEMS - SHOULD NEVER BE DONE IN TRAINING
USING PRECUED ITEMS - SHOULD NEVER BE DONE IN TRAINING
USING PRECUED ITEMS - SHOULD NEVER BE DONE IN TRAINING
USING PRECUED ITEMS - SHOULD NEVER BE DONE IN TRAINING
USING PRECUED ITEMS - SHOULD NEVER BE DONE IN TRAINING
USING PRECUED ITEMS - SHOULD NEVER BE DONE IN TRAINING
USING PRECUED ITEMS - SHOULD NEVER BE DONE IN TRAINING
USING PRECUED ITEMS - SHOULD NEVER BE DONE IN TRAINING
USING PRECUED ITEMS - SHOULD NEVER BE DONE IN TRAINING
USING PRECUED ITEMS - SHOULD NEVER BE DONE IN TRAINING
USING PRECUED ITEMS - SHOULD NEVER BE DONE IN TRAINING
USING PRECUED ITEMS - SHOULD NEVER BE DONE IN TRAINING
USING PRECUED ITEMS - SHOULD NEVER BE DONE IN TRAINING
USING PRECUED ITEMS - SHOULD NEVER BE DONE IN TRAINING
USING PRECUED ITEMS - SHOULD NEVER BE DONE IN TRAINING
USING PRECUED ITEMS - SHOULD NEVER BE DONE IN TRAINING
USING PRECUED ITEMS - SHOULD NEVER BE DONE IN TRAINING
USING PRECUED ITEMS - SHOULD NEVER BE DONE IN TRAINING
USING PRECUED ITEMS - SHOULD NEVER BE DONE IN TRAINING
USING PRECUED ITEMS - SHOULD NEVER BE DONE IN TRAINING
USING PRECUED ITEMS - SHOULD NEVER BE DONE IN TRAINING
USING PRECUED ITEMS - SHOULD NEVER BE DONE IN TRAINING
USING PRECUED ITEMS - SHOULD NEVER BE DONE IN TRAINING
USING PRECUED ITEMS - SHOULD NEVER BE DONE IN TRAINING
USING PRECUED ITEMS - SHOULD NEVER BE DONE IN TRAINING
USING PRECUED ITEMS - SHOULD NEVER BE DONE IN TRAINING
USING PRECUED ITEMS - SHOULD NEVER BE DONE IN TRAINING
USING PRECUED ITEMS - SHOULD NEVER BE DONE IN TRAINING
USING PRECUED ITEMS - SHOULD NEVER BE DONE IN TRAINING
USING PRECUED ITEMS - SHOULD NEVER BE DONE IN TRAINING
USING PRECUED ITEMS - SHOULD NEVER BE DONE IN TRAINING
USING PRECUED ITEMS - SHOULD NEVER BE DONE IN TRAINING
USING PRECUED ITEMS - SHOULD NEVER BE DONE IN TRAINING
USING PRECUED ITEMS - SHOULD NEVER BE DONE IN TRAINING
USING PRECUED ITEMS - SHOULD NEVER BE DONE IN TRAINING
USING PRECUED ITEMS - SHOULD NEVER BE DONE IN TRAINING
USING PRECUED ITEMS - SHOULD NEVER BE DONE IN TRAINING
USING PRECUED ITEMS - SHOULD NEVER BE DONE IN TRAINING
  Comparing ablation 4 -> student index_cued_first_diffusion_0.3_swap_recovery_ablation_0_0
  Comparing ablation 4 -> student index_cued_first_diffusion_0.3_swap_recovery_ablation_1_0
  Comparing ablation 4 -> student index_cued_first_diffusion_0.3_swap_recovery_ablation_4_0
  Comparing ablation 4 -> student index_cued_first_diffusion_0.3_swap_recovery_ablation_5_0
  Comparing ablation 4 -> student index_cued_first_diffusion_0.3_swap_recovery_ablation_6_0
  Comparing ablation 4 -> student index_cued_first_diffusion_0.3_swap_ablation_7_1

======================================================================
Processing ablation direction 5
[index_cued_first_diffusion_0.3_swap_7_ablated_dir_05] using ablation direction key: nullspace_05
[index_cued_first_diffusion_0.3_swap_7_ablated_dir_05] trial 0/288
USING PRECUED ITEMS - SHOULD NEVER BE DONE IN TRAINING
USING PRECUED ITEMS - SHOULD NEVER BE DONE IN TRAINING
USING PRECUED ITEMS - SHOULD NEVER BE DONE IN TRAINING
USING PRECUED ITEMS - SHOULD NEVER BE DONE IN TRAINING
USING PRECUED ITEMS - SHOULD NEVER BE DONE IN TRAINING
USING PRECUED ITEMS - SHOULD NEVER BE DONE IN TRAINING
USING PRECUED ITEMS - SHOULD NEVER BE DONE IN TRAINING
USING PRECUED ITEMS - SHOULD NEVER BE DONE IN TRAINING
USING PRECUED ITEMS - SHOULD NEVER BE DONE IN TRAINING
USING PRECUED ITEMS - SHOULD NEVER BE DONE IN TRAINING
USING PRECUED ITEMS - SHOULD NEVER BE DONE IN TRAINING
USING PRECUED ITEMS - SHOULD NEVER BE DONE IN TRAINING
USING PRECUED ITEMS - SHOULD NEVER BE DONE IN TRAINING
USING PRECUED ITEMS - SHOULD NEVER BE DONE IN TRAINING
USING PRECUED ITEMS - SHOULD NEVER BE DONE IN TRAINING
USING PRECUED ITEMS - SHOULD NEVER BE DONE IN TRAINING
USING PRECUED ITEMS - SHOULD NEVER BE DONE IN TRAINING
USING PRECUED ITEMS - SHOULD NEVER BE DONE IN TRAINING
USING PRECUED ITEMS - SHOULD NEVER BE DONE IN TRAINING
USING PRECUED ITEMS - SHOULD NEVER BE DONE IN TRAINING
USING PRECUED ITEMS - SHOULD NEVER BE DONE IN TRAINING
USING PRECUED ITEMS - SHOULD NEVER BE DONE IN TRAINING
USING PRECUED ITEMS - SHOULD NEVER BE DONE IN TRAINING
USING PRECUED ITEMS - SHOULD NEVER BE DONE IN TRAINING
USING PRECUED ITEMS - SHOULD NEVER BE DONE IN TRAINING
USING PRECUED ITEMS - SHOULD NEVER BE DONE IN TRAINING
USING PRECUED ITEMS - SHOULD NEVER BE DONE IN TRAINING
USING PRECUED ITEMS - SHOULD NEVER BE DONE IN TRAINING
USING PRECUED ITEMS - SHOULD NEVER BE DONE IN TRAINING
USING PRECUED ITEMS - SHOULD NEVER BE DONE IN TRAINING
USING PRECUED ITEMS - SHOULD NEVER BE DONE IN TRAINING
USING PRECUED ITEMS - SHOULD NEVER BE DONE IN TRAINING
USING PRECUED ITEMS - SHOULD NEVER BE DONE IN TRAINING
USING PRECUED ITEMS - SHOULD NEVER BE DONE IN TRAINING
USING PRECUED ITEMS - SHOULD NEVER BE DONE IN TRAINING
USING PRECUED ITEMS - SHOULD NEVER BE DONE IN TRAINING
USING PRECUED ITEMS - SHOULD NEVER BE DONE IN TRAINING
USING PRECUED ITEMS - SHOULD NEVER BE DONE IN TRAINING
USING PRECUED ITEMS - SHOULD NEVER BE DONE IN TRAINING
USING PRECUED ITEMS - SHOULD NEVER BE DONE IN TRAINING
USING PRECUED ITEMS - SHOULD NEVER BE DONE IN TRAINING
USING PRECUED ITEMS - SHOULD NEVER BE DONE IN TRAINING
USING PRECUED ITEMS - SHOULD NEVER BE DONE IN TRAINING
USING PRECUED ITEMS - SHOULD NEVER BE DONE IN TRAINING
USING PRECUED ITEMS - SHOULD NEVER BE DONE IN TRAINING
USING PRECUED ITEMS - SHOULD NEVER BE DONE IN TRAINING
USING PRECUED ITEMS - SHOULD NEVER BE DONE IN TRAINING
USING PRECUED ITEMS - SHOULD NEVER BE DONE IN TRAINING
USING PRECUED ITEMS - SHOULD NEVER BE DONE IN TRAINING
USING PRECUED ITEMS - SHOULD NEVER BE DONE IN TRAINING
[index_cued_first_diffusion_0.3_swap_7_ablated_dir_05] trial 50/288
USING PRECUED ITEMS - SHOULD NEVER BE DONE IN TRAINING
USING PRECUED ITEMS - SHOULD NEVER BE DONE IN TRAINING
USING PRECUED ITEMS - SHOULD NEVER BE DONE IN TRAINING
USING PRECUED ITEMS - SHOULD NEVER BE DONE IN TRAINING
USING PRECUED ITEMS - SHOULD NEVER BE DONE IN TRAINING
USING PRECUED ITEMS - SHOULD NEVER BE DONE IN TRAINING
USING PRECUED ITEMS - SHOULD NEVER BE DONE IN TRAINING
USING PRECUED ITEMS - SHOULD NEVER BE DONE IN TRAINING
USING PRECUED ITEMS - SHOULD NEVER BE DONE IN TRAINING
USING PRECUED ITEMS - SHOULD NEVER BE DONE IN TRAINING
USING PRECUED ITEMS - SHOULD NEVER BE DONE IN TRAINING
USING PRECUED ITEMS - SHOULD NEVER BE DONE IN TRAINING
USING PRECUED ITEMS - SHOULD NEVER BE DONE IN TRAINING
USING PRECUED ITEMS - SHOULD NEVER BE DONE IN TRAINING
USING PRECUED ITEMS - SHOULD NEVER BE DONE IN TRAINING
USING PRECUED ITEMS - SHOULD NEVER BE DONE IN TRAINING
USING PRECUED ITEMS - SHOULD NEVER BE DONE IN TRAINING
USING PRECUED ITEMS - SHOULD NEVER BE DONE IN TRAINING
USING PRECUED ITEMS - SHOULD NEVER BE DONE IN TRAINING
USING PRECUED ITEMS - SHOULD NEVER BE DONE IN TRAINING
USING PRECUED ITEMS - SHOULD NEVER BE DONE IN TRAINING
USING PRECUED ITEMS - SHOULD NEVER BE DONE IN TRAINING
USING PRECUED ITEMS - SHOULD NEVER BE DONE IN TRAINING
USING PRECUED ITEMS - SHOULD NEVER BE DONE IN TRAINING
USING PRECUED ITEMS - SHOULD NEVER BE DONE IN TRAINING
USING PRECUED ITEMS - SHOULD NEVER BE DONE IN TRAINING
USING PRECUED ITEMS - SHOULD NEVER BE DONE IN TRAINING
USING PRECUED ITEMS - SHOULD NEVER BE DONE IN TRAINING
USING PRECUED ITEMS - SHOULD NEVER BE DONE IN TRAINING
USING PRECUED ITEMS - SHOULD NEVER BE DONE IN TRAINING
USING PRECUED ITEMS - SHOULD NEVER BE DONE IN TRAINING
USING PRECUED ITEMS - SHOULD NEVER BE DONE IN TRAINING
USING PRECUED ITEMS - SHOULD NEVER BE DONE IN TRAINING
USING PRECUED ITEMS - SHOULD NEVER BE DONE IN TRAINING
USING PRECUED ITEMS - SHOULD NEVER BE DONE IN TRAINING
USING PRECUED ITEMS - SHOULD NEVER BE DONE IN TRAINING
USING PRECUED ITEMS - SHOULD NEVER BE DONE IN TRAINING
USING PRECUED ITEMS - SHOULD NEVER BE DONE IN TRAINING
USING PRECUED ITEMS - SHOULD NEVER BE DONE IN TRAINING
USING PRECUED ITEMS - SHOULD NEVER BE DONE IN TRAINING
USING PRECUED ITEMS - SHOULD NEVER BE DONE IN TRAINING
USING PRECUED ITEMS - SHOULD NEVER BE DONE IN TRAINING
USING PRECUED ITEMS - SHOULD NEVER BE DONE IN TRAINING
USING PRECUED ITEMS - SHOULD NEVER BE DONE IN TRAINING
USING PRECUED ITEMS - SHOULD NEVER BE DONE IN TRAINING
USING PRECUED ITEMS - SHOULD NEVER BE DONE IN TRAINING
USING PRECUED ITEMS - SHOULD NEVER BE DONE IN TRAINING
USING PRECUED ITEMS - SHOULD NEVER BE DONE IN TRAINING
USING PRECUED ITEMS - SHOULD NEVER BE DONE IN TRAINING
USING PRECUED ITEMS - SHOULD NEVER BE DONE IN TRAINING
[index_cued_first_diffusion_0.3_swap_7_ablated_dir_05] trial 100/288
USING PRECUED ITEMS - SHOULD NEVER BE DONE IN TRAINING
USING PRECUED ITEMS - SHOULD NEVER BE DONE IN TRAINING
USING PRECUED ITEMS - SHOULD NEVER BE DONE IN TRAINING
USING PRECUED ITEMS - SHOULD NEVER BE DONE IN TRAINING
USING PRECUED ITEMS - SHOULD NEVER BE DONE IN TRAINING
USING PRECUED ITEMS - SHOULD NEVER BE DONE IN TRAINING
USING PRECUED ITEMS - SHOULD NEVER BE DONE IN TRAINING
USING PRECUED ITEMS - SHOULD NEVER BE DONE IN TRAINING
USING PRECUED ITEMS - SHOULD NEVER BE DONE IN TRAINING
USING PRECUED ITEMS - SHOULD NEVER BE DONE IN TRAINING
USING PRECUED ITEMS - SHOULD NEVER BE DONE IN TRAINING
USING PRECUED ITEMS - SHOULD NEVER BE DONE IN TRAINING
USING PRECUED ITEMS - SHOULD NEVER BE DONE IN TRAINING
USING PRECUED ITEMS - SHOULD NEVER BE DONE IN TRAINING
USING PRECUED ITEMS - SHOULD NEVER BE DONE IN TRAINING
USING PRECUED ITEMS - SHOULD NEVER BE DONE IN TRAINING
USING PRECUED ITEMS - SHOULD NEVER BE DONE IN TRAINING
USING PRECUED ITEMS - SHOULD NEVER BE DONE IN TRAINING
USING PRECUED ITEMS - SHOULD NEVER BE DONE IN TRAINING
USING PRECUED ITEMS - SHOULD NEVER BE DONE IN TRAINING
USING PRECUED ITEMS - SHOULD NEVER BE DONE IN TRAINING
USING PRECUED ITEMS - SHOULD NEVER BE DONE IN TRAINING
USING PRECUED ITEMS - SHOULD NEVER BE DONE IN TRAINING
USING PRECUED ITEMS - SHOULD NEVER BE DONE IN TRAINING
USING PRECUED ITEMS - SHOULD NEVER BE DONE IN TRAINING
USING PRECUED ITEMS - SHOULD NEVER BE DONE IN TRAINING
USING PRECUED ITEMS - SHOULD NEVER BE DONE IN TRAINING
USING PRECUED ITEMS - SHOULD NEVER BE DONE IN TRAINING
USING PRECUED ITEMS - SHOULD NEVER BE DONE IN TRAINING
USING PRECUED ITEMS - SHOULD NEVER BE DONE IN TRAINING
USING PRECUED ITEMS - SHOULD NEVER BE DONE IN TRAINING
USING PRECUED ITEMS - SHOULD NEVER BE DONE IN TRAINING
USING PRECUED ITEMS - SHOULD NEVER BE DONE IN TRAINING
USING PRECUED ITEMS - SHOULD NEVER BE DONE IN TRAINING
USING PRECUED ITEMS - SHOULD NEVER BE DONE IN TRAINING
USING PRECUED ITEMS - SHOULD NEVER BE DONE IN TRAINING
USING PRECUED ITEMS - SHOULD NEVER BE DONE IN TRAINING
USING PRECUED ITEMS - SHOULD NEVER BE DONE IN TRAINING
USING PRECUED ITEMS - SHOULD NEVER BE DONE IN TRAINING
USING PRECUED ITEMS - SHOULD NEVER BE DONE IN TRAINING
USING PRECUED ITEMS - SHOULD NEVER BE DONE IN TRAINING
USING PRECUED ITEMS - SHOULD NEVER BE DONE IN TRAINING
USING PRECUED ITEMS - SHOULD NEVER BE DONE IN TRAINING
USING PRECUED ITEMS - SHOULD NEVER BE DONE IN TRAINING
USING PRECUED ITEMS - SHOULD NEVER BE DONE IN TRAINING
USING PRECUED ITEMS - SHOULD NEVER BE DONE IN TRAINING
USING PRECUED ITEMS - SHOULD NEVER BE DONE IN TRAINING
USING PRECUED ITEMS - SHOULD NEVER BE DONE IN TRAINING
USING PRECUED ITEMS - SHOULD NEVER BE DONE IN TRAINING
USING PRECUED ITEMS - SHOULD NEVER BE DONE IN TRAINING
[index_cued_first_diffusion_0.3_swap_7_ablated_dir_05] trial 150/288
USING PRECUED ITEMS - SHOULD NEVER BE DONE IN TRAINING
USING PRECUED ITEMS - SHOULD NEVER BE DONE IN TRAINING
USING PRECUED ITEMS - SHOULD NEVER BE DONE IN TRAINING
USING PRECUED ITEMS - SHOULD NEVER BE DONE IN TRAINING
USING PRECUED ITEMS - SHOULD NEVER BE DONE IN TRAINING
USING PRECUED ITEMS - SHOULD NEVER BE DONE IN TRAINING
USING PRECUED ITEMS - SHOULD NEVER BE DONE IN TRAINING
USING PRECUED ITEMS - SHOULD NEVER BE DONE IN TRAINING
USING PRECUED ITEMS - SHOULD NEVER BE DONE IN TRAINING
USING PRECUED ITEMS - SHOULD NEVER BE DONE IN TRAINING
USING PRECUED ITEMS - SHOULD NEVER BE DONE IN TRAINING
USING PRECUED ITEMS - SHOULD NEVER BE DONE IN TRAINING
USING PRECUED ITEMS - SHOULD NEVER BE DONE IN TRAINING
USING PRECUED ITEMS - SHOULD NEVER BE DONE IN TRAINING
USING PRECUED ITEMS - SHOULD NEVER BE DONE IN TRAINING
USING PRECUED ITEMS - SHOULD NEVER BE DONE IN TRAINING
USING PRECUED ITEMS - SHOULD NEVER BE DONE IN TRAINING
USING PRECUED ITEMS - SHOULD NEVER BE DONE IN TRAINING
USING PRECUED ITEMS - SHOULD NEVER BE DONE IN TRAINING
USING PRECUED ITEMS - SHOULD NEVER BE DONE IN TRAINING
USING PRECUED ITEMS - SHOULD NEVER BE DONE IN TRAINING
USING PRECUED ITEMS - SHOULD NEVER BE DONE IN TRAINING
USING PRECUED ITEMS - SHOULD NEVER BE DONE IN TRAINING
USING PRECUED ITEMS - SHOULD NEVER BE DONE IN TRAINING
USING PRECUED ITEMS - SHOULD NEVER BE DONE IN TRAINING
USING PRECUED ITEMS - SHOULD NEVER BE DONE IN TRAINING
USING PRECUED ITEMS - SHOULD NEVER BE DONE IN TRAINING
USING PRECUED ITEMS - SHOULD NEVER BE DONE IN TRAINING
USING PRECUED ITEMS - SHOULD NEVER BE DONE IN TRAINING
USING PRECUED ITEMS - SHOULD NEVER BE DONE IN TRAINING
USING PRECUED ITEMS - SHOULD NEVER BE DONE IN TRAINING
USING PRECUED ITEMS - SHOULD NEVER BE DONE IN TRAINING
USING PRECUED ITEMS - SHOULD NEVER BE DONE IN TRAINING
USING PRECUED ITEMS - SHOULD NEVER BE DONE IN TRAINING
USING PRECUED ITEMS - SHOULD NEVER BE DONE IN TRAINING
USING PRECUED ITEMS - SHOULD NEVER BE DONE IN TRAINING
USING PRECUED ITEMS - SHOULD NEVER BE DONE IN TRAINING
USING PRECUED ITEMS - SHOULD NEVER BE DONE IN TRAINING
USING PRECUED ITEMS - SHOULD NEVER BE DONE IN TRAINING
USING PRECUED ITEMS - SHOULD NEVER BE DONE IN TRAINING
USING PRECUED ITEMS - SHOULD NEVER BE DONE IN TRAINING
USING PRECUED ITEMS - SHOULD NEVER BE DONE IN TRAINING
USING PRECUED ITEMS - SHOULD NEVER BE DONE IN TRAINING
USING PRECUED ITEMS - SHOULD NEVER BE DONE IN TRAINING
USING PRECUED ITEMS - SHOULD NEVER BE DONE IN TRAINING
USING PRECUED ITEMS - SHOULD NEVER BE DONE IN TRAINING
USING PRECUED ITEMS - SHOULD NEVER BE DONE IN TRAINING
USING PRECUED ITEMS - SHOULD NEVER BE DONE IN TRAINING
USING PRECUED ITEMS - SHOULD NEVER BE DONE IN TRAINING
USING PRECUED ITEMS - SHOULD NEVER BE DONE IN TRAINING
[index_cued_first_diffusion_0.3_swap_7_ablated_dir_05] trial 200/288
USING PRECUED ITEMS - SHOULD NEVER BE DONE IN TRAINING
USING PRECUED ITEMS - SHOULD NEVER BE DONE IN TRAINING
USING PRECUED ITEMS - SHOULD NEVER BE DONE IN TRAINING
USING PRECUED ITEMS - SHOULD NEVER BE DONE IN TRAINING
USING PRECUED ITEMS - SHOULD NEVER BE DONE IN TRAINING
USING PRECUED ITEMS - SHOULD NEVER BE DONE IN TRAINING
USING PRECUED ITEMS - SHOULD NEVER BE DONE IN TRAINING
USING PRECUED ITEMS - SHOULD NEVER BE DONE IN TRAINING
USING PRECUED ITEMS - SHOULD NEVER BE DONE IN TRAINING
USING PRECUED ITEMS - SHOULD NEVER BE DONE IN TRAINING
USING PRECUED ITEMS - SHOULD NEVER BE DONE IN TRAINING
USING PRECUED ITEMS - SHOULD NEVER BE DONE IN TRAINING
USING PRECUED ITEMS - SHOULD NEVER BE DONE IN TRAINING
USING PRECUED ITEMS - SHOULD NEVER BE DONE IN TRAINING
USING PRECUED ITEMS - SHOULD NEVER BE DONE IN TRAINING
USING PRECUED ITEMS - SHOULD NEVER BE DONE IN TRAINING
USING PRECUED ITEMS - SHOULD NEVER BE DONE IN TRAINING
USING PRECUED ITEMS - SHOULD NEVER BE DONE IN TRAINING
USING PRECUED ITEMS - SHOULD NEVER BE DONE IN TRAINING
USING PRECUED ITEMS - SHOULD NEVER BE DONE IN TRAINING
USING PRECUED ITEMS - SHOULD NEVER BE DONE IN TRAINING
USING PRECUED ITEMS - SHOULD NEVER BE DONE IN TRAINING
USING PRECUED ITEMS - SHOULD NEVER BE DONE IN TRAINING
USING PRECUED ITEMS - SHOULD NEVER BE DONE IN TRAINING
USING PRECUED ITEMS - SHOULD NEVER BE DONE IN TRAINING
USING PRECUED ITEMS - SHOULD NEVER BE DONE IN TRAINING
USING PRECUED ITEMS - SHOULD NEVER BE DONE IN TRAINING
USING PRECUED ITEMS - SHOULD NEVER BE DONE IN TRAINING
USING PRECUED ITEMS - SHOULD NEVER BE DONE IN TRAINING
USING PRECUED ITEMS - SHOULD NEVER BE DONE IN TRAINING
USING PRECUED ITEMS - SHOULD NEVER BE DONE IN TRAINING
USING PRECUED ITEMS - SHOULD NEVER BE DONE IN TRAINING
USING PRECUED ITEMS - SHOULD NEVER BE DONE IN TRAINING
USING PRECUED ITEMS - SHOULD NEVER BE DONE IN TRAINING
USING PRECUED ITEMS - SHOULD NEVER BE DONE IN TRAINING
USING PRECUED ITEMS - SHOULD NEVER BE DONE IN TRAINING
USING PRECUED ITEMS - SHOULD NEVER BE DONE IN TRAINING
USING PRECUED ITEMS - SHOULD NEVER BE DONE IN TRAINING
USING PRECUED ITEMS - SHOULD NEVER BE DONE IN TRAINING
USING PRECUED ITEMS - SHOULD NEVER BE DONE IN TRAINING
USING PRECUED ITEMS - SHOULD NEVER BE DONE IN TRAINING
USING PRECUED ITEMS - SHOULD NEVER BE DONE IN TRAINING
USING PRECUED ITEMS - SHOULD NEVER BE DONE IN TRAINING
USING PRECUED ITEMS - SHOULD NEVER BE DONE IN TRAINING
USING PRECUED ITEMS - SHOULD NEVER BE DONE IN TRAINING
USING PRECUED ITEMS - SHOULD NEVER BE DONE IN TRAINING
USING PRECUED ITEMS - SHOULD NEVER BE DONE IN TRAINING
USING PRECUED ITEMS - SHOULD NEVER BE DONE IN TRAINING
USING PRECUED ITEMS - SHOULD NEVER BE DONE IN TRAINING
USING PRECUED ITEMS - SHOULD NEVER BE DONE IN TRAINING
[index_cued_first_diffusion_0.3_swap_7_ablated_dir_05] trial 250/288
USING PRECUED ITEMS - SHOULD NEVER BE DONE IN TRAINING
USING PRECUED ITEMS - SHOULD NEVER BE DONE IN TRAINING
USING PRECUED ITEMS - SHOULD NEVER BE DONE IN TRAINING
USING PRECUED ITEMS - SHOULD NEVER BE DONE IN TRAINING
USING PRECUED ITEMS - SHOULD NEVER BE DONE IN TRAINING
USING PRECUED ITEMS - SHOULD NEVER BE DONE IN TRAINING
USING PRECUED ITEMS - SHOULD NEVER BE DONE IN TRAINING
USING PRECUED ITEMS - SHOULD NEVER BE DONE IN TRAINING
USING PRECUED ITEMS - SHOULD NEVER BE DONE IN TRAINING
USING PRECUED ITEMS - SHOULD NEVER BE DONE IN TRAINING
USING PRECUED ITEMS - SHOULD NEVER BE DONE IN TRAINING
USING PRECUED ITEMS - SHOULD NEVER BE DONE IN TRAINING
USING PRECUED ITEMS - SHOULD NEVER BE DONE IN TRAINING
USING PRECUED ITEMS - SHOULD NEVER BE DONE IN TRAINING
USING PRECUED ITEMS - SHOULD NEVER BE DONE IN TRAINING
USING PRECUED ITEMS - SHOULD NEVER BE DONE IN TRAINING
USING PRECUED ITEMS - SHOULD NEVER BE DONE IN TRAINING
USING PRECUED ITEMS - SHOULD NEVER BE DONE IN TRAINING
USING PRECUED ITEMS - SHOULD NEVER BE DONE IN TRAINING
USING PRECUED ITEMS - SHOULD NEVER BE DONE IN TRAINING
USING PRECUED ITEMS - SHOULD NEVER BE DONE IN TRAINING
USING PRECUED ITEMS - SHOULD NEVER BE DONE IN TRAINING
USING PRECUED ITEMS - SHOULD NEVER BE DONE IN TRAINING
USING PRECUED ITEMS - SHOULD NEVER BE DONE IN TRAINING
USING PRECUED ITEMS - SHOULD NEVER BE DONE IN TRAINING
USING PRECUED ITEMS - SHOULD NEVER BE DONE IN TRAINING
USING PRECUED ITEMS - SHOULD NEVER BE DONE IN TRAINING
USING PRECUED ITEMS - SHOULD NEVER BE DONE IN TRAINING
USING PRECUED ITEMS - SHOULD NEVER BE DONE IN TRAINING
USING PRECUED ITEMS - SHOULD NEVER BE DONE IN TRAINING
USING PRECUED ITEMS - SHOULD NEVER BE DONE IN TRAINING
USING PRECUED ITEMS - SHOULD NEVER BE DONE IN TRAINING
USING PRECUED ITEMS - SHOULD NEVER BE DONE IN TRAINING
USING PRECUED ITEMS - SHOULD NEVER BE DONE IN TRAINING
USING PRECUED ITEMS - SHOULD NEVER BE DONE IN TRAINING
USING PRECUED ITEMS - SHOULD NEVER BE DONE IN TRAINING
USING PRECUED ITEMS - SHOULD NEVER BE DONE IN TRAINING
USING PRECUED ITEMS - SHOULD NEVER BE DONE IN TRAINING
  Comparing ablation 5 -> student index_cued_first_diffusion_0.3_swap_recovery_ablation_0_0
  Comparing ablation 5 -> student index_cued_first_diffusion_0.3_swap_recovery_ablation_1_0
  Comparing ablation 5 -> student index_cued_first_diffusion_0.3_swap_recovery_ablation_4_0
  Comparing ablation 5 -> student index_cued_first_diffusion_0.3_swap_recovery_ablation_5_0
  Comparing ablation 5 -> student index_cued_first_diffusion_0.3_swap_recovery_ablation_6_0
  Comparing ablation 5 -> student index_cued_first_diffusion_0.3_swap_ablation_7_1

======================================================================
Processing ablation direction 6
[index_cued_first_diffusion_0.3_swap_7_ablated_dir_06] using ablation direction key: nullspace_06
[index_cued_first_diffusion_0.3_swap_7_ablated_dir_06] trial 0/288
USING PRECUED ITEMS - SHOULD NEVER BE DONE IN TRAINING
USING PRECUED ITEMS - SHOULD NEVER BE DONE IN TRAINING
USING PRECUED ITEMS - SHOULD NEVER BE DONE IN TRAINING
USING PRECUED ITEMS - SHOULD NEVER BE DONE IN TRAINING
USING PRECUED ITEMS - SHOULD NEVER BE DONE IN TRAINING
USING PRECUED ITEMS - SHOULD NEVER BE DONE IN TRAINING
USING PRECUED ITEMS - SHOULD NEVER BE DONE IN TRAINING
USING PRECUED ITEMS - SHOULD NEVER BE DONE IN TRAINING
USING PRECUED ITEMS - SHOULD NEVER BE DONE IN TRAINING
USING PRECUED ITEMS - SHOULD NEVER BE DONE IN TRAINING
USING PRECUED ITEMS - SHOULD NEVER BE DONE IN TRAINING
USING PRECUED ITEMS - SHOULD NEVER BE DONE IN TRAINING
USING PRECUED ITEMS - SHOULD NEVER BE DONE IN TRAINING
USING PRECUED ITEMS - SHOULD NEVER BE DONE IN TRAINING
USING PRECUED ITEMS - SHOULD NEVER BE DONE IN TRAINING
USING PRECUED ITEMS - SHOULD NEVER BE DONE IN TRAINING
USING PRECUED ITEMS - SHOULD NEVER BE DONE IN TRAINING
USING PRECUED ITEMS - SHOULD NEVER BE DONE IN TRAINING
USING PRECUED ITEMS - SHOULD NEVER BE DONE IN TRAINING
USING PRECUED ITEMS - SHOULD NEVER BE DONE IN TRAINING
USING PRECUED ITEMS - SHOULD NEVER BE DONE IN TRAINING
USING PRECUED ITEMS - SHOULD NEVER BE DONE IN TRAINING
USING PRECUED ITEMS - SHOULD NEVER BE DONE IN TRAINING
USING PRECUED ITEMS - SHOULD NEVER BE DONE IN TRAINING
USING PRECUED ITEMS - SHOULD NEVER BE DONE IN TRAINING
USING PRECUED ITEMS - SHOULD NEVER BE DONE IN TRAINING
USING PRECUED ITEMS - SHOULD NEVER BE DONE IN TRAINING
USING PRECUED ITEMS - SHOULD NEVER BE DONE IN TRAINING
USING PRECUED ITEMS - SHOULD NEVER BE DONE IN TRAINING
USING PRECUED ITEMS - SHOULD NEVER BE DONE IN TRAINING
USING PRECUED ITEMS - SHOULD NEVER BE DONE IN TRAINING
USING PRECUED ITEMS - SHOULD NEVER BE DONE IN TRAINING
USING PRECUED ITEMS - SHOULD NEVER BE DONE IN TRAINING
USING PRECUED ITEMS - SHOULD NEVER BE DONE IN TRAINING
USING PRECUED ITEMS - SHOULD NEVER BE DONE IN TRAINING
USING PRECUED ITEMS - SHOULD NEVER BE DONE IN TRAINING
USING PRECUED ITEMS - SHOULD NEVER BE DONE IN TRAINING
USING PRECUED ITEMS - SHOULD NEVER BE DONE IN TRAINING
USING PRECUED ITEMS - SHOULD NEVER BE DONE IN TRAINING
USING PRECUED ITEMS - SHOULD NEVER BE DONE IN TRAINING
USING PRECUED ITEMS - SHOULD NEVER BE DONE IN TRAINING
USING PRECUED ITEMS - SHOULD NEVER BE DONE IN TRAINING
USING PRECUED ITEMS - SHOULD NEVER BE DONE IN TRAINING
USING PRECUED ITEMS - SHOULD NEVER BE DONE IN TRAINING
USING PRECUED ITEMS - SHOULD NEVER BE DONE IN TRAINING
USING PRECUED ITEMS - SHOULD NEVER BE DONE IN TRAINING
USING PRECUED ITEMS - SHOULD NEVER BE DONE IN TRAINING
USING PRECUED ITEMS - SHOULD NEVER BE DONE IN TRAINING
USING PRECUED ITEMS - SHOULD NEVER BE DONE IN TRAINING
USING PRECUED ITEMS - SHOULD NEVER BE DONE IN TRAINING
[index_cued_first_diffusion_0.3_swap_7_ablated_dir_06] trial 50/288
USING PRECUED ITEMS - SHOULD NEVER BE DONE IN TRAINING
USING PRECUED ITEMS - SHOULD NEVER BE DONE IN TRAINING
USING PRECUED ITEMS - SHOULD NEVER BE DONE IN TRAINING
USING PRECUED ITEMS - SHOULD NEVER BE DONE IN TRAINING
USING PRECUED ITEMS - SHOULD NEVER BE DONE IN TRAINING
USING PRECUED ITEMS - SHOULD NEVER BE DONE IN TRAINING
USING PRECUED ITEMS - SHOULD NEVER BE DONE IN TRAINING
USING PRECUED ITEMS - SHOULD NEVER BE DONE IN TRAINING
USING PRECUED ITEMS - SHOULD NEVER BE DONE IN TRAINING
USING PRECUED ITEMS - SHOULD NEVER BE DONE IN TRAINING
USING PRECUED ITEMS - SHOULD NEVER BE DONE IN TRAINING
USING PRECUED ITEMS - SHOULD NEVER BE DONE IN TRAINING
USING PRECUED ITEMS - SHOULD NEVER BE DONE IN TRAINING
USING PRECUED ITEMS - SHOULD NEVER BE DONE IN TRAINING
USING PRECUED ITEMS - SHOULD NEVER BE DONE IN TRAINING
USING PRECUED ITEMS - SHOULD NEVER BE DONE IN TRAINING
USING PRECUED ITEMS - SHOULD NEVER BE DONE IN TRAINING
USING PRECUED ITEMS - SHOULD NEVER BE DONE IN TRAINING
USING PRECUED ITEMS - SHOULD NEVER BE DONE IN TRAINING
USING PRECUED ITEMS - SHOULD NEVER BE DONE IN TRAINING
USING PRECUED ITEMS - SHOULD NEVER BE DONE IN TRAINING
USING PRECUED ITEMS - SHOULD NEVER BE DONE IN TRAINING
USING PRECUED ITEMS - SHOULD NEVER BE DONE IN TRAINING
USING PRECUED ITEMS - SHOULD NEVER BE DONE IN TRAINING
USING PRECUED ITEMS - SHOULD NEVER BE DONE IN TRAINING
USING PRECUED ITEMS - SHOULD NEVER BE DONE IN TRAINING
USING PRECUED ITEMS - SHOULD NEVER BE DONE IN TRAINING
USING PRECUED ITEMS - SHOULD NEVER BE DONE IN TRAINING
USING PRECUED ITEMS - SHOULD NEVER BE DONE IN TRAINING
USING PRECUED ITEMS - SHOULD NEVER BE DONE IN TRAINING
USING PRECUED ITEMS - SHOULD NEVER BE DONE IN TRAINING
USING PRECUED ITEMS - SHOULD NEVER BE DONE IN TRAINING
USING PRECUED ITEMS - SHOULD NEVER BE DONE IN TRAINING
USING PRECUED ITEMS - SHOULD NEVER BE DONE IN TRAINING
USING PRECUED ITEMS - SHOULD NEVER BE DONE IN TRAINING
USING PRECUED ITEMS - SHOULD NEVER BE DONE IN TRAINING
USING PRECUED ITEMS - SHOULD NEVER BE DONE IN TRAINING
USING PRECUED ITEMS - SHOULD NEVER BE DONE IN TRAINING
USING PRECUED ITEMS - SHOULD NEVER BE DONE IN TRAINING
USING PRECUED ITEMS - SHOULD NEVER BE DONE IN TRAINING
USING PRECUED ITEMS - SHOULD NEVER BE DONE IN TRAINING
USING PRECUED ITEMS - SHOULD NEVER BE DONE IN TRAINING
USING PRECUED ITEMS - SHOULD NEVER BE DONE IN TRAINING
USING PRECUED ITEMS - SHOULD NEVER BE DONE IN TRAINING
USING PRECUED ITEMS - SHOULD NEVER BE DONE IN TRAINING
USING PRECUED ITEMS - SHOULD NEVER BE DONE IN TRAINING
USING PRECUED ITEMS - SHOULD NEVER BE DONE IN TRAINING
USING PRECUED ITEMS - SHOULD NEVER BE DONE IN TRAINING
USING PRECUED ITEMS - SHOULD NEVER BE DONE IN TRAINING
USING PRECUED ITEMS - SHOULD NEVER BE DONE IN TRAINING
[index_cued_first_diffusion_0.3_swap_7_ablated_dir_06] trial 100/288
USING PRECUED ITEMS - SHOULD NEVER BE DONE IN TRAINING
USING PRECUED ITEMS - SHOULD NEVER BE DONE IN TRAINING
USING PRECUED ITEMS - SHOULD NEVER BE DONE IN TRAINING
USING PRECUED ITEMS - SHOULD NEVER BE DONE IN TRAINING
USING PRECUED ITEMS - SHOULD NEVER BE DONE IN TRAINING
USING PRECUED ITEMS - SHOULD NEVER BE DONE IN TRAINING
USING PRECUED ITEMS - SHOULD NEVER BE DONE IN TRAINING
USING PRECUED ITEMS - SHOULD NEVER BE DONE IN TRAINING
USING PRECUED ITEMS - SHOULD NEVER BE DONE IN TRAINING
USING PRECUED ITEMS - SHOULD NEVER BE DONE IN TRAINING
USING PRECUED ITEMS - SHOULD NEVER BE DONE IN TRAINING
USING PRECUED ITEMS - SHOULD NEVER BE DONE IN TRAINING
USING PRECUED ITEMS - SHOULD NEVER BE DONE IN TRAINING
USING PRECUED ITEMS - SHOULD NEVER BE DONE IN TRAINING
USING PRECUED ITEMS - SHOULD NEVER BE DONE IN TRAINING
USING PRECUED ITEMS - SHOULD NEVER BE DONE IN TRAINING
USING PRECUED ITEMS - SHOULD NEVER BE DONE IN TRAINING
USING PRECUED ITEMS - SHOULD NEVER BE DONE IN TRAINING
USING PRECUED ITEMS - SHOULD NEVER BE DONE IN TRAINING
USING PRECUED ITEMS - SHOULD NEVER BE DONE IN TRAINING
USING PRECUED ITEMS - SHOULD NEVER BE DONE IN TRAINING
USING PRECUED ITEMS - SHOULD NEVER BE DONE IN TRAINING
USING PRECUED ITEMS - SHOULD NEVER BE DONE IN TRAINING
USING PRECUED ITEMS - SHOULD NEVER BE DONE IN TRAINING
USING PRECUED ITEMS - SHOULD NEVER BE DONE IN TRAINING
USING PRECUED ITEMS - SHOULD NEVER BE DONE IN TRAINING
USING PRECUED ITEMS - SHOULD NEVER BE DONE IN TRAINING
USING PRECUED ITEMS - SHOULD NEVER BE DONE IN TRAINING
USING PRECUED ITEMS - SHOULD NEVER BE DONE IN TRAINING
USING PRECUED ITEMS - SHOULD NEVER BE DONE IN TRAINING
USING PRECUED ITEMS - SHOULD NEVER BE DONE IN TRAINING
USING PRECUED ITEMS - SHOULD NEVER BE DONE IN TRAINING
USING PRECUED ITEMS - SHOULD NEVER BE DONE IN TRAINING
USING PRECUED ITEMS - SHOULD NEVER BE DONE IN TRAINING
USING PRECUED ITEMS - SHOULD NEVER BE DONE IN TRAINING
USING PRECUED ITEMS - SHOULD NEVER BE DONE IN TRAINING
USING PRECUED ITEMS - SHOULD NEVER BE DONE IN TRAINING
USING PRECUED ITEMS - SHOULD NEVER BE DONE IN TRAINING
USING PRECUED ITEMS - SHOULD NEVER BE DONE IN TRAINING
USING PRECUED ITEMS - SHOULD NEVER BE DONE IN TRAINING
USING PRECUED ITEMS - SHOULD NEVER BE DONE IN TRAINING
USING PRECUED ITEMS - SHOULD NEVER BE DONE IN TRAINING
USING PRECUED ITEMS - SHOULD NEVER BE DONE IN TRAINING
USING PRECUED ITEMS - SHOULD NEVER BE DONE IN TRAINING
USING PRECUED ITEMS - SHOULD NEVER BE DONE IN TRAINING
USING PRECUED ITEMS - SHOULD NEVER BE DONE IN TRAINING
USING PRECUED ITEMS - SHOULD NEVER BE DONE IN TRAINING
USING PRECUED ITEMS - SHOULD NEVER BE DONE IN TRAINING
USING PRECUED ITEMS - SHOULD NEVER BE DONE IN TRAINING
USING PRECUED ITEMS - SHOULD NEVER BE DONE IN TRAINING
[index_cued_first_diffusion_0.3_swap_7_ablated_dir_06] trial 150/288
USING PRECUED ITEMS - SHOULD NEVER BE DONE IN TRAINING
USING PRECUED ITEMS - SHOULD NEVER BE DONE IN TRAINING
USING PRECUED ITEMS - SHOULD NEVER BE DONE IN TRAINING
USING PRECUED ITEMS - SHOULD NEVER BE DONE IN TRAINING
USING PRECUED ITEMS - SHOULD NEVER BE DONE IN TRAINING
USING PRECUED ITEMS - SHOULD NEVER BE DONE IN TRAINING
USING PRECUED ITEMS - SHOULD NEVER BE DONE IN TRAINING
USING PRECUED ITEMS - SHOULD NEVER BE DONE IN TRAINING
USING PRECUED ITEMS - SHOULD NEVER BE DONE IN TRAINING
USING PRECUED ITEMS - SHOULD NEVER BE DONE IN TRAINING
USING PRECUED ITEMS - SHOULD NEVER BE DONE IN TRAINING
USING PRECUED ITEMS - SHOULD NEVER BE DONE IN TRAINING
USING PRECUED ITEMS - SHOULD NEVER BE DONE IN TRAINING
USING PRECUED ITEMS - SHOULD NEVER BE DONE IN TRAINING
USING PRECUED ITEMS - SHOULD NEVER BE DONE IN TRAINING
USING PRECUED ITEMS - SHOULD NEVER BE DONE IN TRAINING
USING PRECUED ITEMS - SHOULD NEVER BE DONE IN TRAINING
USING PRECUED ITEMS - SHOULD NEVER BE DONE IN TRAINING
USING PRECUED ITEMS - SHOULD NEVER BE DONE IN TRAINING
USING PRECUED ITEMS - SHOULD NEVER BE DONE IN TRAINING
USING PRECUED ITEMS - SHOULD NEVER BE DONE IN TRAINING
USING PRECUED ITEMS - SHOULD NEVER BE DONE IN TRAINING
USING PRECUED ITEMS - SHOULD NEVER BE DONE IN TRAINING
USING PRECUED ITEMS - SHOULD NEVER BE DONE IN TRAINING
USING PRECUED ITEMS - SHOULD NEVER BE DONE IN TRAINING
USING PRECUED ITEMS - SHOULD NEVER BE DONE IN TRAINING
USING PRECUED ITEMS - SHOULD NEVER BE DONE IN TRAINING
USING PRECUED ITEMS - SHOULD NEVER BE DONE IN TRAINING
USING PRECUED ITEMS - SHOULD NEVER BE DONE IN TRAINING
USING PRECUED ITEMS - SHOULD NEVER BE DONE IN TRAINING
USING PRECUED ITEMS - SHOULD NEVER BE DONE IN TRAINING
USING PRECUED ITEMS - SHOULD NEVER BE DONE IN TRAINING
USING PRECUED ITEMS - SHOULD NEVER BE DONE IN TRAINING
USING PRECUED ITEMS - SHOULD NEVER BE DONE IN TRAINING
USING PRECUED ITEMS - SHOULD NEVER BE DONE IN TRAINING
USING PRECUED ITEMS - SHOULD NEVER BE DONE IN TRAINING
USING PRECUED ITEMS - SHOULD NEVER BE DONE IN TRAINING
USING PRECUED ITEMS - SHOULD NEVER BE DONE IN TRAINING
USING PRECUED ITEMS - SHOULD NEVER BE DONE IN TRAINING
USING PRECUED ITEMS - SHOULD NEVER BE DONE IN TRAINING
USING PRECUED ITEMS - SHOULD NEVER BE DONE IN TRAINING
USING PRECUED ITEMS - SHOULD NEVER BE DONE IN TRAINING
USING PRECUED ITEMS - SHOULD NEVER BE DONE IN TRAINING
USING PRECUED ITEMS - SHOULD NEVER BE DONE IN TRAINING
USING PRECUED ITEMS - SHOULD NEVER BE DONE IN TRAINING
USING PRECUED ITEMS - SHOULD NEVER BE DONE IN TRAINING
USING PRECUED ITEMS - SHOULD NEVER BE DONE IN TRAINING
USING PRECUED ITEMS - SHOULD NEVER BE DONE IN TRAINING
USING PRECUED ITEMS - SHOULD NEVER BE DONE IN TRAINING
USING PRECUED ITEMS - SHOULD NEVER BE DONE IN TRAINING
[index_cued_first_diffusion_0.3_swap_7_ablated_dir_06] trial 200/288
USING PRECUED ITEMS - SHOULD NEVER BE DONE IN TRAINING
USING PRECUED ITEMS - SHOULD NEVER BE DONE IN TRAINING
USING PRECUED ITEMS - SHOULD NEVER BE DONE IN TRAINING
USING PRECUED ITEMS - SHOULD NEVER BE DONE IN TRAINING
USING PRECUED ITEMS - SHOULD NEVER BE DONE IN TRAINING
USING PRECUED ITEMS - SHOULD NEVER BE DONE IN TRAINING
USING PRECUED ITEMS - SHOULD NEVER BE DONE IN TRAINING
USING PRECUED ITEMS - SHOULD NEVER BE DONE IN TRAINING
USING PRECUED ITEMS - SHOULD NEVER BE DONE IN TRAINING
USING PRECUED ITEMS - SHOULD NEVER BE DONE IN TRAINING
USING PRECUED ITEMS - SHOULD NEVER BE DONE IN TRAINING
USING PRECUED ITEMS - SHOULD NEVER BE DONE IN TRAINING
USING PRECUED ITEMS - SHOULD NEVER BE DONE IN TRAINING
USING PRECUED ITEMS - SHOULD NEVER BE DONE IN TRAINING
USING PRECUED ITEMS - SHOULD NEVER BE DONE IN TRAINING
USING PRECUED ITEMS - SHOULD NEVER BE DONE IN TRAINING
USING PRECUED ITEMS - SHOULD NEVER BE DONE IN TRAINING
USING PRECUED ITEMS - SHOULD NEVER BE DONE IN TRAINING
USING PRECUED ITEMS - SHOULD NEVER BE DONE IN TRAINING
USING PRECUED ITEMS - SHOULD NEVER BE DONE IN TRAINING
USING PRECUED ITEMS - SHOULD NEVER BE DONE IN TRAINING
USING PRECUED ITEMS - SHOULD NEVER BE DONE IN TRAINING
USING PRECUED ITEMS - SHOULD NEVER BE DONE IN TRAINING
USING PRECUED ITEMS - SHOULD NEVER BE DONE IN TRAINING
USING PRECUED ITEMS - SHOULD NEVER BE DONE IN TRAINING
USING PRECUED ITEMS - SHOULD NEVER BE DONE IN TRAINING
USING PRECUED ITEMS - SHOULD NEVER BE DONE IN TRAINING
USING PRECUED ITEMS - SHOULD NEVER BE DONE IN TRAINING
USING PRECUED ITEMS - SHOULD NEVER BE DONE IN TRAINING
USING PRECUED ITEMS - SHOULD NEVER BE DONE IN TRAINING
USING PRECUED ITEMS - SHOULD NEVER BE DONE IN TRAINING
USING PRECUED ITEMS - SHOULD NEVER BE DONE IN TRAINING
USING PRECUED ITEMS - SHOULD NEVER BE DONE IN TRAINING
USING PRECUED ITEMS - SHOULD NEVER BE DONE IN TRAINING
USING PRECUED ITEMS - SHOULD NEVER BE DONE IN TRAINING
USING PRECUED ITEMS - SHOULD NEVER BE DONE IN TRAINING
USING PRECUED ITEMS - SHOULD NEVER BE DONE IN TRAINING
USING PRECUED ITEMS - SHOULD NEVER BE DONE IN TRAINING
USING PRECUED ITEMS - SHOULD NEVER BE DONE IN TRAINING
USING PRECUED ITEMS - SHOULD NEVER BE DONE IN TRAINING
USING PRECUED ITEMS - SHOULD NEVER BE DONE IN TRAINING
USING PRECUED ITEMS - SHOULD NEVER BE DONE IN TRAINING
USING PRECUED ITEMS - SHOULD NEVER BE DONE IN TRAINING
USING PRECUED ITEMS - SHOULD NEVER BE DONE IN TRAINING
USING PRECUED ITEMS - SHOULD NEVER BE DONE IN TRAINING
USING PRECUED ITEMS - SHOULD NEVER BE DONE IN TRAINING
USING PRECUED ITEMS - SHOULD NEVER BE DONE IN TRAINING
USING PRECUED ITEMS - SHOULD NEVER BE DONE IN TRAINING
USING PRECUED ITEMS - SHOULD NEVER BE DONE IN TRAINING
USING PRECUED ITEMS - SHOULD NEVER BE DONE IN TRAINING
[index_cued_first_diffusion_0.3_swap_7_ablated_dir_06] trial 250/288
USING PRECUED ITEMS - SHOULD NEVER BE DONE IN TRAINING
USING PRECUED ITEMS - SHOULD NEVER BE DONE IN TRAINING
USING PRECUED ITEMS - SHOULD NEVER BE DONE IN TRAINING
USING PRECUED ITEMS - SHOULD NEVER BE DONE IN TRAINING
USING PRECUED ITEMS - SHOULD NEVER BE DONE IN TRAINING
USING PRECUED ITEMS - SHOULD NEVER BE DONE IN TRAINING
USING PRECUED ITEMS - SHOULD NEVER BE DONE IN TRAINING
USING PRECUED ITEMS - SHOULD NEVER BE DONE IN TRAINING
USING PRECUED ITEMS - SHOULD NEVER BE DONE IN TRAINING
USING PRECUED ITEMS - SHOULD NEVER BE DONE IN TRAINING
USING PRECUED ITEMS - SHOULD NEVER BE DONE IN TRAINING
USING PRECUED ITEMS - SHOULD NEVER BE DONE IN TRAINING
USING PRECUED ITEMS - SHOULD NEVER BE DONE IN TRAINING
USING PRECUED ITEMS - SHOULD NEVER BE DONE IN TRAINING
USING PRECUED ITEMS - SHOULD NEVER BE DONE IN TRAINING
USING PRECUED ITEMS - SHOULD NEVER BE DONE IN TRAINING
USING PRECUED ITEMS - SHOULD NEVER BE DONE IN TRAINING
USING PRECUED ITEMS - SHOULD NEVER BE DONE IN TRAINING
USING PRECUED ITEMS - SHOULD NEVER BE DONE IN TRAINING
USING PRECUED ITEMS - SHOULD NEVER BE DONE IN TRAINING
USING PRECUED ITEMS - SHOULD NEVER BE DONE IN TRAINING
USING PRECUED ITEMS - SHOULD NEVER BE DONE IN TRAINING
USING PRECUED ITEMS - SHOULD NEVER BE DONE IN TRAINING
USING PRECUED ITEMS - SHOULD NEVER BE DONE IN TRAINING
USING PRECUED ITEMS - SHOULD NEVER BE DONE IN TRAINING
USING PRECUED ITEMS - SHOULD NEVER BE DONE IN TRAINING
USING PRECUED ITEMS - SHOULD NEVER BE DONE IN TRAINING
USING PRECUED ITEMS - SHOULD NEVER BE DONE IN TRAINING
USING PRECUED ITEMS - SHOULD NEVER BE DONE IN TRAINING
USING PRECUED ITEMS - SHOULD NEVER BE DONE IN TRAINING
USING PRECUED ITEMS - SHOULD NEVER BE DONE IN TRAINING
USING PRECUED ITEMS - SHOULD NEVER BE DONE IN TRAINING
USING PRECUED ITEMS - SHOULD NEVER BE DONE IN TRAINING
USING PRECUED ITEMS - SHOULD NEVER BE DONE IN TRAINING
USING PRECUED ITEMS - SHOULD NEVER BE DONE IN TRAINING
USING PRECUED ITEMS - SHOULD NEVER BE DONE IN TRAINING
USING PRECUED ITEMS - SHOULD NEVER BE DONE IN TRAINING
USING PRECUED ITEMS - SHOULD NEVER BE DONE IN TRAINING
  Comparing ablation 6 -> student index_cued_first_diffusion_0.3_swap_recovery_ablation_0_0
  Comparing ablation 6 -> student index_cued_first_diffusion_0.3_swap_recovery_ablation_1_0
  Comparing ablation 6 -> student index_cued_first_diffusion_0.3_swap_recovery_ablation_4_0
  Comparing ablation 6 -> student index_cued_first_diffusion_0.3_swap_recovery_ablation_5_0
  Comparing ablation 6 -> student index_cued_first_diffusion_0.3_swap_recovery_ablation_6_0
  Comparing ablation 6 -> student index_cued_first_diffusion_0.3_swap_ablation_7_1

======================================================================
Processing ablation direction 7
[index_cued_first_diffusion_0.3_swap_7_ablated_dir_07] using ablation direction key: nullspace_07
[index_cued_first_diffusion_0.3_swap_7_ablated_dir_07] trial 0/288
USING PRECUED ITEMS - SHOULD NEVER BE DONE IN TRAINING
USING PRECUED ITEMS - SHOULD NEVER BE DONE IN TRAINING
USING PRECUED ITEMS - SHOULD NEVER BE DONE IN TRAINING
USING PRECUED ITEMS - SHOULD NEVER BE DONE IN TRAINING
USING PRECUED ITEMS - SHOULD NEVER BE DONE IN TRAINING
USING PRECUED ITEMS - SHOULD NEVER BE DONE IN TRAINING
USING PRECUED ITEMS - SHOULD NEVER BE DONE IN TRAINING
USING PRECUED ITEMS - SHOULD NEVER BE DONE IN TRAINING
USING PRECUED ITEMS - SHOULD NEVER BE DONE IN TRAINING
USING PRECUED ITEMS - SHOULD NEVER BE DONE IN TRAINING
USING PRECUED ITEMS - SHOULD NEVER BE DONE IN TRAINING
USING PRECUED ITEMS - SHOULD NEVER BE DONE IN TRAINING
USING PRECUED ITEMS - SHOULD NEVER BE DONE IN TRAINING
USING PRECUED ITEMS - SHOULD NEVER BE DONE IN TRAINING
USING PRECUED ITEMS - SHOULD NEVER BE DONE IN TRAINING
USING PRECUED ITEMS - SHOULD NEVER BE DONE IN TRAINING
USING PRECUED ITEMS - SHOULD NEVER BE DONE IN TRAINING
USING PRECUED ITEMS - SHOULD NEVER BE DONE IN TRAINING
USING PRECUED ITEMS - SHOULD NEVER BE DONE IN TRAINING
USING PRECUED ITEMS - SHOULD NEVER BE DONE IN TRAINING
USING PRECUED ITEMS - SHOULD NEVER BE DONE IN TRAINING
USING PRECUED ITEMS - SHOULD NEVER BE DONE IN TRAINING
USING PRECUED ITEMS - SHOULD NEVER BE DONE IN TRAINING
USING PRECUED ITEMS - SHOULD NEVER BE DONE IN TRAINING
USING PRECUED ITEMS - SHOULD NEVER BE DONE IN TRAINING
USING PRECUED ITEMS - SHOULD NEVER BE DONE IN TRAINING
USING PRECUED ITEMS - SHOULD NEVER BE DONE IN TRAINING
USING PRECUED ITEMS - SHOULD NEVER BE DONE IN TRAINING
USING PRECUED ITEMS - SHOULD NEVER BE DONE IN TRAINING
USING PRECUED ITEMS - SHOULD NEVER BE DONE IN TRAINING
USING PRECUED ITEMS - SHOULD NEVER BE DONE IN TRAINING
USING PRECUED ITEMS - SHOULD NEVER BE DONE IN TRAINING
USING PRECUED ITEMS - SHOULD NEVER BE DONE IN TRAINING
USING PRECUED ITEMS - SHOULD NEVER BE DONE IN TRAINING
USING PRECUED ITEMS - SHOULD NEVER BE DONE IN TRAINING
USING PRECUED ITEMS - SHOULD NEVER BE DONE IN TRAINING
USING PRECUED ITEMS - SHOULD NEVER BE DONE IN TRAINING
USING PRECUED ITEMS - SHOULD NEVER BE DONE IN TRAINING
USING PRECUED ITEMS - SHOULD NEVER BE DONE IN TRAINING
USING PRECUED ITEMS - SHOULD NEVER BE DONE IN TRAINING
USING PRECUED ITEMS - SHOULD NEVER BE DONE IN TRAINING
USING PRECUED ITEMS - SHOULD NEVER BE DONE IN TRAINING
USING PRECUED ITEMS - SHOULD NEVER BE DONE IN TRAINING
USING PRECUED ITEMS - SHOULD NEVER BE DONE IN TRAINING
USING PRECUED ITEMS - SHOULD NEVER BE DONE IN TRAINING
USING PRECUED ITEMS - SHOULD NEVER BE DONE IN TRAINING
USING PRECUED ITEMS - SHOULD NEVER BE DONE IN TRAINING
USING PRECUED ITEMS - SHOULD NEVER BE DONE IN TRAINING
USING PRECUED ITEMS - SHOULD NEVER BE DONE IN TRAINING
USING PRECUED ITEMS - SHOULD NEVER BE DONE IN TRAINING
[index_cued_first_diffusion_0.3_swap_7_ablated_dir_07] trial 50/288
USING PRECUED ITEMS - SHOULD NEVER BE DONE IN TRAINING
USING PRECUED ITEMS - SHOULD NEVER BE DONE IN TRAINING
USING PRECUED ITEMS - SHOULD NEVER BE DONE IN TRAINING
USING PRECUED ITEMS - SHOULD NEVER BE DONE IN TRAINING
USING PRECUED ITEMS - SHOULD NEVER BE DONE IN TRAINING
USING PRECUED ITEMS - SHOULD NEVER BE DONE IN TRAINING
USING PRECUED ITEMS - SHOULD NEVER BE DONE IN TRAINING
USING PRECUED ITEMS - SHOULD NEVER BE DONE IN TRAINING
USING PRECUED ITEMS - SHOULD NEVER BE DONE IN TRAINING
USING PRECUED ITEMS - SHOULD NEVER BE DONE IN TRAINING
USING PRECUED ITEMS - SHOULD NEVER BE DONE IN TRAINING
USING PRECUED ITEMS - SHOULD NEVER BE DONE IN TRAINING
USING PRECUED ITEMS - SHOULD NEVER BE DONE IN TRAINING
USING PRECUED ITEMS - SHOULD NEVER BE DONE IN TRAINING
USING PRECUED ITEMS - SHOULD NEVER BE DONE IN TRAINING
USING PRECUED ITEMS - SHOULD NEVER BE DONE IN TRAINING
USING PRECUED ITEMS - SHOULD NEVER BE DONE IN TRAINING
USING PRECUED ITEMS - SHOULD NEVER BE DONE IN TRAINING
USING PRECUED ITEMS - SHOULD NEVER BE DONE IN TRAINING
USING PRECUED ITEMS - SHOULD NEVER BE DONE IN TRAINING
USING PRECUED ITEMS - SHOULD NEVER BE DONE IN TRAINING
USING PRECUED ITEMS - SHOULD NEVER BE DONE IN TRAINING
USING PRECUED ITEMS - SHOULD NEVER BE DONE IN TRAINING
USING PRECUED ITEMS - SHOULD NEVER BE DONE IN TRAINING
USING PRECUED ITEMS - SHOULD NEVER BE DONE IN TRAINING
USING PRECUED ITEMS - SHOULD NEVER BE DONE IN TRAINING
USING PRECUED ITEMS - SHOULD NEVER BE DONE IN TRAINING
USING PRECUED ITEMS - SHOULD NEVER BE DONE IN TRAINING
USING PRECUED ITEMS - SHOULD NEVER BE DONE IN TRAINING
USING PRECUED ITEMS - SHOULD NEVER BE DONE IN TRAINING
USING PRECUED ITEMS - SHOULD NEVER BE DONE IN TRAINING
USING PRECUED ITEMS - SHOULD NEVER BE DONE IN TRAINING
USING PRECUED ITEMS - SHOULD NEVER BE DONE IN TRAINING
USING PRECUED ITEMS - SHOULD NEVER BE DONE IN TRAINING
USING PRECUED ITEMS - SHOULD NEVER BE DONE IN TRAINING
USING PRECUED ITEMS - SHOULD NEVER BE DONE IN TRAINING
USING PRECUED ITEMS - SHOULD NEVER BE DONE IN TRAINING
USING PRECUED ITEMS - SHOULD NEVER BE DONE IN TRAINING
USING PRECUED ITEMS - SHOULD NEVER BE DONE IN TRAINING
USING PRECUED ITEMS - SHOULD NEVER BE DONE IN TRAINING
USING PRECUED ITEMS - SHOULD NEVER BE DONE IN TRAINING
USING PRECUED ITEMS - SHOULD NEVER BE DONE IN TRAINING
USING PRECUED ITEMS - SHOULD NEVER BE DONE IN TRAINING
USING PRECUED ITEMS - SHOULD NEVER BE DONE IN TRAINING
USING PRECUED ITEMS - SHOULD NEVER BE DONE IN TRAINING
USING PRECUED ITEMS - SHOULD NEVER BE DONE IN TRAINING
USING PRECUED ITEMS - SHOULD NEVER BE DONE IN TRAINING
USING PRECUED ITEMS - SHOULD NEVER BE DONE IN TRAINING
USING PRECUED ITEMS - SHOULD NEVER BE DONE IN TRAINING
USING PRECUED ITEMS - SHOULD NEVER BE DONE IN TRAINING
[index_cued_first_diffusion_0.3_swap_7_ablated_dir_07] trial 100/288
USING PRECUED ITEMS - SHOULD NEVER BE DONE IN TRAINING
USING PRECUED ITEMS - SHOULD NEVER BE DONE IN TRAINING
USING PRECUED ITEMS - SHOULD NEVER BE DONE IN TRAINING
USING PRECUED ITEMS - SHOULD NEVER BE DONE IN TRAINING
USING PRECUED ITEMS - SHOULD NEVER BE DONE IN TRAINING
USING PRECUED ITEMS - SHOULD NEVER BE DONE IN TRAINING
USING PRECUED ITEMS - SHOULD NEVER BE DONE IN TRAINING
USING PRECUED ITEMS - SHOULD NEVER BE DONE IN TRAINING
USING PRECUED ITEMS - SHOULD NEVER BE DONE IN TRAINING
USING PRECUED ITEMS - SHOULD NEVER BE DONE IN TRAINING
USING PRECUED ITEMS - SHOULD NEVER BE DONE IN TRAINING
USING PRECUED ITEMS - SHOULD NEVER BE DONE IN TRAINING
USING PRECUED ITEMS - SHOULD NEVER BE DONE IN TRAINING
USING PRECUED ITEMS - SHOULD NEVER BE DONE IN TRAINING
USING PRECUED ITEMS - SHOULD NEVER BE DONE IN TRAINING
USING PRECUED ITEMS - SHOULD NEVER BE DONE IN TRAINING
USING PRECUED ITEMS - SHOULD NEVER BE DONE IN TRAINING
USING PRECUED ITEMS - SHOULD NEVER BE DONE IN TRAINING
USING PRECUED ITEMS - SHOULD NEVER BE DONE IN TRAINING
USING PRECUED ITEMS - SHOULD NEVER BE DONE IN TRAINING
USING PRECUED ITEMS - SHOULD NEVER BE DONE IN TRAINING
USING PRECUED ITEMS - SHOULD NEVER BE DONE IN TRAINING
USING PRECUED ITEMS - SHOULD NEVER BE DONE IN TRAINING
USING PRECUED ITEMS - SHOULD NEVER BE DONE IN TRAINING
USING PRECUED ITEMS - SHOULD NEVER BE DONE IN TRAINING
USING PRECUED ITEMS - SHOULD NEVER BE DONE IN TRAINING
USING PRECUED ITEMS - SHOULD NEVER BE DONE IN TRAINING
USING PRECUED ITEMS - SHOULD NEVER BE DONE IN TRAINING
USING PRECUED ITEMS - SHOULD NEVER BE DONE IN TRAINING
USING PRECUED ITEMS - SHOULD NEVER BE DONE IN TRAINING
USING PRECUED ITEMS - SHOULD NEVER BE DONE IN TRAINING
USING PRECUED ITEMS - SHOULD NEVER BE DONE IN TRAINING
USING PRECUED ITEMS - SHOULD NEVER BE DONE IN TRAINING
USING PRECUED ITEMS - SHOULD NEVER BE DONE IN TRAINING
USING PRECUED ITEMS - SHOULD NEVER BE DONE IN TRAINING
USING PRECUED ITEMS - SHOULD NEVER BE DONE IN TRAINING
USING PRECUED ITEMS - SHOULD NEVER BE DONE IN TRAINING
USING PRECUED ITEMS - SHOULD NEVER BE DONE IN TRAINING
USING PRECUED ITEMS - SHOULD NEVER BE DONE IN TRAINING
USING PRECUED ITEMS - SHOULD NEVER BE DONE IN TRAINING
USING PRECUED ITEMS - SHOULD NEVER BE DONE IN TRAINING
USING PRECUED ITEMS - SHOULD NEVER BE DONE IN TRAINING
USING PRECUED ITEMS - SHOULD NEVER BE DONE IN TRAINING
USING PRECUED ITEMS - SHOULD NEVER BE DONE IN TRAINING
USING PRECUED ITEMS - SHOULD NEVER BE DONE IN TRAINING
USING PRECUED ITEMS - SHOULD NEVER BE DONE IN TRAINING
USING PRECUED ITEMS - SHOULD NEVER BE DONE IN TRAINING
USING PRECUED ITEMS - SHOULD NEVER BE DONE IN TRAINING
USING PRECUED ITEMS - SHOULD NEVER BE DONE IN TRAINING
USING PRECUED ITEMS - SHOULD NEVER BE DONE IN TRAINING
[index_cued_first_diffusion_0.3_swap_7_ablated_dir_07] trial 150/288
USING PRECUED ITEMS - SHOULD NEVER BE DONE IN TRAINING
USING PRECUED ITEMS - SHOULD NEVER BE DONE IN TRAINING
USING PRECUED ITEMS - SHOULD NEVER BE DONE IN TRAINING
USING PRECUED ITEMS - SHOULD NEVER BE DONE IN TRAINING
USING PRECUED ITEMS - SHOULD NEVER BE DONE IN TRAINING
USING PRECUED ITEMS - SHOULD NEVER BE DONE IN TRAINING
USING PRECUED ITEMS - SHOULD NEVER BE DONE IN TRAINING
USING PRECUED ITEMS - SHOULD NEVER BE DONE IN TRAINING
USING PRECUED ITEMS - SHOULD NEVER BE DONE IN TRAINING
USING PRECUED ITEMS - SHOULD NEVER BE DONE IN TRAINING
USING PRECUED ITEMS - SHOULD NEVER BE DONE IN TRAINING
USING PRECUED ITEMS - SHOULD NEVER BE DONE IN TRAINING
USING PRECUED ITEMS - SHOULD NEVER BE DONE IN TRAINING
USING PRECUED ITEMS - SHOULD NEVER BE DONE IN TRAINING
USING PRECUED ITEMS - SHOULD NEVER BE DONE IN TRAINING
USING PRECUED ITEMS - SHOULD NEVER BE DONE IN TRAINING
USING PRECUED ITEMS - SHOULD NEVER BE DONE IN TRAINING
USING PRECUED ITEMS - SHOULD NEVER BE DONE IN TRAINING
USING PRECUED ITEMS - SHOULD NEVER BE DONE IN TRAINING
USING PRECUED ITEMS - SHOULD NEVER BE DONE IN TRAINING
USING PRECUED ITEMS - SHOULD NEVER BE DONE IN TRAINING
USING PRECUED ITEMS - SHOULD NEVER BE DONE IN TRAINING
USING PRECUED ITEMS - SHOULD NEVER BE DONE IN TRAINING
USING PRECUED ITEMS - SHOULD NEVER BE DONE IN TRAINING
USING PRECUED ITEMS - SHOULD NEVER BE DONE IN TRAINING
USING PRECUED ITEMS - SHOULD NEVER BE DONE IN TRAINING
USING PRECUED ITEMS - SHOULD NEVER BE DONE IN TRAINING
USING PRECUED ITEMS - SHOULD NEVER BE DONE IN TRAINING
USING PRECUED ITEMS - SHOULD NEVER BE DONE IN TRAINING
USING PRECUED ITEMS - SHOULD NEVER BE DONE IN TRAINING
USING PRECUED ITEMS - SHOULD NEVER BE DONE IN TRAINING
USING PRECUED ITEMS - SHOULD NEVER BE DONE IN TRAINING
USING PRECUED ITEMS - SHOULD NEVER BE DONE IN TRAINING
USING PRECUED ITEMS - SHOULD NEVER BE DONE IN TRAINING
USING PRECUED ITEMS - SHOULD NEVER BE DONE IN TRAINING
USING PRECUED ITEMS - SHOULD NEVER BE DONE IN TRAINING
USING PRECUED ITEMS - SHOULD NEVER BE DONE IN TRAINING
USING PRECUED ITEMS - SHOULD NEVER BE DONE IN TRAINING
USING PRECUED ITEMS - SHOULD NEVER BE DONE IN TRAINING
USING PRECUED ITEMS - SHOULD NEVER BE DONE IN TRAINING
USING PRECUED ITEMS - SHOULD NEVER BE DONE IN TRAINING
USING PRECUED ITEMS - SHOULD NEVER BE DONE IN TRAINING
USING PRECUED ITEMS - SHOULD NEVER BE DONE IN TRAINING
USING PRECUED ITEMS - SHOULD NEVER BE DONE IN TRAINING
USING PRECUED ITEMS - SHOULD NEVER BE DONE IN TRAINING
USING PRECUED ITEMS - SHOULD NEVER BE DONE IN TRAINING
USING PRECUED ITEMS - SHOULD NEVER BE DONE IN TRAINING
USING PRECUED ITEMS - SHOULD NEVER BE DONE IN TRAINING
USING PRECUED ITEMS - SHOULD NEVER BE DONE IN TRAINING
USING PRECUED ITEMS - SHOULD NEVER BE DONE IN TRAINING
[index_cued_first_diffusion_0.3_swap_7_ablated_dir_07] trial 200/288
USING PRECUED ITEMS - SHOULD NEVER BE DONE IN TRAINING
USING PRECUED ITEMS - SHOULD NEVER BE DONE IN TRAINING
USING PRECUED ITEMS - SHOULD NEVER BE DONE IN TRAINING
USING PRECUED ITEMS - SHOULD NEVER BE DONE IN TRAINING
USING PRECUED ITEMS - SHOULD NEVER BE DONE IN TRAINING
USING PRECUED ITEMS - SHOULD NEVER BE DONE IN TRAINING
USING PRECUED ITEMS - SHOULD NEVER BE DONE IN TRAINING
USING PRECUED ITEMS - SHOULD NEVER BE DONE IN TRAINING
USING PRECUED ITEMS - SHOULD NEVER BE DONE IN TRAINING
USING PRECUED ITEMS - SHOULD NEVER BE DONE IN TRAINING
USING PRECUED ITEMS - SHOULD NEVER BE DONE IN TRAINING
USING PRECUED ITEMS - SHOULD NEVER BE DONE IN TRAINING
USING PRECUED ITEMS - SHOULD NEVER BE DONE IN TRAINING
USING PRECUED ITEMS - SHOULD NEVER BE DONE IN TRAINING
USING PRECUED ITEMS - SHOULD NEVER BE DONE IN TRAINING
USING PRECUED ITEMS - SHOULD NEVER BE DONE IN TRAINING
USING PRECUED ITEMS - SHOULD NEVER BE DONE IN TRAINING
USING PRECUED ITEMS - SHOULD NEVER BE DONE IN TRAINING
USING PRECUED ITEMS - SHOULD NEVER BE DONE IN TRAINING
USING PRECUED ITEMS - SHOULD NEVER BE DONE IN TRAINING
USING PRECUED ITEMS - SHOULD NEVER BE DONE IN TRAINING
USING PRECUED ITEMS - SHOULD NEVER BE DONE IN TRAINING
USING PRECUED ITEMS - SHOULD NEVER BE DONE IN TRAINING
USING PRECUED ITEMS - SHOULD NEVER BE DONE IN TRAINING
USING PRECUED ITEMS - SHOULD NEVER BE DONE IN TRAINING
USING PRECUED ITEMS - SHOULD NEVER BE DONE IN TRAINING
USING PRECUED ITEMS - SHOULD NEVER BE DONE IN TRAINING
USING PRECUED ITEMS - SHOULD NEVER BE DONE IN TRAINING
USING PRECUED ITEMS - SHOULD NEVER BE DONE IN TRAINING
USING PRECUED ITEMS - SHOULD NEVER BE DONE IN TRAINING
USING PRECUED ITEMS - SHOULD NEVER BE DONE IN TRAINING
USING PRECUED ITEMS - SHOULD NEVER BE DONE IN TRAINING
USING PRECUED ITEMS - SHOULD NEVER BE DONE IN TRAINING
USING PRECUED ITEMS - SHOULD NEVER BE DONE IN TRAINING
USING PRECUED ITEMS - SHOULD NEVER BE DONE IN TRAINING
USING PRECUED ITEMS - SHOULD NEVER BE DONE IN TRAINING
USING PRECUED ITEMS - SHOULD NEVER BE DONE IN TRAINING
USING PRECUED ITEMS - SHOULD NEVER BE DONE IN TRAINING
USING PRECUED ITEMS - SHOULD NEVER BE DONE IN TRAINING
USING PRECUED ITEMS - SHOULD NEVER BE DONE IN TRAINING
USING PRECUED ITEMS - SHOULD NEVER BE DONE IN TRAINING
USING PRECUED ITEMS - SHOULD NEVER BE DONE IN TRAINING
USING PRECUED ITEMS - SHOULD NEVER BE DONE IN TRAINING
USING PRECUED ITEMS - SHOULD NEVER BE DONE IN TRAINING
USING PRECUED ITEMS - SHOULD NEVER BE DONE IN TRAINING
USING PRECUED ITEMS - SHOULD NEVER BE DONE IN TRAINING
USING PRECUED ITEMS - SHOULD NEVER BE DONE IN TRAINING
USING PRECUED ITEMS - SHOULD NEVER BE DONE IN TRAINING
USING PRECUED ITEMS - SHOULD NEVER BE DONE IN TRAINING
USING PRECUED ITEMS - SHOULD NEVER BE DONE IN TRAINING
[index_cued_first_diffusion_0.3_swap_7_ablated_dir_07] trial 250/288
USING PRECUED ITEMS - SHOULD NEVER BE DONE IN TRAINING
USING PRECUED ITEMS - SHOULD NEVER BE DONE IN TRAINING
USING PRECUED ITEMS - SHOULD NEVER BE DONE IN TRAINING
USING PRECUED ITEMS - SHOULD NEVER BE DONE IN TRAINING
USING PRECUED ITEMS - SHOULD NEVER BE DONE IN TRAINING
USING PRECUED ITEMS - SHOULD NEVER BE DONE IN TRAINING
USING PRECUED ITEMS - SHOULD NEVER BE DONE IN TRAINING
USING PRECUED ITEMS - SHOULD NEVER BE DONE IN TRAINING
USING PRECUED ITEMS - SHOULD NEVER BE DONE IN TRAINING
USING PRECUED ITEMS - SHOULD NEVER BE DONE IN TRAINING
USING PRECUED ITEMS - SHOULD NEVER BE DONE IN TRAINING
USING PRECUED ITEMS - SHOULD NEVER BE DONE IN TRAINING
USING PRECUED ITEMS - SHOULD NEVER BE DONE IN TRAINING
USING PRECUED ITEMS - SHOULD NEVER BE DONE IN TRAINING
USING PRECUED ITEMS - SHOULD NEVER BE DONE IN TRAINING
USING PRECUED ITEMS - SHOULD NEVER BE DONE IN TRAINING
USING PRECUED ITEMS - SHOULD NEVER BE DONE IN TRAINING
USING PRECUED ITEMS - SHOULD NEVER BE DONE IN TRAINING
USING PRECUED ITEMS - SHOULD NEVER BE DONE IN TRAINING
USING PRECUED ITEMS - SHOULD NEVER BE DONE IN TRAINING
USING PRECUED ITEMS - SHOULD NEVER BE DONE IN TRAINING
USING PRECUED ITEMS - SHOULD NEVER BE DONE IN TRAINING
USING PRECUED ITEMS - SHOULD NEVER BE DONE IN TRAINING
USING PRECUED ITEMS - SHOULD NEVER BE DONE IN TRAINING
USING PRECUED ITEMS - SHOULD NEVER BE DONE IN TRAINING
USING PRECUED ITEMS - SHOULD NEVER BE DONE IN TRAINING
USING PRECUED ITEMS - SHOULD NEVER BE DONE IN TRAINING
USING PRECUED ITEMS - SHOULD NEVER BE DONE IN TRAINING
USING PRECUED ITEMS - SHOULD NEVER BE DONE IN TRAINING
USING PRECUED ITEMS - SHOULD NEVER BE DONE IN TRAINING
USING PRECUED ITEMS - SHOULD NEVER BE DONE IN TRAINING
USING PRECUED ITEMS - SHOULD NEVER BE DONE IN TRAINING
USING PRECUED ITEMS - SHOULD NEVER BE DONE IN TRAINING
USING PRECUED ITEMS - SHOULD NEVER BE DONE IN TRAINING
USING PRECUED ITEMS - SHOULD NEVER BE DONE IN TRAINING
USING PRECUED ITEMS - SHOULD NEVER BE DONE IN TRAINING
USING PRECUED ITEMS - SHOULD NEVER BE DONE IN TRAINING
USING PRECUED ITEMS - SHOULD NEVER BE DONE IN TRAINING
  Comparing ablation 7 -> student index_cued_first_diffusion_0.3_swap_recovery_ablation_0_0
  Comparing ablation 7 -> student index_cued_first_diffusion_0.3_swap_recovery_ablation_1_0
  Comparing ablation 7 -> student index_cued_first_diffusion_0.3_swap_recovery_ablation_4_0
  Comparing ablation 7 -> student index_cued_first_diffusion_0.3_swap_recovery_ablation_5_0
  Comparing ablation 7 -> student index_cued_first_diffusion_0.3_swap_recovery_ablation_6_0
  Comparing ablation 7 -> student index_cued_first_diffusion_0.3_swap_ablation_7_1

======================================================================
Processing ablation direction 8
[index_cued_first_diffusion_0.3_swap_7_ablated_dir_08] using ablation direction key: nullspace_08
[index_cued_first_diffusion_0.3_swap_7_ablated_dir_08] trial 0/288
USING PRECUED ITEMS - SHOULD NEVER BE DONE IN TRAINING
USING PRECUED ITEMS - SHOULD NEVER BE DONE IN TRAINING
USING PRECUED ITEMS - SHOULD NEVER BE DONE IN TRAINING
USING PRECUED ITEMS - SHOULD NEVER BE DONE IN TRAINING
USING PRECUED ITEMS - SHOULD NEVER BE DONE IN TRAINING
USING PRECUED ITEMS - SHOULD NEVER BE DONE IN TRAINING
USING PRECUED ITEMS - SHOULD NEVER BE DONE IN TRAINING
USING PRECUED ITEMS - SHOULD NEVER BE DONE IN TRAINING
USING PRECUED ITEMS - SHOULD NEVER BE DONE IN TRAINING
USING PRECUED ITEMS - SHOULD NEVER BE DONE IN TRAINING
USING PRECUED ITEMS - SHOULD NEVER BE DONE IN TRAINING
USING PRECUED ITEMS - SHOULD NEVER BE DONE IN TRAINING
USING PRECUED ITEMS - SHOULD NEVER BE DONE IN TRAINING
USING PRECUED ITEMS - SHOULD NEVER BE DONE IN TRAINING
USING PRECUED ITEMS - SHOULD NEVER BE DONE IN TRAINING
USING PRECUED ITEMS - SHOULD NEVER BE DONE IN TRAINING
USING PRECUED ITEMS - SHOULD NEVER BE DONE IN TRAINING
USING PRECUED ITEMS - SHOULD NEVER BE DONE IN TRAINING
USING PRECUED ITEMS - SHOULD NEVER BE DONE IN TRAINING
USING PRECUED ITEMS - SHOULD NEVER BE DONE IN TRAINING
USING PRECUED ITEMS - SHOULD NEVER BE DONE IN TRAINING
USING PRECUED ITEMS - SHOULD NEVER BE DONE IN TRAINING
USING PRECUED ITEMS - SHOULD NEVER BE DONE IN TRAINING
USING PRECUED ITEMS - SHOULD NEVER BE DONE IN TRAINING
USING PRECUED ITEMS - SHOULD NEVER BE DONE IN TRAINING
USING PRECUED ITEMS - SHOULD NEVER BE DONE IN TRAINING
USING PRECUED ITEMS - SHOULD NEVER BE DONE IN TRAINING
USING PRECUED ITEMS - SHOULD NEVER BE DONE IN TRAINING
USING PRECUED ITEMS - SHOULD NEVER BE DONE IN TRAINING
USING PRECUED ITEMS - SHOULD NEVER BE DONE IN TRAINING
USING PRECUED ITEMS - SHOULD NEVER BE DONE IN TRAINING
USING PRECUED ITEMS - SHOULD NEVER BE DONE IN TRAINING
USING PRECUED ITEMS - SHOULD NEVER BE DONE IN TRAINING
USING PRECUED ITEMS - SHOULD NEVER BE DONE IN TRAINING
USING PRECUED ITEMS - SHOULD NEVER BE DONE IN TRAINING
USING PRECUED ITEMS - SHOULD NEVER BE DONE IN TRAINING
USING PRECUED ITEMS - SHOULD NEVER BE DONE IN TRAINING
USING PRECUED ITEMS - SHOULD NEVER BE DONE IN TRAINING
USING PRECUED ITEMS - SHOULD NEVER BE DONE IN TRAINING
USING PRECUED ITEMS - SHOULD NEVER BE DONE IN TRAINING
USING PRECUED ITEMS - SHOULD NEVER BE DONE IN TRAINING
USING PRECUED ITEMS - SHOULD NEVER BE DONE IN TRAINING
USING PRECUED ITEMS - SHOULD NEVER BE DONE IN TRAINING
USING PRECUED ITEMS - SHOULD NEVER BE DONE IN TRAINING
USING PRECUED ITEMS - SHOULD NEVER BE DONE IN TRAINING
USING PRECUED ITEMS - SHOULD NEVER BE DONE IN TRAINING
USING PRECUED ITEMS - SHOULD NEVER BE DONE IN TRAINING
USING PRECUED ITEMS - SHOULD NEVER BE DONE IN TRAINING
USING PRECUED ITEMS - SHOULD NEVER BE DONE IN TRAINING
USING PRECUED ITEMS - SHOULD NEVER BE DONE IN TRAINING
[index_cued_first_diffusion_0.3_swap_7_ablated_dir_08] trial 50/288
USING PRECUED ITEMS - SHOULD NEVER BE DONE IN TRAINING
USING PRECUED ITEMS - SHOULD NEVER BE DONE IN TRAINING
USING PRECUED ITEMS - SHOULD NEVER BE DONE IN TRAINING
USING PRECUED ITEMS - SHOULD NEVER BE DONE IN TRAINING
USING PRECUED ITEMS - SHOULD NEVER BE DONE IN TRAINING
USING PRECUED ITEMS - SHOULD NEVER BE DONE IN TRAINING
USING PRECUED ITEMS - SHOULD NEVER BE DONE IN TRAINING
USING PRECUED ITEMS - SHOULD NEVER BE DONE IN TRAINING
USING PRECUED ITEMS - SHOULD NEVER BE DONE IN TRAINING
USING PRECUED ITEMS - SHOULD NEVER BE DONE IN TRAINING
USING PRECUED ITEMS - SHOULD NEVER BE DONE IN TRAINING
USING PRECUED ITEMS - SHOULD NEVER BE DONE IN TRAINING
USING PRECUED ITEMS - SHOULD NEVER BE DONE IN TRAINING
USING PRECUED ITEMS - SHOULD NEVER BE DONE IN TRAINING
USING PRECUED ITEMS - SHOULD NEVER BE DONE IN TRAINING
USING PRECUED ITEMS - SHOULD NEVER BE DONE IN TRAINING
USING PRECUED ITEMS - SHOULD NEVER BE DONE IN TRAINING
USING PRECUED ITEMS - SHOULD NEVER BE DONE IN TRAINING
USING PRECUED ITEMS - SHOULD NEVER BE DONE IN TRAINING
USING PRECUED ITEMS - SHOULD NEVER BE DONE IN TRAINING
USING PRECUED ITEMS - SHOULD NEVER BE DONE IN TRAINING
USING PRECUED ITEMS - SHOULD NEVER BE DONE IN TRAINING
USING PRECUED ITEMS - SHOULD NEVER BE DONE IN TRAINING
USING PRECUED ITEMS - SHOULD NEVER BE DONE IN TRAINING
USING PRECUED ITEMS - SHOULD NEVER BE DONE IN TRAINING
USING PRECUED ITEMS - SHOULD NEVER BE DONE IN TRAINING
USING PRECUED ITEMS - SHOULD NEVER BE DONE IN TRAINING
USING PRECUED ITEMS - SHOULD NEVER BE DONE IN TRAINING
USING PRECUED ITEMS - SHOULD NEVER BE DONE IN TRAINING
USING PRECUED ITEMS - SHOULD NEVER BE DONE IN TRAINING
USING PRECUED ITEMS - SHOULD NEVER BE DONE IN TRAINING
USING PRECUED ITEMS - SHOULD NEVER BE DONE IN TRAINING
USING PRECUED ITEMS - SHOULD NEVER BE DONE IN TRAINING
USING PRECUED ITEMS - SHOULD NEVER BE DONE IN TRAINING
USING PRECUED ITEMS - SHOULD NEVER BE DONE IN TRAINING
USING PRECUED ITEMS - SHOULD NEVER BE DONE IN TRAINING
USING PRECUED ITEMS - SHOULD NEVER BE DONE IN TRAINING
USING PRECUED ITEMS - SHOULD NEVER BE DONE IN TRAINING
USING PRECUED ITEMS - SHOULD NEVER BE DONE IN TRAINING
USING PRECUED ITEMS - SHOULD NEVER BE DONE IN TRAINING
USING PRECUED ITEMS - SHOULD NEVER BE DONE IN TRAINING
USING PRECUED ITEMS - SHOULD NEVER BE DONE IN TRAINING
USING PRECUED ITEMS - SHOULD NEVER BE DONE IN TRAINING
USING PRECUED ITEMS - SHOULD NEVER BE DONE IN TRAINING
USING PRECUED ITEMS - SHOULD NEVER BE DONE IN TRAINING
USING PRECUED ITEMS - SHOULD NEVER BE DONE IN TRAINING
USING PRECUED ITEMS - SHOULD NEVER BE DONE IN TRAINING
USING PRECUED ITEMS - SHOULD NEVER BE DONE IN TRAINING
USING PRECUED ITEMS - SHOULD NEVER BE DONE IN TRAINING
USING PRECUED ITEMS - SHOULD NEVER BE DONE IN TRAINING
[index_cued_first_diffusion_0.3_swap_7_ablated_dir_08] trial 100/288
USING PRECUED ITEMS - SHOULD NEVER BE DONE IN TRAINING
USING PRECUED ITEMS - SHOULD NEVER BE DONE IN TRAINING
USING PRECUED ITEMS - SHOULD NEVER BE DONE IN TRAINING
USING PRECUED ITEMS - SHOULD NEVER BE DONE IN TRAINING
USING PRECUED ITEMS - SHOULD NEVER BE DONE IN TRAINING
USING PRECUED ITEMS - SHOULD NEVER BE DONE IN TRAINING
USING PRECUED ITEMS - SHOULD NEVER BE DONE IN TRAINING
USING PRECUED ITEMS - SHOULD NEVER BE DONE IN TRAINING
USING PRECUED ITEMS - SHOULD NEVER BE DONE IN TRAINING
USING PRECUED ITEMS - SHOULD NEVER BE DONE IN TRAINING
USING PRECUED ITEMS - SHOULD NEVER BE DONE IN TRAINING
USING PRECUED ITEMS - SHOULD NEVER BE DONE IN TRAINING
USING PRECUED ITEMS - SHOULD NEVER BE DONE IN TRAINING
USING PRECUED ITEMS - SHOULD NEVER BE DONE IN TRAINING
USING PRECUED ITEMS - SHOULD NEVER BE DONE IN TRAINING
USING PRECUED ITEMS - SHOULD NEVER BE DONE IN TRAINING
USING PRECUED ITEMS - SHOULD NEVER BE DONE IN TRAINING
USING PRECUED ITEMS - SHOULD NEVER BE DONE IN TRAINING
USING PRECUED ITEMS - SHOULD NEVER BE DONE IN TRAINING
USING PRECUED ITEMS - SHOULD NEVER BE DONE IN TRAINING
USING PRECUED ITEMS - SHOULD NEVER BE DONE IN TRAINING
USING PRECUED ITEMS - SHOULD NEVER BE DONE IN TRAINING
USING PRECUED ITEMS - SHOULD NEVER BE DONE IN TRAINING
USING PRECUED ITEMS - SHOULD NEVER BE DONE IN TRAINING
USING PRECUED ITEMS - SHOULD NEVER BE DONE IN TRAINING
USING PRECUED ITEMS - SHOULD NEVER BE DONE IN TRAINING
USING PRECUED ITEMS - SHOULD NEVER BE DONE IN TRAINING
USING PRECUED ITEMS - SHOULD NEVER BE DONE IN TRAINING
USING PRECUED ITEMS - SHOULD NEVER BE DONE IN TRAINING
USING PRECUED ITEMS - SHOULD NEVER BE DONE IN TRAINING
USING PRECUED ITEMS - SHOULD NEVER BE DONE IN TRAINING
USING PRECUED ITEMS - SHOULD NEVER BE DONE IN TRAINING
USING PRECUED ITEMS - SHOULD NEVER BE DONE IN TRAINING
USING PRECUED ITEMS - SHOULD NEVER BE DONE IN TRAINING
USING PRECUED ITEMS - SHOULD NEVER BE DONE IN TRAINING
USING PRECUED ITEMS - SHOULD NEVER BE DONE IN TRAINING
USING PRECUED ITEMS - SHOULD NEVER BE DONE IN TRAINING
USING PRECUED ITEMS - SHOULD NEVER BE DONE IN TRAINING
USING PRECUED ITEMS - SHOULD NEVER BE DONE IN TRAINING
USING PRECUED ITEMS - SHOULD NEVER BE DONE IN TRAINING
USING PRECUED ITEMS - SHOULD NEVER BE DONE IN TRAINING
USING PRECUED ITEMS - SHOULD NEVER BE DONE IN TRAINING
USING PRECUED ITEMS - SHOULD NEVER BE DONE IN TRAINING
USING PRECUED ITEMS - SHOULD NEVER BE DONE IN TRAINING
USING PRECUED ITEMS - SHOULD NEVER BE DONE IN TRAINING
USING PRECUED ITEMS - SHOULD NEVER BE DONE IN TRAINING
USING PRECUED ITEMS - SHOULD NEVER BE DONE IN TRAINING
USING PRECUED ITEMS - SHOULD NEVER BE DONE IN TRAINING
USING PRECUED ITEMS - SHOULD NEVER BE DONE IN TRAINING
USING PRECUED ITEMS - SHOULD NEVER BE DONE IN TRAINING
[index_cued_first_diffusion_0.3_swap_7_ablated_dir_08] trial 150/288
USING PRECUED ITEMS - SHOULD NEVER BE DONE IN TRAINING
USING PRECUED ITEMS - SHOULD NEVER BE DONE IN TRAINING
USING PRECUED ITEMS - SHOULD NEVER BE DONE IN TRAINING
USING PRECUED ITEMS - SHOULD NEVER BE DONE IN TRAINING
USING PRECUED ITEMS - SHOULD NEVER BE DONE IN TRAINING
USING PRECUED ITEMS - SHOULD NEVER BE DONE IN TRAINING
USING PRECUED ITEMS - SHOULD NEVER BE DONE IN TRAINING
USING PRECUED ITEMS - SHOULD NEVER BE DONE IN TRAINING
USING PRECUED ITEMS - SHOULD NEVER BE DONE IN TRAINING
USING PRECUED ITEMS - SHOULD NEVER BE DONE IN TRAINING
USING PRECUED ITEMS - SHOULD NEVER BE DONE IN TRAINING
USING PRECUED ITEMS - SHOULD NEVER BE DONE IN TRAINING
USING PRECUED ITEMS - SHOULD NEVER BE DONE IN TRAINING
USING PRECUED ITEMS - SHOULD NEVER BE DONE IN TRAINING
USING PRECUED ITEMS - SHOULD NEVER BE DONE IN TRAINING
USING PRECUED ITEMS - SHOULD NEVER BE DONE IN TRAINING
USING PRECUED ITEMS - SHOULD NEVER BE DONE IN TRAINING
USING PRECUED ITEMS - SHOULD NEVER BE DONE IN TRAINING
USING PRECUED ITEMS - SHOULD NEVER BE DONE IN TRAINING
USING PRECUED ITEMS - SHOULD NEVER BE DONE IN TRAINING
USING PRECUED ITEMS - SHOULD NEVER BE DONE IN TRAINING
USING PRECUED ITEMS - SHOULD NEVER BE DONE IN TRAINING
USING PRECUED ITEMS - SHOULD NEVER BE DONE IN TRAINING
USING PRECUED ITEMS - SHOULD NEVER BE DONE IN TRAINING
USING PRECUED ITEMS - SHOULD NEVER BE DONE IN TRAINING
USING PRECUED ITEMS - SHOULD NEVER BE DONE IN TRAINING
USING PRECUED ITEMS - SHOULD NEVER BE DONE IN TRAINING
USING PRECUED ITEMS - SHOULD NEVER BE DONE IN TRAINING
USING PRECUED ITEMS - SHOULD NEVER BE DONE IN TRAINING
USING PRECUED ITEMS - SHOULD NEVER BE DONE IN TRAINING
USING PRECUED ITEMS - SHOULD NEVER BE DONE IN TRAINING
USING PRECUED ITEMS - SHOULD NEVER BE DONE IN TRAINING
USING PRECUED ITEMS - SHOULD NEVER BE DONE IN TRAINING
USING PRECUED ITEMS - SHOULD NEVER BE DONE IN TRAINING
USING PRECUED ITEMS - SHOULD NEVER BE DONE IN TRAINING
USING PRECUED ITEMS - SHOULD NEVER BE DONE IN TRAINING
USING PRECUED ITEMS - SHOULD NEVER BE DONE IN TRAINING
USING PRECUED ITEMS - SHOULD NEVER BE DONE IN TRAINING
USING PRECUED ITEMS - SHOULD NEVER BE DONE IN TRAINING
USING PRECUED ITEMS - SHOULD NEVER BE DONE IN TRAINING
USING PRECUED ITEMS - SHOULD NEVER BE DONE IN TRAINING
USING PRECUED ITEMS - SHOULD NEVER BE DONE IN TRAINING
USING PRECUED ITEMS - SHOULD NEVER BE DONE IN TRAINING
USING PRECUED ITEMS - SHOULD NEVER BE DONE IN TRAINING
USING PRECUED ITEMS - SHOULD NEVER BE DONE IN TRAINING
USING PRECUED ITEMS - SHOULD NEVER BE DONE IN TRAINING
USING PRECUED ITEMS - SHOULD NEVER BE DONE IN TRAINING
USING PRECUED ITEMS - SHOULD NEVER BE DONE IN TRAINING
USING PRECUED ITEMS - SHOULD NEVER BE DONE IN TRAINING
USING PRECUED ITEMS - SHOULD NEVER BE DONE IN TRAINING
[index_cued_first_diffusion_0.3_swap_7_ablated_dir_08] trial 200/288
USING PRECUED ITEMS - SHOULD NEVER BE DONE IN TRAINING
USING PRECUED ITEMS - SHOULD NEVER BE DONE IN TRAINING
USING PRECUED ITEMS - SHOULD NEVER BE DONE IN TRAINING
USING PRECUED ITEMS - SHOULD NEVER BE DONE IN TRAINING
USING PRECUED ITEMS - SHOULD NEVER BE DONE IN TRAINING
USING PRECUED ITEMS - SHOULD NEVER BE DONE IN TRAINING
USING PRECUED ITEMS - SHOULD NEVER BE DONE IN TRAINING
USING PRECUED ITEMS - SHOULD NEVER BE DONE IN TRAINING
USING PRECUED ITEMS - SHOULD NEVER BE DONE IN TRAINING
USING PRECUED ITEMS - SHOULD NEVER BE DONE IN TRAINING
USING PRECUED ITEMS - SHOULD NEVER BE DONE IN TRAINING
USING PRECUED ITEMS - SHOULD NEVER BE DONE IN TRAINING
USING PRECUED ITEMS - SHOULD NEVER BE DONE IN TRAINING
USING PRECUED ITEMS - SHOULD NEVER BE DONE IN TRAINING
USING PRECUED ITEMS - SHOULD NEVER BE DONE IN TRAINING
USING PRECUED ITEMS - SHOULD NEVER BE DONE IN TRAINING
USING PRECUED ITEMS - SHOULD NEVER BE DONE IN TRAINING
USING PRECUED ITEMS - SHOULD NEVER BE DONE IN TRAINING
USING PRECUED ITEMS - SHOULD NEVER BE DONE IN TRAINING
USING PRECUED ITEMS - SHOULD NEVER BE DONE IN TRAINING
USING PRECUED ITEMS - SHOULD NEVER BE DONE IN TRAINING
USING PRECUED ITEMS - SHOULD NEVER BE DONE IN TRAINING
USING PRECUED ITEMS - SHOULD NEVER BE DONE IN TRAINING
USING PRECUED ITEMS - SHOULD NEVER BE DONE IN TRAINING
USING PRECUED ITEMS - SHOULD NEVER BE DONE IN TRAINING
USING PRECUED ITEMS - SHOULD NEVER BE DONE IN TRAINING
USING PRECUED ITEMS - SHOULD NEVER BE DONE IN TRAINING
USING PRECUED ITEMS - SHOULD NEVER BE DONE IN TRAINING
USING PRECUED ITEMS - SHOULD NEVER BE DONE IN TRAINING
USING PRECUED ITEMS - SHOULD NEVER BE DONE IN TRAINING
USING PRECUED ITEMS - SHOULD NEVER BE DONE IN TRAINING
USING PRECUED ITEMS - SHOULD NEVER BE DONE IN TRAINING
USING PRECUED ITEMS - SHOULD NEVER BE DONE IN TRAINING
USING PRECUED ITEMS - SHOULD NEVER BE DONE IN TRAINING
USING PRECUED ITEMS - SHOULD NEVER BE DONE IN TRAINING
USING PRECUED ITEMS - SHOULD NEVER BE DONE IN TRAINING
USING PRECUED ITEMS - SHOULD NEVER BE DONE IN TRAINING
USING PRECUED ITEMS - SHOULD NEVER BE DONE IN TRAINING
USING PRECUED ITEMS - SHOULD NEVER BE DONE IN TRAINING
USING PRECUED ITEMS - SHOULD NEVER BE DONE IN TRAINING
USING PRECUED ITEMS - SHOULD NEVER BE DONE IN TRAINING
USING PRECUED ITEMS - SHOULD NEVER BE DONE IN TRAINING
USING PRECUED ITEMS - SHOULD NEVER BE DONE IN TRAINING
USING PRECUED ITEMS - SHOULD NEVER BE DONE IN TRAINING
USING PRECUED ITEMS - SHOULD NEVER BE DONE IN TRAINING
USING PRECUED ITEMS - SHOULD NEVER BE DONE IN TRAINING
USING PRECUED ITEMS - SHOULD NEVER BE DONE IN TRAINING
USING PRECUED ITEMS - SHOULD NEVER BE DONE IN TRAINING
USING PRECUED ITEMS - SHOULD NEVER BE DONE IN TRAINING
USING PRECUED ITEMS - SHOULD NEVER BE DONE IN TRAINING
[index_cued_first_diffusion_0.3_swap_7_ablated_dir_08] trial 250/288
USING PRECUED ITEMS - SHOULD NEVER BE DONE IN TRAINING
USING PRECUED ITEMS - SHOULD NEVER BE DONE IN TRAINING
USING PRECUED ITEMS - SHOULD NEVER BE DONE IN TRAINING
USING PRECUED ITEMS - SHOULD NEVER BE DONE IN TRAINING
USING PRECUED ITEMS - SHOULD NEVER BE DONE IN TRAINING
USING PRECUED ITEMS - SHOULD NEVER BE DONE IN TRAINING
USING PRECUED ITEMS - SHOULD NEVER BE DONE IN TRAINING
USING PRECUED ITEMS - SHOULD NEVER BE DONE IN TRAINING
USING PRECUED ITEMS - SHOULD NEVER BE DONE IN TRAINING
USING PRECUED ITEMS - SHOULD NEVER BE DONE IN TRAINING
USING PRECUED ITEMS - SHOULD NEVER BE DONE IN TRAINING
USING PRECUED ITEMS - SHOULD NEVER BE DONE IN TRAINING
USING PRECUED ITEMS - SHOULD NEVER BE DONE IN TRAINING
USING PRECUED ITEMS - SHOULD NEVER BE DONE IN TRAINING
USING PRECUED ITEMS - SHOULD NEVER BE DONE IN TRAINING
USING PRECUED ITEMS - SHOULD NEVER BE DONE IN TRAINING
USING PRECUED ITEMS - SHOULD NEVER BE DONE IN TRAINING
USING PRECUED ITEMS - SHOULD NEVER BE DONE IN TRAINING
USING PRECUED ITEMS - SHOULD NEVER BE DONE IN TRAINING
USING PRECUED ITEMS - SHOULD NEVER BE DONE IN TRAINING
USING PRECUED ITEMS - SHOULD NEVER BE DONE IN TRAINING
USING PRECUED ITEMS - SHOULD NEVER BE DONE IN TRAINING
USING PRECUED ITEMS - SHOULD NEVER BE DONE IN TRAINING
USING PRECUED ITEMS - SHOULD NEVER BE DONE IN TRAINING
USING PRECUED ITEMS - SHOULD NEVER BE DONE IN TRAINING
USING PRECUED ITEMS - SHOULD NEVER BE DONE IN TRAINING
USING PRECUED ITEMS - SHOULD NEVER BE DONE IN TRAINING
USING PRECUED ITEMS - SHOULD NEVER BE DONE IN TRAINING
USING PRECUED ITEMS - SHOULD NEVER BE DONE IN TRAINING
USING PRECUED ITEMS - SHOULD NEVER BE DONE IN TRAINING
USING PRECUED ITEMS - SHOULD NEVER BE DONE IN TRAINING
USING PRECUED ITEMS - SHOULD NEVER BE DONE IN TRAINING
USING PRECUED ITEMS - SHOULD NEVER BE DONE IN TRAINING
USING PRECUED ITEMS - SHOULD NEVER BE DONE IN TRAINING
USING PRECUED ITEMS - SHOULD NEVER BE DONE IN TRAINING
USING PRECUED ITEMS - SHOULD NEVER BE DONE IN TRAINING
USING PRECUED ITEMS - SHOULD NEVER BE DONE IN TRAINING
USING PRECUED ITEMS - SHOULD NEVER BE DONE IN TRAINING
  Comparing ablation 8 -> student index_cued_first_diffusion_0.3_swap_recovery_ablation_0_0
  Comparing ablation 8 -> student index_cued_first_diffusion_0.3_swap_recovery_ablation_1_0
  Comparing ablation 8 -> student index_cued_first_diffusion_0.3_swap_recovery_ablation_4_0
  Comparing ablation 8 -> student index_cued_first_diffusion_0.3_swap_recovery_ablation_5_0
  Comparing ablation 8 -> student index_cued_first_diffusion_0.3_swap_recovery_ablation_6_0
  Comparing ablation 8 -> student index_cued_first_diffusion_0.3_swap_ablation_7_1

======================================================================
Processing ablation direction 9
[index_cued_first_diffusion_0.3_swap_7_ablated_dir_09] using ablation direction key: nullspace_09
[index_cued_first_diffusion_0.3_swap_7_ablated_dir_09] trial 0/288
USING PRECUED ITEMS - SHOULD NEVER BE DONE IN TRAINING
USING PRECUED ITEMS - SHOULD NEVER BE DONE IN TRAINING
USING PRECUED ITEMS - SHOULD NEVER BE DONE IN TRAINING
USING PRECUED ITEMS - SHOULD NEVER BE DONE IN TRAINING
USING PRECUED ITEMS - SHOULD NEVER BE DONE IN TRAINING
USING PRECUED ITEMS - SHOULD NEVER BE DONE IN TRAINING
USING PRECUED ITEMS - SHOULD NEVER BE DONE IN TRAINING
USING PRECUED ITEMS - SHOULD NEVER BE DONE IN TRAINING
USING PRECUED ITEMS - SHOULD NEVER BE DONE IN TRAINING
USING PRECUED ITEMS - SHOULD NEVER BE DONE IN TRAINING
USING PRECUED ITEMS - SHOULD NEVER BE DONE IN TRAINING
USING PRECUED ITEMS - SHOULD NEVER BE DONE IN TRAINING
USING PRECUED ITEMS - SHOULD NEVER BE DONE IN TRAINING
USING PRECUED ITEMS - SHOULD NEVER BE DONE IN TRAINING
USING PRECUED ITEMS - SHOULD NEVER BE DONE IN TRAINING
USING PRECUED ITEMS - SHOULD NEVER BE DONE IN TRAINING
USING PRECUED ITEMS - SHOULD NEVER BE DONE IN TRAINING
USING PRECUED ITEMS - SHOULD NEVER BE DONE IN TRAINING
USING PRECUED ITEMS - SHOULD NEVER BE DONE IN TRAINING
USING PRECUED ITEMS - SHOULD NEVER BE DONE IN TRAINING
USING PRECUED ITEMS - SHOULD NEVER BE DONE IN TRAINING
USING PRECUED ITEMS - SHOULD NEVER BE DONE IN TRAINING
USING PRECUED ITEMS - SHOULD NEVER BE DONE IN TRAINING
USING PRECUED ITEMS - SHOULD NEVER BE DONE IN TRAINING
USING PRECUED ITEMS - SHOULD NEVER BE DONE IN TRAINING
USING PRECUED ITEMS - SHOULD NEVER BE DONE IN TRAINING
USING PRECUED ITEMS - SHOULD NEVER BE DONE IN TRAINING
USING PRECUED ITEMS - SHOULD NEVER BE DONE IN TRAINING
USING PRECUED ITEMS - SHOULD NEVER BE DONE IN TRAINING
USING PRECUED ITEMS - SHOULD NEVER BE DONE IN TRAINING
USING PRECUED ITEMS - SHOULD NEVER BE DONE IN TRAINING
USING PRECUED ITEMS - SHOULD NEVER BE DONE IN TRAINING
USING PRECUED ITEMS - SHOULD NEVER BE DONE IN TRAINING
USING PRECUED ITEMS - SHOULD NEVER BE DONE IN TRAINING
USING PRECUED ITEMS - SHOULD NEVER BE DONE IN TRAINING
USING PRECUED ITEMS - SHOULD NEVER BE DONE IN TRAINING
USING PRECUED ITEMS - SHOULD NEVER BE DONE IN TRAINING
USING PRECUED ITEMS - SHOULD NEVER BE DONE IN TRAINING
USING PRECUED ITEMS - SHOULD NEVER BE DONE IN TRAINING
USING PRECUED ITEMS - SHOULD NEVER BE DONE IN TRAINING
USING PRECUED ITEMS - SHOULD NEVER BE DONE IN TRAINING
USING PRECUED ITEMS - SHOULD NEVER BE DONE IN TRAINING
USING PRECUED ITEMS - SHOULD NEVER BE DONE IN TRAINING
USING PRECUED ITEMS - SHOULD NEVER BE DONE IN TRAINING
USING PRECUED ITEMS - SHOULD NEVER BE DONE IN TRAINING
USING PRECUED ITEMS - SHOULD NEVER BE DONE IN TRAINING
USING PRECUED ITEMS - SHOULD NEVER BE DONE IN TRAINING
USING PRECUED ITEMS - SHOULD NEVER BE DONE IN TRAINING
USING PRECUED ITEMS - SHOULD NEVER BE DONE IN TRAINING
USING PRECUED ITEMS - SHOULD NEVER BE DONE IN TRAINING
[index_cued_first_diffusion_0.3_swap_7_ablated_dir_09] trial 50/288
USING PRECUED ITEMS - SHOULD NEVER BE DONE IN TRAINING
USING PRECUED ITEMS - SHOULD NEVER BE DONE IN TRAINING
USING PRECUED ITEMS - SHOULD NEVER BE DONE IN TRAINING
USING PRECUED ITEMS - SHOULD NEVER BE DONE IN TRAINING
USING PRECUED ITEMS - SHOULD NEVER BE DONE IN TRAINING
USING PRECUED ITEMS - SHOULD NEVER BE DONE IN TRAINING
USING PRECUED ITEMS - SHOULD NEVER BE DONE IN TRAINING
USING PRECUED ITEMS - SHOULD NEVER BE DONE IN TRAINING
USING PRECUED ITEMS - SHOULD NEVER BE DONE IN TRAINING
USING PRECUED ITEMS - SHOULD NEVER BE DONE IN TRAINING
USING PRECUED ITEMS - SHOULD NEVER BE DONE IN TRAINING
USING PRECUED ITEMS - SHOULD NEVER BE DONE IN TRAINING
USING PRECUED ITEMS - SHOULD NEVER BE DONE IN TRAINING
USING PRECUED ITEMS - SHOULD NEVER BE DONE IN TRAINING
USING PRECUED ITEMS - SHOULD NEVER BE DONE IN TRAINING
USING PRECUED ITEMS - SHOULD NEVER BE DONE IN TRAINING
USING PRECUED ITEMS - SHOULD NEVER BE DONE IN TRAINING
USING PRECUED ITEMS - SHOULD NEVER BE DONE IN TRAINING
USING PRECUED ITEMS - SHOULD NEVER BE DONE IN TRAINING
USING PRECUED ITEMS - SHOULD NEVER BE DONE IN TRAINING
USING PRECUED ITEMS - SHOULD NEVER BE DONE IN TRAINING
USING PRECUED ITEMS - SHOULD NEVER BE DONE IN TRAINING
USING PRECUED ITEMS - SHOULD NEVER BE DONE IN TRAINING
USING PRECUED ITEMS - SHOULD NEVER BE DONE IN TRAINING
USING PRECUED ITEMS - SHOULD NEVER BE DONE IN TRAINING
USING PRECUED ITEMS - SHOULD NEVER BE DONE IN TRAINING
USING PRECUED ITEMS - SHOULD NEVER BE DONE IN TRAINING
USING PRECUED ITEMS - SHOULD NEVER BE DONE IN TRAINING
USING PRECUED ITEMS - SHOULD NEVER BE DONE IN TRAINING
USING PRECUED ITEMS - SHOULD NEVER BE DONE IN TRAINING
USING PRECUED ITEMS - SHOULD NEVER BE DONE IN TRAINING
USING PRECUED ITEMS - SHOULD NEVER BE DONE IN TRAINING
USING PRECUED ITEMS - SHOULD NEVER BE DONE IN TRAINING
USING PRECUED ITEMS - SHOULD NEVER BE DONE IN TRAINING
USING PRECUED ITEMS - SHOULD NEVER BE DONE IN TRAINING
USING PRECUED ITEMS - SHOULD NEVER BE DONE IN TRAINING
USING PRECUED ITEMS - SHOULD NEVER BE DONE IN TRAINING
USING PRECUED ITEMS - SHOULD NEVER BE DONE IN TRAINING
USING PRECUED ITEMS - SHOULD NEVER BE DONE IN TRAINING
USING PRECUED ITEMS - SHOULD NEVER BE DONE IN TRAINING
USING PRECUED ITEMS - SHOULD NEVER BE DONE IN TRAINING
USING PRECUED ITEMS - SHOULD NEVER BE DONE IN TRAINING
USING PRECUED ITEMS - SHOULD NEVER BE DONE IN TRAINING
USING PRECUED ITEMS - SHOULD NEVER BE DONE IN TRAINING
USING PRECUED ITEMS - SHOULD NEVER BE DONE IN TRAINING
USING PRECUED ITEMS - SHOULD NEVER BE DONE IN TRAINING
USING PRECUED ITEMS - SHOULD NEVER BE DONE IN TRAINING
USING PRECUED ITEMS - SHOULD NEVER BE DONE IN TRAINING
USING PRECUED ITEMS - SHOULD NEVER BE DONE IN TRAINING
USING PRECUED ITEMS - SHOULD NEVER BE DONE IN TRAINING
[index_cued_first_diffusion_0.3_swap_7_ablated_dir_09] trial 100/288
USING PRECUED ITEMS - SHOULD NEVER BE DONE IN TRAINING
USING PRECUED ITEMS - SHOULD NEVER BE DONE IN TRAINING
USING PRECUED ITEMS - SHOULD NEVER BE DONE IN TRAINING
USING PRECUED ITEMS - SHOULD NEVER BE DONE IN TRAINING
USING PRECUED ITEMS - SHOULD NEVER BE DONE IN TRAINING
USING PRECUED ITEMS - SHOULD NEVER BE DONE IN TRAINING
USING PRECUED ITEMS - SHOULD NEVER BE DONE IN TRAINING
USING PRECUED ITEMS - SHOULD NEVER BE DONE IN TRAINING
USING PRECUED ITEMS - SHOULD NEVER BE DONE IN TRAINING
USING PRECUED ITEMS - SHOULD NEVER BE DONE IN TRAINING
USING PRECUED ITEMS - SHOULD NEVER BE DONE IN TRAINING
USING PRECUED ITEMS - SHOULD NEVER BE DONE IN TRAINING
USING PRECUED ITEMS - SHOULD NEVER BE DONE IN TRAINING
USING PRECUED ITEMS - SHOULD NEVER BE DONE IN TRAINING
USING PRECUED ITEMS - SHOULD NEVER BE DONE IN TRAINING
USING PRECUED ITEMS - SHOULD NEVER BE DONE IN TRAINING
USING PRECUED ITEMS - SHOULD NEVER BE DONE IN TRAINING
USING PRECUED ITEMS - SHOULD NEVER BE DONE IN TRAINING
USING PRECUED ITEMS - SHOULD NEVER BE DONE IN TRAINING
USING PRECUED ITEMS - SHOULD NEVER BE DONE IN TRAINING
USING PRECUED ITEMS - SHOULD NEVER BE DONE IN TRAINING
USING PRECUED ITEMS - SHOULD NEVER BE DONE IN TRAINING
USING PRECUED ITEMS - SHOULD NEVER BE DONE IN TRAINING
USING PRECUED ITEMS - SHOULD NEVER BE DONE IN TRAINING
USING PRECUED ITEMS - SHOULD NEVER BE DONE IN TRAINING
USING PRECUED ITEMS - SHOULD NEVER BE DONE IN TRAINING
USING PRECUED ITEMS - SHOULD NEVER BE DONE IN TRAINING
USING PRECUED ITEMS - SHOULD NEVER BE DONE IN TRAINING
USING PRECUED ITEMS - SHOULD NEVER BE DONE IN TRAINING
USING PRECUED ITEMS - SHOULD NEVER BE DONE IN TRAINING
USING PRECUED ITEMS - SHOULD NEVER BE DONE IN TRAINING
USING PRECUED ITEMS - SHOULD NEVER BE DONE IN TRAINING
USING PRECUED ITEMS - SHOULD NEVER BE DONE IN TRAINING
USING PRECUED ITEMS - SHOULD NEVER BE DONE IN TRAINING
USING PRECUED ITEMS - SHOULD NEVER BE DONE IN TRAINING
USING PRECUED ITEMS - SHOULD NEVER BE DONE IN TRAINING
USING PRECUED ITEMS - SHOULD NEVER BE DONE IN TRAINING
USING PRECUED ITEMS - SHOULD NEVER BE DONE IN TRAINING
USING PRECUED ITEMS - SHOULD NEVER BE DONE IN TRAINING
USING PRECUED ITEMS - SHOULD NEVER BE DONE IN TRAINING
USING PRECUED ITEMS - SHOULD NEVER BE DONE IN TRAINING
USING PRECUED ITEMS - SHOULD NEVER BE DONE IN TRAINING
USING PRECUED ITEMS - SHOULD NEVER BE DONE IN TRAINING
USING PRECUED ITEMS - SHOULD NEVER BE DONE IN TRAINING
USING PRECUED ITEMS - SHOULD NEVER BE DONE IN TRAINING
USING PRECUED ITEMS - SHOULD NEVER BE DONE IN TRAINING
USING PRECUED ITEMS - SHOULD NEVER BE DONE IN TRAINING
USING PRECUED ITEMS - SHOULD NEVER BE DONE IN TRAINING
USING PRECUED ITEMS - SHOULD NEVER BE DONE IN TRAINING
USING PRECUED ITEMS - SHOULD NEVER BE DONE IN TRAINING
[index_cued_first_diffusion_0.3_swap_7_ablated_dir_09] trial 150/288
USING PRECUED ITEMS - SHOULD NEVER BE DONE IN TRAINING
USING PRECUED ITEMS - SHOULD NEVER BE DONE IN TRAINING
USING PRECUED ITEMS - SHOULD NEVER BE DONE IN TRAINING
USING PRECUED ITEMS - SHOULD NEVER BE DONE IN TRAINING
USING PRECUED ITEMS - SHOULD NEVER BE DONE IN TRAINING
USING PRECUED ITEMS - SHOULD NEVER BE DONE IN TRAINING
USING PRECUED ITEMS - SHOULD NEVER BE DONE IN TRAINING
USING PRECUED ITEMS - SHOULD NEVER BE DONE IN TRAINING
USING PRECUED ITEMS - SHOULD NEVER BE DONE IN TRAINING
USING PRECUED ITEMS - SHOULD NEVER BE DONE IN TRAINING
USING PRECUED ITEMS - SHOULD NEVER BE DONE IN TRAINING
USING PRECUED ITEMS - SHOULD NEVER BE DONE IN TRAINING
USING PRECUED ITEMS - SHOULD NEVER BE DONE IN TRAINING
USING PRECUED ITEMS - SHOULD NEVER BE DONE IN TRAINING
USING PRECUED ITEMS - SHOULD NEVER BE DONE IN TRAINING
USING PRECUED ITEMS - SHOULD NEVER BE DONE IN TRAINING
USING PRECUED ITEMS - SHOULD NEVER BE DONE IN TRAINING
USING PRECUED ITEMS - SHOULD NEVER BE DONE IN TRAINING
USING PRECUED ITEMS - SHOULD NEVER BE DONE IN TRAINING
USING PRECUED ITEMS - SHOULD NEVER BE DONE IN TRAINING
USING PRECUED ITEMS - SHOULD NEVER BE DONE IN TRAINING
USING PRECUED ITEMS - SHOULD NEVER BE DONE IN TRAINING
USING PRECUED ITEMS - SHOULD NEVER BE DONE IN TRAINING
USING PRECUED ITEMS - SHOULD NEVER BE DONE IN TRAINING
USING PRECUED ITEMS - SHOULD NEVER BE DONE IN TRAINING
USING PRECUED ITEMS - SHOULD NEVER BE DONE IN TRAINING
USING PRECUED ITEMS - SHOULD NEVER BE DONE IN TRAINING
USING PRECUED ITEMS - SHOULD NEVER BE DONE IN TRAINING
USING PRECUED ITEMS - SHOULD NEVER BE DONE IN TRAINING
USING PRECUED ITEMS - SHOULD NEVER BE DONE IN TRAINING
USING PRECUED ITEMS - SHOULD NEVER BE DONE IN TRAINING
USING PRECUED ITEMS - SHOULD NEVER BE DONE IN TRAINING
USING PRECUED ITEMS - SHOULD NEVER BE DONE IN TRAINING
USING PRECUED ITEMS - SHOULD NEVER BE DONE IN TRAINING
USING PRECUED ITEMS - SHOULD NEVER BE DONE IN TRAINING
USING PRECUED ITEMS - SHOULD NEVER BE DONE IN TRAINING
USING PRECUED ITEMS - SHOULD NEVER BE DONE IN TRAINING
USING PRECUED ITEMS - SHOULD NEVER BE DONE IN TRAINING
USING PRECUED ITEMS - SHOULD NEVER BE DONE IN TRAINING
USING PRECUED ITEMS - SHOULD NEVER BE DONE IN TRAINING
USING PRECUED ITEMS - SHOULD NEVER BE DONE IN TRAINING
USING PRECUED ITEMS - SHOULD NEVER BE DONE IN TRAINING
USING PRECUED ITEMS - SHOULD NEVER BE DONE IN TRAINING
USING PRECUED ITEMS - SHOULD NEVER BE DONE IN TRAINING
USING PRECUED ITEMS - SHOULD NEVER BE DONE IN TRAINING
USING PRECUED ITEMS - SHOULD NEVER BE DONE IN TRAINING
USING PRECUED ITEMS - SHOULD NEVER BE DONE IN TRAINING
USING PRECUED ITEMS - SHOULD NEVER BE DONE IN TRAINING
USING PRECUED ITEMS - SHOULD NEVER BE DONE IN TRAINING
USING PRECUED ITEMS - SHOULD NEVER BE DONE IN TRAINING
[index_cued_first_diffusion_0.3_swap_7_ablated_dir_09] trial 200/288
USING PRECUED ITEMS - SHOULD NEVER BE DONE IN TRAINING
USING PRECUED ITEMS - SHOULD NEVER BE DONE IN TRAINING
USING PRECUED ITEMS - SHOULD NEVER BE DONE IN TRAINING
USING PRECUED ITEMS - SHOULD NEVER BE DONE IN TRAINING
USING PRECUED ITEMS - SHOULD NEVER BE DONE IN TRAINING
USING PRECUED ITEMS - SHOULD NEVER BE DONE IN TRAINING
USING PRECUED ITEMS - SHOULD NEVER BE DONE IN TRAINING
USING PRECUED ITEMS - SHOULD NEVER BE DONE IN TRAINING
USING PRECUED ITEMS - SHOULD NEVER BE DONE IN TRAINING
USING PRECUED ITEMS - SHOULD NEVER BE DONE IN TRAINING
USING PRECUED ITEMS - SHOULD NEVER BE DONE IN TRAINING
USING PRECUED ITEMS - SHOULD NEVER BE DONE IN TRAINING
USING PRECUED ITEMS - SHOULD NEVER BE DONE IN TRAINING
USING PRECUED ITEMS - SHOULD NEVER BE DONE IN TRAINING
USING PRECUED ITEMS - SHOULD NEVER BE DONE IN TRAINING
USING PRECUED ITEMS - SHOULD NEVER BE DONE IN TRAINING
USING PRECUED ITEMS - SHOULD NEVER BE DONE IN TRAINING
USING PRECUED ITEMS - SHOULD NEVER BE DONE IN TRAINING
USING PRECUED ITEMS - SHOULD NEVER BE DONE IN TRAINING
USING PRECUED ITEMS - SHOULD NEVER BE DONE IN TRAINING
USING PRECUED ITEMS - SHOULD NEVER BE DONE IN TRAINING
USING PRECUED ITEMS - SHOULD NEVER BE DONE IN TRAINING
USING PRECUED ITEMS - SHOULD NEVER BE DONE IN TRAINING
USING PRECUED ITEMS - SHOULD NEVER BE DONE IN TRAINING
USING PRECUED ITEMS - SHOULD NEVER BE DONE IN TRAINING
USING PRECUED ITEMS - SHOULD NEVER BE DONE IN TRAINING
USING PRECUED ITEMS - SHOULD NEVER BE DONE IN TRAINING
USING PRECUED ITEMS - SHOULD NEVER BE DONE IN TRAINING
USING PRECUED ITEMS - SHOULD NEVER BE DONE IN TRAINING
USING PRECUED ITEMS - SHOULD NEVER BE DONE IN TRAINING
USING PRECUED ITEMS - SHOULD NEVER BE DONE IN TRAINING
USING PRECUED ITEMS - SHOULD NEVER BE DONE IN TRAINING
USING PRECUED ITEMS - SHOULD NEVER BE DONE IN TRAINING
USING PRECUED ITEMS - SHOULD NEVER BE DONE IN TRAINING
USING PRECUED ITEMS - SHOULD NEVER BE DONE IN TRAINING
USING PRECUED ITEMS - SHOULD NEVER BE DONE IN TRAINING
USING PRECUED ITEMS - SHOULD NEVER BE DONE IN TRAINING
USING PRECUED ITEMS - SHOULD NEVER BE DONE IN TRAINING
USING PRECUED ITEMS - SHOULD NEVER BE DONE IN TRAINING
USING PRECUED ITEMS - SHOULD NEVER BE DONE IN TRAINING
USING PRECUED ITEMS - SHOULD NEVER BE DONE IN TRAINING
USING PRECUED ITEMS - SHOULD NEVER BE DONE IN TRAINING
USING PRECUED ITEMS - SHOULD NEVER BE DONE IN TRAINING
USING PRECUED ITEMS - SHOULD NEVER BE DONE IN TRAINING
USING PRECUED ITEMS - SHOULD NEVER BE DONE IN TRAINING
USING PRECUED ITEMS - SHOULD NEVER BE DONE IN TRAINING
USING PRECUED ITEMS - SHOULD NEVER BE DONE IN TRAINING
USING PRECUED ITEMS - SHOULD NEVER BE DONE IN TRAINING
USING PRECUED ITEMS - SHOULD NEVER BE DONE IN TRAINING
USING PRECUED ITEMS - SHOULD NEVER BE DONE IN TRAINING
[index_cued_first_diffusion_0.3_swap_7_ablated_dir_09] trial 250/288
USING PRECUED ITEMS - SHOULD NEVER BE DONE IN TRAINING
USING PRECUED ITEMS - SHOULD NEVER BE DONE IN TRAINING
USING PRECUED ITEMS - SHOULD NEVER BE DONE IN TRAINING
USING PRECUED ITEMS - SHOULD NEVER BE DONE IN TRAINING
USING PRECUED ITEMS - SHOULD NEVER BE DONE IN TRAINING
USING PRECUED ITEMS - SHOULD NEVER BE DONE IN TRAINING
USING PRECUED ITEMS - SHOULD NEVER BE DONE IN TRAINING
USING PRECUED ITEMS - SHOULD NEVER BE DONE IN TRAINING
USING PRECUED ITEMS - SHOULD NEVER BE DONE IN TRAINING
USING PRECUED ITEMS - SHOULD NEVER BE DONE IN TRAINING
USING PRECUED ITEMS - SHOULD NEVER BE DONE IN TRAINING
USING PRECUED ITEMS - SHOULD NEVER BE DONE IN TRAINING
USING PRECUED ITEMS - SHOULD NEVER BE DONE IN TRAINING
USING PRECUED ITEMS - SHOULD NEVER BE DONE IN TRAINING
USING PRECUED ITEMS - SHOULD NEVER BE DONE IN TRAINING
USING PRECUED ITEMS - SHOULD NEVER BE DONE IN TRAINING
USING PRECUED ITEMS - SHOULD NEVER BE DONE IN TRAINING
USING PRECUED ITEMS - SHOULD NEVER BE DONE IN TRAINING
USING PRECUED ITEMS - SHOULD NEVER BE DONE IN TRAINING
USING PRECUED ITEMS - SHOULD NEVER BE DONE IN TRAINING
USING PRECUED ITEMS - SHOULD NEVER BE DONE IN TRAINING
USING PRECUED ITEMS - SHOULD NEVER BE DONE IN TRAINING
USING PRECUED ITEMS - SHOULD NEVER BE DONE IN TRAINING
USING PRECUED ITEMS - SHOULD NEVER BE DONE IN TRAINING
USING PRECUED ITEMS - SHOULD NEVER BE DONE IN TRAINING
USING PRECUED ITEMS - SHOULD NEVER BE DONE IN TRAINING
USING PRECUED ITEMS - SHOULD NEVER BE DONE IN TRAINING
USING PRECUED ITEMS - SHOULD NEVER BE DONE IN TRAINING
USING PRECUED ITEMS - SHOULD NEVER BE DONE IN TRAINING
USING PRECUED ITEMS - SHOULD NEVER BE DONE IN TRAINING
USING PRECUED ITEMS - SHOULD NEVER BE DONE IN TRAINING
USING PRECUED ITEMS - SHOULD NEVER BE DONE IN TRAINING
USING PRECUED ITEMS - SHOULD NEVER BE DONE IN TRAINING
USING PRECUED ITEMS - SHOULD NEVER BE DONE IN TRAINING
USING PRECUED ITEMS - SHOULD NEVER BE DONE IN TRAINING
USING PRECUED ITEMS - SHOULD NEVER BE DONE IN TRAINING
USING PRECUED ITEMS - SHOULD NEVER BE DONE IN TRAINING
USING PRECUED ITEMS - SHOULD NEVER BE DONE IN TRAINING
  Comparing ablation 9 -> student index_cued_first_diffusion_0.3_swap_recovery_ablation_0_0
  Comparing ablation 9 -> student index_cued_first_diffusion_0.3_swap_recovery_ablation_1_0
  Comparing ablation 9 -> student index_cued_first_diffusion_0.3_swap_recovery_ablation_4_0
  Comparing ablation 9 -> student index_cued_first_diffusion_0.3_swap_recovery_ablation_5_0
  Comparing ablation 9 -> student index_cued_first_diffusion_0.3_swap_recovery_ablation_6_0
  Comparing ablation 9 -> student index_cued_first_diffusion_0.3_swap_ablation_7_1

======================================================================
Processing ablation direction 10
[index_cued_first_diffusion_0.3_swap_7_ablated_dir_10] using ablation direction key: nullspace_10
[index_cued_first_diffusion_0.3_swap_7_ablated_dir_10] trial 0/288
USING PRECUED ITEMS - SHOULD NEVER BE DONE IN TRAINING
USING PRECUED ITEMS - SHOULD NEVER BE DONE IN TRAINING
USING PRECUED ITEMS - SHOULD NEVER BE DONE IN TRAINING
USING PRECUED ITEMS - SHOULD NEVER BE DONE IN TRAINING
USING PRECUED ITEMS - SHOULD NEVER BE DONE IN TRAINING
USING PRECUED ITEMS - SHOULD NEVER BE DONE IN TRAINING
USING PRECUED ITEMS - SHOULD NEVER BE DONE IN TRAINING
USING PRECUED ITEMS - SHOULD NEVER BE DONE IN TRAINING
USING PRECUED ITEMS - SHOULD NEVER BE DONE IN TRAINING
USING PRECUED ITEMS - SHOULD NEVER BE DONE IN TRAINING
USING PRECUED ITEMS - SHOULD NEVER BE DONE IN TRAINING
USING PRECUED ITEMS - SHOULD NEVER BE DONE IN TRAINING
USING PRECUED ITEMS - SHOULD NEVER BE DONE IN TRAINING
USING PRECUED ITEMS - SHOULD NEVER BE DONE IN TRAINING
USING PRECUED ITEMS - SHOULD NEVER BE DONE IN TRAINING
USING PRECUED ITEMS - SHOULD NEVER BE DONE IN TRAINING
USING PRECUED ITEMS - SHOULD NEVER BE DONE IN TRAINING
USING PRECUED ITEMS - SHOULD NEVER BE DONE IN TRAINING
USING PRECUED ITEMS - SHOULD NEVER BE DONE IN TRAINING
USING PRECUED ITEMS - SHOULD NEVER BE DONE IN TRAINING
USING PRECUED ITEMS - SHOULD NEVER BE DONE IN TRAINING
USING PRECUED ITEMS - SHOULD NEVER BE DONE IN TRAINING
USING PRECUED ITEMS - SHOULD NEVER BE DONE IN TRAINING
USING PRECUED ITEMS - SHOULD NEVER BE DONE IN TRAINING
USING PRECUED ITEMS - SHOULD NEVER BE DONE IN TRAINING
USING PRECUED ITEMS - SHOULD NEVER BE DONE IN TRAINING
USING PRECUED ITEMS - SHOULD NEVER BE DONE IN TRAINING
USING PRECUED ITEMS - SHOULD NEVER BE DONE IN TRAINING
USING PRECUED ITEMS - SHOULD NEVER BE DONE IN TRAINING
USING PRECUED ITEMS - SHOULD NEVER BE DONE IN TRAINING
USING PRECUED ITEMS - SHOULD NEVER BE DONE IN TRAINING
USING PRECUED ITEMS - SHOULD NEVER BE DONE IN TRAINING
USING PRECUED ITEMS - SHOULD NEVER BE DONE IN TRAINING
USING PRECUED ITEMS - SHOULD NEVER BE DONE IN TRAINING
USING PRECUED ITEMS - SHOULD NEVER BE DONE IN TRAINING
USING PRECUED ITEMS - SHOULD NEVER BE DONE IN TRAINING
USING PRECUED ITEMS - SHOULD NEVER BE DONE IN TRAINING
USING PRECUED ITEMS - SHOULD NEVER BE DONE IN TRAINING
USING PRECUED ITEMS - SHOULD NEVER BE DONE IN TRAINING
USING PRECUED ITEMS - SHOULD NEVER BE DONE IN TRAINING
USING PRECUED ITEMS - SHOULD NEVER BE DONE IN TRAINING
USING PRECUED ITEMS - SHOULD NEVER BE DONE IN TRAINING
USING PRECUED ITEMS - SHOULD NEVER BE DONE IN TRAINING
USING PRECUED ITEMS - SHOULD NEVER BE DONE IN TRAINING
USING PRECUED ITEMS - SHOULD NEVER BE DONE IN TRAINING
USING PRECUED ITEMS - SHOULD NEVER BE DONE IN TRAINING
USING PRECUED ITEMS - SHOULD NEVER BE DONE IN TRAINING
USING PRECUED ITEMS - SHOULD NEVER BE DONE IN TRAINING
USING PRECUED ITEMS - SHOULD NEVER BE DONE IN TRAINING
USING PRECUED ITEMS - SHOULD NEVER BE DONE IN TRAINING
[index_cued_first_diffusion_0.3_swap_7_ablated_dir_10] trial 50/288
USING PRECUED ITEMS - SHOULD NEVER BE DONE IN TRAINING
USING PRECUED ITEMS - SHOULD NEVER BE DONE IN TRAINING
USING PRECUED ITEMS - SHOULD NEVER BE DONE IN TRAINING
USING PRECUED ITEMS - SHOULD NEVER BE DONE IN TRAINING
USING PRECUED ITEMS - SHOULD NEVER BE DONE IN TRAINING
USING PRECUED ITEMS - SHOULD NEVER BE DONE IN TRAINING
USING PRECUED ITEMS - SHOULD NEVER BE DONE IN TRAINING
USING PRECUED ITEMS - SHOULD NEVER BE DONE IN TRAINING
USING PRECUED ITEMS - SHOULD NEVER BE DONE IN TRAINING
USING PRECUED ITEMS - SHOULD NEVER BE DONE IN TRAINING
USING PRECUED ITEMS - SHOULD NEVER BE DONE IN TRAINING
USING PRECUED ITEMS - SHOULD NEVER BE DONE IN TRAINING
USING PRECUED ITEMS - SHOULD NEVER BE DONE IN TRAINING
USING PRECUED ITEMS - SHOULD NEVER BE DONE IN TRAINING
USING PRECUED ITEMS - SHOULD NEVER BE DONE IN TRAINING
USING PRECUED ITEMS - SHOULD NEVER BE DONE IN TRAINING
USING PRECUED ITEMS - SHOULD NEVER BE DONE IN TRAINING
USING PRECUED ITEMS - SHOULD NEVER BE DONE IN TRAINING
USING PRECUED ITEMS - SHOULD NEVER BE DONE IN TRAINING
USING PRECUED ITEMS - SHOULD NEVER BE DONE IN TRAINING
USING PRECUED ITEMS - SHOULD NEVER BE DONE IN TRAINING
USING PRECUED ITEMS - SHOULD NEVER BE DONE IN TRAINING
USING PRECUED ITEMS - SHOULD NEVER BE DONE IN TRAINING
USING PRECUED ITEMS - SHOULD NEVER BE DONE IN TRAINING
USING PRECUED ITEMS - SHOULD NEVER BE DONE IN TRAINING
USING PRECUED ITEMS - SHOULD NEVER BE DONE IN TRAINING
USING PRECUED ITEMS - SHOULD NEVER BE DONE IN TRAINING
USING PRECUED ITEMS - SHOULD NEVER BE DONE IN TRAINING
USING PRECUED ITEMS - SHOULD NEVER BE DONE IN TRAINING
USING PRECUED ITEMS - SHOULD NEVER BE DONE IN TRAINING
USING PRECUED ITEMS - SHOULD NEVER BE DONE IN TRAINING
USING PRECUED ITEMS - SHOULD NEVER BE DONE IN TRAINING
USING PRECUED ITEMS - SHOULD NEVER BE DONE IN TRAINING
USING PRECUED ITEMS - SHOULD NEVER BE DONE IN TRAINING
USING PRECUED ITEMS - SHOULD NEVER BE DONE IN TRAINING
USING PRECUED ITEMS - SHOULD NEVER BE DONE IN TRAINING
USING PRECUED ITEMS - SHOULD NEVER BE DONE IN TRAINING
USING PRECUED ITEMS - SHOULD NEVER BE DONE IN TRAINING
USING PRECUED ITEMS - SHOULD NEVER BE DONE IN TRAINING
USING PRECUED ITEMS - SHOULD NEVER BE DONE IN TRAINING
USING PRECUED ITEMS - SHOULD NEVER BE DONE IN TRAINING
USING PRECUED ITEMS - SHOULD NEVER BE DONE IN TRAINING
USING PRECUED ITEMS - SHOULD NEVER BE DONE IN TRAINING
USING PRECUED ITEMS - SHOULD NEVER BE DONE IN TRAINING
USING PRECUED ITEMS - SHOULD NEVER BE DONE IN TRAINING
USING PRECUED ITEMS - SHOULD NEVER BE DONE IN TRAINING
USING PRECUED ITEMS - SHOULD NEVER BE DONE IN TRAINING
USING PRECUED ITEMS - SHOULD NEVER BE DONE IN TRAINING
USING PRECUED ITEMS - SHOULD NEVER BE DONE IN TRAINING
USING PRECUED ITEMS - SHOULD NEVER BE DONE IN TRAINING
[index_cued_first_diffusion_0.3_swap_7_ablated_dir_10] trial 100/288
USING PRECUED ITEMS - SHOULD NEVER BE DONE IN TRAINING
USING PRECUED ITEMS - SHOULD NEVER BE DONE IN TRAINING
USING PRECUED ITEMS - SHOULD NEVER BE DONE IN TRAINING
USING PRECUED ITEMS - SHOULD NEVER BE DONE IN TRAINING
USING PRECUED ITEMS - SHOULD NEVER BE DONE IN TRAINING
USING PRECUED ITEMS - SHOULD NEVER BE DONE IN TRAINING
USING PRECUED ITEMS - SHOULD NEVER BE DONE IN TRAINING
USING PRECUED ITEMS - SHOULD NEVER BE DONE IN TRAINING
USING PRECUED ITEMS - SHOULD NEVER BE DONE IN TRAINING
USING PRECUED ITEMS - SHOULD NEVER BE DONE IN TRAINING
USING PRECUED ITEMS - SHOULD NEVER BE DONE IN TRAINING
USING PRECUED ITEMS - SHOULD NEVER BE DONE IN TRAINING
USING PRECUED ITEMS - SHOULD NEVER BE DONE IN TRAINING
USING PRECUED ITEMS - SHOULD NEVER BE DONE IN TRAINING
USING PRECUED ITEMS - SHOULD NEVER BE DONE IN TRAINING
USING PRECUED ITEMS - SHOULD NEVER BE DONE IN TRAINING
USING PRECUED ITEMS - SHOULD NEVER BE DONE IN TRAINING
USING PRECUED ITEMS - SHOULD NEVER BE DONE IN TRAINING
USING PRECUED ITEMS - SHOULD NEVER BE DONE IN TRAINING
USING PRECUED ITEMS - SHOULD NEVER BE DONE IN TRAINING
USING PRECUED ITEMS - SHOULD NEVER BE DONE IN TRAINING
USING PRECUED ITEMS - SHOULD NEVER BE DONE IN TRAINING
USING PRECUED ITEMS - SHOULD NEVER BE DONE IN TRAINING
USING PRECUED ITEMS - SHOULD NEVER BE DONE IN TRAINING
USING PRECUED ITEMS - SHOULD NEVER BE DONE IN TRAINING
USING PRECUED ITEMS - SHOULD NEVER BE DONE IN TRAINING
USING PRECUED ITEMS - SHOULD NEVER BE DONE IN TRAINING
USING PRECUED ITEMS - SHOULD NEVER BE DONE IN TRAINING
USING PRECUED ITEMS - SHOULD NEVER BE DONE IN TRAINING
USING PRECUED ITEMS - SHOULD NEVER BE DONE IN TRAINING
USING PRECUED ITEMS - SHOULD NEVER BE DONE IN TRAINING
USING PRECUED ITEMS - SHOULD NEVER BE DONE IN TRAINING
USING PRECUED ITEMS - SHOULD NEVER BE DONE IN TRAINING
USING PRECUED ITEMS - SHOULD NEVER BE DONE IN TRAINING
USING PRECUED ITEMS - SHOULD NEVER BE DONE IN TRAINING
USING PRECUED ITEMS - SHOULD NEVER BE DONE IN TRAINING
USING PRECUED ITEMS - SHOULD NEVER BE DONE IN TRAINING
USING PRECUED ITEMS - SHOULD NEVER BE DONE IN TRAINING
USING PRECUED ITEMS - SHOULD NEVER BE DONE IN TRAINING
USING PRECUED ITEMS - SHOULD NEVER BE DONE IN TRAINING
USING PRECUED ITEMS - SHOULD NEVER BE DONE IN TRAINING
USING PRECUED ITEMS - SHOULD NEVER BE DONE IN TRAINING
USING PRECUED ITEMS - SHOULD NEVER BE DONE IN TRAINING
USING PRECUED ITEMS - SHOULD NEVER BE DONE IN TRAINING
USING PRECUED ITEMS - SHOULD NEVER BE DONE IN TRAINING
USING PRECUED ITEMS - SHOULD NEVER BE DONE IN TRAINING
USING PRECUED ITEMS - SHOULD NEVER BE DONE IN TRAINING
USING PRECUED ITEMS - SHOULD NEVER BE DONE IN TRAINING
USING PRECUED ITEMS - SHOULD NEVER BE DONE IN TRAINING
USING PRECUED ITEMS - SHOULD NEVER BE DONE IN TRAINING
[index_cued_first_diffusion_0.3_swap_7_ablated_dir_10] trial 150/288
USING PRECUED ITEMS - SHOULD NEVER BE DONE IN TRAINING
USING PRECUED ITEMS - SHOULD NEVER BE DONE IN TRAINING
USING PRECUED ITEMS - SHOULD NEVER BE DONE IN TRAINING
USING PRECUED ITEMS - SHOULD NEVER BE DONE IN TRAINING
USING PRECUED ITEMS - SHOULD NEVER BE DONE IN TRAINING
USING PRECUED ITEMS - SHOULD NEVER BE DONE IN TRAINING
USING PRECUED ITEMS - SHOULD NEVER BE DONE IN TRAINING
USING PRECUED ITEMS - SHOULD NEVER BE DONE IN TRAINING
USING PRECUED ITEMS - SHOULD NEVER BE DONE IN TRAINING
USING PRECUED ITEMS - SHOULD NEVER BE DONE IN TRAINING
USING PRECUED ITEMS - SHOULD NEVER BE DONE IN TRAINING
USING PRECUED ITEMS - SHOULD NEVER BE DONE IN TRAINING
USING PRECUED ITEMS - SHOULD NEVER BE DONE IN TRAINING
USING PRECUED ITEMS - SHOULD NEVER BE DONE IN TRAINING
USING PRECUED ITEMS - SHOULD NEVER BE DONE IN TRAINING
USING PRECUED ITEMS - SHOULD NEVER BE DONE IN TRAINING
USING PRECUED ITEMS - SHOULD NEVER BE DONE IN TRAINING
USING PRECUED ITEMS - SHOULD NEVER BE DONE IN TRAINING
USING PRECUED ITEMS - SHOULD NEVER BE DONE IN TRAINING
USING PRECUED ITEMS - SHOULD NEVER BE DONE IN TRAINING
USING PRECUED ITEMS - SHOULD NEVER BE DONE IN TRAINING
USING PRECUED ITEMS - SHOULD NEVER BE DONE IN TRAINING
USING PRECUED ITEMS - SHOULD NEVER BE DONE IN TRAINING
USING PRECUED ITEMS - SHOULD NEVER BE DONE IN TRAINING
USING PRECUED ITEMS - SHOULD NEVER BE DONE IN TRAINING
USING PRECUED ITEMS - SHOULD NEVER BE DONE IN TRAINING
USING PRECUED ITEMS - SHOULD NEVER BE DONE IN TRAINING
USING PRECUED ITEMS - SHOULD NEVER BE DONE IN TRAINING
USING PRECUED ITEMS - SHOULD NEVER BE DONE IN TRAINING
USING PRECUED ITEMS - SHOULD NEVER BE DONE IN TRAINING
USING PRECUED ITEMS - SHOULD NEVER BE DONE IN TRAINING
USING PRECUED ITEMS - SHOULD NEVER BE DONE IN TRAINING
USING PRECUED ITEMS - SHOULD NEVER BE DONE IN TRAINING
USING PRECUED ITEMS - SHOULD NEVER BE DONE IN TRAINING
USING PRECUED ITEMS - SHOULD NEVER BE DONE IN TRAINING
USING PRECUED ITEMS - SHOULD NEVER BE DONE IN TRAINING
USING PRECUED ITEMS - SHOULD NEVER BE DONE IN TRAINING
USING PRECUED ITEMS - SHOULD NEVER BE DONE IN TRAINING
USING PRECUED ITEMS - SHOULD NEVER BE DONE IN TRAINING
USING PRECUED ITEMS - SHOULD NEVER BE DONE IN TRAINING
USING PRECUED ITEMS - SHOULD NEVER BE DONE IN TRAINING
USING PRECUED ITEMS - SHOULD NEVER BE DONE IN TRAINING
USING PRECUED ITEMS - SHOULD NEVER BE DONE IN TRAINING
USING PRECUED ITEMS - SHOULD NEVER BE DONE IN TRAINING
USING PRECUED ITEMS - SHOULD NEVER BE DONE IN TRAINING
USING PRECUED ITEMS - SHOULD NEVER BE DONE IN TRAINING
USING PRECUED ITEMS - SHOULD NEVER BE DONE IN TRAINING
USING PRECUED ITEMS - SHOULD NEVER BE DONE IN TRAINING
USING PRECUED ITEMS - SHOULD NEVER BE DONE IN TRAINING
USING PRECUED ITEMS - SHOULD NEVER BE DONE IN TRAINING
[index_cued_first_diffusion_0.3_swap_7_ablated_dir_10] trial 200/288
USING PRECUED ITEMS - SHOULD NEVER BE DONE IN TRAINING
USING PRECUED ITEMS - SHOULD NEVER BE DONE IN TRAINING
USING PRECUED ITEMS - SHOULD NEVER BE DONE IN TRAINING
USING PRECUED ITEMS - SHOULD NEVER BE DONE IN TRAINING
USING PRECUED ITEMS - SHOULD NEVER BE DONE IN TRAINING
USING PRECUED ITEMS - SHOULD NEVER BE DONE IN TRAINING
USING PRECUED ITEMS - SHOULD NEVER BE DONE IN TRAINING
USING PRECUED ITEMS - SHOULD NEVER BE DONE IN TRAINING
USING PRECUED ITEMS - SHOULD NEVER BE DONE IN TRAINING
USING PRECUED ITEMS - SHOULD NEVER BE DONE IN TRAINING
USING PRECUED ITEMS - SHOULD NEVER BE DONE IN TRAINING
USING PRECUED ITEMS - SHOULD NEVER BE DONE IN TRAINING
USING PRECUED ITEMS - SHOULD NEVER BE DONE IN TRAINING
USING PRECUED ITEMS - SHOULD NEVER BE DONE IN TRAINING
USING PRECUED ITEMS - SHOULD NEVER BE DONE IN TRAINING
USING PRECUED ITEMS - SHOULD NEVER BE DONE IN TRAINING
USING PRECUED ITEMS - SHOULD NEVER BE DONE IN TRAINING
USING PRECUED ITEMS - SHOULD NEVER BE DONE IN TRAINING
USING PRECUED ITEMS - SHOULD NEVER BE DONE IN TRAINING
USING PRECUED ITEMS - SHOULD NEVER BE DONE IN TRAINING
USING PRECUED ITEMS - SHOULD NEVER BE DONE IN TRAINING
USING PRECUED ITEMS - SHOULD NEVER BE DONE IN TRAINING
USING PRECUED ITEMS - SHOULD NEVER BE DONE IN TRAINING
USING PRECUED ITEMS - SHOULD NEVER BE DONE IN TRAINING
USING PRECUED ITEMS - SHOULD NEVER BE DONE IN TRAINING
USING PRECUED ITEMS - SHOULD NEVER BE DONE IN TRAINING
USING PRECUED ITEMS - SHOULD NEVER BE DONE IN TRAINING
USING PRECUED ITEMS - SHOULD NEVER BE DONE IN TRAINING
USING PRECUED ITEMS - SHOULD NEVER BE DONE IN TRAINING
USING PRECUED ITEMS - SHOULD NEVER BE DONE IN TRAINING
USING PRECUED ITEMS - SHOULD NEVER BE DONE IN TRAINING
USING PRECUED ITEMS - SHOULD NEVER BE DONE IN TRAINING
USING PRECUED ITEMS - SHOULD NEVER BE DONE IN TRAINING
USING PRECUED ITEMS - SHOULD NEVER BE DONE IN TRAINING
USING PRECUED ITEMS - SHOULD NEVER BE DONE IN TRAINING
USING PRECUED ITEMS - SHOULD NEVER BE DONE IN TRAINING
USING PRECUED ITEMS - SHOULD NEVER BE DONE IN TRAINING
USING PRECUED ITEMS - SHOULD NEVER BE DONE IN TRAINING
USING PRECUED ITEMS - SHOULD NEVER BE DONE IN TRAINING
USING PRECUED ITEMS - SHOULD NEVER BE DONE IN TRAINING
USING PRECUED ITEMS - SHOULD NEVER BE DONE IN TRAINING
USING PRECUED ITEMS - SHOULD NEVER BE DONE IN TRAINING
USING PRECUED ITEMS - SHOULD NEVER BE DONE IN TRAINING
USING PRECUED ITEMS - SHOULD NEVER BE DONE IN TRAINING
USING PRECUED ITEMS - SHOULD NEVER BE DONE IN TRAINING
USING PRECUED ITEMS - SHOULD NEVER BE DONE IN TRAINING
USING PRECUED ITEMS - SHOULD NEVER BE DONE IN TRAINING
USING PRECUED ITEMS - SHOULD NEVER BE DONE IN TRAINING
USING PRECUED ITEMS - SHOULD NEVER BE DONE IN TRAINING
USING PRECUED ITEMS - SHOULD NEVER BE DONE IN TRAINING
[index_cued_first_diffusion_0.3_swap_7_ablated_dir_10] trial 250/288
USING PRECUED ITEMS - SHOULD NEVER BE DONE IN TRAINING
USING PRECUED ITEMS - SHOULD NEVER BE DONE IN TRAINING
USING PRECUED ITEMS - SHOULD NEVER BE DONE IN TRAINING
USING PRECUED ITEMS - SHOULD NEVER BE DONE IN TRAINING
USING PRECUED ITEMS - SHOULD NEVER BE DONE IN TRAINING
USING PRECUED ITEMS - SHOULD NEVER BE DONE IN TRAINING
USING PRECUED ITEMS - SHOULD NEVER BE DONE IN TRAINING
USING PRECUED ITEMS - SHOULD NEVER BE DONE IN TRAINING
USING PRECUED ITEMS - SHOULD NEVER BE DONE IN TRAINING
USING PRECUED ITEMS - SHOULD NEVER BE DONE IN TRAINING
USING PRECUED ITEMS - SHOULD NEVER BE DONE IN TRAINING
USING PRECUED ITEMS - SHOULD NEVER BE DONE IN TRAINING
USING PRECUED ITEMS - SHOULD NEVER BE DONE IN TRAINING
USING PRECUED ITEMS - SHOULD NEVER BE DONE IN TRAINING
USING PRECUED ITEMS - SHOULD NEVER BE DONE IN TRAINING
USING PRECUED ITEMS - SHOULD NEVER BE DONE IN TRAINING
USING PRECUED ITEMS - SHOULD NEVER BE DONE IN TRAINING
USING PRECUED ITEMS - SHOULD NEVER BE DONE IN TRAINING
USING PRECUED ITEMS - SHOULD NEVER BE DONE IN TRAINING
USING PRECUED ITEMS - SHOULD NEVER BE DONE IN TRAINING
USING PRECUED ITEMS - SHOULD NEVER BE DONE IN TRAINING
USING PRECUED ITEMS - SHOULD NEVER BE DONE IN TRAINING
USING PRECUED ITEMS - SHOULD NEVER BE DONE IN TRAINING
USING PRECUED ITEMS - SHOULD NEVER BE DONE IN TRAINING
USING PRECUED ITEMS - SHOULD NEVER BE DONE IN TRAINING
USING PRECUED ITEMS - SHOULD NEVER BE DONE IN TRAINING
USING PRECUED ITEMS - SHOULD NEVER BE DONE IN TRAINING
USING PRECUED ITEMS - SHOULD NEVER BE DONE IN TRAINING
USING PRECUED ITEMS - SHOULD NEVER BE DONE IN TRAINING
USING PRECUED ITEMS - SHOULD NEVER BE DONE IN TRAINING
USING PRECUED ITEMS - SHOULD NEVER BE DONE IN TRAINING
USING PRECUED ITEMS - SHOULD NEVER BE DONE IN TRAINING
USING PRECUED ITEMS - SHOULD NEVER BE DONE IN TRAINING
USING PRECUED ITEMS - SHOULD NEVER BE DONE IN TRAINING
USING PRECUED ITEMS - SHOULD NEVER BE DONE IN TRAINING
USING PRECUED ITEMS - SHOULD NEVER BE DONE IN TRAINING
USING PRECUED ITEMS - SHOULD NEVER BE DONE IN TRAINING
USING PRECUED ITEMS - SHOULD NEVER BE DONE IN TRAINING
  Comparing ablation 10 -> student index_cued_first_diffusion_0.3_swap_recovery_ablation_0_0
  Comparing ablation 10 -> student index_cued_first_diffusion_0.3_swap_recovery_ablation_1_0
  Comparing ablation 10 -> student index_cued_first_diffusion_0.3_swap_recovery_ablation_4_0
  Comparing ablation 10 -> student index_cued_first_diffusion_0.3_swap_recovery_ablation_5_0
  Comparing ablation 10 -> student index_cued_first_diffusion_0.3_swap_recovery_ablation_6_0
  Comparing ablation 10 -> student index_cued_first_diffusion_0.3_swap_ablation_7_1

======================================================================
Processing ablation direction 11
[index_cued_first_diffusion_0.3_swap_7_ablated_dir_11] using ablation direction key: nullspace_11
[index_cued_first_diffusion_0.3_swap_7_ablated_dir_11] trial 0/288
USING PRECUED ITEMS - SHOULD NEVER BE DONE IN TRAINING
USING PRECUED ITEMS - SHOULD NEVER BE DONE IN TRAINING
USING PRECUED ITEMS - SHOULD NEVER BE DONE IN TRAINING
USING PRECUED ITEMS - SHOULD NEVER BE DONE IN TRAINING
USING PRECUED ITEMS - SHOULD NEVER BE DONE IN TRAINING
USING PRECUED ITEMS - SHOULD NEVER BE DONE IN TRAINING
USING PRECUED ITEMS - SHOULD NEVER BE DONE IN TRAINING
USING PRECUED ITEMS - SHOULD NEVER BE DONE IN TRAINING
USING PRECUED ITEMS - SHOULD NEVER BE DONE IN TRAINING
USING PRECUED ITEMS - SHOULD NEVER BE DONE IN TRAINING
USING PRECUED ITEMS - SHOULD NEVER BE DONE IN TRAINING
USING PRECUED ITEMS - SHOULD NEVER BE DONE IN TRAINING
USING PRECUED ITEMS - SHOULD NEVER BE DONE IN TRAINING
USING PRECUED ITEMS - SHOULD NEVER BE DONE IN TRAINING
USING PRECUED ITEMS - SHOULD NEVER BE DONE IN TRAINING
USING PRECUED ITEMS - SHOULD NEVER BE DONE IN TRAINING
USING PRECUED ITEMS - SHOULD NEVER BE DONE IN TRAINING
USING PRECUED ITEMS - SHOULD NEVER BE DONE IN TRAINING
USING PRECUED ITEMS - SHOULD NEVER BE DONE IN TRAINING
USING PRECUED ITEMS - SHOULD NEVER BE DONE IN TRAINING
USING PRECUED ITEMS - SHOULD NEVER BE DONE IN TRAINING
USING PRECUED ITEMS - SHOULD NEVER BE DONE IN TRAINING
USING PRECUED ITEMS - SHOULD NEVER BE DONE IN TRAINING
USING PRECUED ITEMS - SHOULD NEVER BE DONE IN TRAINING
USING PRECUED ITEMS - SHOULD NEVER BE DONE IN TRAINING
USING PRECUED ITEMS - SHOULD NEVER BE DONE IN TRAINING
USING PRECUED ITEMS - SHOULD NEVER BE DONE IN TRAINING
USING PRECUED ITEMS - SHOULD NEVER BE DONE IN TRAINING
USING PRECUED ITEMS - SHOULD NEVER BE DONE IN TRAINING
USING PRECUED ITEMS - SHOULD NEVER BE DONE IN TRAINING
USING PRECUED ITEMS - SHOULD NEVER BE DONE IN TRAINING
USING PRECUED ITEMS - SHOULD NEVER BE DONE IN TRAINING
USING PRECUED ITEMS - SHOULD NEVER BE DONE IN TRAINING
USING PRECUED ITEMS - SHOULD NEVER BE DONE IN TRAINING
USING PRECUED ITEMS - SHOULD NEVER BE DONE IN TRAINING
USING PRECUED ITEMS - SHOULD NEVER BE DONE IN TRAINING
USING PRECUED ITEMS - SHOULD NEVER BE DONE IN TRAINING
USING PRECUED ITEMS - SHOULD NEVER BE DONE IN TRAINING
USING PRECUED ITEMS - SHOULD NEVER BE DONE IN TRAINING
USING PRECUED ITEMS - SHOULD NEVER BE DONE IN TRAINING
USING PRECUED ITEMS - SHOULD NEVER BE DONE IN TRAINING
USING PRECUED ITEMS - SHOULD NEVER BE DONE IN TRAINING
USING PRECUED ITEMS - SHOULD NEVER BE DONE IN TRAINING
USING PRECUED ITEMS - SHOULD NEVER BE DONE IN TRAINING
USING PRECUED ITEMS - SHOULD NEVER BE DONE IN TRAINING
USING PRECUED ITEMS - SHOULD NEVER BE DONE IN TRAINING
USING PRECUED ITEMS - SHOULD NEVER BE DONE IN TRAINING
USING PRECUED ITEMS - SHOULD NEVER BE DONE IN TRAINING
USING PRECUED ITEMS - SHOULD NEVER BE DONE IN TRAINING
USING PRECUED ITEMS - SHOULD NEVER BE DONE IN TRAINING
[index_cued_first_diffusion_0.3_swap_7_ablated_dir_11] trial 50/288
USING PRECUED ITEMS - SHOULD NEVER BE DONE IN TRAINING
USING PRECUED ITEMS - SHOULD NEVER BE DONE IN TRAINING
USING PRECUED ITEMS - SHOULD NEVER BE DONE IN TRAINING
USING PRECUED ITEMS - SHOULD NEVER BE DONE IN TRAINING
USING PRECUED ITEMS - SHOULD NEVER BE DONE IN TRAINING
USING PRECUED ITEMS - SHOULD NEVER BE DONE IN TRAINING
USING PRECUED ITEMS - SHOULD NEVER BE DONE IN TRAINING
USING PRECUED ITEMS - SHOULD NEVER BE DONE IN TRAINING
USING PRECUED ITEMS - SHOULD NEVER BE DONE IN TRAINING
USING PRECUED ITEMS - SHOULD NEVER BE DONE IN TRAINING
USING PRECUED ITEMS - SHOULD NEVER BE DONE IN TRAINING
USING PRECUED ITEMS - SHOULD NEVER BE DONE IN TRAINING
USING PRECUED ITEMS - SHOULD NEVER BE DONE IN TRAINING
USING PRECUED ITEMS - SHOULD NEVER BE DONE IN TRAINING
USING PRECUED ITEMS - SHOULD NEVER BE DONE IN TRAINING
USING PRECUED ITEMS - SHOULD NEVER BE DONE IN TRAINING
USING PRECUED ITEMS - SHOULD NEVER BE DONE IN TRAINING
USING PRECUED ITEMS - SHOULD NEVER BE DONE IN TRAINING
USING PRECUED ITEMS - SHOULD NEVER BE DONE IN TRAINING
USING PRECUED ITEMS - SHOULD NEVER BE DONE IN TRAINING
USING PRECUED ITEMS - SHOULD NEVER BE DONE IN TRAINING
USING PRECUED ITEMS - SHOULD NEVER BE DONE IN TRAINING
USING PRECUED ITEMS - SHOULD NEVER BE DONE IN TRAINING
USING PRECUED ITEMS - SHOULD NEVER BE DONE IN TRAINING
USING PRECUED ITEMS - SHOULD NEVER BE DONE IN TRAINING
USING PRECUED ITEMS - SHOULD NEVER BE DONE IN TRAINING
USING PRECUED ITEMS - SHOULD NEVER BE DONE IN TRAINING
USING PRECUED ITEMS - SHOULD NEVER BE DONE IN TRAINING
USING PRECUED ITEMS - SHOULD NEVER BE DONE IN TRAINING
USING PRECUED ITEMS - SHOULD NEVER BE DONE IN TRAINING
USING PRECUED ITEMS - SHOULD NEVER BE DONE IN TRAINING
USING PRECUED ITEMS - SHOULD NEVER BE DONE IN TRAINING
USING PRECUED ITEMS - SHOULD NEVER BE DONE IN TRAINING
USING PRECUED ITEMS - SHOULD NEVER BE DONE IN TRAINING
USING PRECUED ITEMS - SHOULD NEVER BE DONE IN TRAINING
USING PRECUED ITEMS - SHOULD NEVER BE DONE IN TRAINING
USING PRECUED ITEMS - SHOULD NEVER BE DONE IN TRAINING
USING PRECUED ITEMS - SHOULD NEVER BE DONE IN TRAINING
USING PRECUED ITEMS - SHOULD NEVER BE DONE IN TRAINING
USING PRECUED ITEMS - SHOULD NEVER BE DONE IN TRAINING
USING PRECUED ITEMS - SHOULD NEVER BE DONE IN TRAINING
USING PRECUED ITEMS - SHOULD NEVER BE DONE IN TRAINING
USING PRECUED ITEMS - SHOULD NEVER BE DONE IN TRAINING
USING PRECUED ITEMS - SHOULD NEVER BE DONE IN TRAINING
USING PRECUED ITEMS - SHOULD NEVER BE DONE IN TRAINING
USING PRECUED ITEMS - SHOULD NEVER BE DONE IN TRAINING
USING PRECUED ITEMS - SHOULD NEVER BE DONE IN TRAINING
USING PRECUED ITEMS - SHOULD NEVER BE DONE IN TRAINING
USING PRECUED ITEMS - SHOULD NEVER BE DONE IN TRAINING
USING PRECUED ITEMS - SHOULD NEVER BE DONE IN TRAINING
[index_cued_first_diffusion_0.3_swap_7_ablated_dir_11] trial 100/288
USING PRECUED ITEMS - SHOULD NEVER BE DONE IN TRAINING
USING PRECUED ITEMS - SHOULD NEVER BE DONE IN TRAINING
USING PRECUED ITEMS - SHOULD NEVER BE DONE IN TRAINING
USING PRECUED ITEMS - SHOULD NEVER BE DONE IN TRAINING
USING PRECUED ITEMS - SHOULD NEVER BE DONE IN TRAINING
USING PRECUED ITEMS - SHOULD NEVER BE DONE IN TRAINING
USING PRECUED ITEMS - SHOULD NEVER BE DONE IN TRAINING
USING PRECUED ITEMS - SHOULD NEVER BE DONE IN TRAINING
USING PRECUED ITEMS - SHOULD NEVER BE DONE IN TRAINING
USING PRECUED ITEMS - SHOULD NEVER BE DONE IN TRAINING
USING PRECUED ITEMS - SHOULD NEVER BE DONE IN TRAINING
USING PRECUED ITEMS - SHOULD NEVER BE DONE IN TRAINING
USING PRECUED ITEMS - SHOULD NEVER BE DONE IN TRAINING
USING PRECUED ITEMS - SHOULD NEVER BE DONE IN TRAINING
USING PRECUED ITEMS - SHOULD NEVER BE DONE IN TRAINING
USING PRECUED ITEMS - SHOULD NEVER BE DONE IN TRAINING
USING PRECUED ITEMS - SHOULD NEVER BE DONE IN TRAINING
USING PRECUED ITEMS - SHOULD NEVER BE DONE IN TRAINING
USING PRECUED ITEMS - SHOULD NEVER BE DONE IN TRAINING
USING PRECUED ITEMS - SHOULD NEVER BE DONE IN TRAINING
USING PRECUED ITEMS - SHOULD NEVER BE DONE IN TRAINING
USING PRECUED ITEMS - SHOULD NEVER BE DONE IN TRAINING
USING PRECUED ITEMS - SHOULD NEVER BE DONE IN TRAINING
USING PRECUED ITEMS - SHOULD NEVER BE DONE IN TRAINING
USING PRECUED ITEMS - SHOULD NEVER BE DONE IN TRAINING
USING PRECUED ITEMS - SHOULD NEVER BE DONE IN TRAINING
USING PRECUED ITEMS - SHOULD NEVER BE DONE IN TRAINING
USING PRECUED ITEMS - SHOULD NEVER BE DONE IN TRAINING
USING PRECUED ITEMS - SHOULD NEVER BE DONE IN TRAINING
USING PRECUED ITEMS - SHOULD NEVER BE DONE IN TRAINING
USING PRECUED ITEMS - SHOULD NEVER BE DONE IN TRAINING
USING PRECUED ITEMS - SHOULD NEVER BE DONE IN TRAINING
USING PRECUED ITEMS - SHOULD NEVER BE DONE IN TRAINING
USING PRECUED ITEMS - SHOULD NEVER BE DONE IN TRAINING
USING PRECUED ITEMS - SHOULD NEVER BE DONE IN TRAINING
USING PRECUED ITEMS - SHOULD NEVER BE DONE IN TRAINING
USING PRECUED ITEMS - SHOULD NEVER BE DONE IN TRAINING
USING PRECUED ITEMS - SHOULD NEVER BE DONE IN TRAINING
USING PRECUED ITEMS - SHOULD NEVER BE DONE IN TRAINING
USING PRECUED ITEMS - SHOULD NEVER BE DONE IN TRAINING
USING PRECUED ITEMS - SHOULD NEVER BE DONE IN TRAINING
USING PRECUED ITEMS - SHOULD NEVER BE DONE IN TRAINING
USING PRECUED ITEMS - SHOULD NEVER BE DONE IN TRAINING
USING PRECUED ITEMS - SHOULD NEVER BE DONE IN TRAINING
USING PRECUED ITEMS - SHOULD NEVER BE DONE IN TRAINING
USING PRECUED ITEMS - SHOULD NEVER BE DONE IN TRAINING
USING PRECUED ITEMS - SHOULD NEVER BE DONE IN TRAINING
USING PRECUED ITEMS - SHOULD NEVER BE DONE IN TRAINING
USING PRECUED ITEMS - SHOULD NEVER BE DONE IN TRAINING
USING PRECUED ITEMS - SHOULD NEVER BE DONE IN TRAINING
[index_cued_first_diffusion_0.3_swap_7_ablated_dir_11] trial 150/288
USING PRECUED ITEMS - SHOULD NEVER BE DONE IN TRAINING
USING PRECUED ITEMS - SHOULD NEVER BE DONE IN TRAINING
USING PRECUED ITEMS - SHOULD NEVER BE DONE IN TRAINING
USING PRECUED ITEMS - SHOULD NEVER BE DONE IN TRAINING
USING PRECUED ITEMS - SHOULD NEVER BE DONE IN TRAINING
USING PRECUED ITEMS - SHOULD NEVER BE DONE IN TRAINING
USING PRECUED ITEMS - SHOULD NEVER BE DONE IN TRAINING
USING PRECUED ITEMS - SHOULD NEVER BE DONE IN TRAINING
USING PRECUED ITEMS - SHOULD NEVER BE DONE IN TRAINING
USING PRECUED ITEMS - SHOULD NEVER BE DONE IN TRAINING
USING PRECUED ITEMS - SHOULD NEVER BE DONE IN TRAINING
USING PRECUED ITEMS - SHOULD NEVER BE DONE IN TRAINING
USING PRECUED ITEMS - SHOULD NEVER BE DONE IN TRAINING
USING PRECUED ITEMS - SHOULD NEVER BE DONE IN TRAINING
USING PRECUED ITEMS - SHOULD NEVER BE DONE IN TRAINING
USING PRECUED ITEMS - SHOULD NEVER BE DONE IN TRAINING
USING PRECUED ITEMS - SHOULD NEVER BE DONE IN TRAINING
USING PRECUED ITEMS - SHOULD NEVER BE DONE IN TRAINING
USING PRECUED ITEMS - SHOULD NEVER BE DONE IN TRAINING
USING PRECUED ITEMS - SHOULD NEVER BE DONE IN TRAINING
USING PRECUED ITEMS - SHOULD NEVER BE DONE IN TRAINING
USING PRECUED ITEMS - SHOULD NEVER BE DONE IN TRAINING
USING PRECUED ITEMS - SHOULD NEVER BE DONE IN TRAINING
USING PRECUED ITEMS - SHOULD NEVER BE DONE IN TRAINING
USING PRECUED ITEMS - SHOULD NEVER BE DONE IN TRAINING
USING PRECUED ITEMS - SHOULD NEVER BE DONE IN TRAINING
USING PRECUED ITEMS - SHOULD NEVER BE DONE IN TRAINING
USING PRECUED ITEMS - SHOULD NEVER BE DONE IN TRAINING
USING PRECUED ITEMS - SHOULD NEVER BE DONE IN TRAINING
USING PRECUED ITEMS - SHOULD NEVER BE DONE IN TRAINING
USING PRECUED ITEMS - SHOULD NEVER BE DONE IN TRAINING
USING PRECUED ITEMS - SHOULD NEVER BE DONE IN TRAINING
USING PRECUED ITEMS - SHOULD NEVER BE DONE IN TRAINING
USING PRECUED ITEMS - SHOULD NEVER BE DONE IN TRAINING
USING PRECUED ITEMS - SHOULD NEVER BE DONE IN TRAINING
USING PRECUED ITEMS - SHOULD NEVER BE DONE IN TRAINING
USING PRECUED ITEMS - SHOULD NEVER BE DONE IN TRAINING
USING PRECUED ITEMS - SHOULD NEVER BE DONE IN TRAINING
USING PRECUED ITEMS - SHOULD NEVER BE DONE IN TRAINING
USING PRECUED ITEMS - SHOULD NEVER BE DONE IN TRAINING
USING PRECUED ITEMS - SHOULD NEVER BE DONE IN TRAINING
USING PRECUED ITEMS - SHOULD NEVER BE DONE IN TRAINING
USING PRECUED ITEMS - SHOULD NEVER BE DONE IN TRAINING
USING PRECUED ITEMS - SHOULD NEVER BE DONE IN TRAINING
USING PRECUED ITEMS - SHOULD NEVER BE DONE IN TRAINING
USING PRECUED ITEMS - SHOULD NEVER BE DONE IN TRAINING
USING PRECUED ITEMS - SHOULD NEVER BE DONE IN TRAINING
USING PRECUED ITEMS - SHOULD NEVER BE DONE IN TRAINING
USING PRECUED ITEMS - SHOULD NEVER BE DONE IN TRAINING
USING PRECUED ITEMS - SHOULD NEVER BE DONE IN TRAINING
[index_cued_first_diffusion_0.3_swap_7_ablated_dir_11] trial 200/288
USING PRECUED ITEMS - SHOULD NEVER BE DONE IN TRAINING
USING PRECUED ITEMS - SHOULD NEVER BE DONE IN TRAINING
USING PRECUED ITEMS - SHOULD NEVER BE DONE IN TRAINING
USING PRECUED ITEMS - SHOULD NEVER BE DONE IN TRAINING
USING PRECUED ITEMS - SHOULD NEVER BE DONE IN TRAINING
USING PRECUED ITEMS - SHOULD NEVER BE DONE IN TRAINING
USING PRECUED ITEMS - SHOULD NEVER BE DONE IN TRAINING
USING PRECUED ITEMS - SHOULD NEVER BE DONE IN TRAINING
USING PRECUED ITEMS - SHOULD NEVER BE DONE IN TRAINING
USING PRECUED ITEMS - SHOULD NEVER BE DONE IN TRAINING
USING PRECUED ITEMS - SHOULD NEVER BE DONE IN TRAINING
USING PRECUED ITEMS - SHOULD NEVER BE DONE IN TRAINING
USING PRECUED ITEMS - SHOULD NEVER BE DONE IN TRAINING
USING PRECUED ITEMS - SHOULD NEVER BE DONE IN TRAINING
USING PRECUED ITEMS - SHOULD NEVER BE DONE IN TRAINING
USING PRECUED ITEMS - SHOULD NEVER BE DONE IN TRAINING
USING PRECUED ITEMS - SHOULD NEVER BE DONE IN TRAINING
USING PRECUED ITEMS - SHOULD NEVER BE DONE IN TRAINING
USING PRECUED ITEMS - SHOULD NEVER BE DONE IN TRAINING
USING PRECUED ITEMS - SHOULD NEVER BE DONE IN TRAINING
USING PRECUED ITEMS - SHOULD NEVER BE DONE IN TRAINING
USING PRECUED ITEMS - SHOULD NEVER BE DONE IN TRAINING
USING PRECUED ITEMS - SHOULD NEVER BE DONE IN TRAINING
USING PRECUED ITEMS - SHOULD NEVER BE DONE IN TRAINING
USING PRECUED ITEMS - SHOULD NEVER BE DONE IN TRAINING
USING PRECUED ITEMS - SHOULD NEVER BE DONE IN TRAINING
USING PRECUED ITEMS - SHOULD NEVER BE DONE IN TRAINING
USING PRECUED ITEMS - SHOULD NEVER BE DONE IN TRAINING
USING PRECUED ITEMS - SHOULD NEVER BE DONE IN TRAINING
USING PRECUED ITEMS - SHOULD NEVER BE DONE IN TRAINING
USING PRECUED ITEMS - SHOULD NEVER BE DONE IN TRAINING
USING PRECUED ITEMS - SHOULD NEVER BE DONE IN TRAINING
USING PRECUED ITEMS - SHOULD NEVER BE DONE IN TRAINING
USING PRECUED ITEMS - SHOULD NEVER BE DONE IN TRAINING
USING PRECUED ITEMS - SHOULD NEVER BE DONE IN TRAINING
USING PRECUED ITEMS - SHOULD NEVER BE DONE IN TRAINING
USING PRECUED ITEMS - SHOULD NEVER BE DONE IN TRAINING
USING PRECUED ITEMS - SHOULD NEVER BE DONE IN TRAINING
USING PRECUED ITEMS - SHOULD NEVER BE DONE IN TRAINING
USING PRECUED ITEMS - SHOULD NEVER BE DONE IN TRAINING
USING PRECUED ITEMS - SHOULD NEVER BE DONE IN TRAINING
USING PRECUED ITEMS - SHOULD NEVER BE DONE IN TRAINING
USING PRECUED ITEMS - SHOULD NEVER BE DONE IN TRAINING
USING PRECUED ITEMS - SHOULD NEVER BE DONE IN TRAINING
USING PRECUED ITEMS - SHOULD NEVER BE DONE IN TRAINING
USING PRECUED ITEMS - SHOULD NEVER BE DONE IN TRAINING
USING PRECUED ITEMS - SHOULD NEVER BE DONE IN TRAINING
USING PRECUED ITEMS - SHOULD NEVER BE DONE IN TRAINING
USING PRECUED ITEMS - SHOULD NEVER BE DONE IN TRAINING
USING PRECUED ITEMS - SHOULD NEVER BE DONE IN TRAINING
[index_cued_first_diffusion_0.3_swap_7_ablated_dir_11] trial 250/288
USING PRECUED ITEMS - SHOULD NEVER BE DONE IN TRAINING
USING PRECUED ITEMS - SHOULD NEVER BE DONE IN TRAINING
USING PRECUED ITEMS - SHOULD NEVER BE DONE IN TRAINING
USING PRECUED ITEMS - SHOULD NEVER BE DONE IN TRAINING
USING PRECUED ITEMS - SHOULD NEVER BE DONE IN TRAINING
USING PRECUED ITEMS - SHOULD NEVER BE DONE IN TRAINING
USING PRECUED ITEMS - SHOULD NEVER BE DONE IN TRAINING
USING PRECUED ITEMS - SHOULD NEVER BE DONE IN TRAINING
USING PRECUED ITEMS - SHOULD NEVER BE DONE IN TRAINING
USING PRECUED ITEMS - SHOULD NEVER BE DONE IN TRAINING
USING PRECUED ITEMS - SHOULD NEVER BE DONE IN TRAINING
USING PRECUED ITEMS - SHOULD NEVER BE DONE IN TRAINING
USING PRECUED ITEMS - SHOULD NEVER BE DONE IN TRAINING
USING PRECUED ITEMS - SHOULD NEVER BE DONE IN TRAINING
USING PRECUED ITEMS - SHOULD NEVER BE DONE IN TRAINING
USING PRECUED ITEMS - SHOULD NEVER BE DONE IN TRAINING
USING PRECUED ITEMS - SHOULD NEVER BE DONE IN TRAINING
USING PRECUED ITEMS - SHOULD NEVER BE DONE IN TRAINING
USING PRECUED ITEMS - SHOULD NEVER BE DONE IN TRAINING
USING PRECUED ITEMS - SHOULD NEVER BE DONE IN TRAINING
USING PRECUED ITEMS - SHOULD NEVER BE DONE IN TRAINING
USING PRECUED ITEMS - SHOULD NEVER BE DONE IN TRAINING
USING PRECUED ITEMS - SHOULD NEVER BE DONE IN TRAINING
USING PRECUED ITEMS - SHOULD NEVER BE DONE IN TRAINING
USING PRECUED ITEMS - SHOULD NEVER BE DONE IN TRAINING
USING PRECUED ITEMS - SHOULD NEVER BE DONE IN TRAINING
USING PRECUED ITEMS - SHOULD NEVER BE DONE IN TRAINING
USING PRECUED ITEMS - SHOULD NEVER BE DONE IN TRAINING
USING PRECUED ITEMS - SHOULD NEVER BE DONE IN TRAINING
USING PRECUED ITEMS - SHOULD NEVER BE DONE IN TRAINING
USING PRECUED ITEMS - SHOULD NEVER BE DONE IN TRAINING
USING PRECUED ITEMS - SHOULD NEVER BE DONE IN TRAINING
USING PRECUED ITEMS - SHOULD NEVER BE DONE IN TRAINING
USING PRECUED ITEMS - SHOULD NEVER BE DONE IN TRAINING
USING PRECUED ITEMS - SHOULD NEVER BE DONE IN TRAINING
USING PRECUED ITEMS - SHOULD NEVER BE DONE IN TRAINING
USING PRECUED ITEMS - SHOULD NEVER BE DONE IN TRAINING
USING PRECUED ITEMS - SHOULD NEVER BE DONE IN TRAINING
  Comparing ablation 11 -> student index_cued_first_diffusion_0.3_swap_recovery_ablation_0_0
  Comparing ablation 11 -> student index_cued_first_diffusion_0.3_swap_recovery_ablation_1_0
  Comparing ablation 11 -> student index_cued_first_diffusion_0.3_swap_recovery_ablation_4_0
  Comparing ablation 11 -> student index_cued_first_diffusion_0.3_swap_recovery_ablation_5_0
  Comparing ablation 11 -> student index_cued_first_diffusion_0.3_swap_recovery_ablation_6_0
  Comparing ablation 11 -> student index_cued_first_diffusion_0.3_swap_ablation_7_1

======================================================================
Processing ablation direction 12
[index_cued_first_diffusion_0.3_swap_7_ablated_dir_12] using ablation direction key: nullspace_12
[index_cued_first_diffusion_0.3_swap_7_ablated_dir_12] trial 0/288
USING PRECUED ITEMS - SHOULD NEVER BE DONE IN TRAINING
USING PRECUED ITEMS - SHOULD NEVER BE DONE IN TRAINING
USING PRECUED ITEMS - SHOULD NEVER BE DONE IN TRAINING
USING PRECUED ITEMS - SHOULD NEVER BE DONE IN TRAINING
USING PRECUED ITEMS - SHOULD NEVER BE DONE IN TRAINING
USING PRECUED ITEMS - SHOULD NEVER BE DONE IN TRAINING
USING PRECUED ITEMS - SHOULD NEVER BE DONE IN TRAINING
USING PRECUED ITEMS - SHOULD NEVER BE DONE IN TRAINING
USING PRECUED ITEMS - SHOULD NEVER BE DONE IN TRAINING
USING PRECUED ITEMS - SHOULD NEVER BE DONE IN TRAINING
USING PRECUED ITEMS - SHOULD NEVER BE DONE IN TRAINING
USING PRECUED ITEMS - SHOULD NEVER BE DONE IN TRAINING
USING PRECUED ITEMS - SHOULD NEVER BE DONE IN TRAINING
USING PRECUED ITEMS - SHOULD NEVER BE DONE IN TRAINING
USING PRECUED ITEMS - SHOULD NEVER BE DONE IN TRAINING
USING PRECUED ITEMS - SHOULD NEVER BE DONE IN TRAINING
USING PRECUED ITEMS - SHOULD NEVER BE DONE IN TRAINING
USING PRECUED ITEMS - SHOULD NEVER BE DONE IN TRAINING
USING PRECUED ITEMS - SHOULD NEVER BE DONE IN TRAINING
USING PRECUED ITEMS - SHOULD NEVER BE DONE IN TRAINING
USING PRECUED ITEMS - SHOULD NEVER BE DONE IN TRAINING
USING PRECUED ITEMS - SHOULD NEVER BE DONE IN TRAINING
USING PRECUED ITEMS - SHOULD NEVER BE DONE IN TRAINING
USING PRECUED ITEMS - SHOULD NEVER BE DONE IN TRAINING
USING PRECUED ITEMS - SHOULD NEVER BE DONE IN TRAINING
USING PRECUED ITEMS - SHOULD NEVER BE DONE IN TRAINING
USING PRECUED ITEMS - SHOULD NEVER BE DONE IN TRAINING
USING PRECUED ITEMS - SHOULD NEVER BE DONE IN TRAINING
USING PRECUED ITEMS - SHOULD NEVER BE DONE IN TRAINING
USING PRECUED ITEMS - SHOULD NEVER BE DONE IN TRAINING
USING PRECUED ITEMS - SHOULD NEVER BE DONE IN TRAINING
USING PRECUED ITEMS - SHOULD NEVER BE DONE IN TRAINING
USING PRECUED ITEMS - SHOULD NEVER BE DONE IN TRAINING
USING PRECUED ITEMS - SHOULD NEVER BE DONE IN TRAINING
USING PRECUED ITEMS - SHOULD NEVER BE DONE IN TRAINING
USING PRECUED ITEMS - SHOULD NEVER BE DONE IN TRAINING
USING PRECUED ITEMS - SHOULD NEVER BE DONE IN TRAINING
USING PRECUED ITEMS - SHOULD NEVER BE DONE IN TRAINING
USING PRECUED ITEMS - SHOULD NEVER BE DONE IN TRAINING
USING PRECUED ITEMS - SHOULD NEVER BE DONE IN TRAINING
USING PRECUED ITEMS - SHOULD NEVER BE DONE IN TRAINING
USING PRECUED ITEMS - SHOULD NEVER BE DONE IN TRAINING
USING PRECUED ITEMS - SHOULD NEVER BE DONE IN TRAINING
USING PRECUED ITEMS - SHOULD NEVER BE DONE IN TRAINING
USING PRECUED ITEMS - SHOULD NEVER BE DONE IN TRAINING
USING PRECUED ITEMS - SHOULD NEVER BE DONE IN TRAINING
USING PRECUED ITEMS - SHOULD NEVER BE DONE IN TRAINING
USING PRECUED ITEMS - SHOULD NEVER BE DONE IN TRAINING
USING PRECUED ITEMS - SHOULD NEVER BE DONE IN TRAINING
USING PRECUED ITEMS - SHOULD NEVER BE DONE IN TRAINING
[index_cued_first_diffusion_0.3_swap_7_ablated_dir_12] trial 50/288
USING PRECUED ITEMS - SHOULD NEVER BE DONE IN TRAINING
USING PRECUED ITEMS - SHOULD NEVER BE DONE IN TRAINING
USING PRECUED ITEMS - SHOULD NEVER BE DONE IN TRAINING
USING PRECUED ITEMS - SHOULD NEVER BE DONE IN TRAINING
USING PRECUED ITEMS - SHOULD NEVER BE DONE IN TRAINING
USING PRECUED ITEMS - SHOULD NEVER BE DONE IN TRAINING
USING PRECUED ITEMS - SHOULD NEVER BE DONE IN TRAINING
USING PRECUED ITEMS - SHOULD NEVER BE DONE IN TRAINING
USING PRECUED ITEMS - SHOULD NEVER BE DONE IN TRAINING
USING PRECUED ITEMS - SHOULD NEVER BE DONE IN TRAINING
USING PRECUED ITEMS - SHOULD NEVER BE DONE IN TRAINING
USING PRECUED ITEMS - SHOULD NEVER BE DONE IN TRAINING
USING PRECUED ITEMS - SHOULD NEVER BE DONE IN TRAINING
USING PRECUED ITEMS - SHOULD NEVER BE DONE IN TRAINING
USING PRECUED ITEMS - SHOULD NEVER BE DONE IN TRAINING
USING PRECUED ITEMS - SHOULD NEVER BE DONE IN TRAINING
USING PRECUED ITEMS - SHOULD NEVER BE DONE IN TRAINING
USING PRECUED ITEMS - SHOULD NEVER BE DONE IN TRAINING
USING PRECUED ITEMS - SHOULD NEVER BE DONE IN TRAINING
USING PRECUED ITEMS - SHOULD NEVER BE DONE IN TRAINING
USING PRECUED ITEMS - SHOULD NEVER BE DONE IN TRAINING
USING PRECUED ITEMS - SHOULD NEVER BE DONE IN TRAINING
USING PRECUED ITEMS - SHOULD NEVER BE DONE IN TRAINING
USING PRECUED ITEMS - SHOULD NEVER BE DONE IN TRAINING
USING PRECUED ITEMS - SHOULD NEVER BE DONE IN TRAINING
USING PRECUED ITEMS - SHOULD NEVER BE DONE IN TRAINING
USING PRECUED ITEMS - SHOULD NEVER BE DONE IN TRAINING
USING PRECUED ITEMS - SHOULD NEVER BE DONE IN TRAINING
USING PRECUED ITEMS - SHOULD NEVER BE DONE IN TRAINING
USING PRECUED ITEMS - SHOULD NEVER BE DONE IN TRAINING
USING PRECUED ITEMS - SHOULD NEVER BE DONE IN TRAINING
USING PRECUED ITEMS - SHOULD NEVER BE DONE IN TRAINING
USING PRECUED ITEMS - SHOULD NEVER BE DONE IN TRAINING
USING PRECUED ITEMS - SHOULD NEVER BE DONE IN TRAINING
USING PRECUED ITEMS - SHOULD NEVER BE DONE IN TRAINING
USING PRECUED ITEMS - SHOULD NEVER BE DONE IN TRAINING
USING PRECUED ITEMS - SHOULD NEVER BE DONE IN TRAINING
USING PRECUED ITEMS - SHOULD NEVER BE DONE IN TRAINING
USING PRECUED ITEMS - SHOULD NEVER BE DONE IN TRAINING
USING PRECUED ITEMS - SHOULD NEVER BE DONE IN TRAINING
USING PRECUED ITEMS - SHOULD NEVER BE DONE IN TRAINING
USING PRECUED ITEMS - SHOULD NEVER BE DONE IN TRAINING
USING PRECUED ITEMS - SHOULD NEVER BE DONE IN TRAINING
USING PRECUED ITEMS - SHOULD NEVER BE DONE IN TRAINING
USING PRECUED ITEMS - SHOULD NEVER BE DONE IN TRAINING
USING PRECUED ITEMS - SHOULD NEVER BE DONE IN TRAINING
USING PRECUED ITEMS - SHOULD NEVER BE DONE IN TRAINING
USING PRECUED ITEMS - SHOULD NEVER BE DONE IN TRAINING
USING PRECUED ITEMS - SHOULD NEVER BE DONE IN TRAINING
USING PRECUED ITEMS - SHOULD NEVER BE DONE IN TRAINING
[index_cued_first_diffusion_0.3_swap_7_ablated_dir_12] trial 100/288
USING PRECUED ITEMS - SHOULD NEVER BE DONE IN TRAINING
USING PRECUED ITEMS - SHOULD NEVER BE DONE IN TRAINING
USING PRECUED ITEMS - SHOULD NEVER BE DONE IN TRAINING
USING PRECUED ITEMS - SHOULD NEVER BE DONE IN TRAINING
USING PRECUED ITEMS - SHOULD NEVER BE DONE IN TRAINING
USING PRECUED ITEMS - SHOULD NEVER BE DONE IN TRAINING
USING PRECUED ITEMS - SHOULD NEVER BE DONE IN TRAINING
USING PRECUED ITEMS - SHOULD NEVER BE DONE IN TRAINING
USING PRECUED ITEMS - SHOULD NEVER BE DONE IN TRAINING
USING PRECUED ITEMS - SHOULD NEVER BE DONE IN TRAINING
USING PRECUED ITEMS - SHOULD NEVER BE DONE IN TRAINING
USING PRECUED ITEMS - SHOULD NEVER BE DONE IN TRAINING
USING PRECUED ITEMS - SHOULD NEVER BE DONE IN TRAINING
USING PRECUED ITEMS - SHOULD NEVER BE DONE IN TRAINING
USING PRECUED ITEMS - SHOULD NEVER BE DONE IN TRAINING
USING PRECUED ITEMS - SHOULD NEVER BE DONE IN TRAINING
USING PRECUED ITEMS - SHOULD NEVER BE DONE IN TRAINING
USING PRECUED ITEMS - SHOULD NEVER BE DONE IN TRAINING
USING PRECUED ITEMS - SHOULD NEVER BE DONE IN TRAINING
USING PRECUED ITEMS - SHOULD NEVER BE DONE IN TRAINING
USING PRECUED ITEMS - SHOULD NEVER BE DONE IN TRAINING
USING PRECUED ITEMS - SHOULD NEVER BE DONE IN TRAINING
USING PRECUED ITEMS - SHOULD NEVER BE DONE IN TRAINING
USING PRECUED ITEMS - SHOULD NEVER BE DONE IN TRAINING
USING PRECUED ITEMS - SHOULD NEVER BE DONE IN TRAINING
USING PRECUED ITEMS - SHOULD NEVER BE DONE IN TRAINING
USING PRECUED ITEMS - SHOULD NEVER BE DONE IN TRAINING
USING PRECUED ITEMS - SHOULD NEVER BE DONE IN TRAINING
USING PRECUED ITEMS - SHOULD NEVER BE DONE IN TRAINING
USING PRECUED ITEMS - SHOULD NEVER BE DONE IN TRAINING
USING PRECUED ITEMS - SHOULD NEVER BE DONE IN TRAINING
USING PRECUED ITEMS - SHOULD NEVER BE DONE IN TRAINING
USING PRECUED ITEMS - SHOULD NEVER BE DONE IN TRAINING
USING PRECUED ITEMS - SHOULD NEVER BE DONE IN TRAINING
USING PRECUED ITEMS - SHOULD NEVER BE DONE IN TRAINING
USING PRECUED ITEMS - SHOULD NEVER BE DONE IN TRAINING
USING PRECUED ITEMS - SHOULD NEVER BE DONE IN TRAINING
USING PRECUED ITEMS - SHOULD NEVER BE DONE IN TRAINING
USING PRECUED ITEMS - SHOULD NEVER BE DONE IN TRAINING
USING PRECUED ITEMS - SHOULD NEVER BE DONE IN TRAINING
USING PRECUED ITEMS - SHOULD NEVER BE DONE IN TRAINING
USING PRECUED ITEMS - SHOULD NEVER BE DONE IN TRAINING
USING PRECUED ITEMS - SHOULD NEVER BE DONE IN TRAINING
USING PRECUED ITEMS - SHOULD NEVER BE DONE IN TRAINING
USING PRECUED ITEMS - SHOULD NEVER BE DONE IN TRAINING
USING PRECUED ITEMS - SHOULD NEVER BE DONE IN TRAINING
USING PRECUED ITEMS - SHOULD NEVER BE DONE IN TRAINING
USING PRECUED ITEMS - SHOULD NEVER BE DONE IN TRAINING
USING PRECUED ITEMS - SHOULD NEVER BE DONE IN TRAINING
USING PRECUED ITEMS - SHOULD NEVER BE DONE IN TRAINING
[index_cued_first_diffusion_0.3_swap_7_ablated_dir_12] trial 150/288
USING PRECUED ITEMS - SHOULD NEVER BE DONE IN TRAINING
USING PRECUED ITEMS - SHOULD NEVER BE DONE IN TRAINING
USING PRECUED ITEMS - SHOULD NEVER BE DONE IN TRAINING
USING PRECUED ITEMS - SHOULD NEVER BE DONE IN TRAINING
USING PRECUED ITEMS - SHOULD NEVER BE DONE IN TRAINING
USING PRECUED ITEMS - SHOULD NEVER BE DONE IN TRAINING
USING PRECUED ITEMS - SHOULD NEVER BE DONE IN TRAINING
USING PRECUED ITEMS - SHOULD NEVER BE DONE IN TRAINING
USING PRECUED ITEMS - SHOULD NEVER BE DONE IN TRAINING
USING PRECUED ITEMS - SHOULD NEVER BE DONE IN TRAINING
USING PRECUED ITEMS - SHOULD NEVER BE DONE IN TRAINING
USING PRECUED ITEMS - SHOULD NEVER BE DONE IN TRAINING
USING PRECUED ITEMS - SHOULD NEVER BE DONE IN TRAINING
USING PRECUED ITEMS - SHOULD NEVER BE DONE IN TRAINING
USING PRECUED ITEMS - SHOULD NEVER BE DONE IN TRAINING
USING PRECUED ITEMS - SHOULD NEVER BE DONE IN TRAINING
USING PRECUED ITEMS - SHOULD NEVER BE DONE IN TRAINING
USING PRECUED ITEMS - SHOULD NEVER BE DONE IN TRAINING
USING PRECUED ITEMS - SHOULD NEVER BE DONE IN TRAINING
USING PRECUED ITEMS - SHOULD NEVER BE DONE IN TRAINING
USING PRECUED ITEMS - SHOULD NEVER BE DONE IN TRAINING
USING PRECUED ITEMS - SHOULD NEVER BE DONE IN TRAINING
USING PRECUED ITEMS - SHOULD NEVER BE DONE IN TRAINING
USING PRECUED ITEMS - SHOULD NEVER BE DONE IN TRAINING
USING PRECUED ITEMS - SHOULD NEVER BE DONE IN TRAINING
USING PRECUED ITEMS - SHOULD NEVER BE DONE IN TRAINING
USING PRECUED ITEMS - SHOULD NEVER BE DONE IN TRAINING
USING PRECUED ITEMS - SHOULD NEVER BE DONE IN TRAINING
USING PRECUED ITEMS - SHOULD NEVER BE DONE IN TRAINING
USING PRECUED ITEMS - SHOULD NEVER BE DONE IN TRAINING
USING PRECUED ITEMS - SHOULD NEVER BE DONE IN TRAINING
USING PRECUED ITEMS - SHOULD NEVER BE DONE IN TRAINING
USING PRECUED ITEMS - SHOULD NEVER BE DONE IN TRAINING
USING PRECUED ITEMS - SHOULD NEVER BE DONE IN TRAINING
USING PRECUED ITEMS - SHOULD NEVER BE DONE IN TRAINING
USING PRECUED ITEMS - SHOULD NEVER BE DONE IN TRAINING
USING PRECUED ITEMS - SHOULD NEVER BE DONE IN TRAINING
USING PRECUED ITEMS - SHOULD NEVER BE DONE IN TRAINING
USING PRECUED ITEMS - SHOULD NEVER BE DONE IN TRAINING
USING PRECUED ITEMS - SHOULD NEVER BE DONE IN TRAINING
USING PRECUED ITEMS - SHOULD NEVER BE DONE IN TRAINING
USING PRECUED ITEMS - SHOULD NEVER BE DONE IN TRAINING
USING PRECUED ITEMS - SHOULD NEVER BE DONE IN TRAINING
USING PRECUED ITEMS - SHOULD NEVER BE DONE IN TRAINING
USING PRECUED ITEMS - SHOULD NEVER BE DONE IN TRAINING
USING PRECUED ITEMS - SHOULD NEVER BE DONE IN TRAINING
USING PRECUED ITEMS - SHOULD NEVER BE DONE IN TRAINING
USING PRECUED ITEMS - SHOULD NEVER BE DONE IN TRAINING
USING PRECUED ITEMS - SHOULD NEVER BE DONE IN TRAINING
USING PRECUED ITEMS - SHOULD NEVER BE DONE IN TRAINING
[index_cued_first_diffusion_0.3_swap_7_ablated_dir_12] trial 200/288
USING PRECUED ITEMS - SHOULD NEVER BE DONE IN TRAINING
USING PRECUED ITEMS - SHOULD NEVER BE DONE IN TRAINING
USING PRECUED ITEMS - SHOULD NEVER BE DONE IN TRAINING
USING PRECUED ITEMS - SHOULD NEVER BE DONE IN TRAINING
USING PRECUED ITEMS - SHOULD NEVER BE DONE IN TRAINING
USING PRECUED ITEMS - SHOULD NEVER BE DONE IN TRAINING
USING PRECUED ITEMS - SHOULD NEVER BE DONE IN TRAINING
USING PRECUED ITEMS - SHOULD NEVER BE DONE IN TRAINING
USING PRECUED ITEMS - SHOULD NEVER BE DONE IN TRAINING
USING PRECUED ITEMS - SHOULD NEVER BE DONE IN TRAINING
USING PRECUED ITEMS - SHOULD NEVER BE DONE IN TRAINING
USING PRECUED ITEMS - SHOULD NEVER BE DONE IN TRAINING
USING PRECUED ITEMS - SHOULD NEVER BE DONE IN TRAINING
USING PRECUED ITEMS - SHOULD NEVER BE DONE IN TRAINING
USING PRECUED ITEMS - SHOULD NEVER BE DONE IN TRAINING
USING PRECUED ITEMS - SHOULD NEVER BE DONE IN TRAINING
USING PRECUED ITEMS - SHOULD NEVER BE DONE IN TRAINING
USING PRECUED ITEMS - SHOULD NEVER BE DONE IN TRAINING
USING PRECUED ITEMS - SHOULD NEVER BE DONE IN TRAINING
USING PRECUED ITEMS - SHOULD NEVER BE DONE IN TRAINING
USING PRECUED ITEMS - SHOULD NEVER BE DONE IN TRAINING
USING PRECUED ITEMS - SHOULD NEVER BE DONE IN TRAINING
USING PRECUED ITEMS - SHOULD NEVER BE DONE IN TRAINING
USING PRECUED ITEMS - SHOULD NEVER BE DONE IN TRAINING
USING PRECUED ITEMS - SHOULD NEVER BE DONE IN TRAINING
USING PRECUED ITEMS - SHOULD NEVER BE DONE IN TRAINING
USING PRECUED ITEMS - SHOULD NEVER BE DONE IN TRAINING
USING PRECUED ITEMS - SHOULD NEVER BE DONE IN TRAINING
USING PRECUED ITEMS - SHOULD NEVER BE DONE IN TRAINING
USING PRECUED ITEMS - SHOULD NEVER BE DONE IN TRAINING
USING PRECUED ITEMS - SHOULD NEVER BE DONE IN TRAINING
USING PRECUED ITEMS - SHOULD NEVER BE DONE IN TRAINING
USING PRECUED ITEMS - SHOULD NEVER BE DONE IN TRAINING
USING PRECUED ITEMS - SHOULD NEVER BE DONE IN TRAINING
USING PRECUED ITEMS - SHOULD NEVER BE DONE IN TRAINING
USING PRECUED ITEMS - SHOULD NEVER BE DONE IN TRAINING
USING PRECUED ITEMS - SHOULD NEVER BE DONE IN TRAINING
USING PRECUED ITEMS - SHOULD NEVER BE DONE IN TRAINING
USING PRECUED ITEMS - SHOULD NEVER BE DONE IN TRAINING
USING PRECUED ITEMS - SHOULD NEVER BE DONE IN TRAINING
USING PRECUED ITEMS - SHOULD NEVER BE DONE IN TRAINING
USING PRECUED ITEMS - SHOULD NEVER BE DONE IN TRAINING
USING PRECUED ITEMS - SHOULD NEVER BE DONE IN TRAINING
USING PRECUED ITEMS - SHOULD NEVER BE DONE IN TRAINING
USING PRECUED ITEMS - SHOULD NEVER BE DONE IN TRAINING
USING PRECUED ITEMS - SHOULD NEVER BE DONE IN TRAINING
USING PRECUED ITEMS - SHOULD NEVER BE DONE IN TRAINING
USING PRECUED ITEMS - SHOULD NEVER BE DONE IN TRAINING
USING PRECUED ITEMS - SHOULD NEVER BE DONE IN TRAINING
USING PRECUED ITEMS - SHOULD NEVER BE DONE IN TRAINING
[index_cued_first_diffusion_0.3_swap_7_ablated_dir_12] trial 250/288
USING PRECUED ITEMS - SHOULD NEVER BE DONE IN TRAINING
USING PRECUED ITEMS - SHOULD NEVER BE DONE IN TRAINING
USING PRECUED ITEMS - SHOULD NEVER BE DONE IN TRAINING
USING PRECUED ITEMS - SHOULD NEVER BE DONE IN TRAINING
USING PRECUED ITEMS - SHOULD NEVER BE DONE IN TRAINING
USING PRECUED ITEMS - SHOULD NEVER BE DONE IN TRAINING
USING PRECUED ITEMS - SHOULD NEVER BE DONE IN TRAINING
USING PRECUED ITEMS - SHOULD NEVER BE DONE IN TRAINING
USING PRECUED ITEMS - SHOULD NEVER BE DONE IN TRAINING
USING PRECUED ITEMS - SHOULD NEVER BE DONE IN TRAINING
USING PRECUED ITEMS - SHOULD NEVER BE DONE IN TRAINING
USING PRECUED ITEMS - SHOULD NEVER BE DONE IN TRAINING
USING PRECUED ITEMS - SHOULD NEVER BE DONE IN TRAINING
USING PRECUED ITEMS - SHOULD NEVER BE DONE IN TRAINING
USING PRECUED ITEMS - SHOULD NEVER BE DONE IN TRAINING
USING PRECUED ITEMS - SHOULD NEVER BE DONE IN TRAINING
USING PRECUED ITEMS - SHOULD NEVER BE DONE IN TRAINING
USING PRECUED ITEMS - SHOULD NEVER BE DONE IN TRAINING
USING PRECUED ITEMS - SHOULD NEVER BE DONE IN TRAINING
USING PRECUED ITEMS - SHOULD NEVER BE DONE IN TRAINING
USING PRECUED ITEMS - SHOULD NEVER BE DONE IN TRAINING
USING PRECUED ITEMS - SHOULD NEVER BE DONE IN TRAINING
USING PRECUED ITEMS - SHOULD NEVER BE DONE IN TRAINING
USING PRECUED ITEMS - SHOULD NEVER BE DONE IN TRAINING
USING PRECUED ITEMS - SHOULD NEVER BE DONE IN TRAINING
USING PRECUED ITEMS - SHOULD NEVER BE DONE IN TRAINING
USING PRECUED ITEMS - SHOULD NEVER BE DONE IN TRAINING
USING PRECUED ITEMS - SHOULD NEVER BE DONE IN TRAINING
USING PRECUED ITEMS - SHOULD NEVER BE DONE IN TRAINING
USING PRECUED ITEMS - SHOULD NEVER BE DONE IN TRAINING
USING PRECUED ITEMS - SHOULD NEVER BE DONE IN TRAINING
USING PRECUED ITEMS - SHOULD NEVER BE DONE IN TRAINING
USING PRECUED ITEMS - SHOULD NEVER BE DONE IN TRAINING
USING PRECUED ITEMS - SHOULD NEVER BE DONE IN TRAINING
USING PRECUED ITEMS - SHOULD NEVER BE DONE IN TRAINING
USING PRECUED ITEMS - SHOULD NEVER BE DONE IN TRAINING
USING PRECUED ITEMS - SHOULD NEVER BE DONE IN TRAINING
USING PRECUED ITEMS - SHOULD NEVER BE DONE IN TRAINING
  Comparing ablation 12 -> student index_cued_first_diffusion_0.3_swap_recovery_ablation_0_0
  Comparing ablation 12 -> student index_cued_first_diffusion_0.3_swap_recovery_ablation_1_0
  Comparing ablation 12 -> student index_cued_first_diffusion_0.3_swap_recovery_ablation_4_0
  Comparing ablation 12 -> student index_cued_first_diffusion_0.3_swap_recovery_ablation_5_0
  Comparing ablation 12 -> student index_cued_first_diffusion_0.3_swap_recovery_ablation_6_0
  Comparing ablation 12 -> student index_cued_first_diffusion_0.3_swap_ablation_7_1

======================================================================
Processing ablation direction 13
[index_cued_first_diffusion_0.3_swap_7_ablated_dir_13] using ablation direction key: nullspace_13
[index_cued_first_diffusion_0.3_swap_7_ablated_dir_13] trial 0/288
USING PRECUED ITEMS - SHOULD NEVER BE DONE IN TRAINING
USING PRECUED ITEMS - SHOULD NEVER BE DONE IN TRAINING
USING PRECUED ITEMS - SHOULD NEVER BE DONE IN TRAINING
USING PRECUED ITEMS - SHOULD NEVER BE DONE IN TRAINING
USING PRECUED ITEMS - SHOULD NEVER BE DONE IN TRAINING
USING PRECUED ITEMS - SHOULD NEVER BE DONE IN TRAINING
USING PRECUED ITEMS - SHOULD NEVER BE DONE IN TRAINING
USING PRECUED ITEMS - SHOULD NEVER BE DONE IN TRAINING
USING PRECUED ITEMS - SHOULD NEVER BE DONE IN TRAINING
USING PRECUED ITEMS - SHOULD NEVER BE DONE IN TRAINING
USING PRECUED ITEMS - SHOULD NEVER BE DONE IN TRAINING
USING PRECUED ITEMS - SHOULD NEVER BE DONE IN TRAINING
USING PRECUED ITEMS - SHOULD NEVER BE DONE IN TRAINING
USING PRECUED ITEMS - SHOULD NEVER BE DONE IN TRAINING
USING PRECUED ITEMS - SHOULD NEVER BE DONE IN TRAINING
USING PRECUED ITEMS - SHOULD NEVER BE DONE IN TRAINING
USING PRECUED ITEMS - SHOULD NEVER BE DONE IN TRAINING
USING PRECUED ITEMS - SHOULD NEVER BE DONE IN TRAINING
USING PRECUED ITEMS - SHOULD NEVER BE DONE IN TRAINING
USING PRECUED ITEMS - SHOULD NEVER BE DONE IN TRAINING
USING PRECUED ITEMS - SHOULD NEVER BE DONE IN TRAINING
USING PRECUED ITEMS - SHOULD NEVER BE DONE IN TRAINING
USING PRECUED ITEMS - SHOULD NEVER BE DONE IN TRAINING
USING PRECUED ITEMS - SHOULD NEVER BE DONE IN TRAINING
USING PRECUED ITEMS - SHOULD NEVER BE DONE IN TRAINING
USING PRECUED ITEMS - SHOULD NEVER BE DONE IN TRAINING
USING PRECUED ITEMS - SHOULD NEVER BE DONE IN TRAINING
USING PRECUED ITEMS - SHOULD NEVER BE DONE IN TRAINING
USING PRECUED ITEMS - SHOULD NEVER BE DONE IN TRAINING
USING PRECUED ITEMS - SHOULD NEVER BE DONE IN TRAINING
USING PRECUED ITEMS - SHOULD NEVER BE DONE IN TRAINING
USING PRECUED ITEMS - SHOULD NEVER BE DONE IN TRAINING
USING PRECUED ITEMS - SHOULD NEVER BE DONE IN TRAINING
USING PRECUED ITEMS - SHOULD NEVER BE DONE IN TRAINING
USING PRECUED ITEMS - SHOULD NEVER BE DONE IN TRAINING
USING PRECUED ITEMS - SHOULD NEVER BE DONE IN TRAINING
USING PRECUED ITEMS - SHOULD NEVER BE DONE IN TRAINING
USING PRECUED ITEMS - SHOULD NEVER BE DONE IN TRAINING
USING PRECUED ITEMS - SHOULD NEVER BE DONE IN TRAINING
USING PRECUED ITEMS - SHOULD NEVER BE DONE IN TRAINING
USING PRECUED ITEMS - SHOULD NEVER BE DONE IN TRAINING
USING PRECUED ITEMS - SHOULD NEVER BE DONE IN TRAINING
USING PRECUED ITEMS - SHOULD NEVER BE DONE IN TRAINING
USING PRECUED ITEMS - SHOULD NEVER BE DONE IN TRAINING
USING PRECUED ITEMS - SHOULD NEVER BE DONE IN TRAINING
USING PRECUED ITEMS - SHOULD NEVER BE DONE IN TRAINING
USING PRECUED ITEMS - SHOULD NEVER BE DONE IN TRAINING
USING PRECUED ITEMS - SHOULD NEVER BE DONE IN TRAINING
USING PRECUED ITEMS - SHOULD NEVER BE DONE IN TRAINING
USING PRECUED ITEMS - SHOULD NEVER BE DONE IN TRAINING
[index_cued_first_diffusion_0.3_swap_7_ablated_dir_13] trial 50/288
USING PRECUED ITEMS - SHOULD NEVER BE DONE IN TRAINING
USING PRECUED ITEMS - SHOULD NEVER BE DONE IN TRAINING
USING PRECUED ITEMS - SHOULD NEVER BE DONE IN TRAINING
USING PRECUED ITEMS - SHOULD NEVER BE DONE IN TRAINING
USING PRECUED ITEMS - SHOULD NEVER BE DONE IN TRAINING
USING PRECUED ITEMS - SHOULD NEVER BE DONE IN TRAINING
USING PRECUED ITEMS - SHOULD NEVER BE DONE IN TRAINING
USING PRECUED ITEMS - SHOULD NEVER BE DONE IN TRAINING
USING PRECUED ITEMS - SHOULD NEVER BE DONE IN TRAINING
USING PRECUED ITEMS - SHOULD NEVER BE DONE IN TRAINING
USING PRECUED ITEMS - SHOULD NEVER BE DONE IN TRAINING
USING PRECUED ITEMS - SHOULD NEVER BE DONE IN TRAINING
USING PRECUED ITEMS - SHOULD NEVER BE DONE IN TRAINING
USING PRECUED ITEMS - SHOULD NEVER BE DONE IN TRAINING
USING PRECUED ITEMS - SHOULD NEVER BE DONE IN TRAINING
USING PRECUED ITEMS - SHOULD NEVER BE DONE IN TRAINING
USING PRECUED ITEMS - SHOULD NEVER BE DONE IN TRAINING
USING PRECUED ITEMS - SHOULD NEVER BE DONE IN TRAINING
USING PRECUED ITEMS - SHOULD NEVER BE DONE IN TRAINING
USING PRECUED ITEMS - SHOULD NEVER BE DONE IN TRAINING
USING PRECUED ITEMS - SHOULD NEVER BE DONE IN TRAINING
USING PRECUED ITEMS - SHOULD NEVER BE DONE IN TRAINING
USING PRECUED ITEMS - SHOULD NEVER BE DONE IN TRAINING
USING PRECUED ITEMS - SHOULD NEVER BE DONE IN TRAINING
USING PRECUED ITEMS - SHOULD NEVER BE DONE IN TRAINING
USING PRECUED ITEMS - SHOULD NEVER BE DONE IN TRAINING
USING PRECUED ITEMS - SHOULD NEVER BE DONE IN TRAINING
USING PRECUED ITEMS - SHOULD NEVER BE DONE IN TRAINING
USING PRECUED ITEMS - SHOULD NEVER BE DONE IN TRAINING
USING PRECUED ITEMS - SHOULD NEVER BE DONE IN TRAINING
USING PRECUED ITEMS - SHOULD NEVER BE DONE IN TRAINING
USING PRECUED ITEMS - SHOULD NEVER BE DONE IN TRAINING
USING PRECUED ITEMS - SHOULD NEVER BE DONE IN TRAINING
USING PRECUED ITEMS - SHOULD NEVER BE DONE IN TRAINING
USING PRECUED ITEMS - SHOULD NEVER BE DONE IN TRAINING
USING PRECUED ITEMS - SHOULD NEVER BE DONE IN TRAINING
USING PRECUED ITEMS - SHOULD NEVER BE DONE IN TRAINING
USING PRECUED ITEMS - SHOULD NEVER BE DONE IN TRAINING
USING PRECUED ITEMS - SHOULD NEVER BE DONE IN TRAINING
USING PRECUED ITEMS - SHOULD NEVER BE DONE IN TRAINING
USING PRECUED ITEMS - SHOULD NEVER BE DONE IN TRAINING
USING PRECUED ITEMS - SHOULD NEVER BE DONE IN TRAINING
USING PRECUED ITEMS - SHOULD NEVER BE DONE IN TRAINING
USING PRECUED ITEMS - SHOULD NEVER BE DONE IN TRAINING
USING PRECUED ITEMS - SHOULD NEVER BE DONE IN TRAINING
USING PRECUED ITEMS - SHOULD NEVER BE DONE IN TRAINING
USING PRECUED ITEMS - SHOULD NEVER BE DONE IN TRAINING
USING PRECUED ITEMS - SHOULD NEVER BE DONE IN TRAINING
USING PRECUED ITEMS - SHOULD NEVER BE DONE IN TRAINING
USING PRECUED ITEMS - SHOULD NEVER BE DONE IN TRAINING
[index_cued_first_diffusion_0.3_swap_7_ablated_dir_13] trial 100/288
USING PRECUED ITEMS - SHOULD NEVER BE DONE IN TRAINING
USING PRECUED ITEMS - SHOULD NEVER BE DONE IN TRAINING
USING PRECUED ITEMS - SHOULD NEVER BE DONE IN TRAINING
USING PRECUED ITEMS - SHOULD NEVER BE DONE IN TRAINING
USING PRECUED ITEMS - SHOULD NEVER BE DONE IN TRAINING
USING PRECUED ITEMS - SHOULD NEVER BE DONE IN TRAINING
USING PRECUED ITEMS - SHOULD NEVER BE DONE IN TRAINING
USING PRECUED ITEMS - SHOULD NEVER BE DONE IN TRAINING
USING PRECUED ITEMS - SHOULD NEVER BE DONE IN TRAINING
USING PRECUED ITEMS - SHOULD NEVER BE DONE IN TRAINING
USING PRECUED ITEMS - SHOULD NEVER BE DONE IN TRAINING
USING PRECUED ITEMS - SHOULD NEVER BE DONE IN TRAINING
USING PRECUED ITEMS - SHOULD NEVER BE DONE IN TRAINING
USING PRECUED ITEMS - SHOULD NEVER BE DONE IN TRAINING
USING PRECUED ITEMS - SHOULD NEVER BE DONE IN TRAINING
USING PRECUED ITEMS - SHOULD NEVER BE DONE IN TRAINING
USING PRECUED ITEMS - SHOULD NEVER BE DONE IN TRAINING
USING PRECUED ITEMS - SHOULD NEVER BE DONE IN TRAINING
USING PRECUED ITEMS - SHOULD NEVER BE DONE IN TRAINING
USING PRECUED ITEMS - SHOULD NEVER BE DONE IN TRAINING
USING PRECUED ITEMS - SHOULD NEVER BE DONE IN TRAINING
USING PRECUED ITEMS - SHOULD NEVER BE DONE IN TRAINING
USING PRECUED ITEMS - SHOULD NEVER BE DONE IN TRAINING
USING PRECUED ITEMS - SHOULD NEVER BE DONE IN TRAINING
USING PRECUED ITEMS - SHOULD NEVER BE DONE IN TRAINING
USING PRECUED ITEMS - SHOULD NEVER BE DONE IN TRAINING
USING PRECUED ITEMS - SHOULD NEVER BE DONE IN TRAINING
USING PRECUED ITEMS - SHOULD NEVER BE DONE IN TRAINING
USING PRECUED ITEMS - SHOULD NEVER BE DONE IN TRAINING
USING PRECUED ITEMS - SHOULD NEVER BE DONE IN TRAINING
USING PRECUED ITEMS - SHOULD NEVER BE DONE IN TRAINING
USING PRECUED ITEMS - SHOULD NEVER BE DONE IN TRAINING
USING PRECUED ITEMS - SHOULD NEVER BE DONE IN TRAINING
USING PRECUED ITEMS - SHOULD NEVER BE DONE IN TRAINING
USING PRECUED ITEMS - SHOULD NEVER BE DONE IN TRAINING
USING PRECUED ITEMS - SHOULD NEVER BE DONE IN TRAINING
USING PRECUED ITEMS - SHOULD NEVER BE DONE IN TRAINING
USING PRECUED ITEMS - SHOULD NEVER BE DONE IN TRAINING
USING PRECUED ITEMS - SHOULD NEVER BE DONE IN TRAINING
USING PRECUED ITEMS - SHOULD NEVER BE DONE IN TRAINING
USING PRECUED ITEMS - SHOULD NEVER BE DONE IN TRAINING
USING PRECUED ITEMS - SHOULD NEVER BE DONE IN TRAINING
USING PRECUED ITEMS - SHOULD NEVER BE DONE IN TRAINING
USING PRECUED ITEMS - SHOULD NEVER BE DONE IN TRAINING
USING PRECUED ITEMS - SHOULD NEVER BE DONE IN TRAINING
USING PRECUED ITEMS - SHOULD NEVER BE DONE IN TRAINING
USING PRECUED ITEMS - SHOULD NEVER BE DONE IN TRAINING
USING PRECUED ITEMS - SHOULD NEVER BE DONE IN TRAINING
USING PRECUED ITEMS - SHOULD NEVER BE DONE IN TRAINING
USING PRECUED ITEMS - SHOULD NEVER BE DONE IN TRAINING
[index_cued_first_diffusion_0.3_swap_7_ablated_dir_13] trial 150/288
USING PRECUED ITEMS - SHOULD NEVER BE DONE IN TRAINING
USING PRECUED ITEMS - SHOULD NEVER BE DONE IN TRAINING
USING PRECUED ITEMS - SHOULD NEVER BE DONE IN TRAINING
USING PRECUED ITEMS - SHOULD NEVER BE DONE IN TRAINING
USING PRECUED ITEMS - SHOULD NEVER BE DONE IN TRAINING
USING PRECUED ITEMS - SHOULD NEVER BE DONE IN TRAINING
USING PRECUED ITEMS - SHOULD NEVER BE DONE IN TRAINING
USING PRECUED ITEMS - SHOULD NEVER BE DONE IN TRAINING
USING PRECUED ITEMS - SHOULD NEVER BE DONE IN TRAINING
USING PRECUED ITEMS - SHOULD NEVER BE DONE IN TRAINING
USING PRECUED ITEMS - SHOULD NEVER BE DONE IN TRAINING
USING PRECUED ITEMS - SHOULD NEVER BE DONE IN TRAINING
USING PRECUED ITEMS - SHOULD NEVER BE DONE IN TRAINING
USING PRECUED ITEMS - SHOULD NEVER BE DONE IN TRAINING
USING PRECUED ITEMS - SHOULD NEVER BE DONE IN TRAINING
USING PRECUED ITEMS - SHOULD NEVER BE DONE IN TRAINING
USING PRECUED ITEMS - SHOULD NEVER BE DONE IN TRAINING
USING PRECUED ITEMS - SHOULD NEVER BE DONE IN TRAINING
USING PRECUED ITEMS - SHOULD NEVER BE DONE IN TRAINING
USING PRECUED ITEMS - SHOULD NEVER BE DONE IN TRAINING
USING PRECUED ITEMS - SHOULD NEVER BE DONE IN TRAINING
USING PRECUED ITEMS - SHOULD NEVER BE DONE IN TRAINING
USING PRECUED ITEMS - SHOULD NEVER BE DONE IN TRAINING
USING PRECUED ITEMS - SHOULD NEVER BE DONE IN TRAINING
USING PRECUED ITEMS - SHOULD NEVER BE DONE IN TRAINING
USING PRECUED ITEMS - SHOULD NEVER BE DONE IN TRAINING
USING PRECUED ITEMS - SHOULD NEVER BE DONE IN TRAINING
USING PRECUED ITEMS - SHOULD NEVER BE DONE IN TRAINING
USING PRECUED ITEMS - SHOULD NEVER BE DONE IN TRAINING
USING PRECUED ITEMS - SHOULD NEVER BE DONE IN TRAINING
USING PRECUED ITEMS - SHOULD NEVER BE DONE IN TRAINING
USING PRECUED ITEMS - SHOULD NEVER BE DONE IN TRAINING
USING PRECUED ITEMS - SHOULD NEVER BE DONE IN TRAINING
USING PRECUED ITEMS - SHOULD NEVER BE DONE IN TRAINING
USING PRECUED ITEMS - SHOULD NEVER BE DONE IN TRAINING
USING PRECUED ITEMS - SHOULD NEVER BE DONE IN TRAINING
USING PRECUED ITEMS - SHOULD NEVER BE DONE IN TRAINING
USING PRECUED ITEMS - SHOULD NEVER BE DONE IN TRAINING
USING PRECUED ITEMS - SHOULD NEVER BE DONE IN TRAINING
USING PRECUED ITEMS - SHOULD NEVER BE DONE IN TRAINING
USING PRECUED ITEMS - SHOULD NEVER BE DONE IN TRAINING
USING PRECUED ITEMS - SHOULD NEVER BE DONE IN TRAINING
USING PRECUED ITEMS - SHOULD NEVER BE DONE IN TRAINING
USING PRECUED ITEMS - SHOULD NEVER BE DONE IN TRAINING
USING PRECUED ITEMS - SHOULD NEVER BE DONE IN TRAINING
USING PRECUED ITEMS - SHOULD NEVER BE DONE IN TRAINING
USING PRECUED ITEMS - SHOULD NEVER BE DONE IN TRAINING
USING PRECUED ITEMS - SHOULD NEVER BE DONE IN TRAINING
USING PRECUED ITEMS - SHOULD NEVER BE DONE IN TRAINING
USING PRECUED ITEMS - SHOULD NEVER BE DONE IN TRAINING
[index_cued_first_diffusion_0.3_swap_7_ablated_dir_13] trial 200/288
USING PRECUED ITEMS - SHOULD NEVER BE DONE IN TRAINING
USING PRECUED ITEMS - SHOULD NEVER BE DONE IN TRAINING
USING PRECUED ITEMS - SHOULD NEVER BE DONE IN TRAINING
USING PRECUED ITEMS - SHOULD NEVER BE DONE IN TRAINING
USING PRECUED ITEMS - SHOULD NEVER BE DONE IN TRAINING
USING PRECUED ITEMS - SHOULD NEVER BE DONE IN TRAINING
USING PRECUED ITEMS - SHOULD NEVER BE DONE IN TRAINING
USING PRECUED ITEMS - SHOULD NEVER BE DONE IN TRAINING
USING PRECUED ITEMS - SHOULD NEVER BE DONE IN TRAINING
USING PRECUED ITEMS - SHOULD NEVER BE DONE IN TRAINING
USING PRECUED ITEMS - SHOULD NEVER BE DONE IN TRAINING
USING PRECUED ITEMS - SHOULD NEVER BE DONE IN TRAINING
USING PRECUED ITEMS - SHOULD NEVER BE DONE IN TRAINING
USING PRECUED ITEMS - SHOULD NEVER BE DONE IN TRAINING
USING PRECUED ITEMS - SHOULD NEVER BE DONE IN TRAINING
USING PRECUED ITEMS - SHOULD NEVER BE DONE IN TRAINING
USING PRECUED ITEMS - SHOULD NEVER BE DONE IN TRAINING
USING PRECUED ITEMS - SHOULD NEVER BE DONE IN TRAINING
USING PRECUED ITEMS - SHOULD NEVER BE DONE IN TRAINING
USING PRECUED ITEMS - SHOULD NEVER BE DONE IN TRAINING
USING PRECUED ITEMS - SHOULD NEVER BE DONE IN TRAINING
USING PRECUED ITEMS - SHOULD NEVER BE DONE IN TRAINING
USING PRECUED ITEMS - SHOULD NEVER BE DONE IN TRAINING
USING PRECUED ITEMS - SHOULD NEVER BE DONE IN TRAINING
USING PRECUED ITEMS - SHOULD NEVER BE DONE IN TRAINING
USING PRECUED ITEMS - SHOULD NEVER BE DONE IN TRAINING
USING PRECUED ITEMS - SHOULD NEVER BE DONE IN TRAINING
USING PRECUED ITEMS - SHOULD NEVER BE DONE IN TRAINING
USING PRECUED ITEMS - SHOULD NEVER BE DONE IN TRAINING
USING PRECUED ITEMS - SHOULD NEVER BE DONE IN TRAINING
USING PRECUED ITEMS - SHOULD NEVER BE DONE IN TRAINING
USING PRECUED ITEMS - SHOULD NEVER BE DONE IN TRAINING
USING PRECUED ITEMS - SHOULD NEVER BE DONE IN TRAINING
USING PRECUED ITEMS - SHOULD NEVER BE DONE IN TRAINING
USING PRECUED ITEMS - SHOULD NEVER BE DONE IN TRAINING
USING PRECUED ITEMS - SHOULD NEVER BE DONE IN TRAINING
USING PRECUED ITEMS - SHOULD NEVER BE DONE IN TRAINING
USING PRECUED ITEMS - SHOULD NEVER BE DONE IN TRAINING
USING PRECUED ITEMS - SHOULD NEVER BE DONE IN TRAINING
USING PRECUED ITEMS - SHOULD NEVER BE DONE IN TRAINING
USING PRECUED ITEMS - SHOULD NEVER BE DONE IN TRAINING
USING PRECUED ITEMS - SHOULD NEVER BE DONE IN TRAINING
USING PRECUED ITEMS - SHOULD NEVER BE DONE IN TRAINING
USING PRECUED ITEMS - SHOULD NEVER BE DONE IN TRAINING
USING PRECUED ITEMS - SHOULD NEVER BE DONE IN TRAINING
USING PRECUED ITEMS - SHOULD NEVER BE DONE IN TRAINING
USING PRECUED ITEMS - SHOULD NEVER BE DONE IN TRAINING
USING PRECUED ITEMS - SHOULD NEVER BE DONE IN TRAINING
USING PRECUED ITEMS - SHOULD NEVER BE DONE IN TRAINING
USING PRECUED ITEMS - SHOULD NEVER BE DONE IN TRAINING
[index_cued_first_diffusion_0.3_swap_7_ablated_dir_13] trial 250/288
USING PRECUED ITEMS - SHOULD NEVER BE DONE IN TRAINING
USING PRECUED ITEMS - SHOULD NEVER BE DONE IN TRAINING
USING PRECUED ITEMS - SHOULD NEVER BE DONE IN TRAINING
USING PRECUED ITEMS - SHOULD NEVER BE DONE IN TRAINING
USING PRECUED ITEMS - SHOULD NEVER BE DONE IN TRAINING
USING PRECUED ITEMS - SHOULD NEVER BE DONE IN TRAINING
USING PRECUED ITEMS - SHOULD NEVER BE DONE IN TRAINING
USING PRECUED ITEMS - SHOULD NEVER BE DONE IN TRAINING
USING PRECUED ITEMS - SHOULD NEVER BE DONE IN TRAINING
USING PRECUED ITEMS - SHOULD NEVER BE DONE IN TRAINING
USING PRECUED ITEMS - SHOULD NEVER BE DONE IN TRAINING
USING PRECUED ITEMS - SHOULD NEVER BE DONE IN TRAINING
USING PRECUED ITEMS - SHOULD NEVER BE DONE IN TRAINING
USING PRECUED ITEMS - SHOULD NEVER BE DONE IN TRAINING
USING PRECUED ITEMS - SHOULD NEVER BE DONE IN TRAINING
USING PRECUED ITEMS - SHOULD NEVER BE DONE IN TRAINING
USING PRECUED ITEMS - SHOULD NEVER BE DONE IN TRAINING
USING PRECUED ITEMS - SHOULD NEVER BE DONE IN TRAINING
USING PRECUED ITEMS - SHOULD NEVER BE DONE IN TRAINING
USING PRECUED ITEMS - SHOULD NEVER BE DONE IN TRAINING
USING PRECUED ITEMS - SHOULD NEVER BE DONE IN TRAINING
USING PRECUED ITEMS - SHOULD NEVER BE DONE IN TRAINING
USING PRECUED ITEMS - SHOULD NEVER BE DONE IN TRAINING
USING PRECUED ITEMS - SHOULD NEVER BE DONE IN TRAINING
USING PRECUED ITEMS - SHOULD NEVER BE DONE IN TRAINING
USING PRECUED ITEMS - SHOULD NEVER BE DONE IN TRAINING
USING PRECUED ITEMS - SHOULD NEVER BE DONE IN TRAINING
USING PRECUED ITEMS - SHOULD NEVER BE DONE IN TRAINING
USING PRECUED ITEMS - SHOULD NEVER BE DONE IN TRAINING
USING PRECUED ITEMS - SHOULD NEVER BE DONE IN TRAINING
USING PRECUED ITEMS - SHOULD NEVER BE DONE IN TRAINING
USING PRECUED ITEMS - SHOULD NEVER BE DONE IN TRAINING
USING PRECUED ITEMS - SHOULD NEVER BE DONE IN TRAINING
USING PRECUED ITEMS - SHOULD NEVER BE DONE IN TRAINING
USING PRECUED ITEMS - SHOULD NEVER BE DONE IN TRAINING
USING PRECUED ITEMS - SHOULD NEVER BE DONE IN TRAINING
USING PRECUED ITEMS - SHOULD NEVER BE DONE IN TRAINING
USING PRECUED ITEMS - SHOULD NEVER BE DONE IN TRAINING
  Comparing ablation 13 -> student index_cued_first_diffusion_0.3_swap_recovery_ablation_0_0
  Comparing ablation 13 -> student index_cued_first_diffusion_0.3_swap_recovery_ablation_1_0
  Comparing ablation 13 -> student index_cued_first_diffusion_0.3_swap_recovery_ablation_4_0
  Comparing ablation 13 -> student index_cued_first_diffusion_0.3_swap_recovery_ablation_5_0
  Comparing ablation 13 -> student index_cued_first_diffusion_0.3_swap_recovery_ablation_6_0
  Comparing ablation 13 -> student index_cued_first_diffusion_0.3_swap_ablation_7_1
Saved: /scratch3/shaiq_home/repos/behaviour_ddpm/ddpm/analysis/new_analysis/results/ablations_vs_students/ablations_vs_students_scores.csv
