Loading models...
  [0] Ablated_1  (results_link_sampler/index_cued_first_diffusion_0.3_swap_7)
  [1] Student_0  (results_link_sampler/index_cued_first_diffusion_0.3_swap_recovery_ablation_1_0)
  [2] Student_1  (results_link_sampler/index_cued_first_diffusion_0.3_swap_recovery_ablation_1_1)
  [3] Student_2  (results_link_sampler/index_cued_first_diffusion_0.3_swap_recovery_ablation_1_2)
  [4] Student_3  (results_link_sampler/index_cued_first_diffusion_0.3_swap_recovery_ablation_1_3)
  [5] Student_4  (results_link_sampler/index_cued_first_diffusion_0.3_swap_recovery_ablation_1_4)
  [6] Student_5  (results_link_sampler/index_cued_first_diffusion_0.3_swap_recovery_ablation_1_5)
  [0] Ablated_1: ablating nullspace direction 1
Sweep: 288 trials (24 with same color, per 12^2 × 2 cues)
Reference model: [0] Ablated_1
Student models: ['Student_0', 'Student_1', 'Student_2', 'Student_3', 'Student_4', 'Student_5']
  [1/288] cue=1 c1=0° c2=0°USING PRECUED ITEMS - SHOULD NEVER BE DONE IN TRAINING
  Student_0:0.629  Student_1:0.099  Student_2:0.121  Student_3:0.343  Student_4:0.293  Student_5:0.114  Student_1:0.614  Student_2:0.599  Student_3:0.595  Student_4:0.518  Student_5:0.562  Student_2:0.049  Student_3:0.248  Student_4:0.199  Student_5:0.068  Student_3:0.237  Student_4:0.184  Student_5:0.047  Student_4:0.089  Student_5:0.265  Student_5:0.205
  [2/288] cue=1 c1=0° c2=30°USING PRECUED ITEMS - SHOULD NEVER BE DONE IN TRAINING
  Student_0:0.600  Student_1:0.075  Student_2:0.096  Student_3:0.211  Student_4:0.175  Student_5:0.104  Student_1:0.533  Student_2:0.556  Student_3:0.556  Student_4:0.543  Student_5:0.509  Student_2:0.063  Student_3:0.175  Student_4:0.134  Student_5:0.047  Student_3:0.140  Student_4:0.101  Student_5:0.077  Student_4:0.044  Student_5:0.196  Student_5:0.154
  [3/288] cue=1 c1=0° c2=60°USING PRECUED ITEMS - SHOULD NEVER BE DONE IN TRAINING
  Student_0:0.396  Student_1:0.074  Student_2:0.075  Student_3:0.050  Student_4:0.035  Student_5:0.070  Student_1:0.378  Student_2:0.411  Student_3:0.381  Student_4:0.416  Student_5:0.380  Student_2:0.048  Student_3:0.083  Student_4:0.089  Student_5:0.027  Student_3:0.078  Student_4:0.080  Student_5:0.040  Student_4:0.050  Student_5:0.069  Student_5:0.073
  [4/288] cue=1 c1=0° c2=90°USING PRECUED ITEMS - SHOULD NEVER BE DONE IN TRAINING
  Student_0:0.493  Student_1:0.031  Student_2:0.041  Student_3:0.054  Student_4:0.040  Student_5:0.034  Student_1:0.494  Student_2:0.512  Student_3:0.520  Student_4:0.509  Student_5:0.516  Student_2:0.056  Student_3:0.063  Student_4:0.049  Student_5:0.054  Student_3:0.063  Student_4:0.045  Student_5:0.022  Student_4:0.028  Student_5:0.049  Student_5:0.037
  [5/288] cue=1 c1=0° c2=120°USING PRECUED ITEMS - SHOULD NEVER BE DONE IN TRAINING
  Student_0:0.938  Student_1:0.038  Student_2:0.036  Student_3:0.221  Student_4:0.191  Student_5:0.025  Student_1:0.960  Student_2:0.966  Student_3:0.921  Student_4:0.914  Student_5:0.949  Student_2:0.020  Student_3:0.223  Student_4:0.193  Student_5:0.028  Student_3:0.228  Student_4:0.199  Student_5:0.024  Student_4:0.040  Student_5:0.222  Student_5:0.192
  [6/288] cue=1 c1=0° c2=150°USING PRECUED ITEMS - SHOULD NEVER BE DONE IN TRAINING
  Student_0:1.192  Student_1:0.103  Student_2:0.051  Student_3:0.250  Student_4:0.261  Student_5:0.139  Student_1:1.164  Student_2:1.193  Student_3:1.112  Student_4:1.093  Student_5:1.165  Student_2:0.080  Student_3:0.159  Student_4:0.170  Student_5:0.068  Student_3:0.222  Student_4:0.236  Student_5:0.105  Student_4:0.043  Student_5:0.123  Student_5:0.139
  [7/288] cue=1 c1=0° c2=180°USING PRECUED ITEMS - SHOULD NEVER BE DONE IN TRAINING
  Student_0:1.174  Student_1:0.059  Student_2:0.126  Student_3:0.110  Student_4:0.108  Student_5:0.063  Student_1:1.172  Student_2:1.188  Student_3:1.134  Student_4:1.117  Student_5:1.176  Student_2:0.139  Student_3:0.122  Student_4:0.108  Student_5:0.064  Student_3:0.141  Student_4:0.158  Student_5:0.104  Student_4:0.044  Student_5:0.108  Student_5:0.103
  [8/288] cue=1 c1=0° c2=210°USING PRECUED ITEMS - SHOULD NEVER BE DONE IN TRAINING
  Student_0:1.271  Student_1:0.076  Student_2:0.129  Student_3:0.102  Student_4:0.056  Student_5:0.090  Student_1:1.237  Student_2:1.214  Student_3:1.282  Student_4:1.296  Student_5:1.230  Student_2:0.087  Student_3:0.097  Student_4:0.081  Student_5:0.078  Student_3:0.132  Student_4:0.125  Student_5:0.088  Student_4:0.073  Student_5:0.159  Student_5:0.114
  [9/288] cue=1 c1=0° c2=240°USING PRECUED ITEMS - SHOULD NEVER BE DONE IN TRAINING
  Student_0:1.149  Student_1:0.101  Student_2:0.102  Student_3:0.246  Student_4:0.228  Student_5:0.086  Student_1:1.153  Student_2:1.095  Student_3:1.079  Student_4:1.146  Student_5:1.085  Student_2:0.128  Student_3:0.321  Student_4:0.310  Student_5:0.090  Student_3:0.212  Student_4:0.214  Student_5:0.058  Student_4:0.083  Student_5:0.246  Student_5:0.238
  [10/288] cue=1 c1=0° c2=270°USING PRECUED ITEMS - SHOULD NEVER BE DONE IN TRAINING
  Student_0:1.066  Student_1:0.080  Student_2:0.146  Student_3:0.310  Student_4:0.241  Student_5:0.051  Student_1:0.998  Student_2:0.967  Student_3:0.977  Student_4:1.049  Student_5:1.027  Student_2:0.100  Student_3:0.327  Student_4:0.263  Student_5:0.037  Student_3:0.239  Student_4:0.177  Student_5:0.113  Student_4:0.115  Student_5:0.317  Student_5:0.250
  [11/288] cue=1 c1=0° c2=300°USING PRECUED ITEMS - SHOULD NEVER BE DONE IN TRAINING
  Student_0:1.027  Student_1:0.063  Student_2:0.054  Student_3:0.113  Student_4:0.082  Student_5:0.038  Student_1:1.032  Student_2:1.058  Student_3:0.941  Student_4:0.967  Student_5:1.014  Student_2:0.060  Student_3:0.135  Student_4:0.100  Student_5:0.038  Student_3:0.153  Student_4:0.117  Student_5:0.051  Student_4:0.046  Student_5:0.109  Student_5:0.075
  [12/288] cue=1 c1=0° c2=330°USING PRECUED ITEMS - SHOULD NEVER BE DONE IN TRAINING
  Student_0:0.900  Student_1:0.055  Student_2:0.141  Student_3:0.395  Student_4:0.289  Student_5:0.071  Student_1:0.904  Student_2:0.835  Student_3:0.674  Student_4:0.670  Student_5:0.866  Student_2:0.110  Student_3:0.363  Student_4:0.261  Student_5:0.045  Student_3:0.265  Student_4:0.175  Student_5:0.077  Student_4:0.141  Student_5:0.329  Student_5:0.225
  [13/288] cue=1 c1=30° c2=0°USING PRECUED ITEMS - SHOULD NEVER BE DONE IN TRAINING
  Student_0:0.740  Student_1:0.241  Student_2:0.160  Student_3:0.209  Student_4:0.121  Student_5:0.128  Student_1:0.545  Student_2:0.602  Student_3:0.548  Student_4:0.631  Student_5:0.620  Student_2:0.103  Student_3:0.118  Student_4:0.208  Student_5:0.134  Student_3:0.083  Student_4:0.144  Student_5:0.056  Student_4:0.105  Student_5:0.093  Student_5:0.094
  [14/288] cue=1 c1=30° c2=30°USING PRECUED ITEMS - SHOULD NEVER BE DONE IN TRAINING
  Student_0:0.578  Student_1:0.188  Student_2:0.175  Student_3:0.202  Student_4:0.136  Student_5:0.118  Student_1:0.406  Student_2:0.443  Student_3:0.403  Student_4:0.465  Student_5:0.483  Student_2:0.048  Student_3:0.052  Student_4:0.123  Student_5:0.106  Student_3:0.083  Student_4:0.147  Student_5:0.126  Student_4:0.089  Student_5:0.103  Student_5:0.050
  [15/288] cue=1 c1=30° c2=60°USING PRECUED ITEMS - SHOULD NEVER BE DONE IN TRAINING
  Student_0:0.387  Student_1:0.100  Student_2:0.134  Student_3:0.070  Student_4:0.061  Student_5:0.069  Student_1:0.320  Student_2:0.345  Student_3:0.343  Student_4:0.353  Student_5:0.348  Student_2:0.063  Student_3:0.069  Student_4:0.075  Student_5:0.055  Student_3:0.120  Student_4:0.117  Student_5:0.104  Student_4:0.031  Student_5:0.030  Student_5:0.035
  [16/288] cue=1 c1=30° c2=90°USING PRECUED ITEMS - SHOULD NEVER BE DONE IN TRAINING
  Student_0:0.422  Student_1:0.034  Student_2:0.029  Student_3:0.050  Student_4:0.053  Student_5:0.043  Student_1:0.426  Student_2:0.434  Student_3:0.451  Student_4:0.457  Student_5:0.446  Student_2:0.039  Student_3:0.068  Student_4:0.072  Student_5:0.037  Student_3:0.053  Student_4:0.039  Student_5:0.037  Student_4:0.035  Student_5:0.048  Student_5:0.054
  [17/288] cue=1 c1=30° c2=120°USING PRECUED ITEMS - SHOULD NEVER BE DONE IN TRAINING
  Student_0:0.878  Student_1:0.042  Student_2:0.094  Student_3:0.080  Student_4:0.067  Student_5:0.074  Student_1:0.897  Student_2:0.879  Student_3:0.884  Student_4:0.888  Student_5:0.898  Student_2:0.088  Student_3:0.085  Student_4:0.073  Student_5:0.074  Student_3:0.054  Student_4:0.055  Student_5:0.042  Student_4:0.021  Student_5:0.053  Student_5:0.041
  [18/288] cue=1 c1=30° c2=150°USING PRECUED ITEMS - SHOULD NEVER BE DONE IN TRAINING
  Student_0:1.287  Student_1:0.223  Student_2:0.132  Student_3:0.232  Student_4:0.221  Student_5:0.093  Student_1:1.253  Student_2:1.266  Student_3:1.353  Student_4:1.346  Student_5:1.301  Student_2:0.114  Student_3:0.390  Student_4:0.383  Student_5:0.243  Student_3:0.299  Student_4:0.294  Student_5:0.153  Student_4:0.021  Student_5:0.151  Student_5:0.143
  [19/288] cue=1 c1=30° c2=180°USING PRECUED ITEMS - SHOULD NEVER BE DONE IN TRAINING
  Student_0:1.451  Student_1:0.142  Student_2:0.090  Student_3:0.640  Student_4:0.708  Student_5:0.093  Student_1:1.423  Student_2:1.429  Student_3:1.761  Student_4:1.799  Student_5:1.476  Student_2:0.103  Student_3:0.749  Student_4:0.816  Student_5:0.200  Student_3:0.691  Student_4:0.763  Student_5:0.125  Student_4:0.079  Student_5:0.579  Student_5:0.649
  [20/288] cue=1 c1=30° c2=210°USING PRECUED ITEMS - SHOULD NEVER BE DONE IN TRAINING
  Student_0:1.146  Student_1:0.251  Student_2:0.083  Student_3:0.954  Student_4:0.981  Student_5:0.374  Student_1:1.282  Student_2:1.111  Student_3:1.660  Student_4:1.681  Student_5:1.323  Student_2:0.313  Student_3:0.718  Student_4:0.742  Student_5:0.151  Student_3:1.011  Student_4:1.038  Student_5:0.432  Student_4:0.043  Student_5:0.600  Student_5:0.625
  [21/288] cue=1 c1=30° c2=240°USING PRECUED ITEMS - SHOULD NEVER BE DONE IN TRAINING
  Student_0:1.040  Student_1:0.063  Student_2:0.135  Student_3:0.302  Student_4:0.335  Student_5:0.091  Student_1:1.060  Student_2:0.950  Student_3:1.269  Student_4:1.298  Student_5:0.974  Student_2:0.174  Student_3:0.273  Student_4:0.305  Student_5:0.114  Student_3:0.425  Student_4:0.459  Student_5:0.072  Student_4:0.036  Student_5:0.371  Student_5:0.404
  [22/288] cue=1 c1=30° c2=270°USING PRECUED ITEMS - SHOULD NEVER BE DONE IN TRAINING
  Student_0:0.880  Student_1:0.106  Student_2:0.046  Student_3:0.300  Student_4:0.258  Student_5:0.065  Student_1:0.912  Student_2:0.868  Student_3:0.879  Student_4:0.889  Student_5:0.841  Student_2:0.122  Student_3:0.395  Student_4:0.352  Student_5:0.137  Student_3:0.284  Student_4:0.242  Student_5:0.035  Student_4:0.078  Student_5:0.282  Student_5:0.241
  [23/288] cue=1 c1=30° c2=300°USING PRECUED ITEMS - SHOULD NEVER BE DONE IN TRAINING
  Student_0:0.805  Student_1:0.070  Student_2:0.157  Student_3:0.480  Student_4:0.429  Student_5:0.050  Student_1:0.804  Student_2:0.811  Student_3:1.064  Student_4:1.034  Student_5:0.791  Student_2:0.093  Student_3:0.420  Student_4:0.369  Student_5:0.040  Student_3:0.332  Student_4:0.283  Student_5:0.126  Student_4:0.096  Student_5:0.456  Student_5:0.405
  [24/288] cue=1 c1=30° c2=330°USING PRECUED ITEMS - SHOULD NEVER BE DONE IN TRAINING
  Student_0:0.748  Student_1:0.149  Student_2:0.059  Student_3:0.289  Student_4:0.271  Student_5:0.072  Student_1:0.651  Student_2:0.724  Student_3:0.932  Student_4:0.949  Student_5:0.719  Student_2:0.115  Student_3:0.413  Student_4:0.397  Student_5:0.097  Student_3:0.325  Student_4:0.316  Student_5:0.037  Student_4:0.055  Student_5:0.348  Student_5:0.333
  [25/288] cue=1 c1=60° c2=0°USING PRECUED ITEMS - SHOULD NEVER BE DONE IN TRAINING
  Student_0:0.450  Student_1:0.195  Student_2:0.093  Student_3:0.104  Student_4:0.079  Student_5:0.093  Student_1:0.289  Student_2:0.395  Student_3:0.392  Student_4:0.473  Student_5:0.396  Student_2:0.125  Student_3:0.137  Student_4:0.213  Student_5:0.126  Student_3:0.067  Student_4:0.122  Student_5:0.026  Student_4:0.108  Student_5:0.053  Student_5:0.114
  [26/288] cue=1 c1=60° c2=30°USING PRECUED ITEMS - SHOULD NEVER BE DONE IN TRAINING
  Student_0:0.516  Student_1:0.238  Student_2:0.187  Student_3:0.175  Student_4:0.142  Student_5:0.111  Student_1:0.303  Student_2:0.385  Student_3:0.404  Student_4:0.411  Student_5:0.426  Student_2:0.108  Student_3:0.132  Student_4:0.147  Student_5:0.144  Student_3:0.102  Student_4:0.099  Student_5:0.101  Student_4:0.059  Student_5:0.078  Student_5:0.048
Saved plot: results/ablation1_vs_students_0to5/sweep_plots/trial0025_cue1_c160_c230.png
  [27/288] cue=1 c1=60° c2=60°USING PRECUED ITEMS - SHOULD NEVER BE DONE IN TRAINING
  Student_0:0.349  Student_1:0.176  Student_2:0.130  Student_3:0.180  Student_4:0.152  Student_5:0.150  Student_1:0.297  Student_2:0.330  Student_3:0.337  Student_4:0.388  Student_5:0.332  Student_2:0.108  Student_3:0.086  Student_4:0.171  Student_5:0.070  Student_3:0.079  Student_4:0.110  Student_5:0.076  Student_4:0.093  Student_5:0.049  Student_5:0.106
  [28/288] cue=1 c1=60° c2=90°USING PRECUED ITEMS - SHOULD NEVER BE DONE IN TRAINING
  Student_0:0.511  Student_1:0.100  Student_2:0.117  Student_3:0.192  Student_4:0.206  Student_5:0.174  Student_1:0.556  Student_2:0.555  Student_3:0.565  Student_4:0.557  Student_5:0.615  Student_2:0.075  Student_3:0.178  Student_4:0.190  Student_5:0.124  Student_3:0.107  Student_4:0.120  Student_5:0.127  Student_4:0.034  Student_5:0.227  Student_5:0.242
  [29/288] cue=1 c1=60° c2=120°USING PRECUED ITEMS - SHOULD NEVER BE DONE IN TRAINING
  Student_0:0.892  Student_1:0.167  Student_2:0.091  Student_3:0.462  Student_4:0.422  Student_5:0.103  Student_1:0.826  Student_2:0.839  Student_3:0.784  Student_4:0.778  Student_5:0.848  Student_2:0.133  Student_3:0.308  Student_4:0.272  Student_5:0.074  Student_3:0.430  Student_4:0.389  Student_5:0.075  Student_4:0.053  Student_5:0.366  Student_5:0.331
  [30/288] cue=1 c1=60° c2=150°USING PRECUED ITEMS - SHOULD NEVER BE DONE IN TRAINING
  Student_0:1.180  Student_1:0.292  Student_2:0.134  Student_3:0.901  Student_4:0.924  Student_5:0.078  Student_1:1.171  Student_2:1.137  Student_3:1.332  Student_4:1.335  Student_5:1.157  Student_2:0.205  Student_3:1.181  Student_4:1.203  Student_5:0.254  Student_3:1.004  Student_4:1.027  Student_5:0.085  Student_4:0.039  Student_5:0.959  Student_5:0.984
  [31/288] cue=1 c1=60° c2=180°USING PRECUED ITEMS - SHOULD NEVER BE DONE IN TRAINING
  Student_0:1.102  Student_1:0.288  Student_2:0.441  Student_3:2.042  Student_4:2.188  Student_5:0.132  Student_1:0.991  Student_2:0.930  Student_3:2.169  Student_4:2.270  Student_5:1.028  Student_2:0.185  Student_3:2.319  Student_4:2.464  Student_5:0.179  Student_3:2.463  Student_4:2.609  Student_5:0.331  Student_4:0.153  Student_5:2.150  Student_5:2.296
  [32/288] cue=1 c1=60° c2=210°USING PRECUED ITEMS - SHOULD NEVER BE DONE IN TRAINING
  Student_0:0.777  Student_1:0.065  Student_2:0.132  Student_3:2.050  Student_4:2.113  Student_5:0.129  Student_1:0.791  Student_2:0.744  Student_3:2.048  Student_4:2.088  Student_5:0.705  Student_2:0.151  Student_3:2.013  Student_4:2.076  Student_5:0.167  Student_3:2.159  Student_4:2.221  Student_5:0.071  Student_4:0.072  Student_5:2.159  Student_5:2.219
  [33/288] cue=1 c1=60° c2=240°USING PRECUED ITEMS - SHOULD NEVER BE DONE IN TRAINING
  Student_0:0.869  Student_1:0.102  Student_2:0.286  Student_3:1.014  Student_4:1.232  Student_5:0.145  Student_1:0.806  Student_2:0.728  Student_3:1.476  Student_4:1.620  Student_5:0.914  Student_2:0.206  Student_3:1.102  Student_4:1.320  Student_5:0.222  Student_3:1.285  Student_4:1.504  Student_5:0.412  Student_4:0.221  Student_5:0.887  Student_5:1.101
  [34/288] cue=1 c1=60° c2=270°USING PRECUED ITEMS - SHOULD NEVER BE DONE IN TRAINING
  Student_0:0.610  Student_1:0.028  Student_2:0.254  Student_3:0.303  Student_4:0.485  Student_5:0.029  Student_1:0.622  Student_2:0.827  Student_3:0.626  Student_4:0.715  Student_5:0.603  Student_2:0.242  Student_3:0.295  Student_4:0.480  Student_5:0.031  Student_3:0.520  Student_4:0.707  Student_5:0.250  Student_4:0.189  Student_5:0.304  Student_5:0.486
  [35/288] cue=1 c1=60° c2=300°USING PRECUED ITEMS - SHOULD NEVER BE DONE IN TRAINING
  Student_0:0.549  Student_1:0.137  Student_2:0.111  Student_3:0.254  Student_4:0.150  Student_5:0.042  Student_1:0.434  Student_2:0.649  Student_3:0.756  Student_4:0.555  Student_5:0.562  Student_2:0.234  Student_3:0.367  Student_4:0.158  Student_5:0.144  Student_3:0.164  Student_4:0.226  Student_5:0.097  Student_4:0.285  Student_5:0.240  Student_5:0.165
  [36/288] cue=1 c1=60° c2=330°USING PRECUED ITEMS - SHOULD NEVER BE DONE IN TRAINING
  Student_0:0.481  Student_1:0.197  Student_2:0.105  Student_3:0.088  Student_4:0.117  Student_5:0.075  Student_1:0.324  Student_2:0.431  Student_3:0.500  Student_4:0.492  Student_5:0.437  Student_2:0.127  Student_3:0.221  Student_4:0.220  Student_5:0.150  Student_3:0.139  Student_4:0.142  Student_5:0.047  Student_4:0.048  Student_5:0.121  Student_5:0.126
  [37/288] cue=1 c1=90° c2=0°USING PRECUED ITEMS - SHOULD NEVER BE DONE IN TRAINING
  Student_0:0.574  Student_1:0.089  Student_2:0.068  Student_3:0.128  Student_4:0.127  Student_5:0.068  Student_1:0.579  Student_2:0.567  Student_3:0.624  Student_4:0.614  Student_5:0.590  Student_2:0.048  Student_3:0.059  Student_4:0.061  Student_5:0.052  Student_3:0.096  Student_4:0.094  Student_5:0.030  Student_4:0.032  Student_5:0.090  Student_5:0.093
  [38/288] cue=1 c1=90° c2=30°USING PRECUED ITEMS - SHOULD NEVER BE DONE IN TRAINING
  Student_0:0.620  Student_1:0.086  Student_2:0.075  Student_3:0.070  Student_4:0.060  Student_5:0.059  Student_1:0.610  Student_2:0.609  Student_3:0.643  Student_4:0.644  Student_5:0.633  Student_2:0.041  Student_3:0.087  Student_4:0.135  Student_5:0.062  Student_3:0.068  Student_4:0.112  Student_5:0.046  Student_4:0.065  Student_5:0.035  Student_5:0.083
  [39/288] cue=1 c1=90° c2=60°USING PRECUED ITEMS - SHOULD NEVER BE DONE IN TRAINING
  Student_0:0.515  Student_1:0.106  Student_2:0.126  Student_3:0.113  Student_4:0.177  Student_5:0.087  Student_1:0.596  Student_2:0.602  Student_3:0.586  Student_4:0.603  Student_5:0.587  Student_2:0.098  Student_3:0.087  Student_4:0.155  Student_5:0.056  Student_3:0.073  Student_4:0.129  Student_5:0.071  Student_4:0.082  Student_5:0.071  Student_5:0.151
  [40/288] cue=1 c1=90° c2=90°USING PRECUED ITEMS - SHOULD NEVER BE DONE IN TRAINING
  Student_0:0.671  Student_1:0.411  Student_2:0.513  Student_3:0.500  Student_4:0.522  Student_5:0.312  Student_1:0.801  Student_2:0.809  Student_3:0.727  Student_4:0.760  Student_5:0.891  Student_2:0.179  Student_3:0.189  Student_4:0.209  Student_5:0.181  Student_3:0.110  Student_4:0.082  Student_5:0.329  Student_4:0.052  Student_5:0.335  Student_5:0.357
  [41/288] cue=1 c1=90° c2=120°USING PRECUED ITEMS - SHOULD NEVER BE DONE IN TRAINING
  Student_0:0.581  Student_1:0.446  Student_2:0.443  Student_3:0.866  Student_4:0.839  Student_5:0.239  Student_1:0.597  Student_2:0.710  Student_3:0.637  Student_4:0.713  Student_5:0.728  Student_2:0.149  Student_3:0.470  Student_4:0.446  Student_5:0.296  Student_3:0.520  Student_4:0.493  Student_5:0.266  Student_4:0.158  Student_5:0.748  Student_5:0.724
  [42/288] cue=1 c1=90° c2=150°USING PRECUED ITEMS - SHOULD NEVER BE DONE IN TRAINING
  Student_0:1.390  Student_1:0.289  Student_2:0.240  Student_3:1.167  Student_4:1.234  Student_5:0.191  Student_1:1.232  Student_2:1.267  Student_3:2.019  Student_4:2.051  Student_5:1.271  Student_2:0.117  Student_3:1.426  Student_4:1.490  Student_5:0.169  Student_3:1.359  Student_4:1.421  Student_5:0.083  Student_4:0.081  Student_5:1.290  Student_5:1.352
  [43/288] cue=1 c1=90° c2=180°USING PRECUED ITEMS - SHOULD NEVER BE DONE IN TRAINING
  Student_0:1.216  Student_1:0.085  Student_2:0.077  Student_3:1.932  Student_4:2.050  Student_5:0.083  Student_1:1.162  Student_2:1.185  Student_3:2.396  Student_4:2.467  Student_5:1.160  Student_2:0.046  Student_3:1.975  Student_4:2.093  Student_5:0.063  Student_3:1.972  Student_4:2.091  Student_5:0.054  Student_4:0.125  Student_5:1.969  Student_5:2.089
  [44/288] cue=1 c1=90° c2=210°USING PRECUED ITEMS - SHOULD NEVER BE DONE IN TRAINING
  Student_0:1.103  Student_1:0.067  Student_2:0.208  Student_3:1.756  Student_4:1.836  Student_5:0.072  Student_1:1.115  Student_2:1.030  Student_3:2.122  Student_4:2.167  Student_5:1.056  Student_2:0.243  Student_3:1.719  Student_4:1.800  Student_5:0.105  Student_3:1.953  Student_4:2.034  Student_5:0.168  Student_4:0.085  Student_5:1.792  Student_5:1.873
  [45/288] cue=1 c1=90° c2=240°USING PRECUED ITEMS - SHOULD NEVER BE DONE IN TRAINING
  Student_0:1.163  Student_1:0.135  Student_2:0.227  Student_3:0.625  Student_4:0.697  Student_5:0.073  Student_1:1.110  Student_2:1.111  Student_3:1.513  Student_4:1.550  Student_5:1.141  Student_2:0.100  Student_3:0.746  Student_4:0.817  Student_5:0.122  Student_3:0.830  Student_4:0.901  Student_5:0.199  Student_4:0.083  Student_5:0.644  Student_5:0.714
  [46/288] cue=1 c1=90° c2=270°USING PRECUED ITEMS - SHOULD NEVER BE DONE IN TRAINING
  Student_0:0.597  Student_1:0.093  Student_2:0.082  Student_3:0.251  Student_4:0.215  Student_5:0.090  Student_1:0.584  Student_2:0.578  Student_3:0.637  Student_4:0.592  Student_5:0.585  Student_2:0.126  Student_3:0.192  Student_4:0.139  Student_5:0.030  Student_3:0.309  Student_4:0.243  Student_5:0.116  Student_4:0.079  Student_5:0.203  Student_5:0.151
  [47/288] cue=1 c1=90° c2=300°USING PRECUED ITEMS - SHOULD NEVER BE DONE IN TRAINING
  Student_0:0.504  Student_1:0.042  Student_2:0.064  Student_3:0.161  Student_4:0.157  Student_5:0.070  Student_1:0.513  Student_2:0.498  Student_3:0.440  Student_4:0.419  Student_5:0.522  Student_2:0.079  Student_3:0.176  Student_4:0.170  Student_5:0.065  Student_3:0.145  Student_4:0.135  Student_5:0.055  Student_4:0.048  Student_5:0.195  Student_5:0.184
  [48/288] cue=1 c1=90° c2=330°USING PRECUED ITEMS - SHOULD NEVER BE DONE IN TRAINING
  Student_0:0.651  Student_1:0.046  Student_2:0.049  Student_3:0.089  Student_4:0.089  Student_5:0.057  Student_1:0.642  Student_2:0.627  Student_3:0.681  Student_4:0.675  Student_5:0.653  Student_2:0.035  Student_3:0.066  Student_4:0.062  Student_5:0.021  Student_3:0.091  Student_4:0.086  Student_5:0.040  Student_4:0.029  Student_5:0.056  Student_5:0.050
  [49/288] cue=1 c1=120° c2=0°USING PRECUED ITEMS - SHOULD NEVER BE DONE IN TRAINING
  Student_0:1.234  Student_1:0.098  Student_2:0.097  Student_3:0.171  Student_4:0.128  Student_5:0.170  Student_1:1.246  Student_2:1.253  Student_3:1.294  Student_4:1.282  Student_5:1.239  Student_2:0.025  Student_3:0.099  Student_4:0.105  Student_5:0.097  Student_3:0.102  Student_4:0.111  Student_5:0.095  Student_4:0.063  Student_5:0.130  Student_5:0.170
  [50/288] cue=1 c1=120° c2=30°USING PRECUED ITEMS - SHOULD NEVER BE DONE IN TRAINING
  Student_0:1.163  Student_1:0.069  Student_2:0.061  Student_3:0.054  Student_4:0.075  Student_5:0.048  Student_1:1.179  Student_2:1.178  Student_3:1.176  Student_4:1.173  Student_5:1.180  Student_2:0.037  Student_3:0.047  Student_4:0.057  Student_5:0.060  Student_3:0.028  Student_4:0.036  Student_5:0.054  Student_4:0.044  Student_5:0.050  Student_5:0.084
  [51/288] cue=1 c1=120° c2=60°USING PRECUED ITEMS - SHOULD NEVER BE DONE IN TRAINING
  Student_0:1.015  Student_1:0.149  Student_2:0.091  Student_3:0.084  Student_4:0.114  Student_5:0.104  Student_1:1.002  Student_2:1.007  Student_3:0.997  Student_4:1.006  Student_5:1.013  Student_2:0.069  Student_3:0.144  Student_4:0.223  Student_5:0.055  Student_3:0.112  Student_4:0.179  Student_5:0.029  Student_4:0.086  Student_5:0.118  Student_5:0.191
  [52/288] cue=1 c1=120° c2=90°USING PRECUED ITEMS - SHOULD NEVER BE DONE IN TRAINING
  Student_0:0.855  Student_1:0.354  Student_2:0.213  Student_3:0.416  Student_4:0.205  Student_5:0.114  Student_1:0.799  Student_2:0.951  Student_3:0.847  Student_4:1.035  Student_5:0.939  Student_2:0.237  Student_3:0.135  Student_4:0.376  Student_5:0.302  Student_3:0.318  Student_4:0.210  Student_5:0.121  Student_4:0.380  Student_5:0.395  Student_5:0.162
  [53/288] cue=1 c1=120° c2=120°USING PRECUED ITEMS - SHOULD NEVER BE DONE IN TRAINING
  Student_0:0.758  Student_1:0.387  Student_2:0.439  Student_3:0.600  Student_4:0.778  Student_5:0.398  Student_1:0.813  Student_2:0.787  Student_3:1.077  Student_4:0.981  Student_5:0.760  Student_2:0.118  Student_3:0.334  Student_4:0.548  Student_5:0.112  Student_3:0.407  Student_4:0.471  Student_5:0.062  Student_4:0.626  Student_5:0.431  Student_5:0.481
  [54/288] cue=1 c1=120° c2=150°USING PRECUED ITEMS - SHOULD NEVER BE DONE IN TRAINING
  Student_0:1.496  Student_1:0.228  Student_2:0.324  Student_3:0.245  Student_4:0.477  Student_5:0.173  Student_1:1.432  Student_2:1.293  Student_3:1.573  Student_4:1.749  Student_5:1.497  Student_2:0.188  Student_3:0.158  Student_4:0.357  Student_5:0.093  Student_3:0.327  Student_4:0.505  Student_5:0.263  Student_4:0.242  Student_5:0.125  Student_5:0.349
  [55/288] cue=1 c1=120° c2=180°USING PRECUED ITEMS - SHOULD NEVER BE DONE IN TRAINING
  Student_0:0.911  Student_1:0.111  Student_2:0.134  Student_3:0.420  Student_4:0.239  Student_5:0.087  Student_1:0.940  Student_2:0.847  Student_3:1.230  Student_4:1.087  Student_5:0.921  Student_2:0.152  Student_3:0.381  Student_4:0.213  Student_5:0.058  Student_3:0.528  Student_4:0.351  Student_5:0.135  Student_4:0.195  Student_5:0.398  Student_5:0.222
  [56/288] cue=1 c1=120° c2=210°USING PRECUED ITEMS - SHOULD NEVER BE DONE IN TRAINING
  Student_0:0.792  Student_1:0.197  Student_2:0.285  Student_3:0.262  Student_4:0.228  Student_5:0.042  Student_1:0.728  Student_2:0.683  Student_3:0.959  Student_4:0.931  Student_5:0.800  Student_2:0.160  Student_3:0.372  Student_4:0.350  Student_5:0.206  Student_3:0.482  Student_4:0.454  Student_5:0.287  Student_4:0.062  Student_5:0.265  Student_5:0.229
  [57/288] cue=1 c1=120° c2=240°USING PRECUED ITEMS - SHOULD NEVER BE DONE IN TRAINING
  Student_0:0.667  Student_1:0.062  Student_2:0.107  Student_3:0.351  Student_4:0.345  Student_5:0.071  Student_1:0.659  Student_2:0.706  Student_3:0.673  Student_4:0.674  Student_5:0.692  Student_2:0.127  Student_3:0.327  Student_4:0.329  Student_5:0.088  Student_3:0.447  Student_4:0.444  Student_5:0.069  Student_4:0.045  Student_5:0.402  Student_5:0.397
  [58/288] cue=1 c1=120° c2=270°USING PRECUED ITEMS - SHOULD NEVER BE DONE IN TRAINING
  Student_0:0.707  Student_1:0.069  Student_2:0.125  Student_3:0.115  Student_4:0.149  Student_5:0.095  Student_1:0.709  Student_2:0.764  Student_3:0.675  Student_4:0.724  Student_5:0.746  Student_2:0.125  Student_3:0.112  Student_4:0.161  Student_5:0.078  Student_3:0.140  Student_4:0.103  Student_5:0.065  Student_4:0.098  Student_5:0.111  Student_5:0.107
  [59/288] cue=1 c1=120° c2=300°USING PRECUED ITEMS - SHOULD NEVER BE DONE IN TRAINING
  Student_0:1.364  Student_1:0.103  Student_2:0.070  Student_3:0.332  Student_4:0.401  Student_5:0.078  Student_1:1.321  Student_2:1.335  Student_3:1.182  Student_4:1.140  Student_5:1.368  Student_2:0.108  Student_3:0.244  Student_4:0.316  Student_5:0.075  Student_3:0.312  Student_4:0.381  Student_5:0.091  Student_4:0.078  Student_5:0.308  Student_5:0.381
  [60/288] cue=1 c1=120° c2=330°USING PRECUED ITEMS - SHOULD NEVER BE DONE IN TRAINING
  Student_0:1.310  Student_1:0.196  Student_2:0.098  Student_3:0.510  Student_4:0.531  Student_5:0.115  Student_1:1.325  Student_2:1.309  Student_3:1.450  Student_4:1.451  Student_5:1.309  Student_2:0.120  Student_3:0.364  Student_4:0.386  Student_5:0.094  Student_3:0.423  Student_4:0.444  Student_5:0.040  Student_4:0.034  Student_5:0.422  Student_5:0.443
  [61/288] cue=1 c1=150° c2=0°USING PRECUED ITEMS - SHOULD NEVER BE DONE IN TRAINING
  Student_0:1.455  Student_1:0.077  Student_2:0.204  Student_3:0.201  Student_4:0.171  Student_5:0.089  Student_1:1.462  Student_2:1.433  Student_3:1.473  Student_4:1.471  Student_5:1.461  Student_2:0.170  Student_3:0.164  Student_4:0.130  Student_5:0.045  Student_3:0.122  Student_4:0.167  Student_5:0.142  Student_4:0.066  Student_5:0.134  Student_5:0.098
  [62/288] cue=1 c1=150° c2=30°USING PRECUED ITEMS - SHOULD NEVER BE DONE IN TRAINING
  Student_0:1.382  Student_1:0.090  Student_2:0.084  Student_3:0.067  Student_4:0.147  Student_5:0.136  Student_1:1.386  Student_2:1.385  Student_3:1.388  Student_4:1.365  Student_5:1.368  Student_2:0.038  Student_3:0.098  Student_4:0.109  Student_5:0.086  Student_3:0.091  Student_4:0.094  Student_5:0.074  Student_4:0.107  Student_5:0.149  Student_5:0.069
  [63/288] cue=1 c1=150° c2=60°USING PRECUED ITEMS - SHOULD NEVER BE DONE IN TRAINING
  Student_0:1.407  Student_1:0.162  Student_2:0.091  Student_3:0.255  Student_4:0.155  Student_5:0.066  Student_1:1.405  Student_2:1.401  Student_3:1.442  Student_4:1.419  Student_5:1.410  Student_2:0.232  Student_3:0.399  Student_4:0.294  Student_5:0.133  Student_3:0.234  Student_4:0.145  Student_5:0.119  Student_4:0.126  Student_5:0.312  Student_5:0.214
  [64/288] cue=1 c1=150° c2=90°USING PRECUED ITEMS - SHOULD NEVER BE DONE IN TRAINING
  Student_0:1.111  Student_1:0.125  Student_2:0.255  Student_3:0.635  Student_4:0.619  Student_5:0.227  Student_1:1.073  Student_2:1.037  Student_3:1.199  Student_4:1.188  Student_5:1.065  Student_2:0.335  Student_3:0.558  Student_4:0.544  Student_5:0.286  Student_3:0.871  Student_4:0.852  Student_5:0.084  Student_4:0.048  Student_5:0.837  Student_5:0.821
  [65/288] cue=1 c1=150° c2=120°USING PRECUED ITEMS - SHOULD NEVER BE DONE IN TRAINING
  Student_0:1.322  Student_1:0.175  Student_2:0.231  Student_3:0.329  Student_4:0.515  Student_5:0.257  Student_1:1.339  Student_2:1.383  Student_3:1.570  Student_4:1.428  Student_5:1.426  Student_2:0.098  Student_3:0.355  Student_4:0.634  Student_5:0.121  Student_3:0.298  Student_4:0.599  Student_5:0.123  Student_4:0.415  Student_5:0.373  Student_5:0.691
  [66/288] cue=1 c1=150° c2=150°USING PRECUED ITEMS - SHOULD NEVER BE DONE IN TRAINING
  Student_0:0.706  Student_1:0.208  Student_2:0.135  Student_3:0.205  Student_4:0.371  Student_5:0.132  Student_1:0.791  Student_2:0.740  Student_3:0.847  Student_4:0.986  Student_5:0.727  Student_2:0.093  Student_3:0.094  Student_4:0.227  Student_5:0.180  Student_3:0.132  Student_4:0.295  Student_5:0.150  Student_4:0.176  Student_5:0.199  Student_5:0.354
  [67/288] cue=1 c1=150° c2=180°USING PRECUED ITEMS - SHOULD NEVER BE DONE IN TRAINING
  Student_0:0.458  Student_1:0.101  Student_2:0.072  Student_3:0.369  Student_4:0.260  Student_5:0.058  Student_1:0.461  Student_2:0.454  Student_3:0.608  Student_4:0.535  Student_5:0.452  Student_2:0.043  Student_3:0.294  Student_4:0.187  Student_5:0.080  Student_3:0.325  Student_4:0.217  Student_5:0.075  Student_4:0.118  Student_5:0.339  Student_5:0.224
  [68/288] cue=1 c1=150° c2=210°USING PRECUED ITEMS - SHOULD NEVER BE DONE IN TRAINING
  Student_0:0.556  Student_1:0.124  Student_2:0.067  Student_3:0.165  Student_4:0.203  Student_5:0.074  Student_1:0.514  Student_2:0.565  Student_3:0.485  Student_4:0.477  Student_5:0.538  Student_2:0.121  Student_3:0.093  Student_4:0.124  Student_5:0.091  Student_3:0.181  Student_4:0.221  Student_5:0.084  Student_4:0.046  Student_5:0.133  Student_5:0.157
  [69/288] cue=1 c1=150° c2=240°USING PRECUED ITEMS - SHOULD NEVER BE DONE IN TRAINING
  Student_0:0.662  Student_1:0.076  Student_2:0.040  Student_3:0.085  Student_4:0.057  Student_5:0.051  Student_1:0.657  Student_2:0.677  Student_3:0.702  Student_4:0.645  Student_5:0.648  Student_2:0.062  Student_3:0.085  Student_4:0.075  Student_5:0.063  Student_3:0.064  Student_4:0.066  Student_5:0.051  Student_4:0.096  Student_5:0.098  Student_5:0.056
  [70/288] cue=1 c1=150° c2=270°USING PRECUED ITEMS - SHOULD NEVER BE DONE IN TRAINING
  Student_0:0.939  Student_1:0.144  Student_2:0.106  Student_3:0.102  Student_4:0.152  Student_5:0.068  Student_1:0.978  Student_2:0.910  Student_3:0.879  Student_4:0.861  Student_5:0.946  Student_2:0.234  Student_3:0.228  Student_4:0.262  Student_5:0.177  Student_3:0.074  Student_4:0.088  Student_5:0.081  Student_4:0.061  Student_5:0.099  Student_5:0.121
  [71/288] cue=1 c1=150° c2=300°USING PRECUED ITEMS - SHOULD NEVER BE DONE IN TRAINING
  Student_0:1.461  Student_1:0.255  Student_2:0.183  Student_3:1.164  Student_4:1.179  Student_5:0.076  Student_1:1.489  Student_2:1.450  Student_3:1.834  Student_4:1.841  Student_5:1.462  Student_2:0.116  Student_3:0.960  Student_4:0.978  Student_5:0.231  Student_3:1.009  Student_4:1.024  Student_5:0.131  Student_4:0.045  Student_5:1.096  Student_5:1.110
  [72/288] cue=1 c1=150° c2=330°USING PRECUED ITEMS - SHOULD NEVER BE DONE IN TRAINING
  Student_0:1.497  Student_1:0.357  Student_2:0.307  Student_3:1.064  Student_4:1.113  Student_5:0.283  Student_1:1.538  Student_2:1.528  Student_3:1.765  Student_4:1.796  Student_5:1.521  Student_2:0.060  Student_3:0.742  Student_4:0.793  Student_5:0.087  Student_3:0.794  Student_4:0.845  Student_5:0.058  Student_4:0.057  Student_5:0.806  Student_5:0.856
  [73/288] cue=1 c1=180° c2=0°USING PRECUED ITEMS - SHOULD NEVER BE DONE IN TRAINING
  Student_0:1.596  Student_1:0.139  Student_2:0.097  Student_3:0.062  Student_4:0.150  Student_5:0.079  Student_1:1.643  Student_2:1.558  Student_3:1.593  Student_4:1.598  Student_5:1.592  Student_2:0.201  Student_3:0.147  Student_4:0.090  Student_5:0.129  Student_3:0.092  Student_4:0.153  Student_5:0.087  Student_4:0.109  Student_5:0.054  Student_5:0.091
  [74/288] cue=1 c1=180° c2=30°USING PRECUED ITEMS - SHOULD NEVER BE DONE IN TRAINING
  Student_0:1.492  Student_1:0.118  Student_2:0.244  Student_3:0.226  Student_4:0.194  Student_5:0.099  Student_1:1.521  Student_2:1.461  Student_3:1.609  Student_4:1.592  Student_5:1.536  Student_2:0.168  Student_3:0.308  Student_4:0.269  Student_5:0.154  Student_3:0.440  Student_4:0.402  Student_5:0.310  Student_4:0.047  Student_5:0.196  Student_5:0.162
  [75/288] cue=1 c1=180° c2=60°USING PRECUED ITEMS - SHOULD NEVER BE DONE IN TRAINING
  Student_0:1.366  Student_1:0.119  Student_2:0.195  Student_3:0.651  Student_4:0.548  Student_5:0.239  Student_1:1.432  Student_2:1.341  Student_3:1.542  Student_4:1.508  Student_5:1.358  Student_2:0.267  Student_3:0.624  Student_4:0.524  Student_5:0.277  Student_3:0.830  Student_4:0.726  Student_5:0.073  Student_4:0.111  Student_5:0.879  Student_5:0.778
  [76/288] cue=1 c1=180° c2=90°USING PRECUED ITEMS - SHOULD NEVER BE DONE IN TRAINING
  Student_0:1.227  Student_1:0.155  Student_2:0.254  Student_3:0.595  Student_4:0.667  Student_5:0.251  Student_1:1.147  Student_2:1.105  Student_3:1.590  Student_4:1.627  Student_5:1.087  Student_2:0.108  Student_3:0.738  Student_4:0.809  Student_5:0.107  Student_3:0.833  Student_4:0.904  Student_5:0.049  Student_4:0.082  Student_5:0.832  Student_5:0.904
  [77/288] cue=1 c1=180° c2=120°USING PRECUED ITEMS - SHOULD NEVER BE DONE IN TRAINING
  Student_0:1.080  Student_1:0.375  Student_2:0.144  Student_3:0.330  Student_4:0.246  Student_5:0.105  Student_1:1.287  Student_2:1.092  Student_3:1.371  Student_4:1.301  Student_5:1.036  Student_2:0.273  Student_3:0.306  Student_4:0.278  Student_5:0.373  Student_3:0.361  Student_4:0.284  Student_5:0.110  Student_4:0.114  Student_5:0.392  Student_5:0.318
  [78/288] cue=1 c1=180° c2=150°USING PRECUED ITEMS - SHOULD NEVER BE DONE IN TRAINING
  Student_0:0.434  Student_1:0.098  Student_2:0.088  Student_3:0.217  Student_4:0.155  Student_5:0.104  Student_1:0.456  Student_2:0.438  Student_3:0.549  Student_4:0.520  Student_5:0.424  Student_2:0.071  Student_3:0.150  Student_4:0.127  Student_5:0.108  Student_3:0.198  Student_4:0.165  Student_5:0.047  Student_4:0.071  Student_5:0.233  Student_5:0.201
  [79/288] cue=1 c1=180° c2=180°USING PRECUED ITEMS - SHOULD NEVER BE DONE IN TRAINING
  Student_0:0.402  Student_1:0.086  Student_2:0.064  Student_3:0.320  Student_4:0.096  Student_5:0.149  Student_1:0.375  Student_2:0.397  Student_3:0.387  Student_4:0.387  Student_5:0.375  Student_2:0.081  Student_3:0.271  Student_4:0.071  Student_5:0.103  Student_3:0.285  Student_4:0.071  Student_5:0.116  Student_4:0.231  Student_5:0.178  Student_5:0.060
  [80/288] cue=1 c1=180° c2=210°USING PRECUED ITEMS - SHOULD NEVER BE DONE IN TRAINING
  Student_0:0.443  Student_1:0.109  Student_2:0.105  Student_3:0.065  Student_4:0.060  Student_5:0.062  Student_1:0.437  Student_2:0.390  Student_3:0.418  Student_4:0.461  Student_5:0.436  Student_2:0.082  Student_3:0.106  Student_4:0.126  Student_5:0.116  Student_3:0.064  Student_4:0.141  Student_5:0.088  Student_4:0.109  Student_5:0.038  Student_5:0.091
  [81/288] cue=1 c1=180° c2=240°USING PRECUED ITEMS - SHOULD NEVER BE DONE IN TRAINING
  Student_0:0.567  Student_1:0.052  Student_2:0.074  Student_3:0.070  Student_4:0.068  Student_5:0.045  Student_1:0.585  Student_2:0.566  Student_3:0.595  Student_4:0.592  Student_5:0.592  Student_2:0.068  Student_3:0.077  Student_4:0.067  Student_5:0.051  Student_3:0.125  Student_4:0.108  Student_5:0.060  Student_4:0.036  Student_5:0.094  Student_5:0.089
  [82/288] cue=1 c1=180° c2=270°USING PRECUED ITEMS - SHOULD NEVER BE DONE IN TRAINING
  Student_0:1.288  Student_1:0.071  Student_2:0.122  Student_3:0.378  Student_4:0.337  Student_5:0.072  Student_1:1.281  Student_2:1.287  Student_3:1.038  Student_4:1.087  Student_5:1.325  Student_2:0.057  Student_3:0.414  Student_4:0.363  Student_5:0.099  Student_3:0.452  Student_4:0.399  Student_5:0.119  Student_4:0.098  Student_5:0.429  Student_5:0.382
  [83/288] cue=1 c1=180° c2=300°USING PRECUED ITEMS - SHOULD NEVER BE DONE IN TRAINING
  Student_0:1.435  Student_1:0.076  Student_2:0.122  Student_3:1.013  Student_4:1.051  Student_5:0.116  Student_1:1.454  Student_2:1.400  Student_3:1.775  Student_4:1.799  Student_5:1.401  Student_2:0.110  Student_3:1.019  Student_4:1.057  Student_5:0.120  Student_3:1.060  Student_4:1.098  Student_5:0.042  Student_4:0.046  Student_5:1.044  Student_5:1.082
  [84/288] cue=1 c1=180° c2=330°USING PRECUED ITEMS - SHOULD NEVER BE DONE IN TRAINING
  Student_0:1.506  Student_1:0.131  Student_2:0.235  Student_3:0.451  Student_4:0.476  Student_5:0.084  Student_1:1.481  Student_2:1.432  Student_3:1.433  Student_4:1.414  Student_5:1.510  Student_2:0.154  Student_3:0.347  Student_4:0.373  Student_5:0.083  Student_3:0.348  Student_4:0.333  Student_5:0.207  Student_4:0.045  Student_5:0.390  Student_5:0.418
  [85/288] cue=1 c1=210° c2=0°USING PRECUED ITEMS - SHOULD NEVER BE DONE IN TRAINING
  Student_0:1.688  Student_1:0.158  Student_2:0.221  Student_3:0.091  Student_4:0.169  Student_5:0.092  Student_1:1.753  Student_2:1.584  Student_3:1.700  Student_4:1.770  Student_5:1.649  Student_2:0.333  Student_3:0.198  Student_4:0.074  Student_5:0.188  Student_3:0.244  Student_4:0.363  Student_5:0.150  Student_4:0.176  Student_5:0.147  Student_5:0.226
  [86/288] cue=1 c1=210° c2=30°USING PRECUED ITEMS - SHOULD NEVER BE DONE IN TRAINING
  Student_0:1.309  Student_1:0.090  Student_2:0.343  Student_3:0.795  Student_4:0.767  Student_5:0.172  Student_1:1.319  Student_2:1.174  Student_3:1.609  Student_4:1.604  Student_5:1.264  Student_2:0.316  Student_3:0.860  Student_4:0.823  Student_5:0.120  Student_3:1.125  Student_4:1.102  Student_5:0.202  Student_4:0.055  Student_5:0.957  Student_5:0.923
  [87/288] cue=1 c1=210° c2=60°USING PRECUED ITEMS - SHOULD NEVER BE DONE IN TRAINING
  Student_0:0.914  Student_1:0.031  Student_2:0.090  Student_3:1.452  Student_4:1.475  Student_5:0.146  Student_1:0.907  Student_2:0.882  Student_3:1.664  Student_4:1.676  Student_5:0.856  Student_2:0.071  Student_3:1.451  Student_4:1.475  Student_5:0.142  Student_3:1.499  Student_4:1.524  Student_5:0.111  Student_4:0.033  Student_5:1.579  Student_5:1.601
  [88/288] cue=1 c1=210° c2=90°USING PRECUED ITEMS - SHOULD NEVER BE DONE IN TRAINING
  Student_0:1.285  Student_1:0.211  Student_2:0.049  Student_3:1.019  Student_4:0.865  Student_5:0.235  Student_1:1.379  Student_2:1.297  Student_3:1.927  Student_4:1.843  Student_5:1.123  Student_2:0.192  Student_3:0.815  Student_4:0.666  Student_5:0.421  Student_3:0.998  Student_4:0.847  Student_5:0.253  Student_4:0.161  Student_5:1.232  Student_5:1.083
  [89/288] cue=1 c1=210° c2=120°USING PRECUED ITEMS - SHOULD NEVER BE DONE IN TRAINING
  Student_0:1.200  Student_1:0.131  Student_2:0.165  Student_3:0.191  Student_4:0.179  Student_5:0.128  Student_1:1.141  Student_2:1.113  Student_3:1.335  Student_4:1.313  Student_5:1.139  Student_2:0.086  Student_3:0.305  Student_4:0.258  Student_5:0.091  Student_3:0.336  Student_4:0.309  Student_5:0.062  Student_4:0.110  Student_5:0.304  Student_5:0.283
  [90/288] cue=1 c1=210° c2=150°USING PRECUED ITEMS - SHOULD NEVER BE DONE IN TRAINING
  Student_0:0.624  Student_1:0.065  Student_2:0.044  Student_3:0.122  Student_4:0.111  Student_5:0.055  Student_1:0.624  Student_2:0.624  Student_3:0.661  Student_4:0.655  Student_5:0.619  Student_2:0.077  Student_3:0.108  Student_4:0.101  Student_5:0.067  Student_3:0.123  Student_4:0.111  Student_5:0.041  Student_4:0.028  Student_5:0.144  Student_5:0.130
  [91/288] cue=1 c1=210° c2=180°USING PRECUED ITEMS - SHOULD NEVER BE DONE IN TRAINING
  Student_0:0.364  Student_1:0.059  Student_2:0.087  Student_3:0.081  Student_4:0.052  Student_5:0.057  Student_1:0.371  Student_2:0.366  Student_3:0.388  Student_4:0.378  Student_5:0.391  Student_2:0.080  Student_3:0.095  Student_4:0.058  Student_5:0.050  Student_3:0.084  Student_4:0.105  Student_5:0.083  Student_4:0.093  Student_5:0.078  Student_5:0.056
  [92/288] cue=1 c1=210° c2=210°USING PRECUED ITEMS - SHOULD NEVER BE DONE IN TRAINING
  Student_0:0.562  Student_1:0.061  Student_2:0.151  Student_3:0.198  Student_4:0.213  Student_5:0.113  Student_1:0.534  Student_2:0.574  Student_3:0.466  Student_4:0.491  Student_5:0.589  Student_2:0.172  Student_3:0.169  Student_4:0.188  Student_5:0.130  Student_3:0.320  Student_4:0.347  Student_5:0.068  Student_4:0.064  Student_5:0.287  Student_5:0.312
  [93/288] cue=1 c1=210° c2=240°USING PRECUED ITEMS - SHOULD NEVER BE DONE IN TRAINING
  Student_0:0.756  Student_1:0.083  Student_2:0.223  Student_3:0.354  Student_4:0.350  Student_5:0.182  Student_1:0.803  Student_2:0.892  Student_3:0.443  Student_4:0.447  Student_5:0.914  Student_2:0.161  Student_3:0.413  Student_4:0.412  Student_5:0.117  Student_3:0.527  Student_4:0.529  Student_5:0.133  Student_4:0.042  Student_5:0.525  Student_5:0.521
  [94/288] cue=1 c1=210° c2=270°USING PRECUED ITEMS - SHOULD NEVER BE DONE IN TRAINING
  Student_0:1.186  Student_1:0.033  Student_2:0.055  Student_3:0.492  Student_4:0.527  Student_5:0.079  Student_1:1.186  Student_2:1.203  Student_3:0.913  Student_4:0.908  Student_5:1.248  Student_2:0.049  Student_3:0.494  Student_4:0.530  Student_5:0.078  Student_3:0.528  Student_4:0.563  Student_5:0.074  Student_4:0.044  Student_5:0.547  Student_5:0.581
  [95/288] cue=1 c1=210° c2=300°USING PRECUED ITEMS - SHOULD NEVER BE DONE IN TRAINING
  Student_0:1.185  Student_1:0.033  Student_2:0.072  Student_3:0.520  Student_4:0.495  Student_5:0.039  Student_1:1.179  Student_2:1.226  Student_3:1.173  Student_4:1.165  Student_5:1.198  Student_2:0.092  Student_3:0.497  Student_4:0.472  Student_5:0.047  Student_3:0.585  Student_4:0.559  Student_5:0.088  Student_4:0.031  Student_5:0.506  Student_5:0.483
  [96/288] cue=1 c1=210° c2=330°USING PRECUED ITEMS - SHOULD NEVER BE DONE IN TRAINING
  Student_0:1.372  Student_1:0.082  Student_2:0.063  Student_3:0.373  Student_4:0.391  Student_5:0.055  Student_1:1.339  Student_2:1.370  Student_3:1.190  Student_4:1.205  Student_5:1.359  Student_2:0.096  Student_3:0.310  Student_4:0.323  Student_5:0.045  Student_3:0.365  Student_4:0.381  Student_5:0.074  Student_4:0.067  Student_5:0.330  Student_5:0.345
  [97/288] cue=1 c1=240° c2=0°USING PRECUED ITEMS - SHOULD NEVER BE DONE IN TRAINING
  Student_0:1.259  Student_1:0.193  Student_2:0.139  Student_3:0.074  Student_4:0.125  Student_5:0.069  Student_1:1.373  Student_2:1.187  Student_3:1.285  Student_4:1.332  Student_5:1.231  Student_2:0.301  Student_3:0.156  Student_4:0.100  Student_5:0.216  Student_3:0.158  Student_4:0.241  Student_5:0.099  Student_4:0.095  Student_5:0.101  Student_5:0.154
  [98/288] cue=1 c1=240° c2=30°USING PRECUED ITEMS - SHOULD NEVER BE DONE IN TRAINING
  Student_0:1.028  Student_1:0.097  Student_2:0.313  Student_3:0.793  Student_4:0.880  Student_5:0.126  Student_1:1.064  Student_2:0.859  Student_3:1.514  Student_4:1.568  Student_5:0.948  Student_2:0.376  Student_3:0.713  Student_4:0.800  Student_5:0.195  Student_3:1.084  Student_4:1.171  Student_5:0.233  Student_4:0.091  Student_5:0.889  Student_5:0.969
  [99/288] cue=1 c1=240° c2=60°USING PRECUED ITEMS - SHOULD NEVER BE DONE IN TRAINING
  Student_0:0.840  Student_1:0.216  Student_2:0.053  Student_3:1.488  Student_4:1.592  Student_5:0.049  Student_1:0.893  Student_2:0.849  Student_3:1.656  Student_4:1.698  Student_5:0.826  Student_2:0.184  Student_3:1.349  Student_4:1.448  Student_5:0.183  Student_3:1.495  Student_4:1.597  Student_5:0.032  Student_4:0.107  Student_5:1.474  Student_5:1.574
  [100/288] cue=1 c1=240° c2=90°USING PRECUED ITEMS - SHOULD NEVER BE DONE IN TRAINING
  Student_0:1.444  Student_1:0.255  Student_2:0.303  Student_3:0.685  Student_4:0.682  Student_5:0.197  Student_1:1.387  Student_2:1.341  Student_3:1.874  Student_4:1.880  Student_5:1.315  Student_2:0.088  Student_3:0.924  Student_4:0.923  Student_5:0.122  Student_3:0.965  Student_4:0.963  Student_5:0.137  Student_4:0.029  Student_5:0.868  Student_5:0.864
  [101/288] cue=1 c1=240° c2=120°USING PRECUED ITEMS - SHOULD NEVER BE DONE IN TRAINING
  Student_0:1.321  Student_1:0.087  Student_2:0.088  Student_3:0.179  Student_4:0.146  Student_5:0.117  Student_1:1.359  Student_2:1.316  Student_3:1.386  Student_4:1.370  Student_5:1.356  Student_2:0.135  Student_3:0.116  Student_4:0.086  Student_5:0.111  Student_3:0.235  Student_4:0.204  Student_5:0.141  Student_4:0.054  Student_5:0.139  Student_5:0.119
  [102/288] cue=1 c1=240° c2=150°USING PRECUED ITEMS - SHOULD NEVER BE DONE IN TRAINING
  Student_0:0.925  Student_1:0.071  Student_2:0.087  Student_3:0.083  Student_4:0.053  Student_5:0.076  Student_1:0.923  Student_2:0.931  Student_3:0.940  Student_4:0.938  Student_5:0.936  Student_2:0.037  Student_3:0.072  Student_4:0.055  Student_5:0.051  Student_3:0.053  Student_4:0.050  Student_5:0.036  Student_4:0.053  Student_5:0.055  Student_5:0.040
  [103/288] cue=1 c1=240° c2=180°USING PRECUED ITEMS - SHOULD NEVER BE DONE IN TRAINING
  Student_0:0.508  Student_1:0.083  Student_2:0.037  Student_3:0.201  Student_4:0.171  Student_5:0.080  Student_1:0.492  Student_2:0.505  Student_3:0.453  Student_4:0.454  Student_5:0.483  Student_2:0.070  Student_3:0.132  Student_4:0.103  Student_5:0.034  Student_3:0.185  Student_4:0.152  Student_5:0.068  Student_4:0.038  Student_5:0.126  Student_5:0.100
  [104/288] cue=1 c1=240° c2=210°USING PRECUED ITEMS - SHOULD NEVER BE DONE IN TRAINING
  Student_0:0.761  Student_1:0.072  Student_2:0.146  Student_3:0.310  Student_4:0.291  Student_5:0.155  Student_1:0.796  Student_2:0.881  Student_3:0.502  Student_4:0.506  Student_5:0.888  Student_2:0.145  Student_3:0.339  Student_4:0.326  Student_5:0.113  Student_3:0.452  Student_4:0.428  Student_5:0.095  Student_4:0.049  Student_5:0.445  Student_5:0.424
  [105/288] cue=1 c1=240° c2=240°USING PRECUED ITEMS - SHOULD NEVER BE DONE IN TRAINING
  Student_0:0.595  Student_1:0.140  Student_2:0.141  Student_3:0.315  Student_4:0.379  Student_5:0.158  Student_1:0.680  Student_2:0.710  Student_3:0.418  Student_4:0.393  Student_5:0.722  Student_2:0.089  Student_3:0.445  Student_4:0.512  Student_5:0.103  Student_3:0.448  Student_4:0.511  Student_5:0.027  Student_4:0.085  Student_5:0.463  Student_5:0.525
  [106/288] cue=1 c1=240° c2=270°USING PRECUED ITEMS - SHOULD NEVER BE DONE IN TRAINING
  Student_0:0.647  Student_1:0.136  Student_2:0.129  Student_3:0.251  Student_4:0.264  Student_5:0.110  Student_1:0.703  Student_2:0.721  Student_3:0.747  Student_4:0.751  Student_5:0.713  Student_2:0.035  Student_3:0.380  Student_4:0.391  Student_5:0.059  Student_3:0.358  Student_4:0.369  Student_5:0.033  Student_4:0.025  Student_5:0.329  Student_5:0.340
  [107/288] cue=1 c1=240° c2=300°USING PRECUED ITEMS - SHOULD NEVER BE DONE IN TRAINING
  Student_0:0.756  Student_1:0.080  Student_2:0.108  Student_3:0.407  Student_4:0.378  Student_5:0.043  Student_1:0.784  Student_2:0.777  Student_3:0.789  Student_4:0.822  Student_5:0.787  Student_2:0.045  Student_3:0.470  Student_4:0.439  Student_5:0.081  Student_3:0.498  Student_4:0.468  Student_5:0.113  Student_4:0.061  Student_5:0.394  Student_5:0.361
  [108/288] cue=1 c1=240° c2=330°USING PRECUED ITEMS - SHOULD NEVER BE DONE IN TRAINING
  Student_0:1.081  Student_1:0.147  Student_2:0.051  Student_3:0.327  Student_4:0.331  Student_5:0.063  Student_1:0.992  Student_2:1.057  Student_3:0.886  Student_4:0.889  Student_5:1.051  Student_2:0.122  Student_3:0.204  Student_4:0.240  Student_5:0.105  Student_3:0.299  Student_4:0.303  Student_5:0.058  Student_4:0.065  Student_5:0.270  Student_5:0.285
  [109/288] cue=1 c1=270° c2=0°USING PRECUED ITEMS - SHOULD NEVER BE DONE IN TRAINING
  Student_0:1.348  Student_1:0.152  Student_2:0.085  Student_3:0.194  Student_4:0.347  Student_5:0.118  Student_1:1.409  Student_2:1.295  Student_3:1.207  Student_4:1.124  Student_5:1.375  Student_2:0.205  Student_3:0.318  Student_4:0.471  Student_5:0.066  Student_3:0.141  Student_4:0.293  Student_5:0.165  Student_4:0.196  Student_5:0.257  Student_5:0.412
  [110/288] cue=1 c1=270° c2=30°USING PRECUED ITEMS - SHOULD NEVER BE DONE IN TRAINING
  Student_0:1.336  Student_1:0.066  Student_2:0.224  Student_3:0.158  Student_4:0.036  Student_5:0.108  Student_1:1.351  Student_2:1.226  Student_3:1.259  Student_4:1.342  Student_5:1.272  Student_2:0.267  Student_3:0.204  Student_4:0.072  Student_5:0.144  Student_3:0.070  Student_4:0.225  Student_5:0.140  Student_4:0.159  Student_5:0.085  Student_5:0.101
  [111/288] cue=1 c1=270° c2=60°USING PRECUED ITEMS - SHOULD NEVER BE DONE IN TRAINING
  Student_0:1.175  Student_1:0.162  Student_2:0.288  Student_3:0.424  Student_4:0.268  Student_5:0.184  Student_1:1.118  Student_2:1.062  Student_3:1.370  Student_4:1.288  Student_5:1.071  Student_2:0.179  Student_3:0.564  Student_4:0.404  Student_5:0.095  Student_3:0.682  Student_4:0.523  Student_5:0.131  Student_4:0.164  Student_5:0.570  Student_5:0.412
  [112/288] cue=1 c1=270° c2=90°USING PRECUED ITEMS - SHOULD NEVER BE DONE IN TRAINING
  Student_0:1.771  Student_1:0.078  Student_2:0.173  Student_3:0.297  Student_4:0.425  Student_5:0.153  Student_1:1.790  Student_2:1.739  Student_3:1.975  Student_4:2.060  Student_5:1.823  Student_2:0.131  Student_3:0.329  Student_4:0.462  Student_5:0.178  Student_3:0.444  Student_4:0.574  Student_5:0.290  Student_4:0.142  Student_5:0.189  Student_5:0.314
  [113/288] cue=1 c1=270° c2=120°USING PRECUED ITEMS - SHOULD NEVER BE DONE IN TRAINING
  Student_0:1.168  Student_1:0.123  Student_2:0.134  Student_3:0.044  Student_4:0.143  Student_5:0.045  Student_1:1.165  Student_2:1.158  Student_3:1.169  Student_4:1.164  Student_5:1.169  Student_2:0.194  Student_3:0.125  Student_4:0.211  Student_5:0.099  Student_3:0.122  Student_4:0.059  Student_5:0.142  Student_4:0.129  Student_5:0.047  Student_5:0.147
  [114/288] cue=1 c1=270° c2=150°USING PRECUED ITEMS - SHOULD NEVER BE DONE IN TRAINING
  Student_0:1.048  Student_1:0.113  Student_2:0.051  Student_3:0.114  Student_4:0.097  Student_5:0.068  Student_1:1.005  Student_2:1.042  Student_3:1.003  Student_4:1.019  Student_5:1.073  Student_2:0.134  Student_3:0.084  Student_4:0.093  Student_5:0.171  Student_3:0.109  Student_4:0.100  Student_5:0.087  Student_4:0.048  Student_5:0.163  Student_5:0.145
  [115/288] cue=1 c1=270° c2=180°USING PRECUED ITEMS - SHOULD NEVER BE DONE IN TRAINING
  Student_0:1.039  Student_1:0.138  Student_2:0.066  Student_3:0.337  Student_4:0.283  Student_5:0.102  Student_1:0.978  Student_2:1.017  Student_3:0.830  Student_4:0.883  Student_5:1.094  Student_2:0.121  Student_3:0.227  Student_4:0.174  Student_5:0.175  Student_3:0.294  Student_4:0.243  Student_5:0.136  Student_4:0.122  Student_5:0.395  Student_5:0.322
  [116/288] cue=1 c1=270° c2=210°USING PRECUED ITEMS - SHOULD NEVER BE DONE IN TRAINING
  Student_0:0.796  Student_1:0.090  Student_2:0.084  Student_3:0.345  Student_4:0.333  Student_5:0.058  Student_1:0.796  Student_2:0.813  Student_3:0.729  Student_4:0.766  Student_5:0.833  Student_2:0.032  Student_3:0.393  Student_4:0.394  Student_5:0.090  Student_3:0.400  Student_4:0.400  Student_5:0.072  Student_4:0.063  Student_5:0.397  Student_5:0.383
  [117/288] cue=1 c1=270° c2=240°USING PRECUED ITEMS - SHOULD NEVER BE DONE IN TRAINING
  Student_0:0.648  Student_1:0.046  Student_2:0.072  Student_3:0.328  Student_4:0.307  Student_5:0.058  Student_1:0.659  Student_2:0.675  Student_3:0.695  Student_4:0.722  Student_5:0.682  Student_2:0.040  Student_3:0.364  Student_4:0.344  Student_5:0.048  Student_3:0.397  Student_4:0.375  Student_5:0.038  Student_4:0.047  Student_5:0.376  Student_5:0.352
  [118/288] cue=1 c1=270° c2=270°USING PRECUED ITEMS - SHOULD NEVER BE DONE IN TRAINING
  Student_0:0.627  Student_1:0.098  Student_2:0.093  Student_3:0.219  Student_4:0.257  Student_5:0.076  Student_1:0.618  Student_2:0.624  Student_3:0.738  Student_4:0.774  Student_5:0.638  Student_2:0.078  Student_3:0.261  Student_4:0.303  Student_5:0.081  Student_3:0.302  Student_4:0.338  Student_5:0.037  Student_4:0.051  Student_5:0.277  Student_5:0.313
  [119/288] cue=1 c1=270° c2=300°USING PRECUED ITEMS - SHOULD NEVER BE DONE IN TRAINING
  Student_0:0.495  Student_1:0.067  Student_2:0.080  Student_3:0.220  Student_4:0.231  Student_5:0.042  Student_1:0.502  Student_2:0.509  Student_3:0.583  Student_4:0.627  Student_5:0.499  Student_2:0.046  Student_3:0.229  Student_4:0.238  Student_5:0.064  Student_3:0.250  Student_4:0.262  Student_5:0.076  Student_4:0.059  Student_5:0.197  Student_5:0.210
  [120/288] cue=1 c1=270° c2=330°USING PRECUED ITEMS - SHOULD NEVER BE DONE IN TRAINING
  Student_0:1.016  Student_1:0.184  Student_2:0.068  Student_3:0.264  Student_4:0.381  Student_5:0.064  Student_1:1.007  Student_2:1.036  Student_3:0.823  Student_4:0.695  Student_5:1.015  Student_2:0.164  Student_3:0.222  Student_4:0.410  Student_5:0.164  Student_3:0.263  Student_4:0.415  Student_5:0.059  Student_4:0.197  Student_5:0.247  Student_5:0.373
  [121/288] cue=1 c1=300° c2=0°USING PRECUED ITEMS - SHOULD NEVER BE DONE IN TRAINING
  Student_0:1.153  Student_1:0.245  Student_2:0.073  Student_3:0.298  Student_4:0.338  Student_5:0.059  Student_1:1.302  Student_2:1.170  Student_3:1.136  Student_4:1.204  Student_5:1.160  Student_2:0.258  Student_3:0.202  Student_4:0.157  Student_5:0.218  Student_3:0.335  Student_4:0.375  Student_5:0.079  Student_4:0.104  Student_5:0.259  Student_5:0.298
  [122/288] cue=1 c1=300° c2=30°USING PRECUED ITEMS - SHOULD NEVER BE DONE IN TRAINING
  Student_0:0.810  Student_1:0.375  Student_2:0.038  Student_3:0.246  Student_4:0.281  Student_5:0.287  Student_1:0.845  Student_2:0.806  Student_3:0.962  Student_4:1.008  Student_5:0.798  Student_2:0.364  Student_3:0.611  Student_4:0.648  Student_5:0.113  Student_3:0.259  Student_4:0.296  Student_5:0.271  Student_4:0.059  Student_5:0.515  Student_5:0.552
  [123/288] cue=1 c1=300° c2=60°USING PRECUED ITEMS - SHOULD NEVER BE DONE IN TRAINING
  Student_0:0.967  Student_1:0.196  Student_2:0.060  Student_3:0.134  Student_4:0.189  Student_5:0.275  Student_1:0.997  Student_2:0.951  Student_3:0.904  Student_4:0.895  Student_5:1.009  Student_2:0.151  Student_3:0.284  Student_4:0.345  Student_5:0.105  Student_3:0.152  Student_4:0.207  Student_5:0.240  Student_4:0.075  Student_5:0.381  Student_5:0.439
  [124/288] cue=1 c1=300° c2=90°USING PRECUED ITEMS - SHOULD NEVER BE DONE IN TRAINING
  Student_0:0.925  Student_1:0.085  Student_2:0.079  Student_3:0.096  Student_4:0.120  Student_5:0.070  Student_1:0.949  Student_2:0.944  Student_3:0.857  Student_4:0.867  Student_5:0.943  Student_2:0.078  Student_3:0.125  Student_4:0.137  Student_5:0.091  Student_3:0.130  Student_4:0.134  Student_5:0.049  Student_4:0.060  Student_5:0.127  Student_5:0.150
  [125/288] cue=1 c1=300° c2=120°USING PRECUED ITEMS - SHOULD NEVER BE DONE IN TRAINING
  Student_0:1.135  Student_1:0.076  Student_2:0.059  Student_3:0.142  Student_4:0.131  Student_5:0.063  Student_1:1.143  Student_2:1.110  Student_3:1.134  Student_4:1.119  Student_5:1.178  Student_2:0.110  Student_3:0.172  Student_4:0.174  Student_5:0.081  Student_3:0.120  Student_4:0.109  Student_5:0.099  Student_4:0.036  Student_5:0.149  Student_5:0.144
Saved plot: results/ablation1_vs_students_0to5/sweep_plots/trial0124_cue1_c1300_c2120.png
  [126/288] cue=1 c1=300° c2=150°USING PRECUED ITEMS - SHOULD NEVER BE DONE IN TRAINING
  Student_0:1.410  Student_1:0.086  Student_2:0.129  Student_3:0.472  Student_4:0.500  Student_5:0.127  Student_1:1.430  Student_2:1.472  Student_3:1.268  Student_4:1.291  Student_5:1.444  Student_2:0.143  Student_3:0.471  Student_4:0.500  Student_5:0.138  Student_3:0.472  Student_4:0.477  Student_5:0.113  Student_4:0.052  Student_5:0.400  Student_5:0.420
Saved plot: results/ablation1_vs_students_0to5/sweep_plots/trial0125_cue1_c1300_c2150.png
  [127/288] cue=1 c1=300° c2=180°USING PRECUED ITEMS - SHOULD NEVER BE DONE IN TRAINING
  Student_0:1.132  Student_1:0.153  Student_2:0.159  Student_3:0.664  Student_4:0.717  Student_5:0.154  Student_1:1.224  Student_2:1.226  Student_3:1.356  Student_4:1.396  Student_5:1.238  Student_2:0.029  Student_3:0.726  Student_4:0.771  Student_5:0.126  Student_3:0.744  Student_4:0.785  Student_5:0.135  Student_4:0.069  Student_5:0.676  Student_5:0.687
  [128/288] cue=1 c1=300° c2=210°USING PRECUED ITEMS - SHOULD NEVER BE DONE IN TRAINING
  Student_0:0.866  Student_1:0.073  Student_2:0.055  Student_3:0.495  Student_4:0.494  Student_5:0.060  Student_1:0.872  Student_2:0.895  Student_3:1.086  Student_4:1.088  Student_5:0.903  Student_2:0.062  Student_3:0.500  Student_4:0.494  Student_5:0.056  Student_3:0.517  Student_4:0.511  Student_5:0.033  Student_4:0.027  Student_5:0.494  Student_5:0.488
  [129/288] cue=1 c1=300° c2=240°USING PRECUED ITEMS - SHOULD NEVER BE DONE IN TRAINING
  Student_0:0.630  Student_1:0.040  Student_2:0.030  Student_3:0.331  Student_4:0.304  Student_5:0.031  Student_1:0.656  Student_2:0.647  Student_3:0.822  Student_4:0.812  Student_5:0.651  Student_2:0.036  Student_3:0.315  Student_4:0.287  Student_5:0.018  Student_3:0.334  Student_4:0.308  Student_5:0.029  Student_4:0.043  Student_5:0.327  Student_5:0.299
  [130/288] cue=1 c1=300° c2=270°USING PRECUED ITEMS - SHOULD NEVER BE DONE IN TRAINING
  Student_0:0.553  Student_1:0.047  Student_2:0.076  Student_3:0.182  Student_4:0.188  Student_5:0.061  Student_1:0.564  Student_2:0.518  Student_3:0.680  Student_4:0.691  Student_5:0.568  Student_2:0.092  Student_3:0.153  Student_4:0.153  Student_5:0.043  Student_3:0.240  Student_4:0.241  Student_5:0.069  Student_4:0.036  Student_5:0.177  Student_5:0.176
  [131/288] cue=1 c1=300° c2=300°USING PRECUED ITEMS - SHOULD NEVER BE DONE IN TRAINING
  Student_0:0.411  Student_1:0.182  Student_2:0.097  Student_3:0.122  Student_4:0.293  Student_5:0.127  Student_1:0.473  Student_2:0.360  Student_3:0.382  Student_4:0.595  Student_5:0.411  Student_2:0.182  Student_3:0.135  Student_4:0.148  Student_5:0.154  Student_3:0.059  Student_4:0.298  Student_5:0.099  Student_4:0.254  Student_5:0.088  Student_5:0.248
  [132/288] cue=1 c1=300° c2=330°USING PRECUED ITEMS - SHOULD NEVER BE DONE IN TRAINING
  Student_0:0.648  Student_1:0.376  Student_2:0.474  Student_3:0.340  Student_4:0.433  Student_5:0.363  Student_1:0.877  Student_2:1.008  Student_3:0.759  Student_4:0.785  Student_5:0.867  Student_2:0.143  Student_3:0.230  Student_4:0.299  Student_5:0.133  Student_3:0.336  Student_4:0.393  Student_5:0.219  Student_4:0.105  Student_5:0.141  Student_5:0.201
  [133/288] cue=1 c1=330° c2=0°USING PRECUED ITEMS - SHOULD NEVER BE DONE IN TRAINING
  Student_0:1.060  Student_1:0.059  Student_2:0.160  Student_3:0.300  Student_4:0.341  Student_5:0.067  Student_1:1.054  Student_2:1.049  Student_3:0.811  Student_4:0.842  Student_5:1.012  Student_2:0.142  Student_3:0.287  Student_4:0.331  Student_5:0.059  Student_3:0.255  Student_4:0.250  Student_5:0.168  Student_4:0.117  Student_5:0.267  Student_5:0.311
  [134/288] cue=1 c1=330° c2=30°USING PRECUED ITEMS - SHOULD NEVER BE DONE IN TRAINING
  Student_0:0.742  Student_1:0.086  Student_2:0.056  Student_3:0.529  Student_4:0.442  Student_5:0.127  Student_1:0.754  Student_2:0.778  Student_3:0.916  Student_4:0.889  Student_5:0.750  Student_2:0.084  Student_3:0.572  Student_4:0.485  Student_5:0.075  Student_3:0.542  Student_4:0.461  Student_5:0.115  Student_4:0.110  Student_5:0.641  Student_5:0.555
  [135/288] cue=1 c1=330° c2=60°USING PRECUED ITEMS - SHOULD NEVER BE DONE IN TRAINING
  Student_0:0.673  Student_1:0.044  Student_2:0.062  Student_3:0.296  Student_4:0.251  Student_5:0.037  Student_1:0.667  Student_2:0.673  Student_3:0.678  Student_4:0.676  Student_5:0.664  Student_2:0.077  Student_3:0.313  Student_4:0.270  Student_5:0.034  Student_3:0.251  Student_4:0.210  Student_5:0.070  Student_4:0.050  Student_5:0.307  Student_5:0.262
  [136/288] cue=1 c1=330° c2=90°USING PRECUED ITEMS - SHOULD NEVER BE DONE IN TRAINING
  Student_0:0.602  Student_1:0.026  Student_2:0.064  Student_3:0.071  Student_4:0.047  Student_5:0.032  Student_1:0.617  Student_2:0.603  Student_3:0.651  Student_4:0.633  Student_5:0.618  Student_2:0.061  Student_3:0.059  Student_4:0.034  Student_5:0.027  Student_3:0.089  Student_4:0.065  Student_5:0.042  Student_4:0.032  Student_5:0.060  Student_5:0.036
  [137/288] cue=1 c1=330° c2=120°USING PRECUED ITEMS - SHOULD NEVER BE DONE IN TRAINING
  Student_0:1.224  Student_1:0.098  Student_2:0.112  Student_3:0.316  Student_4:0.292  Student_5:0.052  Student_1:1.268  Student_2:1.274  Student_3:1.184  Student_4:1.179  Student_5:1.266  Student_2:0.022  Student_3:0.388  Student_4:0.371  Student_5:0.085  Student_3:0.395  Student_4:0.379  Student_5:0.090  Student_4:0.037  Student_5:0.318  Student_5:0.297
  [138/288] cue=1 c1=330° c2=150°USING PRECUED ITEMS - SHOULD NEVER BE DONE IN TRAINING
  Student_0:1.224  Student_1:0.104  Student_2:0.076  Student_3:0.613  Student_4:0.568  Student_5:0.092  Student_1:1.182  Student_2:1.204  Student_3:0.981  Student_4:0.992  Student_5:1.195  Student_2:0.067  Student_3:0.518  Student_4:0.472  Student_5:0.078  Student_3:0.572  Student_4:0.526  Student_5:0.060  Student_4:0.078  Student_5:0.536  Student_5:0.489
  [139/288] cue=1 c1=330° c2=180°USING PRECUED ITEMS - SHOULD NEVER BE DONE IN TRAINING
  Student_0:1.173  Student_1:0.108  Student_2:0.068  Student_3:0.414  Student_4:0.392  Student_5:0.098  Student_1:1.174  Student_2:1.208  Student_3:1.043  Student_4:1.056  Student_5:1.186  Student_2:0.080  Student_3:0.398  Student_4:0.367  Student_5:0.050  Student_3:0.448  Student_4:0.422  Student_5:0.066  Student_4:0.086  Student_5:0.402  Student_5:0.374
  [140/288] cue=1 c1=330° c2=210°USING PRECUED ITEMS - SHOULD NEVER BE DONE IN TRAINING
  Student_0:0.904  Student_1:0.060  Student_2:0.052  Student_3:0.205  Student_4:0.175  Student_5:0.066  Student_1:0.897  Student_2:0.933  Student_3:0.855  Student_4:0.861  Student_5:0.929  Student_2:0.082  Student_3:0.229  Student_4:0.192  Student_5:0.090  Student_3:0.237  Student_4:0.208  Student_5:0.091  Student_4:0.065  Student_5:0.188  Student_5:0.157
  [141/288] cue=1 c1=330° c2=240°USING PRECUED ITEMS - SHOULD NEVER BE DONE IN TRAINING
  Student_0:0.615  Student_1:0.116  Student_2:0.080  Student_3:0.159  Student_4:0.167  Student_5:0.064  Student_1:0.588  Student_2:0.638  Student_3:0.569  Student_4:0.574  Student_5:0.627  Student_2:0.091  Student_3:0.056  Student_4:0.068  Student_5:0.085  Student_3:0.137  Student_4:0.150  Student_5:0.051  Student_4:0.046  Student_5:0.134  Student_5:0.143
  [142/288] cue=1 c1=330° c2=270°USING PRECUED ITEMS - SHOULD NEVER BE DONE IN TRAINING
  Student_0:0.349  Student_1:0.069  Student_2:0.102  Student_3:0.155  Student_4:0.130  Student_5:0.040  Student_1:0.319  Student_2:0.370  Student_3:0.342  Student_4:0.330  Student_5:0.339  Student_2:0.072  Student_3:0.165  Student_4:0.149  Student_5:0.069  Student_3:0.166  Student_4:0.169  Student_5:0.089  Student_4:0.068  Student_5:0.148  Student_5:0.125
  [143/288] cue=1 c1=330° c2=300°USING PRECUED ITEMS - SHOULD NEVER BE DONE IN TRAINING
  Student_0:0.556  Student_1:0.193  Student_2:0.237  Student_3:0.253  Student_4:0.321  Student_5:0.132  Student_1:0.393  Student_2:0.620  Student_3:0.578  Student_4:0.619  Student_5:0.495  Student_2:0.262  Student_3:0.238  Student_4:0.306  Student_5:0.117  Student_3:0.128  Student_4:0.167  Student_5:0.171  Student_4:0.080  Student_5:0.159  Student_5:0.227
  [144/288] cue=1 c1=330° c2=330°USING PRECUED ITEMS - SHOULD NEVER BE DONE IN TRAINING
  Student_0:0.894  Student_1:0.088  Student_2:0.113  Student_3:0.221  Student_4:0.240  Student_5:0.158  Student_1:0.909  Student_2:0.922  Student_3:0.811  Student_4:0.832  Student_5:1.002  Student_2:0.051  Student_3:0.164  Student_4:0.182  Student_5:0.110  Student_3:0.188  Student_4:0.205  Student_5:0.105  Student_4:0.030  Student_5:0.207  Student_5:0.206
  [145/288] cue=2 c1=0° c2=0°USING PRECUED ITEMS - SHOULD NEVER BE DONE IN TRAINING
  Student_0:0.612  Student_1:0.085  Student_2:0.143  Student_3:0.300  Student_4:0.306  Student_5:0.091  Student_1:0.537  Student_2:0.576  Student_3:0.466  Student_4:0.434  Student_5:0.566  Student_2:0.121  Student_3:0.265  Student_4:0.268  Student_5:0.060  Student_3:0.172  Student_4:0.183  Student_5:0.071  Student_4:0.049  Student_5:0.218  Student_5:0.223
  [146/288] cue=2 c1=0° c2=30°USING PRECUED ITEMS - SHOULD NEVER BE DONE IN TRAINING
  Student_0:0.632  Student_1:0.222  Student_2:0.177  Student_3:0.128  Student_4:0.114  Student_5:0.101  Student_1:0.460  Student_2:0.496  Student_3:0.535  Student_4:0.578  Student_5:0.554  Student_2:0.067  Student_3:0.195  Student_4:0.252  Student_5:0.146  Student_3:0.153  Student_4:0.210  Student_5:0.092  Student_4:0.061  Student_5:0.081  Student_5:0.123
  [147/288] cue=2 c1=0° c2=60°USING PRECUED ITEMS - SHOULD NEVER BE DONE IN TRAINING
  Student_0:0.457  Student_1:0.186  Student_2:0.175  Student_3:0.068  Student_4:0.071  Student_5:0.092  Student_1:0.290  Student_2:0.338  Student_3:0.452  Student_4:0.504  Student_5:0.394  Student_2:0.051  Student_3:0.173  Student_4:0.226  Student_5:0.113  Student_3:0.159  Student_4:0.213  Student_5:0.091  Student_4:0.073  Student_5:0.074  Student_5:0.141
  [148/288] cue=2 c1=0° c2=90°USING PRECUED ITEMS - SHOULD NEVER BE DONE IN TRAINING
  Student_0:0.497  Student_1:0.031  Student_2:0.039  Student_3:0.051  Student_4:0.044  Student_5:0.039  Student_1:0.499  Student_2:0.505  Student_3:0.531  Student_4:0.522  Student_5:0.516  Student_2:0.043  Student_3:0.047  Student_4:0.033  Student_5:0.038  Student_3:0.061  Student_4:0.043  Student_5:0.048  Student_4:0.027  Student_5:0.040  Student_5:0.024
  [149/288] cue=2 c1=0° c2=120°USING PRECUED ITEMS - SHOULD NEVER BE DONE IN TRAINING
  Student_0:1.124  Student_1:0.110  Student_2:0.028  Student_3:0.132  Student_4:0.111  Student_5:0.068  Student_1:1.144  Student_2:1.137  Student_3:1.172  Student_4:1.174  Student_5:1.135  Student_2:0.108  Student_3:0.109  Student_4:0.160  Student_5:0.057  Student_3:0.139  Student_4:0.103  Student_5:0.073  Student_4:0.079  Student_5:0.082  Student_5:0.129
  [150/288] cue=2 c1=0° c2=150°USING PRECUED ITEMS - SHOULD NEVER BE DONE IN TRAINING
  Student_0:1.371  Student_1:0.069  Student_2:0.086  Student_3:0.342  Student_4:0.336  Student_5:0.055  Student_1:1.377  Student_2:1.353  Student_3:1.397  Student_4:1.383  Student_5:1.379  Student_2:0.071  Student_3:0.309  Student_4:0.305  Student_5:0.054  Student_3:0.278  Student_4:0.269  Student_5:0.065  Student_4:0.040  Student_5:0.295  Student_5:0.289
  [151/288] cue=2 c1=0° c2=180°USING PRECUED ITEMS - SHOULD NEVER BE DONE IN TRAINING
  Student_0:1.580  Student_1:0.070  Student_2:0.090  Student_3:0.251  Student_4:0.162  Student_5:0.061  Student_1:1.607  Student_2:1.597  Student_3:1.515  Student_4:1.546  Student_5:1.598  Student_2:0.123  Student_3:0.239  Student_4:0.148  Student_5:0.072  Student_3:0.284  Student_4:0.200  Student_5:0.059  Student_4:0.102  Student_5:0.252  Student_5:0.160
  [152/288] cue=2 c1=0° c2=210°USING PRECUED ITEMS - SHOULD NEVER BE DONE IN TRAINING
  Student_0:1.801  Student_1:0.094  Student_2:0.323  Student_3:0.330  Student_4:0.230  Student_5:0.133  Student_1:1.836  Student_2:1.614  Student_3:1.640  Student_4:1.700  Student_5:1.723  Student_2:0.355  Student_3:0.356  Student_4:0.231  Student_5:0.163  Student_3:0.095  Student_4:0.156  Student_5:0.198  Student_4:0.148  Student_5:0.211  Student_5:0.121
  [153/288] cue=2 c1=0° c2=240°USING PRECUED ITEMS - SHOULD NEVER BE DONE IN TRAINING
  Student_0:1.380  Student_1:0.102  Student_2:0.089  Student_3:0.721  Student_4:0.513  Student_5:0.141  Student_1:1.431  Student_2:1.419  Student_3:0.974  Student_4:1.086  Student_5:1.454  Student_2:0.054  Student_3:0.798  Student_4:0.577  Student_5:0.053  Student_3:0.769  Student_4:0.555  Student_5:0.088  Student_4:0.226  Student_5:0.845  Student_5:0.623
  [154/288] cue=2 c1=0° c2=270°USING PRECUED ITEMS - SHOULD NEVER BE DONE IN TRAINING
  Student_0:1.173  Student_1:0.044  Student_2:0.066  Student_3:0.341  Student_4:0.462  Student_5:0.033  Student_1:1.144  Student_2:1.195  Student_3:0.968  Student_4:0.893  Student_5:1.177  Student_2:0.075  Student_3:0.314  Student_4:0.439  Student_5:0.044  Student_3:0.380  Student_4:0.502  Student_5:0.053  Student_4:0.138  Student_5:0.350  Student_5:0.473
  [155/288] cue=2 c1=0° c2=300°USING PRECUED ITEMS - SHOULD NEVER BE DONE IN TRAINING
  Student_0:1.197  Student_1:0.139  Student_2:0.176  Student_3:0.448  Student_4:0.497  Student_5:0.090  Student_1:1.090  Student_2:1.102  Student_3:0.822  Student_4:0.795  Student_5:1.140  Student_2:0.093  Student_3:0.319  Student_4:0.369  Student_5:0.059  Student_3:0.313  Student_4:0.364  Student_5:0.100  Student_4:0.107  Student_5:0.376  Student_5:0.426
  [156/288] cue=2 c1=0° c2=330°USING PRECUED ITEMS - SHOULD NEVER BE DONE IN TRAINING
  Student_0:0.805  Student_1:0.062  Student_2:0.124  Student_3:0.713  Student_4:0.712  Student_5:0.104  Student_1:0.760  Student_2:0.790  Student_3:0.746  Student_4:0.783  Student_5:0.761  Student_2:0.109  Student_3:0.659  Student_4:0.659  Student_5:0.065  Student_3:0.615  Student_4:0.616  Student_5:0.057  Student_4:0.089  Student_5:0.620  Student_5:0.621
  [157/288] cue=2 c1=30° c2=0°USING PRECUED ITEMS - SHOULD NEVER BE DONE IN TRAINING
  Student_0:0.500  Student_1:0.131  Student_2:0.086  Student_3:0.216  Student_4:0.170  Student_5:0.057  Student_1:0.393  Student_2:0.442  Student_3:0.423  Student_4:0.420  Student_5:0.475  Student_2:0.061  Student_3:0.204  Student_4:0.153  Student_5:0.101  Student_3:0.194  Student_4:0.145  Student_5:0.048  Student_4:0.054  Student_5:0.170  Student_5:0.126
  [158/288] cue=2 c1=30° c2=30°USING PRECUED ITEMS - SHOULD NEVER BE DONE IN TRAINING
  Student_0:0.521  Student_1:0.160  Student_2:0.142  Student_3:0.074  Student_4:0.077  Student_5:0.074  Student_1:0.383  Student_2:0.412  Student_3:0.485  Student_4:0.474  Student_5:0.552  Student_2:0.043  Student_3:0.165  Student_4:0.166  Student_5:0.198  Student_3:0.168  Student_4:0.171  Student_5:0.181  Student_4:0.032  Student_5:0.090  Student_5:0.100
  [159/288] cue=2 c1=30° c2=60°USING PRECUED ITEMS - SHOULD NEVER BE DONE IN TRAINING
  Student_0:0.419  Student_1:0.218  Student_2:0.176  Student_3:0.063  Student_4:0.059  Student_5:0.102  Student_1:0.245  Student_2:0.288  Student_3:0.410  Student_4:0.379  Student_5:0.342  Student_2:0.059  Student_3:0.214  Student_4:0.175  Student_5:0.124  Student_3:0.180  Student_4:0.137  Student_5:0.086  Student_4:0.055  Student_5:0.096  Student_5:0.055
  [160/288] cue=2 c1=30° c2=90°USING PRECUED ITEMS - SHOULD NEVER BE DONE IN TRAINING
  Student_0:0.594  Student_1:0.107  Student_2:0.082  Student_3:0.077  Student_4:0.046  Student_5:0.094  Student_1:0.574  Student_2:0.583  Student_3:0.599  Student_4:0.607  Student_5:0.593  Student_2:0.041  Student_3:0.068  Student_4:0.105  Student_5:0.043  Student_3:0.045  Student_4:0.072  Student_5:0.040  Student_4:0.045  Student_5:0.037  Student_5:0.073
  [161/288] cue=2 c1=30° c2=120°USING PRECUED ITEMS - SHOULD NEVER BE DONE IN TRAINING
  Student_0:1.206  Student_1:0.069  Student_2:0.063  Student_3:0.080  Student_4:0.037  Student_5:0.046  Student_1:1.197  Student_2:1.185  Student_3:1.190  Student_4:1.206  Student_5:1.217  Student_2:0.050  Student_3:0.063  Student_4:0.090  Student_5:0.089  Student_3:0.041  Student_4:0.061  Student_5:0.073  Student_4:0.083  Student_5:0.089  Student_5:0.035
  [162/288] cue=2 c1=30° c2=150°USING PRECUED ITEMS - SHOULD NEVER BE DONE IN TRAINING
  Student_0:1.606  Student_1:0.085  Student_2:0.157  Student_3:0.190  Student_4:0.217  Student_5:0.125  Student_1:1.642  Student_2:1.590  Student_3:1.645  Student_4:1.629  Student_5:1.602  Student_2:0.170  Student_3:0.189  Student_4:0.227  Student_5:0.131  Student_3:0.326  Student_4:0.351  Student_5:0.054  Student_4:0.058  Student_5:0.288  Student_5:0.315
  [163/288] cue=2 c1=30° c2=180°USING PRECUED ITEMS - SHOULD NEVER BE DONE IN TRAINING
  Student_0:1.651  Student_1:0.103  Student_2:0.080  Student_3:0.473  Student_4:0.526  Student_5:0.079  Student_1:1.695  Student_2:1.606  Student_3:1.804  Student_4:1.813  Student_5:1.624  Student_2:0.154  Student_3:0.415  Student_4:0.456  Student_5:0.149  Student_3:0.502  Student_4:0.556  Student_5:0.071  Student_4:0.065  Student_5:0.525  Student_5:0.571
  [164/288] cue=2 c1=30° c2=210°USING PRECUED ITEMS - SHOULD NEVER BE DONE IN TRAINING
  Student_0:1.527  Student_1:0.345  Student_2:0.413  Student_3:0.157  Student_4:0.159  Student_5:0.109  Student_1:1.433  Student_2:1.353  Student_3:1.504  Student_4:1.517  Student_5:1.486  Student_2:0.123  Student_3:0.252  Student_4:0.237  Student_5:0.256  Student_3:0.317  Student_4:0.322  Student_5:0.330  Student_4:0.037  Student_5:0.114  Student_5:0.106
  [165/288] cue=2 c1=30° c2=240°USING PRECUED ITEMS - SHOULD NEVER BE DONE IN TRAINING
  Student_0:0.940  Student_1:0.120  Student_2:0.056  Student_3:0.502  Student_4:0.275  Student_5:0.077  Student_1:0.992  Student_2:0.920  Student_3:1.259  Student_4:1.116  Student_5:0.969  Student_2:0.141  Student_3:0.402  Student_4:0.172  Student_5:0.058  Student_3:0.524  Student_4:0.297  Student_5:0.099  Student_4:0.239  Student_5:0.449  Student_5:0.216
  [166/288] cue=2 c1=30° c2=270°USING PRECUED ITEMS - SHOULD NEVER BE DONE IN TRAINING
  Student_0:1.075  Student_1:0.085  Student_2:0.202  Student_3:0.743  Student_4:0.587  Student_5:0.034  Student_1:1.027  Student_2:0.973  Student_3:0.762  Student_4:0.773  Student_5:1.079  Student_2:0.126  Student_3:0.680  Student_4:0.526  Student_5:0.082  Student_3:0.570  Student_4:0.422  Student_5:0.200  Student_4:0.176  Student_5:0.743  Student_5:0.587
  [167/288] cue=2 c1=30° c2=300°USING PRECUED ITEMS - SHOULD NEVER BE DONE IN TRAINING
  Student_0:0.722  Student_1:0.210  Student_2:0.105  Student_3:1.113  Student_4:1.064  Student_5:0.151  Student_1:0.759  Student_2:0.769  Student_3:1.515  Student_4:1.479  Student_5:0.756  Student_2:0.162  Student_3:1.309  Student_4:1.261  Student_5:0.090  Student_3:1.193  Student_4:1.148  Student_5:0.084  Student_4:0.059  Student_5:1.252  Student_5:1.205
  [168/288] cue=2 c1=30° c2=330°USING PRECUED ITEMS - SHOULD NEVER BE DONE IN TRAINING
  Student_0:0.649  Student_1:0.093  Student_2:0.065  Student_3:0.636  Student_4:0.707  Student_5:0.048  Student_1:0.584  Student_2:0.624  Student_3:0.956  Student_4:1.055  Student_5:0.632  Student_2:0.046  Student_3:0.640  Student_4:0.714  Student_5:0.079  Student_3:0.648  Student_4:0.722  Student_5:0.047  Student_4:0.112  Student_5:0.615  Student_5:0.690
  [169/288] cue=2 c1=60° c2=0°USING PRECUED ITEMS - SHOULD NEVER BE DONE IN TRAINING
  Student_0:0.379  Student_1:0.059  Student_2:0.035  Student_3:0.051  Student_4:0.047  Student_5:0.043  Student_1:0.340  Student_2:0.382  Student_3:0.363  Student_4:0.347  Student_5:0.360  Student_2:0.051  Student_3:0.075  Student_4:0.053  Student_5:0.027  Student_3:0.080  Student_4:0.064  Student_5:0.034  Student_4:0.030  Student_5:0.070  Student_5:0.048
  [170/288] cue=2 c1=60° c2=30°USING PRECUED ITEMS - SHOULD NEVER BE DONE IN TRAINING
  Student_0:0.309  Student_1:0.070  Student_2:0.089  Student_3:0.065  Student_4:0.061  Student_5:0.103  Student_1:0.280  Student_2:0.303  Student_3:0.311  Student_4:0.301  Student_5:0.278  Student_2:0.080  Student_3:0.076  Student_4:0.059  Student_5:0.074  Student_3:0.101  Student_4:0.100  Student_5:0.039  Student_4:0.034  Student_5:0.110  Student_5:0.106
  [171/288] cue=2 c1=60° c2=60°USING PRECUED ITEMS - SHOULD NEVER BE DONE IN TRAINING
  Student_0:0.326  Student_1:0.109  Student_2:0.105  Student_3:0.095  Student_4:0.117  Student_5:0.086  Student_1:0.308  Student_2:0.324  Student_3:0.372  Student_4:0.352  Student_5:0.324  Student_2:0.082  Student_3:0.091  Student_4:0.114  Student_5:0.051  Student_3:0.086  Student_4:0.085  Student_5:0.045  Student_4:0.062  Student_5:0.064  Student_5:0.078
  [172/288] cue=2 c1=60° c2=90°USING PRECUED ITEMS - SHOULD NEVER BE DONE IN TRAINING
  Student_0:0.635  Student_1:0.166  Student_2:0.125  Student_3:0.205  Student_4:0.185  Student_5:0.137  Student_1:0.633  Student_2:0.656  Student_3:0.624  Student_4:0.630  Student_5:0.657  Student_2:0.083  Student_3:0.109  Student_4:0.144  Student_5:0.081  Student_3:0.109  Student_4:0.111  Student_5:0.029  Student_4:0.083  Student_5:0.100  Student_5:0.109
  [173/288] cue=2 c1=60° c2=120°USING PRECUED ITEMS - SHOULD NEVER BE DONE IN TRAINING
  Student_0:1.191  Student_1:0.093  Student_2:0.113  Student_3:0.235  Student_4:0.258  Student_5:0.085  Student_1:1.195  Student_2:1.170  Student_3:1.105  Student_4:1.087  Student_5:1.176  Student_2:0.063  Student_3:0.282  Student_4:0.308  Student_5:0.105  Student_3:0.299  Student_4:0.323  Student_5:0.130  Student_4:0.041  Student_5:0.190  Student_5:0.217
  [174/288] cue=2 c1=60° c2=150°USING PRECUED ITEMS - SHOULD NEVER BE DONE IN TRAINING
  Student_0:1.626  Student_1:0.098  Student_2:0.247  Student_3:0.848  Student_4:0.853  Student_5:0.110  Student_1:1.662  Student_2:1.622  Student_3:1.620  Student_4:1.607  Student_5:1.611  Student_2:0.233  Student_3:0.846  Student_4:0.849  Student_5:0.114  Student_3:0.620  Student_4:0.623  Student_5:0.154  Student_4:0.034  Student_5:0.763  Student_5:0.768
  [175/288] cue=2 c1=60° c2=180°USING PRECUED ITEMS - SHOULD NEVER BE DONE IN TRAINING
  Student_0:1.457  Student_1:0.294  Student_2:0.142  Student_3:0.985  Student_4:1.165  Student_5:0.265  Student_1:1.429  Student_2:1.403  Student_3:1.626  Student_4:1.701  Student_5:1.368  Student_2:0.178  Student_3:1.271  Student_4:1.453  Student_5:0.077  Student_3:1.099  Student_4:1.281  Student_5:0.139  Student_4:0.197  Student_5:1.218  Student_5:1.397
  [176/288] cue=2 c1=60° c2=210°USING PRECUED ITEMS - SHOULD NEVER BE DONE IN TRAINING
  Student_0:1.026  Student_1:0.236  Student_2:0.208  Student_3:0.967  Student_4:0.974  Student_5:0.216  Student_1:0.931  Student_2:0.939  Student_3:1.487  Student_4:1.485  Student_5:0.933  Student_2:0.072  Student_3:1.200  Student_4:1.206  Student_5:0.050  Student_3:1.151  Student_4:1.158  Student_5:0.059  Student_4:0.017  Student_5:1.165  Student_5:1.169
  [177/288] cue=2 c1=60° c2=240°USING PRECUED ITEMS - SHOULD NEVER BE DONE IN TRAINING
  Student_0:0.642  Student_1:0.242  Student_2:0.058  Student_3:0.837  Student_4:0.959  Student_5:0.195  Student_1:0.744  Student_2:0.676  Student_3:1.108  Student_4:1.172  Student_5:0.713  Student_2:0.249  Student_3:0.631  Student_4:0.744  Student_5:0.066  Student_3:0.838  Student_4:0.961  Student_5:0.202  Student_4:0.133  Student_5:0.673  Student_5:0.783
  [178/288] cue=2 c1=60° c2=270°USING PRECUED ITEMS - SHOULD NEVER BE DONE IN TRAINING
  Student_0:0.622  Student_1:0.173  Student_2:0.183  Student_3:0.216  Student_4:0.151  Student_5:0.035  Student_1:0.631  Student_2:0.761  Student_3:0.800  Student_4:0.738  Student_5:0.605  Student_2:0.332  Student_3:0.384  Student_4:0.318  Student_5:0.166  Student_3:0.081  Student_4:0.099  Student_5:0.185  Student_4:0.091  Student_5:0.224  Student_5:0.158
  [179/288] cue=2 c1=60° c2=300°USING PRECUED ITEMS - SHOULD NEVER BE DONE IN TRAINING
  Student_0:0.797  Student_1:0.161  Student_2:0.143  Student_3:0.727  Student_4:0.545  Student_5:0.061  Student_1:0.801  Student_2:0.802  Student_3:1.074  Student_4:0.944  Student_5:0.779  Student_2:0.044  Student_3:0.865  Student_4:0.682  Student_5:0.118  Student_3:0.860  Student_4:0.677  Student_5:0.101  Student_4:0.209  Student_5:0.781  Student_5:0.599
  [180/288] cue=2 c1=60° c2=330°USING PRECUED ITEMS - SHOULD NEVER BE DONE IN TRAINING
  Student_0:0.537  Student_1:0.033  Student_2:0.087  Student_3:0.269  Student_4:0.331  Student_5:0.040  Student_1:0.547  Student_2:0.590  Student_3:0.690  Student_4:0.719  Student_5:0.556  Student_2:0.076  Student_3:0.248  Student_4:0.310  Student_5:0.031  Student_3:0.201  Student_4:0.260  Student_5:0.054  Student_4:0.065  Student_5:0.239  Student_5:0.301
  [181/288] cue=2 c1=90° c2=0°USING PRECUED ITEMS - SHOULD NEVER BE DONE IN TRAINING
  Student_0:0.602  Student_1:0.038  Student_2:0.030  Student_3:0.081  Student_4:0.079  Student_5:0.030  Student_1:0.623  Student_2:0.622  Student_3:0.641  Student_4:0.636  Student_5:0.628  Student_2:0.019  Student_3:0.068  Student_4:0.059  Student_5:0.031  Student_3:0.078  Student_4:0.071  Student_5:0.027  Student_4:0.028  Student_5:0.071  Student_5:0.072
  [182/288] cue=2 c1=90° c2=30°USING PRECUED ITEMS - SHOULD NEVER BE DONE IN TRAINING
  Student_0:0.520  Student_1:0.057  Student_2:0.035  Student_3:0.045  Student_4:0.041  Student_5:0.052  Student_1:0.532  Student_2:0.540  Student_3:0.552  Student_4:0.548  Student_5:0.544  Student_2:0.038  Student_3:0.064  Student_4:0.060  Student_5:0.038  Student_3:0.036  Student_4:0.027  Student_5:0.023  Student_4:0.024  Student_5:0.039  Student_5:0.038
  [183/288] cue=2 c1=90° c2=60°USING PRECUED ITEMS - SHOULD NEVER BE DONE IN TRAINING
  Student_0:0.539  Student_1:0.062  Student_2:0.116  Student_3:0.097  Student_4:0.074  Student_5:0.076  Student_1:0.550  Student_2:0.583  Student_3:0.552  Student_4:0.545  Student_5:0.582  Student_2:0.089  Student_3:0.084  Student_4:0.075  Student_5:0.081  Student_3:0.067  Student_4:0.092  Student_5:0.096  Student_4:0.049  Student_5:0.101  Student_5:0.112
  [184/288] cue=2 c1=90° c2=90°USING PRECUED ITEMS - SHOULD NEVER BE DONE IN TRAINING
  Student_0:0.711  Student_1:0.136  Student_2:0.210  Student_3:0.351  Student_4:0.372  Student_5:0.241  Student_1:0.803  Student_2:0.877  Student_3:0.668  Student_4:0.740  Student_5:0.909  Student_2:0.127  Student_3:0.294  Student_4:0.302  Student_5:0.139  Student_3:0.329  Student_4:0.325  Student_5:0.115  Student_4:0.109  Student_5:0.396  Student_5:0.392
  [185/288] cue=2 c1=90° c2=120°USING PRECUED ITEMS - SHOULD NEVER BE DONE IN TRAINING
  Student_0:1.268  Student_1:0.399  Student_2:0.099  Student_3:1.112  Student_4:1.010  Student_5:0.081  Student_1:1.149  Student_2:1.215  Student_3:0.973  Student_4:1.059  Student_5:1.298  Student_2:0.319  Student_3:0.750  Student_4:0.647  Student_5:0.413  Student_3:1.044  Student_4:0.943  Student_5:0.142  Student_4:0.159  Student_5:1.135  Student_5:1.032
  [186/288] cue=2 c1=90° c2=150°USING PRECUED ITEMS - SHOULD NEVER BE DONE IN TRAINING
  Student_0:1.269  Student_1:0.178  Student_2:0.147  Student_3:1.326  Student_4:1.345  Student_5:0.098  Student_1:1.326  Student_2:1.308  Student_3:1.390  Student_4:1.382  Student_5:1.275  Student_2:0.047  Student_3:1.212  Student_4:1.230  Student_5:0.117  Student_3:1.219  Student_4:1.238  Student_5:0.100  Student_4:0.032  Student_5:1.257  Student_5:1.275
  [187/288] cue=2 c1=90° c2=180°USING PRECUED ITEMS - SHOULD NEVER BE DONE IN TRAINING
  Student_0:1.043  Student_1:0.057  Student_2:0.088  Student_3:1.395  Student_4:1.266  Student_5:0.045  Student_1:1.031  Student_2:0.998  Student_3:1.741  Student_4:1.626  Student_5:1.018  Student_2:0.117  Student_3:1.362  Student_4:1.234  Student_5:0.041  Student_3:1.414  Student_4:1.283  Student_5:0.092  Student_4:0.170  Student_5:1.375  Student_5:1.246
Saved plot: results/ablation1_vs_students_0to5/sweep_plots/trial0186_cue2_c190_c2180.png
  [188/288] cue=2 c1=90° c2=210°USING PRECUED ITEMS - SHOULD NEVER BE DONE IN TRAINING
  Student_0:1.093  Student_1:0.135  Student_2:0.087  Student_3:1.127  Student_4:0.885  Student_5:0.145  Student_1:1.036  Student_2:1.062  Student_3:1.761  Student_4:1.610  Student_5:1.001  Student_2:0.073  Student_3:1.239  Student_4:0.996  Student_5:0.070  Student_3:1.193  Student_4:0.951  Student_5:0.081  Student_4:0.245  Student_5:1.244  Student_5:1.003
  [189/288] cue=2 c1=90° c2=240°USING PRECUED ITEMS - SHOULD NEVER BE DONE IN TRAINING
  Student_0:1.036  Student_1:0.269  Student_2:0.077  Student_3:0.785  Student_4:0.808  Student_5:0.170  Student_1:1.176  Student_2:1.075  Student_3:1.421  Student_4:1.411  Student_5:1.113  Student_2:0.240  Student_3:0.538  Student_4:0.565  Student_5:0.139  Student_3:0.770  Student_4:0.796  Student_5:0.155  Student_4:0.058  Student_5:0.640  Student_5:0.660
  [190/288] cue=2 c1=90° c2=270°USING PRECUED ITEMS - SHOULD NEVER BE DONE IN TRAINING
  Student_0:1.198  Student_1:0.193  Student_2:0.071  Student_3:0.168  Student_4:0.152  Student_5:0.164  Student_1:1.291  Student_2:1.196  Student_3:1.194  Student_4:1.166  Student_5:1.264  Student_2:0.234  Student_3:0.147  Student_4:0.199  Student_5:0.093  Student_3:0.206  Student_4:0.183  Student_5:0.211  Student_4:0.078  Student_5:0.113  Student_5:0.173
  [191/288] cue=2 c1=90° c2=300°USING PRECUED ITEMS - SHOULD NEVER BE DONE IN TRAINING
  Student_0:0.949  Student_1:0.058  Student_2:0.091  Student_3:0.224  Student_4:0.245  Student_5:0.043  Student_1:0.954  Student_2:0.927  Student_3:0.778  Student_4:0.780  Student_5:0.957  Student_2:0.053  Student_3:0.210  Student_4:0.223  Student_5:0.040  Student_3:0.175  Student_4:0.184  Student_5:0.068  Student_4:0.055  Student_5:0.214  Student_5:0.229
  [192/288] cue=2 c1=90° c2=330°USING PRECUED ITEMS - SHOULD NEVER BE DONE IN TRAINING
  Student_0:0.743  Student_1:0.019  Student_2:0.039  Student_3:0.046  Student_4:0.035  Student_5:0.033  Student_1:0.747  Student_2:0.739  Student_3:0.760  Student_4:0.758  Student_5:0.755  Student_2:0.031  Student_3:0.041  Student_4:0.041  Student_5:0.032  Student_3:0.062  Student_4:0.069  Student_5:0.034  Student_4:0.044  Student_5:0.048  Student_5:0.050
  [193/288] cue=2 c1=120° c2=0°USING PRECUED ITEMS - SHOULD NEVER BE DONE IN TRAINING
  Student_0:1.013  Student_1:0.044  Student_2:0.053  Student_3:0.194  Student_4:0.198  Student_5:0.052  Student_1:1.021  Student_2:1.026  Student_3:0.996  Student_4:0.988  Student_5:1.021  Student_2:0.026  Student_3:0.195  Student_4:0.199  Student_5:0.026  Student_3:0.200  Student_4:0.205  Student_5:0.021  Student_4:0.035  Student_5:0.212  Student_5:0.216
  [194/288] cue=2 c1=120° c2=30°USING PRECUED ITEMS - SHOULD NEVER BE DONE IN TRAINING
  Student_0:0.951  Student_1:0.069  Student_2:0.064  Student_3:0.051  Student_4:0.059  Student_5:0.071  Student_1:0.949  Student_2:0.962  Student_3:0.970  Student_4:0.971  Student_5:0.959  Student_2:0.034  Student_3:0.041  Student_4:0.041  Student_5:0.030  Student_3:0.036  Student_4:0.039  Student_5:0.023  Student_4:0.029  Student_5:0.040  Student_5:0.046
  [195/288] cue=2 c1=120° c2=60°USING PRECUED ITEMS - SHOULD NEVER BE DONE IN TRAINING
  Student_0:0.816  Student_1:0.135  Student_2:0.099  Student_3:0.190  Student_4:0.209  Student_5:0.119  Student_1:0.784  Student_2:0.793  Student_3:0.797  Student_4:0.795  Student_5:0.802  Student_2:0.056  Student_3:0.085  Student_4:0.102  Student_5:0.046  Student_3:0.133  Student_4:0.152  Student_5:0.030  Student_4:0.040  Student_5:0.120  Student_5:0.141
  [196/288] cue=2 c1=120° c2=90°USING PRECUED ITEMS - SHOULD NEVER BE DONE IN TRAINING
  Student_0:0.700  Student_1:0.109  Student_2:0.158  Student_3:0.551  Student_4:0.700  Student_5:0.264  Student_1:0.769  Student_2:0.818  Student_3:0.675  Student_4:0.750  Student_5:0.899  Student_2:0.090  Student_3:0.541  Student_4:0.689  Student_5:0.218  Student_3:0.528  Student_4:0.678  Student_5:0.186  Student_4:0.167  Student_5:0.698  Student_5:0.849
  [197/288] cue=2 c1=120° c2=120°USING PRECUED ITEMS - SHOULD NEVER BE DONE IN TRAINING
  Student_0:0.861  Student_1:0.233  Student_2:0.237  Student_3:0.448  Student_4:0.689  Student_5:0.488  Student_1:0.992  Student_2:0.987  Student_3:1.175  Student_4:1.471  Student_5:1.017  Student_2:0.235  Student_3:0.281  Student_4:0.519  Student_5:0.500  Student_3:0.490  Student_4:0.702  Student_5:0.284  Student_4:0.339  Student_5:0.703  Student_5:0.888
  [198/288] cue=2 c1=120° c2=150°USING PRECUED ITEMS - SHOULD NEVER BE DONE IN TRAINING
  Student_0:1.351  Student_1:0.182  Student_2:0.111  Student_3:0.661  Student_4:0.383  Student_5:0.098  Student_1:1.386  Student_2:1.324  Student_3:1.775  Student_4:1.649  Student_5:1.367  Student_2:0.147  Student_3:0.514  Student_4:0.306  Student_5:0.205  Student_3:0.653  Student_4:0.389  Student_5:0.158  Student_4:0.359  Student_5:0.643  Student_5:0.369
  [199/288] cue=2 c1=120° c2=180°USING PRECUED ITEMS - SHOULD NEVER BE DONE IN TRAINING
  Student_0:1.237  Student_1:0.097  Student_2:0.094  Student_3:0.394  Student_4:0.476  Student_5:0.179  Student_1:1.210  Student_2:1.167  Student_3:1.497  Student_4:1.530  Student_5:1.109  Student_2:0.149  Student_3:0.440  Student_4:0.528  Student_5:0.188  Student_3:0.441  Student_4:0.519  Student_5:0.130  Student_4:0.121  Student_5:0.547  Student_5:0.626
  [200/288] cue=2 c1=120° c2=210°USING PRECUED ITEMS - SHOULD NEVER BE DONE IN TRAINING
  Student_0:1.461  Student_1:0.080  Student_2:0.158  Student_3:0.138  Student_4:0.242  Student_5:0.083  Student_1:1.441  Student_2:1.392  Student_3:1.578  Student_4:1.636  Student_5:1.435  Student_2:0.140  Student_3:0.165  Student_4:0.278  Student_5:0.090  Student_3:0.265  Student_4:0.381  Student_5:0.131  Student_4:0.138  Student_5:0.175  Student_5:0.265
  [201/288] cue=2 c1=120° c2=240°USING PRECUED ITEMS - SHOULD NEVER BE DONE IN TRAINING
  Student_0:1.215  Student_1:0.072  Student_2:0.103  Student_3:0.061  Student_4:0.099  Student_5:0.080  Student_1:1.253  Student_2:1.193  Student_3:1.234  Student_4:1.257  Student_5:1.230  Student_2:0.160  Student_3:0.044  Student_4:0.057  Student_5:0.077  Student_3:0.136  Student_4:0.172  Student_5:0.142  Student_4:0.061  Student_5:0.082  Student_5:0.106
  [202/288] cue=2 c1=120° c2=270°USING PRECUED ITEMS - SHOULD NEVER BE DONE IN TRAINING
  Student_0:1.025  Student_1:0.183  Student_2:0.059  Student_3:0.127  Student_4:0.156  Student_5:0.124  Student_1:1.085  Student_2:1.045  Student_3:0.986  Student_4:0.983  Student_5:1.050  Student_2:0.171  Student_3:0.253  Student_4:0.291  Student_5:0.098  Student_3:0.154  Student_4:0.189  Student_5:0.105  Student_4:0.060  Student_5:0.187  Student_5:0.234
  [203/288] cue=2 c1=120° c2=300°USING PRECUED ITEMS - SHOULD NEVER BE DONE IN TRAINING
  Student_0:1.228  Student_1:0.067  Student_2:0.065  Student_3:0.255  Student_4:0.286  Student_5:0.041  Student_1:1.230  Student_2:1.232  Student_3:1.126  Student_4:1.104  Student_5:1.241  Student_2:0.043  Student_3:0.230  Student_4:0.265  Student_5:0.057  Student_3:0.207  Student_4:0.242  Student_5:0.061  Student_4:0.044  Student_5:0.257  Student_5:0.290
  [204/288] cue=2 c1=120° c2=330°USING PRECUED ITEMS - SHOULD NEVER BE DONE IN TRAINING
  Student_0:1.125  Student_1:0.086  Student_2:0.089  Student_3:0.524  Student_4:0.557  Student_5:0.091  Student_1:1.152  Student_2:1.159  Student_3:1.166  Student_4:1.180  Student_5:1.158  Student_2:0.044  Student_3:0.492  Student_4:0.520  Student_5:0.043  Student_3:0.491  Student_4:0.521  Student_5:0.036  Student_4:0.053  Student_5:0.468  Student_5:0.496
  [205/288] cue=2 c1=150° c2=0°USING PRECUED ITEMS - SHOULD NEVER BE DONE IN TRAINING
  Student_0:1.176  Student_1:0.065  Student_2:0.068  Student_3:0.245  Student_4:0.231  Student_5:0.053  Student_1:1.161  Student_2:1.159  Student_3:1.088  Student_4:1.085  Student_5:1.170  Student_2:0.036  Student_3:0.198  Student_4:0.183  Student_5:0.030  Student_3:0.194  Student_4:0.180  Student_5:0.039  Student_4:0.071  Student_5:0.215  Student_5:0.200
  [206/288] cue=2 c1=150° c2=30°USING PRECUED ITEMS - SHOULD NEVER BE DONE IN TRAINING
  Student_0:0.997  Student_1:0.047  Student_2:0.090  Student_3:0.101  Student_4:0.111  Student_5:0.050  Student_1:1.008  Student_2:0.997  Student_3:1.032  Student_4:1.036  Student_5:1.014  Student_2:0.070  Student_3:0.106  Student_4:0.108  Student_5:0.028  Student_3:0.091  Student_4:0.078  Student_5:0.079  Student_4:0.036  Student_5:0.115  Student_5:0.118
  [207/288] cue=2 c1=150° c2=60°USING PRECUED ITEMS - SHOULD NEVER BE DONE IN TRAINING
  Student_0:1.112  Student_1:0.155  Student_2:0.187  Student_3:0.446  Student_4:0.445  Student_5:0.103  Student_1:1.106  Student_2:1.093  Student_3:1.207  Student_4:1.193  Student_5:1.093  Student_2:0.064  Student_3:0.590  Student_4:0.587  Student_5:0.087  Student_3:0.623  Student_4:0.620  Student_5:0.108  Student_4:0.034  Student_5:0.536  Student_5:0.534
  [208/288] cue=2 c1=150° c2=90°USING PRECUED ITEMS - SHOULD NEVER BE DONE IN TRAINING
  Student_0:1.013  Student_1:0.139  Student_2:0.320  Student_3:1.231  Student_4:1.550  Student_5:0.218  Student_1:1.040  Student_2:0.934  Student_3:1.676  Student_4:1.876  Student_5:0.939  Student_2:0.432  Student_3:1.113  Student_4:1.430  Student_5:0.324  Student_3:1.543  Student_4:1.859  Student_5:0.129  Student_4:0.331  Student_5:1.424  Student_5:1.740
  [209/288] cue=2 c1=150° c2=120°USING PRECUED ITEMS - SHOULD NEVER BE DONE IN TRAINING
  Student_0:1.585  Student_1:0.445  Student_2:0.385  Student_3:0.250  Student_4:0.472  Student_5:0.347  Student_1:1.286  Student_2:1.314  Student_3:1.731  Student_4:1.917  Student_5:1.562  Student_2:0.079  Student_3:0.588  Student_4:0.770  Student_5:0.357  Student_3:0.528  Student_4:0.712  Student_5:0.304  Student_4:0.239  Student_5:0.278  Student_5:0.427
  [210/288] cue=2 c1=150° c2=150°USING PRECUED ITEMS - SHOULD NEVER BE DONE IN TRAINING
  Student_0:0.870  Student_1:0.210  Student_2:0.155  Student_3:0.196  Student_4:0.372  Student_5:0.300  Student_1:0.948  Student_2:0.806  Student_3:1.018  Student_4:1.099  Student_5:1.057  Student_2:0.325  Student_3:0.127  Student_4:0.380  Student_5:0.147  Student_3:0.324  Student_4:0.330  Student_5:0.417  Student_4:0.276  Student_5:0.118  Student_5:0.277
  [211/288] cue=2 c1=150° c2=180°USING PRECUED ITEMS - SHOULD NEVER BE DONE IN TRAINING
  Student_0:0.635  Student_1:0.086  Student_2:0.082  Student_3:0.246  Student_4:0.075  Student_5:0.091  Student_1:0.625  Student_2:0.624  Student_3:0.779  Student_4:0.683  Student_5:0.661  Student_2:0.069  Student_3:0.231  Student_4:0.087  Student_5:0.067  Student_3:0.287  Student_4:0.109  Student_5:0.084  Student_4:0.184  Student_5:0.208  Student_5:0.057
  [212/288] cue=2 c1=150° c2=210°USING PRECUED ITEMS - SHOULD NEVER BE DONE IN TRAINING
  Student_0:0.664  Student_1:0.117  Student_2:0.105  Student_3:0.089  Student_4:0.057  Student_5:0.082  Student_1:0.680  Student_2:0.646  Student_3:0.687  Student_4:0.659  Student_5:0.653  Student_2:0.130  Student_3:0.052  Student_4:0.098  Student_5:0.113  Student_3:0.095  Student_4:0.057  Student_5:0.040  Student_4:0.065  Student_5:0.079  Student_5:0.038
  [213/288] cue=2 c1=150° c2=240°USING PRECUED ITEMS - SHOULD NEVER BE DONE IN TRAINING
  Student_0:0.796  Student_1:0.123  Student_2:0.072  Student_3:0.153  Student_4:0.126  Student_5:0.095  Student_1:0.786  Student_2:0.791  Student_3:0.806  Student_4:0.800  Student_5:0.799  Student_2:0.082  Student_3:0.052  Student_4:0.040  Student_5:0.059  Student_3:0.109  Student_4:0.083  Student_5:0.068  Student_4:0.040  Student_5:0.090  Student_5:0.068
  [214/288] cue=2 c1=150° c2=270°USING PRECUED ITEMS - SHOULD NEVER BE DONE IN TRAINING
  Student_0:1.027  Student_1:0.066  Student_2:0.060  Student_3:0.220  Student_4:0.258  Student_5:0.074  Student_1:1.019  Student_2:1.012  Student_3:0.929  Student_4:0.929  Student_5:1.071  Student_2:0.064  Student_3:0.224  Student_4:0.257  Student_5:0.097  Student_3:0.183  Student_4:0.213  Student_5:0.102  Student_4:0.047  Student_5:0.276  Student_5:0.309
  [215/288] cue=2 c1=150° c2=300°USING PRECUED ITEMS - SHOULD NEVER BE DONE IN TRAINING
  Student_0:1.415  Student_1:0.126  Student_2:0.099  Student_3:0.903  Student_4:0.919  Student_5:0.081  Student_1:1.385  Student_2:1.386  Student_3:1.469  Student_4:1.478  Student_5:1.405  Student_2:0.043  Student_3:0.847  Student_4:0.864  Student_5:0.057  Student_3:0.875  Student_4:0.892  Student_5:0.044  Student_4:0.037  Student_5:0.861  Student_5:0.878
  [216/288] cue=2 c1=150° c2=330°USING PRECUED ITEMS - SHOULD NEVER BE DONE IN TRAINING
  Student_0:1.303  Student_1:0.176  Student_2:0.160  Student_3:0.586  Student_4:0.667  Student_5:0.184  Student_1:1.344  Student_2:1.348  Student_3:1.320  Student_4:1.335  Student_5:1.351  Student_2:0.035  Student_3:0.488  Student_4:0.555  Student_5:0.069  Student_3:0.511  Student_4:0.584  Student_5:0.069  Student_4:0.087  Student_5:0.520  Student_5:0.550
  [217/288] cue=2 c1=180° c2=0°USING PRECUED ITEMS - SHOULD NEVER BE DONE IN TRAINING
  Student_0:1.218  Student_1:0.059  Student_2:0.078  Student_3:0.108  Student_4:0.092  Student_5:0.095  Student_1:1.223  Student_2:1.246  Student_3:1.177  Student_4:1.180  Student_5:1.218  Student_2:0.058  Student_3:0.103  Student_4:0.078  Student_5:0.056  Student_3:0.130  Student_4:0.113  Student_5:0.047  Student_4:0.052  Student_5:0.095  Student_5:0.078
  [218/288] cue=2 c1=180° c2=30°USING PRECUED ITEMS - SHOULD NEVER BE DONE IN TRAINING
  Student_0:1.260  Student_1:0.130  Student_2:0.257  Student_3:0.163  Student_4:0.147  Student_5:0.082  Student_1:1.208  Student_2:1.152  Student_3:1.360  Student_4:1.346  Student_5:1.243  Student_2:0.147  Student_3:0.277  Student_4:0.261  Student_5:0.063  Student_3:0.398  Student_4:0.384  Student_5:0.203  Student_4:0.030  Student_5:0.232  Student_5:0.216
  [219/288] cue=2 c1=180° c2=60°USING PRECUED ITEMS - SHOULD NEVER BE DONE IN TRAINING
  Student_0:1.150  Student_1:0.287  Student_2:0.102  Student_3:1.974  Student_4:2.016  Student_5:0.118  Student_1:1.234  Student_2:1.120  Student_3:1.830  Student_4:1.842  Student_5:1.172  Student_2:0.364  Student_3:1.708  Student_4:1.751  Student_5:0.357  Student_3:2.061  Student_4:2.103  Student_5:0.071  Student_4:0.050  Student_5:2.058  Student_5:2.101
  [220/288] cue=2 c1=180° c2=90°USING PRECUED ITEMS - SHOULD NEVER BE DONE IN TRAINING
  Student_0:1.321  Student_1:0.050  Student_2:0.115  Student_3:1.686  Student_4:1.792  Student_5:0.264  Student_1:1.312  Student_2:1.260  Student_3:2.361  Student_4:2.419  Student_5:1.149  Student_2:0.131  Student_3:1.653  Student_4:1.757  Student_5:0.277  Student_3:1.775  Student_4:1.879  Student_5:0.171  Student_4:0.116  Student_5:1.910  Student_5:2.014
Saved plot: results/ablation1_vs_students_0to5/sweep_plots/trial0219_cue2_c1180_c290.png
  [221/288] cue=2 c1=180° c2=120°USING PRECUED ITEMS - SHOULD NEVER BE DONE IN TRAINING
  Student_0:1.077  Student_1:0.158  Student_2:0.091  Student_3:0.777  Student_4:0.704  Student_5:0.051  Student_1:1.169  Student_2:1.013  Student_3:1.579  Student_4:1.558  Student_5:1.081  Student_2:0.222  Student_3:0.624  Student_4:0.556  Student_5:0.135  Student_3:0.844  Student_4:0.774  Student_5:0.101  Student_4:0.112  Student_5:0.756  Student_5:0.688
  [222/288] cue=2 c1=180° c2=150°USING PRECUED ITEMS - SHOULD NEVER BE DONE IN TRAINING
  Student_0:0.508  Student_1:0.077  Student_2:0.061  Student_3:0.291  Student_4:0.290  Student_5:0.145  Student_1:0.506  Student_2:0.509  Student_3:0.659  Student_4:0.651  Student_5:0.558  Student_2:0.062  Student_3:0.263  Student_4:0.261  Student_5:0.124  Student_3:0.251  Student_4:0.249  Student_5:0.102  Student_4:0.029  Student_5:0.173  Student_5:0.164
  [223/288] cue=2 c1=180° c2=180°USING PRECUED ITEMS - SHOULD NEVER BE DONE IN TRAINING
  Student_0:0.414  Student_1:0.106  Student_2:0.158  Student_3:0.305  Student_4:0.160  Student_5:0.224  Student_1:0.397  Student_2:0.450  Student_3:0.527  Student_4:0.462  Student_5:0.480  Student_2:0.176  Student_3:0.320  Student_4:0.183  Student_5:0.247  Student_3:0.162  Student_4:0.030  Student_5:0.082  Student_4:0.160  Student_5:0.103  Student_5:0.084
  [224/288] cue=2 c1=180° c2=210°USING PRECUED ITEMS - SHOULD NEVER BE DONE IN TRAINING
  Student_0:0.365  Student_1:0.086  Student_2:0.102  Student_3:0.098  Student_4:0.074  Student_5:0.120  Student_1:0.361  Student_2:0.352  Student_3:0.386  Student_4:0.352  Student_5:0.376  Student_2:0.082  Student_3:0.144  Student_4:0.115  Student_5:0.152  Student_3:0.092  Student_4:0.096  Student_5:0.092  Student_4:0.096  Student_5:0.039  Student_5:0.097
  [225/288] cue=2 c1=180° c2=240°USING PRECUED ITEMS - SHOULD NEVER BE DONE IN TRAINING
  Student_0:0.467  Student_1:0.077  Student_2:0.082  Student_3:0.176  Student_4:0.184  Student_5:0.067  Student_1:0.506  Student_2:0.497  Student_3:0.387  Student_4:0.377  Student_5:0.509  Student_2:0.031  Student_3:0.227  Student_4:0.234  Student_5:0.038  Student_3:0.227  Student_4:0.232  Student_5:0.048  Student_4:0.033  Student_5:0.208  Student_5:0.215
  [226/288] cue=2 c1=180° c2=270°USING PRECUED ITEMS - SHOULD NEVER BE DONE IN TRAINING
  Student_0:1.354  Student_1:0.119  Student_2:0.069  Student_3:0.485  Student_4:0.431  Student_5:0.098  Student_1:1.297  Student_2:1.367  Student_3:0.935  Student_4:0.990  Student_5:1.400  Student_2:0.126  Student_3:0.437  Student_4:0.402  Student_5:0.135  Student_3:0.505  Student_4:0.430  Student_5:0.052  Student_4:0.087  Student_5:0.541  Student_5:0.466
  [227/288] cue=2 c1=180° c2=300°USING PRECUED ITEMS - SHOULD NEVER BE DONE IN TRAINING
  Student_0:1.306  Student_1:0.048  Student_2:0.045  Student_3:1.234  Student_4:1.241  Student_5:0.067  Student_1:1.287  Student_2:1.292  Student_3:1.515  Student_4:1.526  Student_5:1.331  Student_2:0.027  Student_3:1.207  Student_4:1.213  Student_5:0.076  Student_3:1.208  Student_4:1.214  Student_5:0.069  Student_4:0.050  Student_5:1.206  Student_5:1.213
  [228/288] cue=2 c1=180° c2=330°USING PRECUED ITEMS - SHOULD NEVER BE DONE IN TRAINING
  Student_0:1.243  Student_1:0.078  Student_2:0.068  Student_3:0.463  Student_4:0.426  Student_5:0.102  Student_1:1.279  Student_2:1.291  Student_3:1.122  Student_4:1.151  Student_5:1.284  Student_2:0.049  Student_3:0.485  Student_4:0.441  Student_5:0.046  Student_3:0.495  Student_4:0.455  Student_5:0.072  Student_4:0.091  Student_5:0.467  Student_5:0.423
  [229/288] cue=2 c1=210° c2=0°USING PRECUED ITEMS - SHOULD NEVER BE DONE IN TRAINING
  Student_0:1.343  Student_1:0.093  Student_2:0.075  Student_3:0.078  Student_4:0.156  Student_5:0.061  Student_1:1.358  Student_2:1.331  Student_3:1.389  Student_4:1.462  Student_5:1.358  Student_2:0.108  Student_3:0.079  Student_4:0.137  Student_5:0.067  Student_3:0.093  Student_4:0.190  Student_5:0.060  Student_4:0.110  Student_5:0.067  Student_5:0.141
  [230/288] cue=2 c1=210° c2=30°USING PRECUED ITEMS - SHOULD NEVER BE DONE IN TRAINING
  Student_0:1.245  Student_1:0.056  Student_2:0.229  Student_3:1.583  Student_4:1.535  Student_5:0.099  Student_1:1.245  Student_2:1.141  Student_3:2.161  Student_4:2.128  Student_5:1.216  Student_2:0.199  Student_3:1.600  Student_4:1.553  Student_5:0.062  Student_3:1.793  Student_4:1.746  Student_5:0.154  Student_4:0.056  Student_5:1.647  Student_5:1.600
  [231/288] cue=2 c1=210° c2=60°USING PRECUED ITEMS - SHOULD NEVER BE DONE IN TRAINING
  Student_0:1.022  Student_1:0.181  Student_2:0.365  Student_3:2.418  Student_4:2.346  Student_5:0.386  Student_1:0.906  Student_2:0.829  Student_3:2.513  Student_4:2.453  Student_5:0.810  Student_2:0.201  Student_3:2.572  Student_4:2.499  Student_5:0.213  Student_3:2.768  Student_4:2.694  Student_5:0.048  Student_4:0.078  Student_5:2.766  Student_5:2.692
  [232/288] cue=2 c1=210° c2=90°USING PRECUED ITEMS - SHOULD NEVER BE DONE IN TRAINING
  Student_0:1.389  Student_1:0.253  Student_2:0.081  Student_3:1.643  Student_4:1.593  Student_5:0.178  Student_1:1.509  Student_2:1.372  Student_3:2.374  Student_4:2.349  Student_5:1.277  Student_2:0.296  Student_3:1.404  Student_4:1.354  Student_5:0.400  Student_3:1.697  Student_4:1.647  Student_5:0.138  Student_4:0.055  Student_5:1.783  Student_5:1.733
  [233/288] cue=2 c1=210° c2=120°USING PRECUED ITEMS - SHOULD NEVER BE DONE IN TRAINING
  Student_0:0.677  Student_1:0.135  Student_2:0.133  Student_3:0.669  Student_4:0.814  Student_5:0.146  Student_1:0.716  Student_2:0.644  Student_3:1.081  Student_4:1.172  Student_5:0.721  Student_2:0.259  Student_3:0.545  Student_4:0.686  Student_5:0.047  Student_3:0.796  Student_4:0.940  Student_5:0.269  Student_4:0.160  Student_5:0.534  Student_5:0.675
  [234/288] cue=2 c1=210° c2=150°USING PRECUED ITEMS - SHOULD NEVER BE DONE IN TRAINING
  Student_0:0.531  Student_1:0.111  Student_2:0.079  Student_3:0.086  Student_4:0.081  Student_5:0.039  Student_1:0.516  Student_2:0.496  Student_3:0.498  Student_4:0.492  Student_5:0.529  Student_2:0.081  Student_3:0.102  Student_4:0.095  Student_5:0.088  Student_3:0.035  Student_4:0.051  Student_5:0.058  Student_4:0.043  Student_5:0.063  Student_5:0.058
  [235/288] cue=2 c1=210° c2=180°USING PRECUED ITEMS - SHOULD NEVER BE DONE IN TRAINING
  Student_0:0.387  Student_1:0.092  Student_2:0.127  Student_3:0.069  Student_4:0.070  Student_5:0.092  Student_1:0.375  Student_2:0.369  Student_3:0.388  Student_4:0.410  Student_5:0.386  Student_2:0.148  Student_3:0.124  Student_4:0.122  Student_5:0.148  Student_3:0.076  Student_4:0.173  Student_5:0.077  Student_4:0.112  Student_5:0.047  Student_5:0.118
  [236/288] cue=2 c1=210° c2=210°USING PRECUED ITEMS - SHOULD NEVER BE DONE IN TRAINING
  Student_0:0.673  Student_1:0.198  Student_2:0.189  Student_3:0.423  Student_4:0.458  Student_5:0.139  Student_1:0.527  Student_2:0.540  Student_3:0.402  Student_4:0.411  Student_5:0.585  Student_2:0.092  Student_3:0.231  Student_4:0.284  Student_5:0.087  Student_3:0.285  Student_4:0.344  Student_5:0.069  Student_4:0.107  Student_5:0.311  Student_5:0.364
  [237/288] cue=2 c1=210° c2=240°USING PRECUED ITEMS - SHOULD NEVER BE DONE IN TRAINING
  Student_0:0.913  Student_1:0.062  Student_2:0.096  Student_3:0.576  Student_4:0.616  Student_5:0.049  Student_1:0.862  Student_2:0.913  Student_3:0.401  Student_4:0.386  Student_5:0.923  Student_2:0.113  Student_3:0.523  Student_4:0.563  Student_5:0.072  Student_3:0.570  Student_4:0.608  Student_5:0.104  Student_4:0.056  Student_5:0.584  Student_5:0.625
  [238/288] cue=2 c1=210° c2=270°USING PRECUED ITEMS - SHOULD NEVER BE DONE IN TRAINING
  Student_0:0.888  Student_1:0.065  Student_2:0.080  Student_3:0.452  Student_4:0.449  Student_5:0.082  Student_1:0.922  Student_2:0.919  Student_3:0.727  Student_4:0.750  Student_5:0.943  Student_2:0.045  Student_3:0.488  Student_4:0.486  Student_5:0.043  Student_3:0.499  Student_4:0.498  Student_5:0.070  Student_4:0.035  Student_5:0.498  Student_5:0.495
  [239/288] cue=2 c1=210° c2=300°USING PRECUED ITEMS - SHOULD NEVER BE DONE IN TRAINING
  Student_0:0.799  Student_1:0.038  Student_2:0.053  Student_3:0.575  Student_4:0.527  Student_5:0.060  Student_1:0.793  Student_2:0.820  Student_3:1.028  Student_4:1.001  Student_5:0.822  Student_2:0.059  Student_3:0.587  Student_4:0.537  Student_5:0.052  Student_3:0.605  Student_4:0.559  Student_5:0.064  Student_4:0.057  Student_5:0.590  Student_5:0.539
  [240/288] cue=2 c1=210° c2=330°USING PRECUED ITEMS - SHOULD NEVER BE DONE IN TRAINING
  Student_0:0.873  Student_1:0.079  Student_2:0.069  Student_3:0.257  Student_4:0.279  Student_5:0.055  Student_1:0.858  Student_2:0.913  Student_3:0.831  Student_4:0.816  Student_5:0.895  Student_2:0.115  Student_3:0.280  Student_4:0.295  Student_5:0.075  Student_3:0.293  Student_4:0.316  Student_5:0.075  Student_4:0.040  Student_5:0.267  Student_5:0.288
  [241/288] cue=2 c1=240° c2=0°USING PRECUED ITEMS - SHOULD NEVER BE DONE IN TRAINING
  Student_0:1.172  Student_1:0.050  Student_2:0.082  Student_3:0.069  Student_4:0.109  Student_5:0.061  Student_1:1.174  Student_2:1.175  Student_3:1.221  Student_4:1.248  Student_5:1.139  Student_2:0.085  Student_3:0.062  Student_4:0.104  Student_5:0.054  Student_3:0.105  Student_4:0.166  Student_5:0.061  Student_4:0.071  Student_5:0.100  Student_5:0.149
  [242/288] cue=2 c1=240° c2=30°USING PRECUED ITEMS - SHOULD NEVER BE DONE IN TRAINING
  Student_0:1.170  Student_1:0.128  Student_2:0.110  Student_3:1.046  Student_4:1.078  Student_5:0.219  Student_1:1.219  Student_2:1.110  Student_3:1.865  Student_4:1.885  Student_5:1.266  Student_2:0.205  Student_3:0.938  Student_4:0.973  Student_5:0.101  Student_3:1.132  Student_4:1.165  Student_5:0.296  Student_4:0.036  Student_5:0.845  Student_5:0.879
  [243/288] cue=2 c1=240° c2=60°USING PRECUED ITEMS - SHOULD NEVER BE DONE IN TRAINING
  Student_0:0.906  Student_1:0.193  Student_2:0.142  Student_3:2.352  Student_4:2.301  Student_5:0.063  Student_1:0.813  Student_2:1.013  Student_3:1.933  Student_4:1.901  Student_5:0.858  Student_2:0.312  Student_3:2.171  Student_4:2.119  Student_5:0.165  Student_3:2.480  Student_4:2.429  Student_5:0.165  Student_4:0.061  Student_5:2.322  Student_5:2.270
  [244/288] cue=2 c1=240° c2=90°USING PRECUED ITEMS - SHOULD NEVER BE DONE IN TRAINING
  Student_0:1.341  Student_1:0.146  Student_2:0.333  Student_3:1.291  Student_4:1.233  Student_5:0.122  Student_1:1.307  Student_2:1.227  Student_3:2.053  Student_4:2.030  Student_5:1.301  Student_2:0.202  Student_3:1.427  Student_4:1.368  Student_5:0.081  Student_3:1.610  Student_4:1.550  Student_5:0.259  Student_4:0.062  Student_5:1.361  Student_5:1.303
  [245/288] cue=2 c1=240° c2=120°USING PRECUED ITEMS - SHOULD NEVER BE DONE IN TRAINING
  Student_0:0.860  Student_1:0.133  Student_2:0.135  Student_3:0.174  Student_4:0.177  Student_5:0.115  Student_1:0.876  Student_2:0.879  Student_3:0.836  Student_4:0.843  Student_5:0.886  Student_2:0.038  Student_3:0.274  Student_4:0.293  Student_5:0.063  Student_3:0.279  Student_4:0.298  Student_5:0.055  Student_4:0.067  Student_5:0.268  Student_5:0.282
  [246/288] cue=2 c1=240° c2=150°USING PRECUED ITEMS - SHOULD NEVER BE DONE IN TRAINING
  Student_0:0.772  Student_1:0.076  Student_2:0.071  Student_3:0.086  Student_4:0.061  Student_5:0.101  Student_1:0.751  Student_2:0.728  Student_3:0.758  Student_4:0.810  Student_5:0.729  Student_2:0.064  Student_3:0.048  Student_4:0.099  Student_5:0.097  Student_3:0.057  Student_4:0.106  Student_5:0.051  Student_4:0.079  Student_5:0.080  Student_5:0.118
  [247/288] cue=2 c1=240° c2=180°USING PRECUED ITEMS - SHOULD NEVER BE DONE IN TRAINING
  Student_0:0.583  Student_1:0.131  Student_2:0.106  Student_3:0.089  Student_4:0.093  Student_5:0.046  Student_1:0.594  Student_2:0.571  Student_3:0.622  Student_4:0.630  Student_5:0.587  Student_2:0.059  Student_3:0.177  Student_4:0.183  Student_5:0.097  Student_3:0.159  Student_4:0.168  Student_5:0.072  Student_4:0.034  Student_5:0.099  Student_5:0.108
  [248/288] cue=2 c1=240° c2=210°USING PRECUED ITEMS - SHOULD NEVER BE DONE IN TRAINING
  Student_0:0.960  Student_1:0.147  Student_2:0.148  Student_3:0.536  Student_4:0.548  Student_5:0.055  Student_1:0.823  Student_2:0.918  Student_3:0.521  Student_4:0.493  Student_5:0.929  Student_2:0.146  Student_3:0.409  Student_4:0.422  Student_5:0.117  Student_3:0.543  Student_4:0.551  Student_5:0.119  Student_4:0.056  Student_5:0.509  Student_5:0.520
Saved plot: results/ablation1_vs_students_0to5/sweep_plots/trial0247_cue2_c1240_c2210.png
  [249/288] cue=2 c1=240° c2=240°USING PRECUED ITEMS - SHOULD NEVER BE DONE IN TRAINING
  Student_0:0.617  Student_1:0.143  Student_2:0.131  Student_3:0.375  Student_4:0.442  Student_5:0.185  Student_1:0.721  Student_2:0.713  Student_3:0.434  Student_4:0.410  Student_5:0.751  Student_2:0.027  Student_3:0.513  Student_4:0.581  Student_5:0.051  Student_3:0.495  Student_4:0.564  Student_5:0.061  Student_4:0.084  Student_5:0.546  Student_5:0.614
  [250/288] cue=2 c1=240° c2=270°USING PRECUED ITEMS - SHOULD NEVER BE DONE IN TRAINING
  Student_0:0.619  Student_1:0.142  Student_2:0.128  Student_3:0.328  Student_4:0.321  Student_5:0.085  Student_1:0.637  Student_2:0.660  Student_3:0.755  Student_4:0.747  Student_5:0.660  Student_2:0.037  Student_3:0.464  Student_4:0.453  Student_5:0.084  Student_3:0.441  Student_4:0.431  Student_5:0.058  Student_4:0.023  Student_5:0.389  Student_5:0.379
  [251/288] cue=2 c1=240° c2=300°USING PRECUED ITEMS - SHOULD NEVER BE DONE IN TRAINING
  Student_0:0.577  Student_1:0.038  Student_2:0.062  Student_3:0.310  Student_4:0.258  Student_5:0.038  Student_1:0.577  Student_2:0.574  Student_3:0.811  Student_4:0.786  Student_5:0.603  Student_2:0.038  Student_3:0.325  Student_4:0.274  Student_5:0.036  Student_3:0.330  Student_4:0.282  Student_5:0.054  Student_4:0.063  Student_5:0.294  Student_5:0.244
  [252/288] cue=2 c1=240° c2=330°USING PRECUED ITEMS - SHOULD NEVER BE DONE IN TRAINING
  Student_0:0.528  Student_1:0.101  Student_2:0.067  Student_3:0.196  Student_4:0.265  Student_5:0.086  Student_1:0.515  Student_2:0.573  Student_3:0.483  Student_4:0.498  Student_5:0.523  Student_2:0.129  Student_3:0.107  Student_4:0.176  Student_5:0.045  Student_3:0.227  Student_4:0.299  Student_5:0.105  Student_4:0.091  Student_5:0.134  Student_5:0.202
  [253/288] cue=2 c1=270° c2=0°USING PRECUED ITEMS - SHOULD NEVER BE DONE IN TRAINING
  Student_0:0.998  Student_1:0.050  Student_2:0.106  Student_3:0.179  Student_4:0.067  Student_5:0.048  Student_1:0.959  Student_2:0.950  Student_3:0.876  Student_4:0.964  Student_5:0.976  Student_2:0.093  Student_3:0.134  Student_4:0.048  Student_5:0.027  Student_3:0.117  Student_4:0.077  Student_5:0.084  Student_4:0.128  Student_5:0.148  Student_5:0.041
  [254/288] cue=2 c1=270° c2=30°USING PRECUED ITEMS - SHOULD NEVER BE DONE IN TRAINING
  Student_0:0.927  Student_1:0.114  Student_2:0.164  Student_3:0.078  Student_4:0.249  Student_5:0.050  Student_1:0.968  Student_2:0.832  Student_3:0.963  Student_4:1.056  Student_5:0.908  Student_2:0.260  Student_3:0.064  Student_4:0.142  Student_5:0.141  Student_3:0.218  Student_4:0.401  Student_5:0.129  Student_4:0.186  Student_5:0.099  Student_5:0.277
  [255/288] cue=2 c1=270° c2=60°USING PRECUED ITEMS - SHOULD NEVER BE DONE IN TRAINING
  Student_0:0.788  Student_1:0.313  Student_2:0.121  Student_3:0.998  Student_4:0.993  Student_5:0.186  Student_1:0.775  Student_2:0.717  Student_3:1.042  Student_4:1.038  Student_5:0.732  Student_2:0.209  Student_3:0.696  Student_4:0.691  Student_5:0.145  Student_3:0.901  Student_4:0.898  Student_5:0.077  Student_4:0.031  Student_5:0.829  Student_5:0.824
  [256/288] cue=2 c1=270° c2=90°USING PRECUED ITEMS - SHOULD NEVER BE DONE IN TRAINING
  Student_0:1.217  Student_1:0.081  Student_2:0.328  Student_3:0.340  Student_4:0.368  Student_5:0.067  Student_1:1.209  Student_2:1.104  Student_3:1.369  Student_4:1.390  Student_5:1.176  Student_2:0.369  Student_3:0.304  Student_4:0.331  Student_5:0.099  Student_3:0.661  Student_4:0.678  Student_5:0.278  Student_4:0.058  Student_5:0.387  Student_5:0.410
  [257/288] cue=2 c1=270° c2=120°USING PRECUED ITEMS - SHOULD NEVER BE DONE IN TRAINING
  Student_0:0.842  Student_1:0.067  Student_2:0.078  Student_3:0.075  Student_4:0.083  Student_5:0.086  Student_1:0.844  Student_2:0.840  Student_3:0.876  Student_4:0.868  Student_5:0.827  Student_2:0.077  Student_3:0.104  Student_4:0.118  Student_5:0.095  Student_3:0.096  Student_4:0.098  Student_5:0.058  Student_4:0.050  Student_5:0.119  Student_5:0.115
  [258/288] cue=2 c1=270° c2=150°USING PRECUED ITEMS - SHOULD NEVER BE DONE IN TRAINING
  Student_0:0.851  Student_1:0.087  Student_2:0.055  Student_3:0.105  Student_4:0.109  Student_5:0.131  Student_1:0.856  Student_2:0.849  Student_3:0.917  Student_4:0.907  Student_5:0.826  Student_2:0.087  Student_3:0.090  Student_4:0.081  Student_5:0.110  Student_3:0.088  Student_4:0.100  Student_5:0.159  Student_4:0.056  Student_5:0.183  Student_5:0.152
  [259/288] cue=2 c1=270° c2=180°USING PRECUED ITEMS - SHOULD NEVER BE DONE IN TRAINING
  Student_0:1.266  Student_1:0.056  Student_2:0.097  Student_3:0.442  Student_4:0.390  Student_5:0.081  Student_1:1.249  Student_2:1.215  Student_3:1.056  Student_4:1.119  Student_5:1.324  Student_2:0.096  Student_3:0.411  Student_4:0.350  Student_5:0.099  Student_3:0.464  Student_4:0.409  Student_5:0.146  Student_4:0.121  Student_5:0.486  Student_5:0.423
  [260/288] cue=2 c1=270° c2=210°USING PRECUED ITEMS - SHOULD NEVER BE DONE IN TRAINING
  Student_0:1.307  Student_1:0.132  Student_2:0.082  Student_3:0.654  Student_4:0.696  Student_5:0.093  Student_1:1.370  Student_2:1.366  Student_3:1.226  Student_4:1.279  Student_5:1.385  Student_2:0.125  Student_3:0.600  Student_4:0.631  Student_5:0.103  Student_3:0.691  Student_4:0.726  Student_5:0.076  Student_4:0.069  Student_5:0.688  Student_5:0.725
  [261/288] cue=2 c1=270° c2=240°USING PRECUED ITEMS - SHOULD NEVER BE DONE IN TRAINING
  Student_0:0.672  Student_1:0.024  Student_2:0.042  Student_3:0.448  Student_4:0.480  Student_5:0.081  Student_1:0.674  Student_2:0.691  Student_3:0.798  Student_4:0.826  Student_5:0.728  Student_2:0.028  Student_3:0.467  Student_4:0.499  Student_5:0.076  Student_3:0.479  Student_4:0.508  Student_5:0.057  Student_4:0.047  Student_5:0.465  Student_5:0.491
  [262/288] cue=2 c1=270° c2=270°USING PRECUED ITEMS - SHOULD NEVER BE DONE IN TRAINING
  Student_0:0.655  Student_1:0.069  Student_2:0.129  Student_3:0.285  Student_4:0.305  Student_5:0.079  Student_1:0.650  Student_2:0.628  Student_3:0.821  Student_4:0.832  Student_5:0.666  Student_2:0.084  Student_3:0.343  Student_4:0.362  Student_5:0.066  Student_3:0.410  Student_4:0.429  Student_5:0.067  Student_4:0.025  Student_5:0.348  Student_5:0.366
  [263/288] cue=2 c1=270° c2=300°USING PRECUED ITEMS - SHOULD NEVER BE DONE IN TRAINING
  Student_0:0.565  Student_1:0.072  Student_2:0.079  Student_3:0.257  Student_4:0.266  Student_5:0.062  Student_1:0.572  Student_2:0.573  Student_3:0.741  Student_4:0.778  Student_5:0.598  Student_2:0.056  Student_3:0.233  Student_4:0.244  Student_5:0.037  Student_3:0.262  Student_4:0.275  Student_5:0.061  Student_4:0.047  Student_5:0.219  Student_5:0.226
  [264/288] cue=2 c1=270° c2=330°USING PRECUED ITEMS - SHOULD NEVER BE DONE IN TRAINING
  Student_0:0.494  Student_1:0.166  Student_2:0.107  Student_3:0.236  Student_4:0.274  Student_5:0.068  Student_1:0.369  Student_2:0.470  Student_3:0.330  Student_4:0.308  Student_5:0.445  Student_2:0.128  Student_3:0.115  Student_4:0.122  Student_5:0.118  Student_3:0.227  Student_4:0.241  Student_5:0.106  Student_4:0.053  Student_5:0.181  Student_5:0.218
  [265/288] cue=2 c1=300° c2=0°USING PRECUED ITEMS - SHOULD NEVER BE DONE IN TRAINING
  Student_0:0.939  Student_1:0.167  Student_2:0.121  Student_3:0.232  Student_4:0.206  Student_5:0.147  Student_1:0.981  Student_2:0.978  Student_3:0.885  Student_4:0.910  Student_5:0.978  Student_2:0.074  Student_3:0.112  Student_4:0.091  Student_5:0.032  Student_3:0.147  Student_4:0.119  Student_5:0.052  Student_4:0.035  Student_5:0.105  Student_5:0.080
  [266/288] cue=2 c1=300° c2=30°USING PRECUED ITEMS - SHOULD NEVER BE DONE IN TRAINING
  Student_0:0.657  Student_1:0.117  Student_2:0.098  Student_3:0.160  Student_4:0.107  Student_5:0.076  Student_1:0.633  Student_2:0.713  Student_3:0.749  Student_4:0.717  Student_5:0.637  Student_2:0.184  Student_3:0.235  Student_4:0.184  Student_5:0.058  Student_3:0.081  Student_4:0.049  Student_5:0.134  Student_4:0.061  Student_5:0.196  Student_5:0.148
  [267/288] cue=2 c1=300° c2=60°USING PRECUED ITEMS - SHOULD NEVER BE DONE IN TRAINING
  Student_0:0.532  Student_1:0.065  Student_2:0.146  Student_3:0.095  Student_4:0.084  Student_5:0.130  Student_1:0.492  Student_2:0.491  Student_3:0.487  Student_4:0.506  Student_5:0.496  Student_2:0.143  Student_3:0.087  Student_4:0.091  Student_5:0.127  Student_3:0.074  Student_4:0.078  Student_5:0.029  Student_4:0.028  Student_5:0.064  Student_5:0.066
  [268/288] cue=2 c1=300° c2=90°USING PRECUED ITEMS - SHOULD NEVER BE DONE IN TRAINING
  Student_0:0.612  Student_1:0.099  Student_2:0.082  Student_3:0.048  Student_4:0.066  Student_5:0.073  Student_1:0.624  Student_2:0.617  Student_3:0.604  Student_4:0.585  Student_5:0.635  Student_2:0.054  Student_3:0.120  Student_4:0.140  Student_5:0.096  Student_3:0.085  Student_4:0.103  Student_5:0.081  Student_4:0.038  Student_5:0.084  Student_5:0.107
  [269/288] cue=2 c1=300° c2=120°USING PRECUED ITEMS - SHOULD NEVER BE DONE IN TRAINING
  Student_0:0.910  Student_1:0.046  Student_2:0.053  Student_3:0.139  Student_4:0.113  Student_5:0.041  Student_1:0.928  Student_2:0.888  Student_3:0.932  Student_4:0.910  Student_5:0.923  Student_2:0.068  Student_3:0.151  Student_4:0.132  Student_5:0.058  Student_3:0.127  Student_4:0.100  Student_5:0.070  Student_4:0.048  Student_5:0.147  Student_5:0.126
  [270/288] cue=2 c1=300° c2=150°USING PRECUED ITEMS - SHOULD NEVER BE DONE IN TRAINING
  Student_0:1.415  Student_1:0.078  Student_2:0.073  Student_3:0.446  Student_4:0.473  Student_5:0.080  Student_1:1.437  Student_2:1.382  Student_3:1.591  Student_4:1.612  Student_5:1.464  Student_2:0.079  Student_3:0.465  Student_4:0.491  Student_5:0.096  Student_3:0.457  Student_4:0.483  Student_5:0.103  Student_4:0.047  Student_5:0.412  Student_5:0.437
  [271/288] cue=2 c1=300° c2=180°USING PRECUED ITEMS - SHOULD NEVER BE DONE IN TRAINING
  Student_0:1.431  Student_1:0.123  Student_2:0.094  Student_3:0.785  Student_4:0.880  Student_5:0.052  Student_1:1.492  Student_2:1.396  Student_3:1.711  Student_4:1.783  Student_5:1.456  Student_2:0.190  Student_3:0.726  Student_4:0.817  Student_5:0.115  Student_3:0.786  Student_4:0.884  Student_5:0.104  Student_4:0.105  Student_5:0.765  Student_5:0.859
  [272/288] cue=2 c1=300° c2=210°USING PRECUED ITEMS - SHOULD NEVER BE DONE IN TRAINING
  Student_0:1.381  Student_1:0.068  Student_2:0.096  Student_3:0.487  Student_4:0.508  Student_5:0.055  Student_1:1.382  Student_2:1.394  Student_3:1.412  Student_4:1.470  Student_5:1.411  Student_2:0.093  Student_3:0.543  Student_4:0.563  Student_5:0.075  Student_3:0.565  Student_4:0.543  Student_5:0.070  Student_4:0.081  Student_5:0.526  Student_5:0.522
  [273/288] cue=2 c1=300° c2=240°USING PRECUED ITEMS - SHOULD NEVER BE DONE IN TRAINING
  Student_0:0.751  Student_1:0.034  Student_2:0.032  Student_3:0.570  Student_4:0.520  Student_5:0.042  Student_1:0.757  Student_2:0.768  Student_3:0.899  Student_4:0.909  Student_5:0.770  Student_2:0.019  Student_3:0.565  Student_4:0.514  Student_5:0.032  Student_3:0.563  Student_4:0.511  Student_5:0.030  Student_4:0.067  Student_5:0.551  Student_5:0.497
  [274/288] cue=2 c1=300° c2=270°USING PRECUED ITEMS - SHOULD NEVER BE DONE IN TRAINING
  Student_0:0.595  Student_1:0.076  Student_2:0.112  Student_3:0.310  Student_4:0.317  Student_5:0.068  Student_1:0.566  Student_2:0.547  Student_3:0.754  Student_4:0.778  Student_5:0.577  Student_2:0.055  Student_3:0.361  Student_4:0.368  Student_5:0.026  Student_3:0.413  Student_4:0.422  Student_5:0.063  Student_4:0.051  Student_5:0.355  Student_5:0.362
  [275/288] cue=2 c1=300° c2=300°USING PRECUED ITEMS - SHOULD NEVER BE DONE IN TRAINING
  Student_0:0.476  Student_1:0.190  Student_2:0.151  Student_3:0.174  Student_4:0.265  Student_5:0.127  Student_1:0.482  Student_2:0.387  Student_3:0.475  Student_4:0.596  Student_5:0.388  Student_2:0.183  Student_3:0.050  Student_4:0.128  Student_5:0.189  Student_3:0.171  Student_4:0.296  Student_5:0.051  Student_4:0.149  Student_5:0.177  Student_5:0.289
  [276/288] cue=2 c1=300° c2=330°USING PRECUED ITEMS - SHOULD NEVER BE DONE IN TRAINING
  Student_0:0.509  Student_1:0.197  Student_2:0.315  Student_3:0.240  Student_4:0.260  Student_5:0.225  Student_1:0.447  Student_2:0.631  Student_3:0.394  Student_4:0.415  Student_5:0.574  Student_2:0.207  Student_3:0.156  Student_4:0.190  Student_5:0.138  Student_3:0.278  Student_4:0.295  Student_5:0.101  Student_4:0.060  Student_5:0.212  Student_5:0.231
  [277/288] cue=2 c1=330° c2=0°USING PRECUED ITEMS - SHOULD NEVER BE DONE IN TRAINING
  Student_0:0.756  Student_1:0.100  Student_2:0.105  Student_3:0.233  Student_4:0.238  Student_5:0.105  Student_1:0.811  Student_2:0.778  Student_3:0.563  Student_4:0.553  Student_5:0.717  Student_2:0.139  Student_3:0.318  Student_4:0.322  Student_5:0.189  Student_3:0.230  Student_4:0.235  Student_5:0.096  Student_4:0.022  Student_5:0.175  Student_5:0.182
  [278/288] cue=2 c1=330° c2=30°USING PRECUED ITEMS - SHOULD NEVER BE DONE IN TRAINING
  Student_0:0.625  Student_1:0.157  Student_2:0.067  Student_3:0.127  Student_4:0.148  Student_5:0.052  Student_1:0.596  Student_2:0.667  Student_3:0.669  Student_4:0.709  Student_5:0.615  Student_2:0.171  Student_3:0.266  Student_4:0.282  Student_5:0.118  Student_3:0.115  Student_4:0.134  Student_5:0.068  Student_4:0.053  Student_5:0.153  Student_5:0.171
  [279/288] cue=2 c1=330° c2=60°USING PRECUED ITEMS - SHOULD NEVER BE DONE IN TRAINING
  Student_0:0.386  Student_1:0.052  Student_2:0.076  Student_3:0.168  Student_4:0.123  Student_5:0.041  Student_1:0.391  Student_2:0.394  Student_3:0.501  Student_4:0.463  Student_5:0.404  Student_2:0.051  Student_3:0.178  Student_4:0.139  Student_5:0.047  Student_3:0.213  Student_4:0.171  Student_5:0.069  Student_4:0.075  Student_5:0.158  Student_5:0.121
  [280/288] cue=2 c1=330° c2=90°USING PRECUED ITEMS - SHOULD NEVER BE DONE IN TRAINING
  Student_0:0.487  Student_1:0.044  Student_2:0.051  Student_3:0.075  Student_4:0.064  Student_5:0.057  Student_1:0.501  Student_2:0.493  Student_3:0.524  Student_4:0.517  Student_5:0.501  Student_2:0.040  Student_3:0.041  Student_4:0.028  Student_5:0.028  Student_3:0.061  Student_4:0.050  Student_5:0.029  Student_4:0.021  Student_5:0.038  Student_5:0.031
  [281/288] cue=2 c1=330° c2=120°USING PRECUED ITEMS - SHOULD NEVER BE DONE IN TRAINING
  Student_0:1.039  Student_1:0.034  Student_2:0.052  Student_3:0.389  Student_4:0.390  Student_5:0.047  Student_1:1.045  Student_2:1.025  Student_3:1.198  Student_4:1.185  Student_5:1.056  Student_2:0.053  Student_3:0.375  Student_4:0.377  Student_5:0.052  Student_3:0.412  Student_4:0.413  Student_5:0.057  Student_4:0.053  Student_5:0.389  Student_5:0.391
  [282/288] cue=2 c1=330° c2=150°USING PRECUED ITEMS - SHOULD NEVER BE DONE IN TRAINING
  Student_0:1.343  Student_1:0.226  Student_2:0.133  Student_3:0.420  Student_4:0.449  Student_5:0.048  Student_1:1.378  Student_2:1.349  Student_3:1.460  Student_4:1.463  Student_5:1.357  Student_2:0.107  Student_3:0.535  Student_4:0.582  Student_5:0.208  Student_3:0.490  Student_4:0.533  Student_5:0.120  Student_4:0.064  Student_5:0.403  Student_5:0.436
  [283/288] cue=2 c1=330° c2=180°USING PRECUED ITEMS - SHOULD NEVER BE DONE IN TRAINING
  Student_0:1.612  Student_1:0.065  Student_2:0.064  Student_3:0.518  Student_4:0.531  Student_5:0.148  Student_1:1.642  Student_2:1.584  Student_3:1.515  Student_4:1.524  Student_5:1.575  Student_2:0.111  Student_3:0.511  Student_4:0.522  Student_5:0.175  Student_3:0.489  Student_4:0.504  Student_5:0.113  Student_4:0.041  Student_5:0.385  Student_5:0.402
  [284/288] cue=2 c1=330° c2=210°USING PRECUED ITEMS - SHOULD NEVER BE DONE IN TRAINING
  Student_0:1.476  Student_1:0.085  Student_2:0.094  Student_3:0.414  Student_4:0.295  Student_5:0.093  Student_1:1.499  Student_2:1.512  Student_3:1.284  Student_4:1.383  Student_5:1.528  Student_2:0.079  Student_3:0.428  Student_4:0.293  Student_5:0.056  Student_3:0.469  Student_4:0.346  Student_5:0.059  Student_4:0.191  Student_5:0.471  Student_5:0.339
  [285/288] cue=2 c1=330° c2=240°USING PRECUED ITEMS - SHOULD NEVER BE DONE IN TRAINING
  Student_0:1.028  Student_1:0.099  Student_2:0.061  Student_3:0.393  Student_4:0.409  Student_5:0.064  Student_1:1.013  Student_2:1.017  Student_3:0.815  Student_4:0.838  Student_5:1.029  Student_2:0.069  Student_3:0.349  Student_4:0.346  Student_5:0.062  Student_3:0.362  Student_4:0.375  Student_5:0.038  Student_4:0.086  Student_5:0.378  Student_5:0.384
  [286/288] cue=2 c1=330° c2=270°USING PRECUED ITEMS - SHOULD NEVER BE DONE IN TRAINING
  Student_0:0.614  Student_1:0.150  Student_2:0.185  Student_3:0.400  Student_4:0.420  Student_5:0.130  Student_1:0.502  Student_2:0.508  Student_3:0.524  Student_4:0.529  Student_5:0.523  Student_2:0.090  Student_3:0.365  Student_4:0.389  Student_5:0.052  Student_3:0.307  Student_4:0.334  Student_5:0.088  Student_4:0.048  Student_5:0.364  Student_5:0.390
  [287/288] cue=2 c1=330° c2=300°USING PRECUED ITEMS - SHOULD NEVER BE DONE IN TRAINING
  Student_0:0.618  Student_1:0.279  Student_2:0.389  Student_3:0.373  Student_4:0.490  Student_5:0.275  Student_1:0.666  Student_2:0.805  Student_3:0.795  Student_4:0.870  Student_5:0.742  Student_2:0.149  Student_3:0.177  Student_4:0.295  Student_5:0.097  Student_3:0.137  Student_4:0.238  Student_5:0.136  Student_4:0.128  Student_5:0.122  Student_5:0.241
  [288/288] cue=2 c1=330° c2=330°USING PRECUED ITEMS - SHOULD NEVER BE DONE IN TRAINING
  Student_0:0.941  Student_1:0.142  Student_2:0.223  Student_3:0.227  Student_4:0.222  Student_5:0.253  Student_1:0.929  Student_2:1.071  Student_3:0.864  Student_4:0.878  Student_5:1.137  Student_2:0.161  Student_3:0.164  Student_4:0.154  Student_5:0.217  Student_3:0.295  Student_4:0.284  Student_5:0.076  Student_4:0.022  Student_5:0.322  Student_5:0.310

Saved sweep SW scores: results/ablation1_vs_students_0to5/sw_sweep.csv

Mean sliced-Wasserstein per pair (overall / same-color / different-color):
  sw_Ablated_1_vs_Student_0: 0.931397  same=0.619201  diff=0.959779
  sw_Ablated_1_vs_Student_1: 0.125285  same=0.162705  diff=0.121883
  sw_Ablated_1_vs_Student_2: 0.127553  same=0.172752  diff=0.123444
  sw_Ablated_1_vs_Student_3: 0.411983  same=0.278289  diff=0.424137
  sw_Ablated_1_vs_Student_4: 0.416171  same=0.313097  diff=0.425541
  sw_Ablated_1_vs_Student_5: 0.107381  same=0.178860  diff=0.100883
  sw_Student_0_vs_Student_1: 0.927024  same=0.624478  diff=0.954528
  sw_Student_0_vs_Student_2: 0.920172  same=0.627705  diff=0.946760
  sw_Student_0_vs_Student_3: 1.021000  same=0.620463  diff=1.057412
  sw_Student_0_vs_Student_4: 1.030897  same=0.655496  diff=1.065024
  sw_Student_0_vs_Student_5: 0.934623  same=0.663570  diff=0.959265
  sw_Student_1_vs_Student_2: 0.120421  same=0.121012  diff=0.120367
  sw_Student_1_vs_Student_3: 0.405007  same=0.220480  diff=0.421782
  sw_Student_1_vs_Student_4: 0.413037  same=0.263491  diff=0.426632
  sw_Student_1_vs_Student_5: 0.107657  same=0.139639  diff=0.104749
  sw_Student_2_vs_Student_3: 0.434592  same=0.251518  diff=0.451235
  sw_Student_2_vs_Student_4: 0.444263  same=0.283385  diff=0.458889
  sw_Student_2_vs_Student_5: 0.102860  same=0.114983  diff=0.101758
  sw_Student_3_vs_Student_4: 0.086813  same=0.135581  diff=0.082380
  sw_Student_3_vs_Student_5: 0.414225  same=0.261579  diff=0.428102
  sw_Student_4_vs_Student_5: 0.421047  same=0.300090  diff=0.432043

Teacher-vs-students aggregate (mean over student SW per trial):
  overall mean: 0.353295
  same-color:   0.287484
  diff-color:   0.359278
