trial_idx,cue,color1_deg,color2_deg,same_color,sw_Ablated_1_vs_Student_0,sw_Ablated_1_vs_Student_1,sw_Ablated_1_vs_Student_2,sw_Ablated_1_vs_Student_3,sw_Ablated_1_vs_Student_4,sw_Ablated_1_vs_Student_5,sw_Student_0_vs_Student_1,sw_Student_0_vs_Student_2,sw_Student_0_vs_Student_3,sw_Student_0_vs_Student_4,sw_Student_0_vs_Student_5,sw_Student_1_vs_Student_2,sw_Student_1_vs_Student_3,sw_Student_1_vs_Student_4,sw_Student_1_vs_Student_5,sw_Student_2_vs_Student_3,sw_Student_2_vs_Student_4,sw_Student_2_vs_Student_5,sw_Student_3_vs_Student_4,sw_Student_3_vs_Student_5,sw_Student_4_vs_Student_5,teacher_vs_students_mean,teacher_vs_students_std
0,1,0.0,0.0,True,0.6289862782369906,0.09920377499310715,0.12088576606655124,0.3430328789536862,0.2930979067621251,0.11371327721075652,0.6139955534936204,0.5991958301877123,0.5946311244532563,0.5179955624751807,0.5624161690762464,0.048816754419569126,0.24794578519050042,0.19864582262391361,0.0677200629615583,0.2373316779235149,0.1837996576617555,0.04673769002618326,0.08903291139168973,0.2649947222148649,0.20490906792201052,0.2664866470372028,0.18730382881458524
1,1,0.0,30.0,False,0.599833803868332,0.0747505795870646,0.0958249420301879,0.21132561082837067,0.1754547683329309,0.10363980490438521,0.5332018552753562,0.5563386477684011,0.5564433062707931,0.5426550272717641,0.5086068275332691,0.06304434205378297,0.17486330447673226,0.13446589273315201,0.046965144360354545,0.14037145824683675,0.10099318144309377,0.07715013765962513,0.04395551652672852,0.1959101591632998,0.15398141857224246,0.21013825159187852,0.18064986895357324
2,1,0.0,60.0,False,0.396472953374327,0.07391190954327839,0.07512612831400742,0.050352409799691585,0.03502277094820298,0.07024333891803478,0.3780244219684681,0.4108299931560925,0.3806383255050849,0.4160388986308608,0.3798209031740365,0.04758291726394885,0.08349104707032305,0.0887943815807086,0.026646708927587557,0.07795360270491904,0.08025056798812162,0.040432314085108806,0.04953126218987756,0.06868503792303332,0.07266574568944256,0.11685491848292369,0.125872529941421
3,1,0.0,90.0,False,0.49328607088735466,0.03137653972614617,0.041055538633598315,0.053754875302031185,0.03986391577291352,0.034267406934138614,0.4935781155618,0.5123713431370861,0.5202121778858213,0.5089475959942473,0.5162046104449094,0.05638959716054279,0.06265099297937832,0.04907988962927712,0.053595136403648394,0.0625873951351492,0.04477976038590667,0.0221030987100047,0.028447352954685534,0.0485060169835244,0.03661465734944605,0.11560072454269708,0.16905275346168483
4,1,0.0,120.0,False,0.9378990539767462,0.03802453793850889,0.035681683664952654,0.22068935977223855,0.19059330402913502,0.02514516943781364,0.9604272296608517,0.9664423830283526,0.9208463141433416,0.9138969824024823,0.9493556151510569,0.019664435705443108,0.2226048108771117,0.1927473399839148,0.02803019943529235,0.22776522903353347,0.1988929151789619,0.02395684376555342,0.039837939167000395,0.22180317200756589,0.1921512094743082,0.24133885146989917,0.3210838199794817
5,1,0.0,150.0,False,1.1920412336886765,0.10264021966352346,0.05131303189235732,0.25040735984115625,0.26076014615682264,0.13912165780946822,1.1637987824796294,1.1934026462002427,1.112092794840616,1.093075265172321,1.16548143130538,0.08029997998626331,0.15925878943105154,0.1698292370874438,0.06843033808030938,0.22244432762877747,0.2363579934124158,0.10546830150396257,0.04285139277334661,0.12309627178058702,0.1391222625910228,0.3327139415086674,0.39157661635606456
6,1,0.0,180.0,False,1.174485667997918,0.05881093456214792,0.12648515828118084,0.11035585405664525,0.10841294578043953,0.06329738067102145,1.1720289286032464,1.1882880793008384,1.1338249389437132,1.117124021550947,1.1756931273558395,0.13933043385003382,0.12232143469517376,0.10812587950497854,0.06386829940223232,0.14099447873166998,0.1576888362107752,0.10370638987486896,0.04437449807225552,0.10777710589652326,0.10278036843775937,0.2736413235582255,0.40363653237514646
7,1,0.0,210.0,False,1.271421390564794,0.07598943370563362,0.12900366271177377,0.10177136932956315,0.05556754603014393,0.08994362754602217,1.236992870692676,1.2135010451870198,1.2819372859603015,1.2957409149489858,1.2300739419596125,0.08678564031339575,0.09707201655868228,0.08050089519906256,0.07799709215984807,0.13209787818339247,0.12517065204632385,0.0877276223846346,0.07251619824364272,0.15917076114840806,0.11434288754874483,0.2872828383146551,0.44069549884171516
8,1,0.0,240.0,False,1.1493185442167877,0.10138900100962153,0.10228806048733982,0.2463953460877023,0.22771767354586603,0.08570270128203336,1.153162587077314,1.095226641709406,1.0789754814376322,1.1457319320034869,1.0850869587464431,0.1279827107000227,0.3212574833177593,0.31026670313865484,0.09002567592856052,0.21236557730483677,0.21448326614852697,0.05784245311947035,0.08271133816180326,0.24585301465920056,0.23795657963236044,0.3188018877715584,0.37677995113642226
9,1,0.0,270.0,False,1.065785723243856,0.07954407963448722,0.1457216352402541,0.31044315523061333,0.2413208972985022,0.051039248840292775,0.9975849726740676,0.9665326604796591,0.9768381534036825,1.0492808593567982,1.0268626248920183,0.09961586073091928,0.32747118981079126,0.2626865426348133,0.03744866362057782,0.23909816658223532,0.17749225352581804,0.11251989859800379,0.11463637116365571,0.31672122494013843,0.24969488826781466,0.3156424565813343,0.34710613989021133
10,1,0.0,300.0,False,1.026775644074644,0.06327092778887941,0.054438938671276436,0.11323161526124134,0.0817010340310508,0.03810742433525631,1.0321727844536506,1.0582080503553215,0.9405678465149047,0.9670550366856039,1.0135819390557588,0.060048498359832087,0.13549981995079508,0.10000116722286993,0.03763925021655222,0.1525554618303525,0.11656864987979937,0.05074692931775605,0.04564676084498849,0.10948737295113212,0.07540887004580454,0.22958759736039144,0.3572862708173465
11,1,0.0,330.0,False,0.8996345181558194,0.05498233553188059,0.1406434676270076,0.3952600278353766,0.28939099128721524,0.07104610160885398,0.9039211332481778,0.8348874845570715,0.6735301992210888,0.6704102301067254,0.8660994232595483,0.11003125726350116,0.36314067604304057,0.26057811093828526,0.045402314778053274,0.2645000169028676,0.17535470369787914,0.07734872468178483,0.141246662256578,0.3294366488739307,0.22517282755251253,0.3084929070076922,0.2904490346619174
12,1,30.0,0.0,False,0.7401238941746007,0.24115202242720288,0.16001141664104873,0.20861657230780273,0.12086213292998019,0.12824382756837183,0.544679964118246,0.6018992998027225,0.5484228996120295,0.6309123168261654,0.6197846481366338,0.10262949772752021,0.11766883942057904,0.20783859032766525,0.13367446366773333,0.08346936221677861,0.14445841141908206,0.05574225499921439,0.10486271009311618,0.09315848037178046,0.09371291989798652,0.2665016443415012,0.21601604115252807
13,1,30.0,30.0,True,0.5780225441360658,0.18794156250912525,0.17529578574019458,0.20232039971904897,0.13567002077992632,0.11795001496304339,0.40578695112710594,0.4430143414566834,0.40322694227563305,0.4652196793209678,0.48272061199547156,0.048129011655424395,0.05150974239060732,0.12299687803617784,0.10595075786961922,0.08330308042384972,0.1465059410563922,0.125593938912742,0.08907964386121031,0.10272692900043304,0.050305964439329665,0.23286672130790073,0.15708349706483507
14,1,30.0,60.0,False,0.3865083457994578,0.09980723233032779,0.1340587843630366,0.0697975298164503,0.060785411121033986,0.06876757565823605,0.3202471570162224,0.3448900968438677,0.34289179904145883,0.3529566582751919,0.3475368030849307,0.06265804165349743,0.06936935654945647,0.07507678484165728,0.05459521072092813,0.11969230742272136,0.11740463545203891,0.10420679200145957,0.030511752250332685,0.030346522242118434,0.03456338509317765,0.13662081318142374,0.11447416297458428
15,1,30.0,90.0,False,0.4218156477074885,0.03426497450088553,0.02887141395094029,0.05039352112486725,0.05347701701307794,0.043323088615170535,0.4257490829526027,0.43356855948082507,0.4512016948923037,0.4565630318951469,0.4464490939101654,0.03900490243595352,0.06848456365580881,0.07154190672057069,0.036621991840929374,0.05347927591417745,0.03914742151185728,0.03729460039909964,0.03513287005102661,0.04822777596484042,0.053788007441217964,0.105357610485405,0.14178088697936472
16,1,30.0,120.0,False,0.878383079018856,0.041955241734335014,0.09372333576021413,0.08016686878813575,0.06684798372994452,0.07405950665866723,0.8971118508163258,0.8793007067656514,0.8839127893698382,0.8877618359477993,0.8976730762655856,0.08766004300600022,0.08526456862534953,0.07256517224476532,0.07434010241732625,0.05403777529294593,0.054506363330174196,0.04153895971268124,0.021099683608742013,0.0526594146110517,0.04116274136292765,0.20585600261502543,0.30117026383548345
17,1,30.0,150.0,False,1.287379326240302,0.22265341562600244,0.1324551595391168,0.232031067942161,0.2211442852767812,0.09252951154513128,1.2530319286389724,1.2659772578196324,1.3525536161019467,1.3463574628359785,1.3005760644437696,0.11410636054278567,0.39015366930893075,0.38326401809846533,0.24336238288156653,0.29850764276147107,0.2941299044121096,0.15346291785354071,0.020602019845501175,0.15095991674174414,0.14327422328791292,0.3646987943615825,0.4158802112516656
18,1,30.0,180.0,False,1.451451946154398,0.1416171064878136,0.08983046367227444,0.6396786914681021,0.7078185362226426,0.09294782073847513,1.4229324510305499,1.4285658666810708,1.760933972397068,1.7994842619071947,1.4764761908615276,0.10295088410042912,0.7487500805858149,0.8156675385544769,0.20046087240154636,0.6913705398031054,0.7628457750671516,0.12484385196441247,0.07901907819598615,0.5793050319330628,0.6493148838031011,0.5205574274572843,0.48781701885064965
19,1,30.0,210.0,False,1.1461204306848465,0.2505176819124959,0.08286107705283086,0.9538835393598208,0.9810683159361006,0.3744298262632972,1.282221067676257,1.1106255653221884,1.6599104747102704,1.6809968081456101,1.3226181117618803,0.31297976108594994,0.7176688837216973,0.7422446299968577,0.15091890233291647,1.0108122549014393,1.0379372541444778,0.4320220689599913,0.04252729837444155,0.5999625987664929,0.6248102330162393,0.6314801452015653,0.4089010899069443
20,1,30.0,240.0,False,1.040292886673683,0.06283745365489002,0.1350557439346511,0.3024465752763206,0.3349566016947082,0.09083245282317678,1.0596547579101088,0.949998560795291,1.269420873878357,1.2975252771889658,0.9737132837485336,0.17386621719958667,0.2727768704402301,0.30518369381806276,0.11355925353080185,0.42542876976431465,0.45850117641834376,0.07192533671989607,0.03640301427869384,0.37120534936324057,0.40370514950200276,0.32773695234290495,0.3346264634958559
21,1,30.0,270.0,False,0.8795307794762132,0.10620310883111886,0.04638224169158408,0.2997768662862812,0.2582918319821417,0.06490902421528699,0.9122946119880857,0.8678569489302308,0.8791625688072213,0.8889826678675905,0.8406397009005795,0.12172870192675539,0.3954842130530746,0.3515329893875089,0.13680152808877935,0.28394733275005724,0.24208437979864023,0.03511637722965122,0.07761100089041881,0.2816401077237849,0.24066577534580075,0.275848975413771,0.28613600575847875
22,1,30.0,300.0,False,0.8047491456345863,0.07032387350443259,0.1566502311504446,0.47978308590090846,0.42932051480621947,0.049641642004808056,0.8044057428426596,0.8110915060352979,1.0643841790522997,1.0344092726004481,0.7914494179007434,0.0928663135362737,0.4197610402951532,0.36919816099352354,0.03956766409677781,0.3320841474862273,0.2832052556608373,0.12615739351460453,0.09644030734986545,0.45578885382971973,0.40451815072098984,0.3317447488335666,0.26887130310580565
23,1,30.0,330.0,False,0.7476515410311295,0.14892564351841303,0.05871349591101403,0.2886410125436546,0.27120124214859015,0.07206487223225122,0.6505429164143746,0.7240439666486909,0.9317389922933714,0.9488240007189286,0.7189984628080808,0.11484457743111616,0.413079652146465,0.39698350404715843,0.09735962943643123,0.3249213935173333,0.31602091221649253,0.03705239389336556,0.0545396901649753,0.3477397385388873,0.3331967755394397,0.26453296789750874,0.23338091029927788
24,1,60.0,0.0,False,0.45047546012252604,0.19494855994012966,0.09300314080512198,0.10360702072326738,0.07910084014370851,0.09304646717667467,0.28865878412391544,0.3950009297035646,0.3916836289704894,0.4731446581318756,0.3964788251307161,0.12450913114247256,0.13732339765488705,0.213463341357723,0.1262363706506196,0.06677468440545159,0.12160970538024618,0.026480173460353175,0.10823710191265075,0.053271066549728636,0.11419738990411588,0.1690302481519047,0.13153220097618326
25,1,60.0,30.0,False,0.5156133885010246,0.23824229250810958,0.18694827756066476,0.17519937845293354,0.14195005472970448,0.11130676031853748,0.3025812569765717,0.38502959490426225,0.4040373510265152,0.4109131392234453,0.4260317639154033,0.10835139872756204,0.13246691466681187,0.14699727041070892,0.14419907613717736,0.10211214975850194,0.09923593525561158,0.10114081637387323,0.05919155969826857,0.07835656570986038,0.048211255733423816,0.22821002534516244,0.13436341017079895
26,1,60.0,60.0,True,0.3494866802034778,0.17600452408869588,0.1301046793073795,0.17984055203424193,0.1517108607416206,0.15042845433939597,0.2965193966078221,0.32979906409196114,0.33658583185434454,0.38835370822337645,0.33226204934893133,0.10795000887001892,0.08611071246139311,0.171305491986685,0.07034249973756126,0.07902493679768302,0.1097598597494712,0.07607801443872889,0.09254157225175408,0.04865956598611572,0.10603895669839165,0.1895959584524686,0.07343196879406491
27,1,60.0,90.0,False,0.5107803762221526,0.10037479549926476,0.11670335759041037,0.19213321287278512,0.2059841339333155,0.17372254044435825,0.5558227204107169,0.5547690897420727,0.5654891512447024,0.5566099619558744,0.6151203085273291,0.07518552948051532,0.17794649297108767,0.18989083466366613,0.12364755633611849,0.10685443665140774,0.12023403470734248,0.1266533799083931,0.033910495555192134,0.22667014108131883,0.24160967224570717,0.2166164027603811,0.136979028984045
28,1,60.0,120.0,False,0.8915627681466173,0.16742295354086995,0.09066795809027038,0.4623291037720681,0.4215459782827396,0.10284949732342707,0.8259858565396694,0.8394742695531052,0.784464000788865,0.7779422336834235,0.8481409465243412,0.13296924207019015,0.3081444131353586,0.2719412162558041,0.07360556617194469,0.43042248458542176,0.3888097895427698,0.07496319620021967,0.052785423331332085,0.36629162300011414,0.33096000355860233,0.3560630431926654,0.28061752745117097
29,1,60.0,150.0,False,1.1800731595476326,0.29194951569276073,0.13375454416911148,0.9010784495598343,0.9235867622846518,0.07783535401552764,1.1708703109338168,1.1368809139699687,1.332432281416934,1.3347013579820175,1.15697651960975,0.2046861129972195,1.180654578214967,1.2031128214822702,0.25382545219543473,1.0035814331888369,1.0269963354913298,0.08515521125916467,0.0389379387847451,0.9593891171610754,0.9837087107317102,0.5847129642115864,0.43115642533473864
30,1,60.0,180.0,False,1.1020239253257085,0.28841894297521387,0.4410683133320411,2.0420025253517604,2.1883477604409363,0.1317706935293628,0.9905872359765651,0.9304160097607217,2.1686590869687756,2.2700168470619433,1.028233004194391,0.1846984409265102,2.318789675613152,2.463665506276355,0.1794709207591145,2.462568712889937,2.6086704668864584,0.33119778548713186,0.1530182354376399,2.150308226023116,2.2959899812085833,1.0322720268258372,0.8240827225187106
31,1,60.0,210.0,False,0.7766696671480071,0.065085139231395,0.13205679347870194,2.0504865296238073,2.1130313723088796,0.12885884919364973,0.7910693146945604,0.7437358565524048,2.0478886734451844,2.08759508852055,0.7047535093610364,0.15110771857888255,2.0131261365538693,2.0760307227614003,0.1665352824359854,2.1592069570355252,2.2211866018769983,0.07123689681733322,0.07169475715916351,2.1586949999832488,2.2191695019207085,0.8776980584974069,0.8840030867334384
32,1,60.0,240.0,False,0.8687791101105906,0.10166723218754739,0.2855639214395304,1.0138801842099427,1.2318033471235892,0.14549763527235593,0.8058014747491702,0.7275832277216479,1.4757441483341178,1.6195173294038403,0.9142443504852364,0.20607011145580276,1.1022936957921816,1.3195725082801752,0.22178829227964136,1.2847616344062769,1.503518087987755,0.411724422281799,0.2212725628500134,0.8872946984927352,1.1011936127032382,0.6078652383905927,0.4464902591359168
33,1,60.0,270.0,False,0.6102041197358736,0.02814099501749214,0.2537894023030913,0.3027827953178043,0.48480816363282,0.02894393081598448,0.6217378874841326,0.8273802444051508,0.6264435241379396,0.7145472585450781,0.6028346268842874,0.24238416587063144,0.2947911575063661,0.48015803196262175,0.030590513082206595,0.5200330371817443,0.7074562097983216,0.2497555511499469,0.188870691317717,0.30413770115283145,0.4860714213935396,0.2847782344705109,0.2154500386370702
34,1,60.0,300.0,False,0.5492373887725053,0.13718494052197863,0.1114555487264672,0.25436615946343966,0.15006802989038362,0.04206889165845587,0.4340421738096787,0.6485734557515281,0.7557185310905257,0.5554047257952354,0.5624488266976608,0.23392304415264276,0.3672259375414615,0.15775800886335467,0.14359914763775466,0.16405024906515114,0.22616100186451116,0.09735919056922734,0.28525826802035187,0.24034498155173173,0.16536448025551453,0.20739682650553837,0.16523490497213278
35,1,60.0,330.0,False,0.4811462506287793,0.19700065722945317,0.10525676604463882,0.08798348180470739,0.11699859371859714,0.07457981754617009,0.32360420791551275,0.43078738564101443,0.4997507997433474,0.4916126573326465,0.4373001994909498,0.1270658864101442,0.22067674003536736,0.2196838657689889,0.14953639927566206,0.13890122351004983,0.1422471758125417,0.04729681674529504,0.04761604666493343,0.12063321759032976,0.12618360536574957,0.1771609278287243,0.14146018717538295
36,1,90.0,0.0,False,0.5739104686009237,0.0890898062536339,0.0681035969185927,0.1282888220624229,0.1269093224818134,0.06824892377770456,0.5793227031704573,0.5666459155723038,0.6241810641268795,0.6140735231602139,0.5897104075538913,0.04810862835335417,0.058563090019988974,0.060747838999817255,0.051578440656658384,0.09592998996577023,0.0938526003179376,0.030089781254410506,0.032055973416852686,0.08956138257735718,0.092875510807706,0.17575849001584853,0.17973311333806258
37,1,90.0,30.0,False,0.6199067661891147,0.08620838343632653,0.07479016400690047,0.07002629476096534,0.05987749870625803,0.059046963207266344,0.6100493844716344,0.6088989770914286,0.6427148724662133,0.6444848173793153,0.633410411265027,0.04073828649724086,0.08657559275334079,0.13452668018913422,0.06177683302487945,0.06753123286993198,0.11233377474928069,0.04599843355723702,0.06509608169060244,0.034780373118519156,0.08286454546977523,0.16164267838447188,0.20514842618429643
38,1,90.0,60.0,False,0.5145080871898291,0.10628629577228066,0.12629707279155544,0.11262891847321908,0.17714592116949718,0.0870868994669907,0.5957289472746776,0.6021488553225627,0.5857884391961566,0.6026882212666205,0.5871116604610112,0.09776063135221347,0.08697859514690016,0.15518160778372497,0.055574049494934795,0.0731735296760843,0.1289817251073832,0.07052163835287051,0.08242162498918326,0.07067526508068667,0.15061994432105036,0.1873255324772287,0.1489246157531789
39,1,90.0,90.0,True,0.6707341048586504,0.410783159208546,0.5133104765208445,0.5002107225005405,0.5219224401645326,0.3122746371148345,0.8014250781191028,0.8085116605870214,0.7265049785416062,0.7596555986859121,0.8908414571141525,0.17889491587691883,0.18851964043743336,0.20928367719361718,0.18137675808504783,0.10970864987537596,0.08249021416232379,0.3286883700505045,0.05190452600886984,0.3353618660243767,0.35694583413439757,0.48820592339465807,0.1096766430825748
40,1,90.0,120.0,False,0.5807674903547533,0.4461487036116881,0.4425035852325534,0.8662381167509947,0.8393788473205042,0.23909515959986105,0.5969941279003589,0.7095231590978917,0.6371487837170242,0.7134641808596379,0.7283764176244212,0.14928287207680746,0.4700321461995989,0.4456901747356399,0.2960364222550793,0.5200623853757924,0.49336037954735956,0.2661800465403644,0.15772565331143198,0.747704702671335,0.7244183072025262,0.5690219838117258,0.22417429147514947
41,1,90.0,150.0,False,1.3895924202002223,0.2892063293791291,0.23975777209771337,1.1669949388785814,1.2335455509652213,0.19133681634419064,1.232155574330712,1.266945943845867,2.0187991447639937,2.0513664085167944,1.271078387786635,0.11703764429395548,1.4264222960398147,1.4903072925834815,0.1691965220715303,1.3587394852554446,1.4206198210605245,0.08280917055887468,0.08072377201130218,1.2898585971972278,1.3519526064038478,0.7517389713108429,0.5166468635264418
42,1,90.0,180.0,False,1.2160413613189363,0.08528498285566416,0.07688186762334127,1.9315964492115758,2.0498847533779117,0.0834274566756747,1.1621781841711902,1.185305043370784,2.395696513496758,2.4669602434105067,1.160042653879205,0.04624519116827008,1.9748214929893853,2.093215249805402,0.06293564778966183,1.971850842041091,2.090633741917288,0.053695984265617974,0.12470607940783959,1.9692749391186257,2.0886538110625517,0.9071861451771839,0.8654549107805563
43,1,90.0,210.0,False,1.1032633744354872,0.06661800044175928,0.20823792214280407,1.7562125902406065,1.8360735439314761,0.07241868099284177,1.1145747333931397,1.0297457365760727,2.1219148603949476,2.1669946812113787,1.0559455301288567,0.24345566035637364,1.718974508854847,1.7997780500340093,0.10484713421697578,1.953151582823775,2.0339472452158542,0.16767259412852875,0.08499999633667492,1.7919996115116077,1.8728946036534762,0.8404706853641626,0.7623798716338214
44,1,90.0,240.0,False,1.1628727964952623,0.13470802012260286,0.22666295184643964,0.6250050567985481,0.6972947997609062,0.07282513380781841,1.1097650189324346,1.110562303578695,1.5130796925404508,1.5495339145811684,1.1410722634238413,0.10005621182615804,0.7464617736089434,0.817216043477442,0.12190019219530845,0.8300993082487884,0.9010842592432202,0.19879442528252533,0.08295522555088475,0.6438336629591314,0.7138725629646496,0.48656145980526294,0.38373124691601523
45,1,90.0,270.0,False,0.5969365522040446,0.09348165161177599,0.08188959891968653,0.25107181994989697,0.21493878672082975,0.08965223218735807,0.5844765839959942,0.5784831399413848,0.6374523483571908,0.5924308305415409,0.5854612242323889,0.12570164657307425,0.19204144827819064,0.13856317366812282,0.030162473000963835,0.3093830353999012,0.242926101481147,0.11556672821354139,0.0789948257982534,0.20330830353627566,0.1509384539032092,0.22132844026559864,0.1803392939620021
46,1,90.0,300.0,False,0.5044835068481718,0.04170471870472619,0.06437097178065188,0.16111740009777503,0.15703690850812166,0.07017209556767313,0.5129318434785002,0.4983938069050326,0.44006070791433033,0.41922823717510727,0.5217318354887308,0.07883090938504334,0.17554935178417397,0.17048167659657315,0.06529799633355073,0.144804897419122,0.1351238177796112,0.054997673962777424,0.047858654844904105,0.19533458992679248,0.1835280278643121,0.16648093358451996,0.1579212024045687
47,1,90.0,330.0,False,0.6505953241514723,0.04644647865908856,0.049149730492488185,0.08901467529668329,0.0891044492430573,0.05722204334038629,0.6418523730172443,0.6269729488940577,0.6805629317334296,0.6753158401289412,0.6533988864434845,0.0350576091600402,0.06624021445609454,0.062434740468013825,0.02114530679987618,0.09066528519352729,0.08600925969947902,0.040498952497410035,0.029010216959038417,0.05621653454120275,0.05022482094784274,0.1635887835305293,0.21848611098122994
48,1,120.0,0.0,False,1.2338926849250218,0.09757259080786712,0.09740661508995385,0.17060781597169905,0.1282500998794456,0.17023689341232798,1.2463688268455722,1.25267941728411,1.2935088116545974,1.281938901853139,1.2385086079429382,0.025437226310762354,0.09886472053993328,0.10549221114635315,0.09660361316405801,0.10164359060083697,0.11095589794506644,0.0946293298920167,0.06289732700445402,0.12986302757756707,0.16980567583187944,0.3163277833477192,0.4114315926967756
49,1,120.0,30.0,False,1.1628171995932002,0.0693113217511592,0.0613639171843432,0.053525188271785304,0.07489913050860562,0.04811715621970179,1.1788000454939023,1.1783822965242443,1.1761254015448959,1.1729906366460416,1.1800132505209038,0.037439081874768715,0.04676527965528146,0.057332842585785984,0.060369946046721454,0.027988163917497505,0.035711757985692004,0.054235116719975766,0.0435287737597949,0.0499868408880306,0.08357508086205064,0.2450056522547992,0.4105559031681355
50,1,120.0,60.0,False,1.0148834409116314,0.1494173593916806,0.09053544719148268,0.08447445885270016,0.11440536594913768,0.10392742205815778,1.0016165105129777,1.0067993455175257,0.9973556585676899,1.0064110544355098,1.0133696135316637,0.06930951522960146,0.14426171575523786,0.22263852557509395,0.05498219553621609,0.1123473029024345,0.17914758199659897,0.02916224385319815,0.08618411710534737,0.1177339590822283,0.190526476995172,0.25960724905913174,0.33841801113173237
51,1,120.0,90.0,False,0.8548224131066695,0.35402173563691947,0.21349434052958252,0.4161240508105919,0.20501902223335655,0.11370391327576262,0.7989416943733003,0.9510762884253854,0.8467857546589047,1.0353716780754973,0.9386958551740111,0.23672539442617385,0.13451232791271212,0.37646806248554765,0.30195318408519195,0.3176698985790966,0.21019747284386317,0.12128430695949885,0.38044334446060357,0.39519318836549877,0.16176168032484461,0.35953091259881376,0.24296032702240103
52,1,120.0,120.0,True,0.7575545754922057,0.38685776779993214,0.4388448074667024,0.6004717460476006,0.7783274819520889,0.3981468642258036,0.8132687916165994,0.7867548320103164,1.0767863188508642,0.9805955832346556,0.7602776068464819,0.1179524391509238,0.3336011537315965,0.5481214926702009,0.11241446461618351,0.4069323385794893,0.47124587414834296,0.0618760278093247,0.6257609548594123,0.4309916069076335,0.4806664821630127,0.5600338738307222,0.16288334569353174
53,1,120.0,150.0,False,1.496472159882404,0.22840904393788006,0.32442264136094323,0.2452702319888128,0.47703606286002537,0.1730185281838295,1.4318481511028258,1.2933630909543534,1.573284054230128,1.7491350782442094,1.4973801373173583,0.18766641281650992,0.15781031066334839,0.35736572552063783,0.09335696420012693,0.32698398682187846,0.5049085573144343,0.2626483260695613,0.24172430872785747,0.12465115700607209,0.34905374998460026,0.49077144470231576,0.4599576618805772
54,1,120.0,180.0,False,0.9110541392040212,0.11117647762584867,0.1340686026954706,0.4196110878751372,0.2385197012277827,0.08672739918193927,0.9402619693937535,0.8468663770217915,1.2304072873736889,1.0871026606403174,0.9212592437148766,0.15158846763715764,0.3809618786217134,0.21278217675171157,0.0575594173165984,0.5277416851677784,0.35093168156488175,0.13479380732732088,0.1945986713830169,0.3977820212612475,0.22204384259138493,0.31685956796836656,0.2882247629306561
55,1,120.0,210.0,False,0.7915924378870249,0.19749826875410764,0.2854053279884532,0.26216415055020015,0.22806599662025717,0.04230279703976858,0.7278447939686457,0.6825457078481483,0.9587217847008744,0.9305381031257837,0.7998494807494851,0.15991427369950997,0.3719784877724299,0.34988012657402145,0.20580111783605676,0.4824313659599968,0.45427332863111647,0.2865974097131757,0.06180858838177371,0.26475110590643425,0.22926593407888257,0.30117149647330194,0.2328763622907615
56,1,120.0,240.0,False,0.6670761575926971,0.06210301110658194,0.10714719202642843,0.3508022020309528,0.3448012567396631,0.07077942072375487,0.6586149913057832,0.7060971399341276,0.6725754950732192,0.674473321280018,0.6918590865167817,0.12696615789554183,0.32737054127632625,0.3287428698415877,0.08832211434812907,0.44733815782705766,0.4436304565063524,0.0685467682637334,0.045462533426521345,0.4023426472706859,0.3974813150086962,0.2671182067033464,0.2157061676829641
57,1,120.0,270.0,False,0.7066165845662176,0.06859284888738298,0.12478588458433323,0.11520133690367201,0.1493417668947042,0.09459223634382874,0.7093882698326073,0.7639580398449335,0.6752885464387696,0.7244663772342671,0.746175654028181,0.12492100646676393,0.11194131774476901,0.16138895909259865,0.07828062317265821,0.14043677676858923,0.10313961610796468,0.06530988575670953,0.09762091617222171,0.11057390607305546,0.10665829883030427,0.20985510969668977,0.22355852836908371
58,1,120.0,300.0,False,1.363521247393416,0.10310075080134232,0.07006037526269188,0.33207717835393824,0.4009472037586657,0.07847292236917675,1.3213601441617042,1.33521531434042,1.181683630119665,1.1402572199546668,1.367793143382341,0.10828472265382634,0.24427834766731502,0.31550453533593487,0.07460828904773746,0.3115977774982975,0.3813777478465529,0.09109197324080293,0.07752509445959474,0.30820571655878254,0.38060016453980106,0.3913632796565385,0.4533080308944608
59,1,120.0,330.0,False,1.3102787165474532,0.19644116929409738,0.09799234729577899,0.5101149697471596,0.5311136241128074,0.1146695379453451,1.3250539685647718,1.3089882347937136,1.4497747369249074,1.4511864413738813,1.3092931958312781,0.11989919902678078,0.3639315835438274,0.38559192960874467,0.0942824579968207,0.4233195769009988,0.44435957357176153,0.03966794171747287,0.034498155159667136,0.4217380981183392,0.4426789393614986,0.46010172749044037,0.41839144695931796
60,1,150.0,0.0,False,1.4553934768788537,0.07654354924479262,0.20399009580115623,0.2010261567671613,0.1714360065200391,0.0894372685101816,1.4623941038438613,1.4334354859112484,1.473201949699663,1.4708567110439157,1.4607686178562749,0.1704048229290357,0.16381763029721488,0.1298535610381229,0.04477608082323846,0.12150996497740327,0.16713925468780133,0.14168413240055586,0.06606298468225366,0.13407508514555422,0.09807142605461203,0.366304425620364,0.4896203117923385
61,1,150.0,30.0,False,1.3821622211070586,0.08993211031462738,0.08353837927683999,0.06687031187530207,0.14734359486864068,0.1359015222954987,1.3863073881833152,1.384850146365579,1.3875390143412263,1.3652684068883651,1.367590121133797,0.03780380744596653,0.09770159895370652,0.1091567636269785,0.08628816674664148,0.09070867458330367,0.09383939298364131,0.07393178153236601,0.10685862732624965,0.14887759739130546,0.06934073412717287,0.31762468995632787,0.476930670369686
62,1,150.0,60.0,False,1.4071407213360805,0.16190156690035368,0.09074639979412916,0.2549922248344526,0.15460978743077372,0.0662707551065963,1.40526325894648,1.4013651716953857,1.4417592449406802,1.4188265722097069,1.4095439517403712,0.23163903053488571,0.39910171388980464,0.29401819100094617,0.13334635076791898,0.23417779208950062,0.14535796421486902,0.11880995162387938,0.12629065656845634,0.3118054904303956,0.2139794597378888,0.35594357590039766,0.4739258195842905
63,1,150.0,90.0,False,1.1114698209930385,0.12478760761253381,0.25454890875815217,0.6354674682780117,0.6191332969817595,0.22722834230642783,1.0725314603045801,1.0370851313816114,1.199322697411076,1.1879237181794697,1.0653244841217209,0.33540470745400497,0.5584609407433277,0.5436672757401725,0.2857004074728807,0.8711938416744903,0.8523865224349043,0.08418736462167144,0.04755112840064829,0.836505291979659,0.820870782494081,0.4954392408216539,0.3370829944995739
64,1,150.0,120.0,False,1.3223904209321593,0.17545390176324308,0.23122066193928936,0.32922683827576293,0.51487762421782,0.25655633425184615,1.3385568793920162,1.3830259394198159,1.5702878754922915,1.4276589043852441,1.4260544034151588,0.09803953753380086,0.35522204789019035,0.6339549486609418,0.12135864382456818,0.2979000976954306,0.5988160945734263,0.12300901659957364,0.4151011270727147,0.37308914686531786,0.691209483618686,0.4716209635633534,0.3953302255701667
65,1,150.0,150.0,True,0.7060307708207422,0.20846517939025178,0.13526790731036079,0.2053662065602424,0.3705178167549582,0.13206789971304084,0.7906716405729436,0.7397687286714142,0.8468774301355937,0.9860880406295917,0.7266839038285569,0.09259266183008848,0.0944733272741701,0.22741620630441045,0.17981474620830723,0.13236334700800328,0.2948728886586643,0.15005414758086022,0.17600723421513384,0.19884756259157127,0.35366168534166686,0.2929526300915994,0.2009178056283098
66,1,150.0,180.0,False,0.45839130192572425,0.1007907538262516,0.07218538113203499,0.3689123437136985,0.259903676271122,0.057562392984193106,0.460648088881742,0.45380641098195085,0.6079103525392264,0.5350386853594045,0.452436312589531,0.04303430035117771,0.2944988503185997,0.18658506975808847,0.07951870634919289,0.32508842086176226,0.21661486738387037,0.0746804373064821,0.11838364812929777,0.3387836537680724,0.22400237678294743,0.21962430830883742,0.1544035500218151
67,1,150.0,210.0,False,0.5559158659085468,0.1242810003576718,0.06651653102096716,0.16503935944980802,0.20276842441895443,0.07404082005533477,0.5138026390946702,0.5653948282326986,0.4850846944373433,0.47691724385097506,0.5378967791363134,0.12056902834960156,0.09250373012469526,0.12375529873329838,0.0914793099432687,0.18059776516261927,0.22095817958733288,0.0839409238087806,0.04556019098934317,0.13253999015397525,0.1565868831541842,0.1980936668685472,0.1669835959711159
68,1,150.0,240.0,False,0.6622359906859008,0.07617760433419134,0.0404617210076315,0.08484269289991542,0.05681117980807986,0.05060938703617271,0.6565631868154215,0.676685946656678,0.7019493227558811,0.6450768211823109,0.648310242522039,0.06236672423937162,0.08544173505485822,0.07450150198713658,0.06330048154835813,0.06426558529321488,0.0659368140478506,0.05101482542856617,0.09563649597263428,0.09769453742046798,0.05582320208319788,0.16185642929531524,0.22427615646386656
69,1,150.0,270.0,False,0.9393653766676284,0.14380637374140687,0.10633361566245464,0.10161303735148713,0.1517727490055214,0.06818180356236131,0.9775038470621323,0.9097068400973783,0.8785060662583078,0.8605343096581811,0.9464547290448333,0.23371695675487367,0.22753236405100202,0.26224277721483824,0.17718004511828678,0.073614602818446,0.08841640229080443,0.08136224978244232,0.060770812580207334,0.09949367429172214,0.12086641862582465,0.2518454926651433,0.30871951774316414
70,1,150.0,300.0,False,1.4605314485308627,0.2548993141979148,0.18272203724497812,1.1641403305115428,1.1794065144842223,0.07649260846479089,1.489265728916997,1.45006439982873,1.8339140656024604,1.8405357423431594,1.4622920971575937,0.11575073532446101,0.9601360876109519,0.9779438919485641,0.23126718381262854,1.0085283111586902,1.023770009596613,0.13145330983763032,0.04465825873145535,1.0956670495512304,1.110440206485624,0.7196987089057186,0.5591346409853544
71,1,150.0,330.0,False,1.4972589106656216,0.35743234060282564,0.3068036192389674,1.0643148074459132,1.1133174111294697,0.28273945843950893,1.5376978479348304,1.5275859398845992,1.7650469260661643,1.796391020908369,1.5212899840551548,0.060340440679878024,0.7419088245818839,0.7925767078022873,0.08713548431375032,0.7939285987159967,0.8445166487634698,0.05830867127623342,0.057397657903880905,0.8055131090740766,0.8563057985221164,0.7703110912537178,0.47532073193352103
72,1,180.0,0.0,False,1.5956931229395879,0.13870455957380834,0.09682362901739625,0.06182325383515698,0.149969195687141,0.07875223593195092,1.6430433674533813,1.558175705652495,1.5925226658252356,1.5977853515341638,1.59171155482046,0.20108186947328927,0.1473579368911729,0.08951570996460213,0.12899251749013402,0.09154506924817624,0.15256292613743966,0.08744453422873237,0.10908139245926589,0.053932829014558745,0.09069013780861698,0.35362766616417357,0.5563347229790612
73,1,180.0,30.0,False,1.4917222347924592,0.11783804388222895,0.24403429207113375,0.2259568229295336,0.1936527191472569,0.09937664190240975,1.5206186673559756,1.461026332865544,1.6085949460803943,1.5924387986794044,1.536293370732412,0.16756989399566713,0.3077916622912783,0.26923455614799496,0.15382219942112096,0.43964586558097984,0.40245062423236777,0.31036171640069665,0.04737713851997965,0.19556115990937134,0.1622732716975256,0.3954301257875037,0.4931053704504186
74,1,180.0,60.0,False,1.3664239336138548,0.11888209196898761,0.19513851655046632,0.6510333028824956,0.5478287685039771,0.2386379592367205,1.4319991642818897,1.3408972799837304,1.5418683805804712,1.5079997613202774,1.3578061263592696,0.2674228054193961,0.6242256659483277,0.5241549265580429,0.2765269179838049,0.8300608699810308,0.7260517372138355,0.07332456028588971,0.11050878453781576,0.8793802611215776,0.7775842172915219,0.5196574287927503,0.42425858774250474
75,1,180.0,90.0,False,1.2268874126212919,0.15487613538881848,0.2536482618392848,0.5949640593964747,0.6666137554182476,0.2514754691024378,1.1466108317903323,1.1054583576434558,1.589684786961114,1.6273638996854145,1.0869525559065767,0.10834468386458687,0.7375103518055242,0.809335240983241,0.10667666859258823,0.8331470977810478,0.9037027535182691,0.049343634733210136,0.08191707829113352,0.8315784386104333,0.9039937742280754,0.5247441822944259,0.3658401478403745
76,1,180.0,120.0,False,1.0804428437565161,0.37484355414019155,0.14386641275014977,0.33003420929488825,0.2461462370889837,0.10494222976178533,1.2868762352150167,1.091795876917436,1.3709865489505821,1.3012538689940136,1.035982299502142,0.2734372873082555,0.3056889064456725,0.27791530516236923,0.37313838449680287,0.3613461129662101,0.2839280173914831,0.10992395583768919,0.11418597362111776,0.39171791113648474,0.317535788158648,0.38004591446541913,0.32722978973419636
77,1,180.0,150.0,False,0.43442496064328956,0.09791967689352679,0.08847007975050292,0.21654166849676215,0.15478899208330046,0.10401436927763175,0.45607318925057083,0.4382195380875208,0.5486149770082217,0.5195428375866431,0.4241814136839576,0.07050409134887559,0.14975696846996664,0.12664663339451557,0.10823513384734813,0.19755995067628385,0.16523358166012048,0.04734144482050538,0.07087285863788813,0.23309764904306293,0.20133770823751407,0.18269329119083558,0.12079469357055746
78,1,180.0,180.0,True,0.4022047949427593,0.08616845455980404,0.06415211660350986,0.3202961383114427,0.09582417916965982,0.14896042152673422,0.374592808016996,0.39749473017447845,0.3868551511142435,0.38744245810983724,0.3753503248734329,0.08111366974474403,0.2712792717901623,0.07099360418479256,0.10322436845517498,0.2846285456324863,0.07054713133565724,0.11570509775237278,0.23139335947135742,0.17813333413573326,0.06042777425780452,0.18626768418565165,0.12851484309977107
79,1,180.0,210.0,False,0.44253985889270586,0.10895505786774393,0.10545460228310041,0.06465149865678732,0.05985290953530418,0.06232389979604554,0.4374693665451784,0.3901007894669065,0.41753139715254417,0.4612706223649985,0.4362754582926516,0.08173492306069821,0.10586077427504706,0.12582060613115215,0.11575757563146674,0.06372733045558139,0.14139644027738352,0.08806532501049616,0.10899002950750437,0.03831222613346659,0.0911696495209777,0.14062963783861457,0.13651598795190278
80,1,180.0,240.0,False,0.566995810292265,0.05216876463784276,0.07360210952566752,0.07005340921212741,0.06773939647037028,0.04507721532327083,0.5851965245593627,0.5664266050071456,0.594675075182757,0.5916851903995927,0.591638976168683,0.06776395210154647,0.07745033361372189,0.06729825493948553,0.05072369347384728,0.12476447520485222,0.10834504401931727,0.05967010022677532,0.03594170977419986,0.09399166361800924,0.08870624158586629,0.1459394509102573,0.18857413252495558
81,1,180.0,270.0,False,1.2879825858019351,0.07140649429243145,0.12217387974665764,0.37835359676564395,0.33650597771796187,0.07161269832992409,1.2809583692251003,1.286561047235945,1.0381801403007827,1.0867206130547675,1.325218553195037,0.056884299550989156,0.41438556764882584,0.3627408663829532,0.09925301778560729,0.452462144846872,0.3990879737623154,0.11940228156179503,0.09780602432315608,0.4293515045318106,0.3821420306388674,0.37800587210909237,0.4248744805512772
82,1,180.0,300.0,False,1.4349950581205921,0.07574158884458765,0.12224411883953964,1.0133798272798622,1.0514300290546577,0.1163927983677441,1.4538903883822742,1.3999452936096513,1.775060099703912,1.7992265871195086,1.400816245768004,0.1100128721916894,1.0191189195410053,1.0567239367947918,0.1195003461995355,1.0600445533023473,1.0975121146554514,0.04238956098029272,0.04641734541527416,1.0441035525666136,1.0815448854083152,0.6356972367511639,0.5479076005847464
83,1,180.0,330.0,False,1.5058070262352314,0.13079317836249027,0.23485691282611165,0.4510974881076228,0.47596409040641086,0.08449068008727267,1.481137064480944,1.4316195383840649,1.4331414609255257,1.4136608052522122,1.5095244675489932,0.15410810526100693,0.34693045069286976,0.3729761876803116,0.08266651341794679,0.3480740456678791,0.33310394864080206,0.2065226593996917,0.045240857052360986,0.38993092722090184,0.4181175179482528,0.4805015626708566,0.4815942879381587
84,1,210.0,0.0,False,1.687946375588822,0.15819050992859562,0.2207961172430553,0.09078017409286501,0.1687020898895244,0.09167475254340304,1.7529807417769492,1.5844078623727955,1.6998673313219381,1.7697734117499966,1.6492037442130765,0.3334829623978428,0.19826615787880192,0.07447387924176305,0.188292924110943,0.2435280923783122,0.3629491103487367,0.14966540680954193,0.17594249505725384,0.14702694875087569,0.22634907613213612,0.40301500321437755,0.576413807980651
85,1,210.0,30.0,False,1.3086865829105219,0.08985882280867682,0.34330925525097983,0.7954444958882848,0.7666194046990653,0.17181530869726944,1.3192815148836559,1.1744566756461103,1.609119186933777,1.603543242755119,1.263655879781566,0.3164747698081306,0.8603161468700112,0.8230170868036464,0.1195835374534709,1.125054912004858,1.1019699899633233,0.20245218936630366,0.054572027147426413,0.9569292114643131,0.9234367785880186,0.5792889783757996,0.42330049615380605
86,1,210.0,60.0,False,0.9138578838514468,0.030751103653039333,0.08956066158446406,1.4519493008434585,1.4753146058596305,0.14618996221064812,0.9072242664030399,0.8819233500242439,1.664348915271602,1.6755131131459322,0.8560048839204055,0.07120479556981561,1.450954945840783,1.474777034547724,0.1419318936649238,1.4989675930485056,1.5243169409784707,0.1108437389643355,0.03334581385207906,1.5791354561440982,1.6005765553145805,0.6846039196671145,0.6242447806415131
87,1,210.0,90.0,False,1.2853687972970864,0.21060954881659616,0.04856929584041561,1.0194630128791453,0.8647590005554473,0.23520458980626385,1.379027534741331,1.2970271139791159,1.927252940411576,1.842986024025418,1.1230439563968129,0.19206754298744144,0.8151093468747999,0.6657822878117494,0.42055451826012646,0.998327547039356,0.8465450382851794,0.25294286464413995,0.16110407127856569,1.232063385101887,1.0825500267777493,0.6106623741991591,0.46616721870608707
88,1,210.0,120.0,False,1.1997829942839509,0.13111973170138747,0.16474647886042912,0.19088153016496498,0.17936689374531328,0.1276069878709173,1.141476127861777,1.1131959316814555,1.3353059149199344,1.312801120523872,1.139397455368743,0.08597432966838517,0.3045759331873965,0.2579834581203283,0.09118972275202875,0.3361260167649235,0.3093969693260652,0.061614879005793384,0.1095319105076902,0.3038173304104418,0.2826252872507205,0.33225076943782716,0.38866467154489287
89,1,210.0,150.0,False,0.6239928843677859,0.06502273035921881,0.043923415114909777,0.12212586428317077,0.11122706046861834,0.055320283822384526,0.6239176926131675,0.6235657721473644,0.6607154343363162,0.6546229346031902,0.618521081048769,0.07689812343436711,0.1083126470365331,0.10088966910499526,0.0670642498883755,0.12316061907342882,0.11050542137968641,0.04091552474309659,0.02829750958902766,0.14358941626397165,0.13043781287257472,0.17026870640268135,0.2049074046285658
90,1,210.0,180.0,False,0.36356462983703497,0.0593376526205108,0.08650736935251815,0.08147288160458462,0.05173804899201115,0.05705946076253131,0.371049429939074,0.36560900494203163,0.38827844440269965,0.378131437211429,0.3910683034566234,0.08002084810845822,0.09504971017575901,0.057728020037506336,0.049878122683258495,0.08430344134135509,0.10488467211531051,0.08271678369975377,0.09346064465216082,0.07787700376850659,0.055623217430413735,0.11661334052819851,0.11117713577697938
91,1,210.0,210.0,True,0.5623014909783062,0.06067661660435578,0.15091773112531892,0.19839136551819517,0.2128548806376312,0.11300656237219234,0.5336190607316327,0.574120871674469,0.46631912854218227,0.49116141617634823,0.5891436279500505,0.17161007729701352,0.16947531405317412,0.18810494470915062,0.12983727550033564,0.31962306822492015,0.3470291849209312,0.06753878583143336,0.06357043319167907,0.2872288526628498,0.31168255166479697,0.2163581078726666,0.16289700853410627
92,1,210.0,240.0,False,0.7564905414090843,0.0827887309040004,0.22294676843504688,0.35363253972820824,0.34953281777395506,0.18153067374231505,0.8028387110617695,0.8920158093736843,0.44294195675889336,0.4468621410678252,0.9139920570444741,0.16070192808659986,0.4127028513176167,0.41249648678194384,0.11726811382335776,0.5269078594960795,0.5294773172613105,0.1332754738345006,0.041612564340828245,0.5246403467643123,0.5207116402100428,0.32448701199876834,0.2149685242042675
93,1,210.0,270.0,False,1.1855889969570415,0.032952802786255286,0.05473913129527602,0.49226805408811514,0.5271790448193279,0.07851165957964427,1.1860226836292502,1.2029307448897308,0.913020489847914,0.9082330541922554,1.248378668656924,0.04891404255335438,0.4943280269903103,0.5299977099266713,0.07818318894763962,0.527661335156471,0.5625421363270374,0.0736475229879504,0.04377943918215944,0.5466341751914787,0.5809596947861273,0.3952066149209434,0.4080407621816474
94,1,210.0,300.0,False,1.1849735485424615,0.032883384275730024,0.07195508807169693,0.5204222235286577,0.49471445818639836,0.03863467247977385,1.1794120893966535,1.2257362293174672,1.1731471216024492,1.1652307680351712,1.1981806324700686,0.09232366159279398,0.4969741916381622,0.47193117013340574,0.04715008639945554,0.5853694018943559,0.5588409750329056,0.08843386982838825,0.03131305394392647,0.5062257629659815,0.48317335824972607,0.3905972291807864,0.41071042384764855
95,1,210.0,330.0,False,1.3718170288090954,0.0820517493760951,0.06335043022308448,0.3733918938823262,0.39059502314083117,0.05471730929814646,1.3388382834536767,1.36995418873621,1.190301918569101,1.2054786569717393,1.3585423115598538,0.09582060686332605,0.30981689008526087,0.3230167138812608,0.04456703277031998,0.364558962010771,0.3811088668753909,0.07386877698575753,0.06727905250152982,0.33044636231028446,0.3450605643320432,0.3893205724549298,0.46155256846723
96,1,240.0,0.0,False,1.2588434448623622,0.19271364672293115,0.13869589774380892,0.07446720193770583,0.12473217802018771,0.06873211075225015,1.372992275984575,1.186745872248459,1.284704821727649,1.3317664679196932,1.2312449690847873,0.3014508035673549,0.15646881015004824,0.10048034575716128,0.2161384052022946,0.1582819527855953,0.24145735578450092,0.09862913516280117,0.09529399929700423,0.10072388823525444,0.154485109319704,0.3096974133398743,0.42650021039995745
97,1,240.0,30.0,False,1.0280786631030574,0.09713505908929865,0.3134252811316395,0.7934330025272129,0.8802896457467626,0.12605138511988634,1.063672118506768,0.8592415816058141,1.5136922168930769,1.5683559854584463,0.947890954523632,0.3764690867776408,0.7126684021224847,0.7995721470684563,0.1949311156204948,1.0837589535946286,1.170608575936731,0.2334244881788655,0.0914606525568447,0.889057891634353,0.9694567847403148,0.5397355061196429,0.37351140238866587
98,1,240.0,60.0,False,0.8397278182093134,0.2158082603009781,0.052721318474792396,1.488359195483687,1.5916690354331313,0.04890803883552601,0.8934334027483981,0.8488702293771386,1.6555268164004,1.697781394971097,0.8259508291102542,0.18423888910403974,1.3489242042067449,1.4479008708096306,0.18303539329820873,1.4948179347227337,1.5972543647940252,0.03208481462819747,0.1072097072299433,1.4736504241748525,1.573966444265994,0.7061989444562381,0.6472002865939853
99,1,240.0,90.0,False,1.4443793066265183,0.2553836687129337,0.3033829919756558,0.6847811460151045,0.6815747816734616,0.1970094013652564,1.3868000652388628,1.3409702267728547,1.873869729391683,1.8795897436018616,1.3147003760324876,0.08779777411564835,0.9240405944599013,0.9233317201719909,0.12216227658215112,0.9654357974702259,0.9632369700589867,0.1365637940296353,0.028732989927291726,0.8680618681277998,0.8642212299289123,0.5944185493948219,0.42735139199993616
100,1,240.0,120.0,False,1.321452091915531,0.08681562027535808,0.08769296327562558,0.1787979736095085,0.14623954325872693,0.117484610172544,1.3594489344670324,1.315657635806776,1.3862729316889952,1.3700402310287698,1.3563388619292052,0.13450313640970374,0.11582399966391338,0.08613472316312655,0.1114994436700884,0.23522425509326028,0.20426921988316632,0.14101375277700362,0.05391934737599205,0.139232543790681,0.11864757576166901,0.323080467084549,0.4476483111210459
101,1,240.0,150.0,False,0.9248014030012038,0.07062605241057152,0.0870197909233765,0.08250900314419002,0.05313220714440968,0.0755282795247388,0.9231102513531741,0.9310927839539138,0.9399393219051073,0.9383067372499384,0.935873532513722,0.03727377014179831,0.07181651500126753,0.05514615002724935,0.051323598830950196,0.05306929384987397,0.04996611645455851,0.03636038834932631,0.052805033417971034,0.05514793713936002,0.03950778582323236,0.21560278935808166,0.31734472046823764
102,1,240.0,180.0,False,0.508218311440702,0.0825092272835026,0.037113018246894995,0.20147065758731075,0.1708753783976377,0.08005351723883172,0.49158715971445444,0.5054743061079467,0.4534830753289758,0.4536260075840464,0.48289660960994707,0.0704616131466704,0.13247934081344998,0.10348069566261461,0.03440188653891766,0.18460478722714063,0.15240811946555524,0.06835201328184089,0.03846002781400966,0.1264931863010655,0.09974346983413443,0.1800400183658133,0.15715275898972011
103,1,240.0,210.0,False,0.7611336458044348,0.07224147237593803,0.1457874251689829,0.30962043031366937,0.2914512517741821,0.15549803688290675,0.7956453461003787,0.881099091754068,0.5021931247921794,0.5064319575445331,0.8881087199646294,0.1449937839257509,0.3386872041411531,0.3259938245182063,0.11306943561207003,0.45181006230616505,0.42837723184225024,0.0947842735067698,0.04935551411059262,0.4454180054441187,0.424268222389301,0.2892887103866857,0.2268104073169348
104,1,240.0,240.0,True,0.594715775387668,0.1397835787622984,0.14108999518554033,0.3145214885183704,0.37909178153678535,0.15845366690014223,0.680093529758691,0.7097659136262567,0.417824989544049,0.3934011955799429,0.7222171031907576,0.08945816950908146,0.4454231307618516,0.5124356596090907,0.10266492300784259,0.4483631920404762,0.5106014326313106,0.02733532966581447,0.08453290479876806,0.46348749788512855,0.5247579776066675,0.2879427143818008,0.16502957242935645
105,1,240.0,270.0,False,0.6470260429135951,0.1355150360296053,0.1285099460802076,0.25066492285522757,0.2643009633628486,0.10962574280359176,0.7034407573516441,0.7208261869761414,0.7467484657946114,0.7507983025208149,0.7130396353477644,0.034801003063606444,0.3797880917101081,0.3913007749563208,0.059167114064893674,0.3581369081730856,0.3686584277914857,0.03296130182608102,0.02503453706400629,0.32928788854269114,0.34016425599157046,0.255940442340846,0.18492993157593832
106,1,240.0,300.0,False,0.7564493653220992,0.08017807327430632,0.10824733138215395,0.40747505445317544,0.3779222707045371,0.04334665724366039,0.7836911347292315,0.7768250601057571,0.78878049252406,0.8220279787907421,0.7869719026412572,0.044922268976426934,0.4696390099738577,0.43851609295298993,0.08050276907836434,0.4984166096775626,0.46778961621149506,0.11317512127612468,0.06134562212007503,0.39358484318887554,0.360648175469942,0.2956031253966554,0.25060410325392085
107,1,240.0,330.0,False,1.0811046297226157,0.14729776428974595,0.05093175015808167,0.32675088435738087,0.33051722825720964,0.0631606411022311,0.9924743488024748,1.0567408986886273,0.8855861469789089,0.888960150535038,1.0505855916348157,0.1224374465526106,0.20380245894652252,0.24026406069092576,0.1054999059399871,0.29906255015857075,0.30275982849072547,0.05806232610468198,0.06548113737942807,0.27022826679586975,0.2850909001558517,0.3332938163145442,0.352743138882748
108,1,270.0,0.0,False,1.3480423414038172,0.1517535986477143,0.08533704760323543,0.19446450017185934,0.346839544516209,0.11837359509124563,1.4086605473927687,1.2945265962235641,1.206757020871212,1.1238403187645762,1.3745250141345062,0.204654244807048,0.3175547319014208,0.471020925560068,0.06589877380621606,0.14050259547475383,0.2931549509145879,0.1645439453710178,0.19592338185772068,0.25657941513027366,0.4123372462346775,0.37413510457234683,0.4434323851606573
109,1,270.0,30.0,False,1.3357116540621672,0.06616054741357791,0.22364960503031614,0.15814692364515906,0.03595878468309641,0.1077192187627192,1.3511542136071057,1.226443042302118,1.2590782189714993,1.3415276045980937,1.2723672535438828,0.2672470347078292,0.2044662426947756,0.07194424778612414,0.14412026271487954,0.07049133810059106,0.22545904942609835,0.13951506823977441,0.1589239065056352,0.08494357432146045,0.10115905839632794,0.32122445559950596,0.4577695918173504
110,1,270.0,60.0,False,1.1752264019406389,0.1615629521878838,0.28826101172867513,0.4243961941910186,0.26768893092855195,0.18376200469251264,1.1176438390644967,1.0616451898567498,1.370451455053126,1.2876478466161418,1.0706718111000904,0.17863590799852555,0.5641801425516408,0.4041507606192052,0.09535512136329524,0.682232406946716,0.5229272531425369,0.13076477654361557,0.1640973289886501,0.5700822525546134,0.4117285936124907,0.4168162492782135,0.34963727585427723
111,1,270.0,90.0,False,1.770994564930824,0.07846987979117565,0.17335190774058734,0.29710742412118984,0.4248263543077946,0.15342309863679254,1.7902905881993767,1.7385467033912825,1.9752629431029691,2.0599191825708862,1.8233280499686506,0.1307800940473485,0.3289385888573226,0.4615119763659915,0.17837085912759781,0.4436883835517414,0.5737781399950606,0.28985501656537305,0.14239227407136643,0.18864631776990162,0.31386532306203785,0.4830288715880606,0.5866597125844683
112,1,270.0,120.0,False,1.1680182476793926,0.12297678182714139,0.13422432946514845,0.04395340702079667,0.1431941295645404,0.045115364904272225,1.1648401624774753,1.1576333912074654,1.1694103606279689,1.1638512629805102,1.1686613791324296,0.19400665237037712,0.12516300724701895,0.21135524577912498,0.09887143999409309,0.1220116078291162,0.05888994787931939,0.1415563203976401,0.12861109937803875,0.04742958862844546,0.147049277402516,0.2762470434102153,0.4008331675657142
113,1,270.0,150.0,False,1.0475748695889524,0.11281181606227747,0.050957308431268694,0.11354557253179062,0.09685152719750088,0.0677597964829708,1.005259340261317,1.0415032577737269,1.003471185161458,1.0187862156506393,1.0734912136680514,0.13350741055091592,0.08378542035017575,0.09309734611856205,0.17125818750025834,0.1086573045134789,0.0995547357837724,0.08688834540505669,0.04790598722257035,0.16283720677234903,0.145392902782371,0.24825014838246015,0.35819725684556647
114,1,270.0,180.0,False,1.0391173553589663,0.13834317699245263,0.06578014194046924,0.33678975227489166,0.2826578463288637,0.10192634196316153,0.9778554263816992,1.0168976035566604,0.8299784608849011,0.8827567069713902,1.0944345111511846,0.12143077313674572,0.22674987487892345,0.1735140957330675,0.17478510074752263,0.2939033809689183,0.2430826143091193,0.13577025412308408,0.12248562368999058,0.3952934126320561,0.3223282588239339,0.3274357691431342,0.33258017001689383
115,1,270.0,210.0,False,0.7958195930810801,0.08994345356672226,0.08380318243678932,0.3447121583668477,0.3325753835746973,0.057810300483002286,0.7958866425736772,0.8130290287604524,0.7289582584217278,0.765519993301456,0.8326640384728943,0.03199488323536865,0.39292462943502654,0.3940530225833428,0.09017728961942137,0.40035488254204793,0.3998544339603733,0.07204351171320206,0.06265442788135431,0.3971024124630339,0.3829518132654451,0.28411067858485656,0.2571974745760592
116,1,270.0,240.0,False,0.6484356888746483,0.04617271959008856,0.07165469225047197,0.32764676595322906,0.3068824204884377,0.05839222752575436,0.6590392569861832,0.6754914151773107,0.6950284377223295,0.7222385160751758,0.6816793862427672,0.03995130967830794,0.36379106220504465,0.3442185752450527,0.04814112344139612,0.3969627619595879,0.37470251189517734,0.037614205303155415,0.04689132163032171,0.3761452980975424,0.3520807183741702,0.24319741911377168,0.21517594547271823
117,1,270.0,270.0,True,0.6274297115076382,0.09802424666203555,0.0925150229686739,0.2191864362920939,0.2571906859522263,0.07570270469861247,0.6182388708698359,0.6238190656586258,0.737996561738836,0.774431671788965,0.6376930518515801,0.07821549687292517,0.26144554599711006,0.30334064607129924,0.08105367523021789,0.3017178996457337,0.33837338985204074,0.03688883620255948,0.051225339744548556,0.2770599402752459,0.313253028551262,0.2283414680135467,0.1910137479769945
118,1,270.0,300.0,False,0.4953174746657112,0.0672137177580307,0.07971745930359364,0.22005093259484906,0.23142711500393007,0.041595848798930066,0.5024361575957184,0.5089782209667136,0.5829750210237532,0.6274875521476503,0.4990064029622818,0.04628947351402248,0.2290139981179521,0.23779796539015535,0.06361293522602336,0.24999634710086782,0.2617814545259376,0.07604649844444461,0.05863841484946191,0.19713282771715213,0.20992627088373933,0.18922042468750747,0.15550824217201384
119,1,270.0,330.0,False,1.015897348173106,0.1841031408180391,0.06784854492374913,0.26366043151289265,0.3807853173008731,0.06364776462939828,1.0065838440119808,1.0356267375220198,0.8232980671623658,0.6948201889347732,1.0145469511282603,0.1641953173531775,0.22192081496007238,0.4102519619021412,0.16418592400081022,0.2633289405903317,0.4149822043435474,0.05862815228163327,0.1967445817314008,0.24711822816371937,0.3725893352655058,0.32932375789300966,0.32618637500046255
120,1,300.0,0.0,False,1.1534442522985522,0.24483621522196608,0.0730050361217279,0.2976105578139395,0.33845460531190735,0.05865443992452377,1.3020231853680047,1.170061213380901,1.1355771738144,1.2044847289603124,1.160374794797887,0.25830443696998223,0.20211933846496793,0.15694782175189836,0.21833152087531515,0.33463326815145417,0.3747993146153574,0.07862681720308665,0.10350493385052113,0.2591386664470735,0.29764838584645836,0.3610008511154361,0.3697617185453187
121,1,300.0,30.0,False,0.8098234111180387,0.3753970799031392,0.03848522091558339,0.24644203903092765,0.2812512653251184,0.2870049822337124,0.8449744404979521,0.8058030335619476,0.9619723849198663,1.0076103849068558,0.7975265914864618,0.36394281316209165,0.6108350896937517,0.6479660624445611,0.11317912262557775,0.25893554374272754,0.29599889948759595,0.2714088762316243,0.05915780357026279,0.5147923778271762,0.5515203629280488,0.33973399975442,0.2337772109525216
122,1,300.0,60.0,False,0.9669593082488414,0.19608083984798247,0.059814186761620675,0.13427740664076926,0.18922364858519433,0.2745291069778214,0.9970638005640396,0.9510854670598283,0.904348764734427,0.8953576499360113,1.0091225088043891,0.15115474893945502,0.2844227976396524,0.3449000814237946,0.10498050022256626,0.15226983115696602,0.20670478093529704,0.24042483892132546,0.07513148814902357,0.38063978433372364,0.4387021591012189,0.3034807495103716,0.30376377506717406
123,1,300.0,90.0,False,0.9246952862163647,0.08504889010821179,0.0794224761436546,0.09622352203174943,0.11986648476330873,0.07011457853016859,0.9493527423229821,0.9441132256291744,0.8574445783678393,0.8668673892209382,0.9426149405524825,0.0782955330963323,0.12543585059717696,0.13711286431782316,0.09124444845440455,0.12988138699178967,0.1339423955293652,0.049068227654092994,0.06027417951003066,0.12704323939452997,0.15008091239666593,0.22922853963224296,0.3114137842080796
124,1,300.0,120.0,False,1.1347450220712536,0.07615910619783132,0.05920961202693589,0.14201173394794084,0.13057939099156346,0.06323286540645426,1.1431578871725283,1.1100947365945526,1.133914179897474,1.119393374815787,1.1779869362976068,0.11015459830910733,0.17174091272575304,0.17407040759325293,0.08121853499074014,0.11987331411955454,0.10881972780459648,0.09949769803736548,0.03600153191549047,0.14909046213100569,0.14437031193262645,0.2676562884403299,0.3890864568612275
125,1,300.0,150.0,False,1.4099958669294685,0.08550251498399587,0.12900271106730427,0.47215344215905225,0.49998231823732797,0.12675435356798279,1.4299711701718723,1.471836135914931,1.2681716401272745,1.290509689981393,1.4437751100096854,0.14337027580148887,0.4708378493144222,0.5002944638849671,0.13802974092385878,0.4719915724241016,0.47665058459638576,0.11327193454212964,0.05237748729362972,0.3996412021560973,0.4198509640637265,0.45389853449085527,0.4591432790630939
126,1,300.0,180.0,False,1.1315577938105175,0.15260049345122126,0.15864385712807919,0.664028440709604,0.7174342151703985,0.1541825555933123,1.2237796488593107,1.226186846674152,1.3563841357218887,1.3957622960366471,1.2384572609077769,0.029117236220290194,0.7257635059182723,0.7708278931605597,0.1263382085926549,0.7444279872304096,0.7853766371934463,0.13494092051762807,0.06873943936131513,0.6763658444965,0.6865858762105315,0.4964078926438555,0.3718805661952848
127,1,300.0,210.0,False,0.8656256267215212,0.07284457880984227,0.05480404902956973,0.4947055041880172,0.49422020116066306,0.05993116648102368,0.8723147372549749,0.8946795560457431,1.0855576603245347,1.0881839465163394,0.903311987944788,0.0620414382860789,0.5000021915856553,0.4940866093638616,0.0564006967906995,0.5167159543833997,0.5110780886039665,0.033059061006202636,0.027340883752911802,0.4937504576747257,0.4883545736348777,0.3403551877317729,0.30417826654185476
128,1,300.0,240.0,False,0.630308240013366,0.0396161085403325,0.030496836273169958,0.33111662291887445,0.30449863678079103,0.031234137555606993,0.6558870043074112,0.6471557503819385,0.8224679154901607,0.8122806618712566,0.6508930297515136,0.035825322565865375,0.3148909441838254,0.2869838562794969,0.018299511933178313,0.3338467666779199,0.30815125235979707,0.02917710037577346,0.04292674982602099,0.32680543390600936,0.29886585446937375,0.22787843034702346,0.22043506433345336
129,1,300.0,270.0,False,0.5533294713134236,0.04657193096696585,0.07550605580598874,0.18167010022113855,0.187536484147376,0.06052448651999193,0.5644812981977718,0.5178757494847066,0.6796561852854828,0.6914070611879474,0.5679180688532516,0.09213162107550453,0.15309801724814215,0.15347870979679024,0.04345733257723866,0.23954185332172365,0.24102938477672797,0.06882132338743918,0.03559698205906238,0.17660622276550783,0.17649517275851523,0.18418975482914743,0.17432038989862858
130,1,300.0,300.0,True,0.4106739912480871,0.18181524935550414,0.0969559622263967,0.12207177046900425,0.293214538336252,0.12672636711030624,0.4729880394260685,0.36001891020546484,0.3820276848428563,0.5946151751684342,0.41084619838650865,0.1816838217653674,0.13462295527865706,0.14817814864768913,0.15361315936873923,0.058696891592028115,0.2982103842929662,0.0994509201666027,0.2541127213793232,0.08796879595245795,0.24799455900977188,0.20524297979092507,0.112025399526544
131,1,300.0,330.0,False,0.6476406650538616,0.37553783765739757,0.4739841028163341,0.34024728189928055,0.43274710891244367,0.36284024444239765,0.8765999099986677,1.0081692586083348,0.759173180006044,0.7848951290512792,0.8667398336953751,0.14295921572409886,0.23037597565415602,0.29882773109251803,0.1333243371443233,0.336258449255499,0.3929125099124397,0.21866310043680837,0.1052983036001478,0.14137635903706658,0.20089350561449792,0.43883287346361916,0.10358056395171515
132,1,330.0,0.0,False,1.0604181609544876,0.058943492078754,0.16009125502452026,0.3002068087017462,0.341385651839633,0.06668153148594344,1.0540664060414704,1.0494404013612182,0.811253809705429,0.8421520081121586,1.0120728558187757,0.14203506706535002,0.28687316097719673,0.330967768231553,0.058558428051624214,0.2549412239262113,0.25042876986864493,0.16826353065880795,0.11709529420298073,0.2667448899781443,0.31097972048753486,0.33128781668084745,0.3430731783704107
133,1,330.0,30.0,False,0.7424365487336353,0.0859661137760395,0.056224116068118814,0.5293723678839362,0.4415740366788208,0.12682679395223329,0.753977084244474,0.7784681359645866,0.9161272659912236,0.8891807981531661,0.7499156186016673,0.08422704625748234,0.5715783229679232,0.4845300088444051,0.07535827202895728,0.5419696352480787,0.4614425030534689,0.11509349340874821,0.10971149324420346,0.6406926062018508,0.5554175543974895,0.3303999961821307,0.2575804655475231
134,1,330.0,60.0,False,0.672855307335632,0.043939662381941275,0.06164672251635036,0.29551336444790477,0.2513675777260374,0.03680411067359956,0.6669884275146124,0.6731721420755183,0.6775250510592524,0.676404150405747,0.6641857564511537,0.07745463458561623,0.31307636080901735,0.269570521870634,0.034455590345508734,0.2513128619452482,0.20987535532096108,0.06953247919534673,0.050309714382569995,0.30728907078119794,0.2616060742043228,0.2270211241802442,0.22401714303978823
135,1,330.0,90.0,False,0.6021801770973957,0.026276115428077097,0.0635811453058172,0.07121404513064719,0.04679458327366096,0.03205915141017616,0.6169264961263513,0.6031351084600174,0.6513026768906792,0.6325743575404286,0.6176432594231133,0.060841561266888944,0.05905829942036825,0.03352769975279013,0.026552176039295605,0.08941094579032126,0.06502914758446052,0.04178527746578828,0.03218896651392054,0.059590326352638084,0.03578393025465051,0.14035086960762902,0.20714436383373624
136,1,330.0,120.0,False,1.2241297474503194,0.09817789230637614,0.11161567694522384,0.31595545711653356,0.29196762033850254,0.05166873441115272,1.267812418156124,1.27446541795597,1.1839254296887902,1.1793879263915166,1.2655080302617057,0.022176593844646524,0.3880093925141979,0.3708755574161153,0.08503764478639778,0.39517794492098146,0.37865562630797356,0.08978462645860075,0.03745290974329597,0.31790067132588157,0.2970618278967663,0.3489191880946847,0.40370484223625924
137,1,330.0,150.0,False,1.223885200461923,0.10419714062903107,0.0761479541147006,0.6129413630513681,0.5683612493758212,0.09186366958273158,1.1818584975863462,1.2040935230470404,0.9811873337133055,0.9916659587559065,1.195037318304159,0.0667980285842478,0.5177761805931498,0.472496543042382,0.07777596982981735,0.572076711428489,0.5261500147936854,0.05967675996018429,0.07831385035355626,0.5364180009220303,0.4890516710101,0.44623276286926256,0.4137187098165748
138,1,330.0,180.0,False,1.1731737088605965,0.10772421633050075,0.06758407589384954,0.41363510988309765,0.3916107079869201,0.09805493443587213,1.1740128255323428,1.2082949919932164,1.0427443955324776,1.0563620391581572,1.1857467108882798,0.07993320465165044,0.3981004606224028,0.36723440217872605,0.05004028448944932,0.4477427036651565,0.42227294404500737,0.06594934737067273,0.0863802612610683,0.4015044714548939,0.37437485656815805,0.37529712556513944,0.3832946628510672
139,1,330.0,210.0,False,0.9044834335958776,0.059700648978970164,0.051696954008270214,0.20505872537285647,0.17515820729634668,0.06599405426751745,0.896592787801701,0.932922575006089,0.8554535008878559,0.8614248632208685,0.9286125796027225,0.0819389028145665,0.22869944444846754,0.1917046148214623,0.08992284585292154,0.23693626414231378,0.208276544604519,0.09078324128825241,0.0649856664692563,0.18845505216274086,0.15667393898536303,0.24368200391997308,0.30142058202739
140,1,330.0,240.0,False,0.6148746131741881,0.11632809977148986,0.08007881764100458,0.15942757488716658,0.16656560743848248,0.06383139451089068,0.5884535414313428,0.6376424405245472,0.5690639475583984,0.5736875394818951,0.6271185461778482,0.09072101932715133,0.05568887613617314,0.06772578796172521,0.08532069630979297,0.13744470189297814,0.1499039872052153,0.05073738895560288,0.045816286311503945,0.13423257898483107,0.1434281604325488,0.20018435123720368,0.18921270527140097
141,1,330.0,270.0,False,0.34933251188335757,0.06917809626842897,0.10219830911539114,0.15471131375623492,0.1301518368634923,0.040476753250743264,0.31860050543731866,0.37016222545908584,0.34203615098743,0.3302728705584544,0.3386993477253899,0.07231737594742238,0.1653237290417091,0.14946669129152454,0.06929788800907168,0.16615865142895186,0.16944387328553642,0.08931082751780084,0.06775813605426122,0.14827663018746048,0.1250257024061297,0.1410081368562747,0.10039671150564038
142,1,330.0,300.0,False,0.555926885695385,0.19325079355979036,0.23684634307720406,0.2533915388446346,0.320621119281684,0.13192170062582415,0.3930331225695589,0.6199079401188583,0.5783827306563492,0.6193609287131234,0.4953013020835766,0.2623409732705646,0.2382370645363886,0.30635293074839065,0.11654932350534815,0.12820749698852008,0.16667831953155304,0.170964814421655,0.08030597916612583,0.15917281048310347,0.22695961010555837,0.28199306351408704,0.13526809407164034
143,1,330.0,330.0,True,0.8944322701574194,0.08764134895173037,0.11282575757692459,0.2210005481394184,0.24000862642395426,0.15790609648931098,0.908759393458299,0.9221463434403097,0.8105052991035572,0.8322044591198017,1.0022903390253872,0.05094341027596109,0.16359578410916548,0.1817839350340153,0.10966688694369316,0.1878134391200034,0.2045182743256081,0.10514992889831384,0.030348477395137984,0.2071423950725666,0.20609543830772187,0.28563577462312634,0.27757061785992665
144,2,0.0,0.0,True,0.611936792085535,0.08495250429743395,0.14329142945577833,0.3000802372644111,0.3061865250329119,0.09089074305062494,0.537202816528758,0.5755268303845373,0.46582579791143863,0.43449738791030046,0.5661920642849136,0.12121127256839404,0.26453290426979253,0.26830526616198,0.060479106323697636,0.17183053349819907,0.18260539123546937,0.07061742236381868,0.04881829276585634,0.21755185160628046,0.22287331050390505,0.2562230385311159,0.18274480862932194
145,2,0.0,30.0,False,0.6320868418501027,0.22220878348791165,0.17668411114410265,0.12785562454424593,0.11404556911041994,0.10129160891526531,0.45976710357793926,0.4962554867130434,0.5345167278257048,0.5775291778115758,0.5537360816718684,0.06718282453993335,0.19477340443896127,0.25182839410743174,0.14550739343018085,0.15313702736083368,0.2099530049099022,0.0919956672612332,0.061050388480004436,0.08146228056494398,0.12347531473046611,0.22902875650867469,0.18484958253514255
146,2,0.0,60.0,False,0.45723515575802814,0.18633598704307242,0.17479104709805643,0.06760894551297036,0.07141802202882985,0.09175860220573741,0.28996030997156874,0.3382924516236142,0.45168073445271806,0.5040095785119756,0.39440912218219004,0.05092244287433019,0.17264295651467587,0.225953297914396,0.11316192472681186,0.15943946262483658,0.21300164675205216,0.09111369765899589,0.07308137707741835,0.07449563245181032,0.14137380118549286,0.17485795994111578,0.1347691269097162
147,2,0.0,90.0,False,0.4965159086496298,0.03089862631781718,0.03935452112698404,0.05061574295908457,0.04405587422366534,0.039390126552606396,0.4989927385877455,0.5053960822754924,0.5308836390171253,0.5215961316738542,0.5164163446663443,0.042658848279810216,0.046644144874236765,0.03311234756408134,0.03759547206271335,0.06094901308464737,0.0429318753582837,0.04781559067423199,0.02737095175241233,0.04036854345060674,0.02422320180064684,0.11680513330496455,0.16991437625268227
148,2,0.0,120.0,False,1.1242712804786938,0.10964512534553866,0.02794825407909095,0.13222249854728296,0.110925972379673,0.06759138481537856,1.143829126783963,1.1369048532972514,1.1717292556546184,1.1741960022359996,1.1353204891046427,0.10827034833557952,0.1090480611642814,0.1596545958559616,0.05693012369579063,0.13905411431770026,0.1033727024216515,0.07326563868211461,0.07896450034903332,0.0818200260624179,0.12913049895595582,0.2621007526076096,0.38707540161106013
149,2,0.0,150.0,False,1.3705293492156905,0.06864611746459749,0.08580174890438896,0.3416869377864005,0.3360322250291213,0.05542591590035087,1.3766588120909606,1.3529451702826212,1.396735976519635,1.382664224697861,1.3789267620573034,0.07075168686050777,0.3088657783817933,0.30454519975218586,0.0543181413038477,0.2784771704155241,0.26870961741979915,0.06459420157456124,0.03955355208582295,0.29504953347604446,0.2885312540958122,0.37635371571675824,0.46067194807910733
150,2,0.0,180.0,False,1.5797657637716833,0.07014652763198712,0.09001711485709796,0.2514477836823978,0.16164063571892234,0.06081305213284781,1.6071495951308816,1.5973513521558034,1.5151400485934041,1.5456571929475513,1.5975187298368585,0.12325204462708297,0.2391518387143532,0.1475962916281523,0.07154149825745311,0.28431791589389666,0.19957493502387924,0.0594428001944875,0.10219727007122628,0.2517000790497611,0.16001394695153337,0.36897181296582265,0.5454194414172691
151,2,0.0,210.0,False,1.801175921235048,0.09360930302379022,0.3228891281799049,0.3299924509076282,0.22985536551837452,0.1330584143227543,1.8356094952146862,1.6142080999450552,1.6398162868844994,1.6999850563100183,1.7226215559144649,0.3546024783023568,0.3561190503048995,0.2306523954629513,0.1634753288734173,0.09467408849751395,0.15646034149985433,0.19787774919600432,0.148060234111261,0.21109734518519643,0.12066519322663662,0.48509676386458334,0.59508747485988
152,2,0.0,240.0,False,1.3795856549545926,0.10227702254481819,0.08922049295067438,0.7214953940419483,0.513498173550589,0.14085174542642484,1.4308416263482462,1.4194223659295853,0.97407318100404,1.086098935105509,1.4541710534845065,0.05428463525534159,0.7979625203315548,0.5767453489099689,0.05289065683013802,0.7686287324998136,0.5550400020096584,0.08783313732842155,0.22578468199717397,0.844678824017409,0.6233751919800807,0.4911547472448412,0.46158327935231636
153,2,0.0,270.0,False,1.1728973486796512,0.04363842235362831,0.06590109200433955,0.3413593756456035,0.46245006634995267,0.03318482263844844,1.1436891227797072,1.1952276632841843,0.9684913819978382,0.8934997712656312,1.1771992533010007,0.07457763375278867,0.31409219408694045,0.4385250301348761,0.04418563472846897,0.380015841142223,0.5021683328783433,0.05325595857709588,0.13754841437372853,0.3501649369737704,0.47299545303963825,0.35323852127860395,0.40099007854389657
154,2,0.0,300.0,False,1.197054232639741,0.13874518675711034,0.17582241771335808,0.44792788071320533,0.4968852451948571,0.09029525316454617,1.0899429846890394,1.1019576205940833,0.8221227546212633,0.7946433202452614,1.1401590465714173,0.09266924228820422,0.3190677726949658,0.36901509399131893,0.05939596571198441,0.31261603518720105,0.3635424982407826,0.09976651185620748,0.10725878380059001,0.3757384316248278,0.425587779284521,0.4244550360304697,0.3781132294226201
155,2,0.0,330.0,False,0.8051049653199667,0.06189088484190669,0.12430847388831934,0.7134216181127876,0.7120204721373329,0.10444281971797131,0.7603545868650025,0.7895282018688037,0.7460030848476089,0.7834756383219679,0.7609849987346942,0.10861181738166034,0.6593616637151042,0.6592393531173173,0.06474630523714024,0.6150146537838883,0.6160384120747325,0.05728714897230136,0.08908599071076462,0.6199272455642473,0.6209622938827959,0.42019820566971405,0.32530235979406324
156,2,30.0,0.0,False,0.5000238723578598,0.13093644025382487,0.08618344119337681,0.2158334877630707,0.1700259624306345,0.056822227765580074,0.39279088098603493,0.4415911274348517,0.42257425323752007,0.419602824000612,0.4746475123581462,0.06098520556120176,0.20364866059822667,0.15339710149217478,0.10074990710810126,0.19350326910256155,0.14513860636069764,0.047590429840773066,0.05407118164466218,0.17014140408592532,0.12596204223980612,0.19330423862739118,0.14669601547122957
157,2,30.0,30.0,True,0.5211219424260762,0.15999377450434843,0.14176591337646816,0.07391197177396454,0.07684059882537181,0.07403676563371517,0.3833892034710011,0.4116665129161839,0.4846504432342005,0.4743829194434297,0.5524110980498271,0.04334680945130196,0.16522132090193858,0.16588370922674273,0.1975529703056306,0.16766818510067047,0.17146088496760103,0.18125479095136937,0.03172528586826376,0.09006864365434027,0.1001413880768067,0.1746118277566574,0.15873290903447132
158,2,30.0,60.0,False,0.418537264492859,0.21777107341316132,0.1760303260739057,0.06336264249894127,0.059482639755957245,0.10191825245915553,0.2445457757690916,0.28843727589752555,0.4096930596858751,0.3788539399534755,0.3423797533228817,0.05912273506332493,0.2139497190231261,0.17490814427808427,0.12373577680277274,0.17999395770730187,0.13722389051124873,0.08624248815583682,0.05488118410659629,0.09605512066497907,0.05547167033339368,0.17285036644899668,0.12400349583390155
159,2,30.0,90.0,False,0.5935733523274831,0.10678241488032711,0.08177730003802419,0.07704409790586278,0.04642481508206569,0.09352624932048983,0.5741675950175105,0.5831081259060744,0.5985857912773069,0.6070880001790442,0.5934122011638481,0.040998915819576626,0.06813231298857718,0.10484082497073652,0.04297110480998064,0.04481741640057656,0.07233386416196051,0.04030589891973024,0.045295830020858394,0.03706508849032155,0.07315305337588104,0.16652137159237543,0.1918685957150207
160,2,30.0,120.0,False,1.2062532182186643,0.06856153218378236,0.062808026472129,0.07982000273061127,0.036927714735644476,0.04566633415875314,1.1965458350956757,1.18477791693398,1.1903143962092353,1.2064632884909217,1.216625235399953,0.050383260127143406,0.06286760815841644,0.09014130578217881,0.0891902855811071,0.04101954023653501,0.061014538887457885,0.07323000439869917,0.08315272437046517,0.08915902371570272,0.03496827116732397,0.25000613808326405,0.4278812621313609
161,2,30.0,150.0,False,1.6058158964543654,0.08516889374085088,0.15707760808210686,0.1901372176826545,0.21654935218162513,0.12456452440246327,1.6419976450467695,1.5895154657410808,1.6445932423672542,1.6286128304137688,1.6022999591786422,0.16992018895169322,0.1894252851223338,0.22738517884527942,0.13057674232296637,0.3261597096172467,0.35149831030936285,0.05439771627417157,0.05768968122884556,0.28846313731308637,0.3147453848595098,0.3965522487573443,0.5424653286890521
162,2,30.0,180.0,False,1.6507637150561634,0.10321637209688152,0.07988267332192009,0.47331981286946256,0.525981144898678,0.07902147411587739,1.6953733752570403,1.6063411997747776,1.8035543670982608,1.8127471026268906,1.6238121756457393,0.1543192934399829,0.4145747168028409,0.4563919592069796,0.14930538145537126,0.5016995313922805,0.5563285331575167,0.07087376678809855,0.06482636287285454,0.5253045745603413,0.5708798416319385,0.48536419872649716,0.5530999721109181
163,2,30.0,210.0,False,1.5271846878211404,0.34502524049828187,0.4128546693016706,0.15728032544844256,0.15897943163412975,0.1085781787659516,1.4334496149249758,1.3530807305740973,1.5041469553283617,1.5174654527441311,1.4862883500356052,0.12297022827824161,0.25159255194131863,0.23730366320340715,0.25622891003714354,0.3166549731115445,0.32249266310277797,0.32960305371033566,0.03662721660027418,0.1136813712988399,0.10641304130157243,0.45165042224493607,0.49323027467507147
164,2,30.0,240.0,False,0.9395103532684077,0.12036704486203137,0.05572123183931596,0.5021823094980117,0.2748721555108934,0.07712666755251452,0.9920221073561581,0.9200752076642745,1.25852059911549,1.116385583820497,0.9692244967799295,0.1409620596065629,0.4018799238085171,0.1724230596441057,0.057702614590185955,0.5237994595055839,0.29687854760236765,0.09885364762834233,0.23878341132712244,0.4485411783143941,0.21559631271066454,0.328296627088529,0.3128607330252356
165,2,30.0,270.0,False,1.0749809196324285,0.08470206521479987,0.20191106100991557,0.742691600097195,0.5866606453868566,0.033685805818940276,1.026631285890259,0.9732247966676237,0.7617017808581206,0.7725516092294862,1.0791438638046718,0.126364825888086,0.6795875217062075,0.5264036349625825,0.08216373431763385,0.5697215044112687,0.42243591990848206,0.20045922017041132,0.17575285321921635,0.7433308214404669,0.587447293826778,0.4541053495266893,0.3792872135961897
166,2,30.0,300.0,False,0.72206180895676,0.21040324980716196,0.10500426595903292,1.112973909268682,1.0637699320615224,0.15082946474718287,0.7591041203422075,0.7689270575257106,1.5148805523007272,1.4785437434318514,0.7559996869504086,0.16239796114711735,1.3093693206427102,1.2611846254236525,0.09002429768086286,1.1931793739880103,1.1480905103337173,0.0843977506884408,0.05923431004163619,1.2521235513844877,1.2049018049894231,0.5608404384667237,0.42475161630898034
167,2,30.0,330.0,False,0.6485902217815458,0.09295602713294893,0.06477381637800658,0.6357122150073807,0.7067757736201958,0.048047640954955714,0.5842178479469677,0.6242945829522112,0.9560077390774148,1.055161779784659,0.6321653687356698,0.04608521546969581,0.6400938243883336,0.7138449882668052,0.07873866904578543,0.6482740896690541,0.7223683443725897,0.04703442213337755,0.11197721933993793,0.6151950449573094,0.6895335794072323,0.3661426158125056,0.2986396506556456
168,2,60.0,0.0,False,0.3792836016316913,0.05879680385610595,0.03528266619601472,0.051237988180082544,0.047401778242631254,0.04294594639720266,0.3404033153348607,0.3823311553654584,0.36335916149787384,0.346735088627523,0.3596757002203267,0.050513380515088004,0.07486940614083087,0.05334243246318184,0.02684703099015535,0.07969528151869665,0.06366728054536916,0.03374454545068739,0.030217468773709344,0.06950211813821373,0.048417650961982805,0.10249146408395472,0.12399435081830816
169,2,60.0,30.0,False,0.3092781436544876,0.06981109616847811,0.08899485006673138,0.0647580474697157,0.061205067715910985,0.10260525780690631,0.28016141902600994,0.30290265430107643,0.31076720244590744,0.3008334579420351,0.27768975494054127,0.08015103441518295,0.07576141222157513,0.05882798970343639,0.0744876412426356,0.10088971478306202,0.09953461421679216,0.03868543079723086,0.03385098300594314,0.11036053171078533,0.10615287213260051,0.116108743813705,0.08758491522027045
170,2,60.0,60.0,True,0.3264917989675655,0.10890858422623323,0.10507199476134185,0.09514700474208193,0.11690290832804204,0.08596889159584525,0.3081588686722034,0.32391656247378026,0.3721221965003161,0.3523047179633882,0.3238042379259762,0.08199728655924124,0.09108159969296153,0.1142829854028343,0.051385138883345456,0.08604611243857205,0.0848260198550071,0.04534358159853785,0.061648379235155974,0.06426653232201418,0.07805063039686931,0.13974853043685165,0.08409328237932352
171,2,60.0,90.0,False,0.6349675501266825,0.16637616645379116,0.12479379028752471,0.2051829750762608,0.18488056494331861,0.1373505503495676,0.6332096538302456,0.6562133830067146,0.6237973921573239,0.6296185389137641,0.6574388173399668,0.08267837212255068,0.1091552581493862,0.14440918619957405,0.08090727248562289,0.10858116672696133,0.11114052774815059,0.0285676244286613,0.08286699007134457,0.10029353025059569,0.10949336093564432,0.24225859953952422,0.17769308019878602
172,2,60.0,120.0,False,1.1908854627721182,0.09328034915213657,0.11315330778467916,0.2350396584258434,0.2584797515230036,0.08528322346705343,1.1946363109292168,1.1698178812688904,1.1052244817598484,1.0869108389025546,1.1760895912696643,0.06337164132652004,0.2824740050483461,0.3077082573179044,0.10459335125812787,0.2994613939638754,0.32265018785318067,0.13014118543124625,0.04098913239531153,0.19016582531858311,0.21675538254515342,0.3293536255208057,0.3911945098808665
173,2,60.0,150.0,False,1.6263447000832927,0.09788233193244926,0.24685146965469323,0.8478650367257592,0.85330785788123,0.10968408348020653,1.661940348313244,1.6224189139057426,1.6196674661011223,1.6068571053764615,1.61113271619086,0.232793195514407,0.8458510468235514,0.8493936677232075,0.11435694393288487,0.620167714163254,0.6226579495473737,0.15436781086856843,0.034397059675103384,0.7631576740879491,0.767774630814692,0.6303225799596052,0.5463079675749679
174,2,60.0,180.0,False,1.457373555034387,0.2940170343221512,0.14223175893161566,0.9848069128491153,1.1651437190826464,0.2648080047504433,1.4289478641948297,1.4033724664866853,1.6259565941886218,1.7009756980815682,1.3680576203932007,0.17823586721512377,1.2708057059004845,1.4526335396076828,0.07727964524148243,1.0990386090600879,1.281294618953888,0.13853221813934585,0.1967946963765394,1.217506891388505,1.396977832549879,0.7180634974950597,0.5057091178266369
175,2,60.0,210.0,False,1.0260778436251627,0.23568853647739973,0.2079711612867144,0.9671326485044505,0.9738464091785509,0.21631355880791625,0.9307709349188963,0.9393323159454174,1.486732796532336,1.484565097401364,0.9328753131425105,0.07222279419873792,1.1997865205619296,1.2061202499237762,0.05038494722545894,1.150827392748795,1.1582735250999074,0.058934366532874,0.017098882118206073,1.1647729706831924,1.1690172942409394,0.6045050263133658,0.3850525536644025
176,2,60.0,240.0,False,0.6418612518306717,0.24178154543741726,0.05845791787903945,0.8369716430194132,0.9585115687762825,0.19464614201559435,0.7439075221472602,0.6761525177505998,1.1078107756990012,1.1715135606406497,0.7127086737638242,0.24899395846227143,0.6309428903438983,0.7441792621521215,0.06624410827931058,0.8382146581082079,0.9606028512628183,0.2020904518520385,0.1327662495361367,0.6733934867714364,0.7832514370909025,0.4887050114930698,0.3410813833056044
177,2,60.0,270.0,False,0.6216408674124942,0.173349704606497,0.18293964127059797,0.2163506120075319,0.1512429842685791,0.034794094048328394,0.6313662679422088,0.7608748798167846,0.7999092152632061,0.7377533652719237,0.6052256246930094,0.3324397548505602,0.3837801679591921,0.3180588076048906,0.1664545527485391,0.08109255832427771,0.09948515858654655,0.18489567296767412,0.09130437385516682,0.2239043925324018,0.15787766166584655,0.23005298393567145,0.1840746246107986
178,2,60.0,300.0,False,0.7965241096023155,0.1611045663867286,0.14275433207229532,0.7267993547783624,0.5448784332184999,0.06128862377327554,0.8012423522052289,0.802116386035202,1.073519316370596,0.9442293129249708,0.7788376033041766,0.044423017467360014,0.8648845396973249,0.6816659759599196,0.11756282002078358,0.8595481198679141,0.6773473128344873,0.10076273605514716,0.20890960260108327,0.7805205486988982,0.5991300294148884,0.40555823663857954,0.2951850669434271
179,2,60.0,330.0,False,0.536612473347083,0.03311063392323502,0.08695887386985711,0.26891939276743504,0.3305879679649627,0.03951899322638891,0.5468997211337594,0.5900215437093793,0.6897155920541038,0.7194271455169288,0.5557173984744574,0.07550854505461661,0.24832512570275556,0.3102788065693094,0.0311586518698384,0.20132376019832948,0.26034522944095295,0.0540603414512377,0.06500757367870047,0.23932474085623234,0.3010605171224363,0.21595138918316029,0.18255998403702917
180,2,90.0,0.0,False,0.601714361608745,0.03807709496518988,0.030206818492799985,0.08123595034152661,0.07867619918835428,0.02995659360796203,0.6232138331823677,0.6215057065326854,0.6408702440912313,0.635845135120577,0.6283950200849818,0.019495148112388797,0.06807401128520131,0.05930117575406224,0.030972435744688998,0.07797398375675943,0.07135446984578282,0.027021359658885333,0.02765551323122256,0.0705016170641645,0.0721610802699469,0.14331116970076296,0.20610699619852324
181,2,90.0,30.0,False,0.5198302742688108,0.0572395734576164,0.035282847558826935,0.04507132396907869,0.041315120554105786,0.05215179026052381,0.5322613338813547,0.5401654531814197,0.5524195373249148,0.5483424857260359,0.5439165525344725,0.03760787859861901,0.06444581485332901,0.059677352083469276,0.03832745111548061,0.036391977993108005,0.02663862958908008,0.022617400316059126,0.023718966079560623,0.039494785124652695,0.03765369401531387,0.12514848834482709,0.17664940324268863
182,2,90.0,60.0,False,0.538530229198903,0.062443292561571925,0.11601955621674623,0.0973599565844537,0.07443770166239444,0.07649045867971865,0.550090472960331,0.5831670386942016,0.5520184908376203,0.5445363521605311,0.5824457862272951,0.08858570945163974,0.08441463009709765,0.0752250319395611,0.08120565047601791,0.06657751717332996,0.09242496454338428,0.09608848883767548,0.04894595769370699,0.10090601800866357,0.1119575618660893,0.16088019915063131,0.16977956391703092
183,2,90.0,90.0,True,0.7108215315190772,0.1363711862394707,0.21048554355216265,0.35060973424505887,0.3720323132319388,0.24146536789394382,0.8029082928159995,0.8769613726675229,0.6683745032183077,0.7400560253689047,0.908782958924616,0.12748784044650505,0.29364108705866127,0.3017080017950168,0.13858710618644604,0.3294658116018555,0.32488322560962535,0.11544996386790965,0.10923442962550343,0.39571394995340436,0.39152796315233473,0.336964279446942,0.18553513240579314
184,2,90.0,120.0,False,1.2678987541975555,0.39948605793548725,0.09941454237847137,1.1118834471464973,1.010137824052591,0.08060024613900318,1.1490680965454372,1.2154023945679453,0.9725551200796115,1.058784522994814,1.2980972341440253,0.3186340874640245,0.7500486370261283,0.6474886989599054,0.4133461403153572,1.0441612830044493,0.9433673752837042,0.14164511946150504,0.1588093111584747,1.1353751389911295,1.0322213259465745,0.6615701453082675,0.48548067124850686
185,2,90.0,150.0,False,1.2690048021767004,0.1780520607344689,0.14720154205236086,1.3262197496151837,1.3446241743862055,0.0984718376297698,1.3260742902636211,1.3077308098450526,1.3897266456846307,1.3818085360932133,1.274527794191393,0.047188713031922735,1.2116700086245222,1.2301925773877187,0.11746493061981235,1.2193098790328023,1.2379508361232783,0.09983814113885173,0.031535869758335784,1.2574502253162012,1.2753606437133755,0.727262361099115,0.5869199923403081
186,2,90.0,180.0,False,1.043333727348709,0.05704047759085733,0.08760336319264447,1.394688435101861,1.2658366465091218,0.04483040154255555,1.0305074114923982,0.9977629930136731,1.7405138597460412,1.626369756096174,1.017885616754991,0.1173509764841505,1.3622054114282622,1.2338097726004702,0.041459779499880035,1.4141862992889829,1.2830238837144892,0.09155360505974036,0.17030237914384777,1.3750383818888219,1.2460993839790002,0.6488888418809581,0.5947885995319321
187,2,90.0,210.0,False,1.0928040695594294,0.1347000929158766,0.08704854033062634,1.1270941356143842,0.8849300992017577,0.14546394404490787,1.0364429649707898,1.0623783604152992,1.7606723346271171,1.6102542692349302,1.0007367141564387,0.07291538243961965,1.2391043884869135,0.9962049432900653,0.07037249677575746,1.1934051472472835,0.9511972253776673,0.08061937611244871,0.24498006673557232,1.2442349788455795,1.0031357997720387,0.5786734802778304,0.46284744556862695
188,2,90.0,240.0,False,1.0364198796799178,0.2691966968381681,0.07689241716345424,0.7848169995162717,0.8081017166463572,0.16985890304071952,1.1757251524380317,1.0752898170452903,1.4210618530301495,1.4105188107978357,1.112612458263804,0.24044656656596602,0.5381668005073873,0.5653735813188443,0.13894729780161408,0.7702093172162796,0.7960854769541068,0.15521521449351336,0.058101864463079175,0.6404735838452189,0.6602376948983668,0.5242144354808148,0.3655039854596774
189,2,90.0,270.0,False,1.198288582026077,0.19313010017699234,0.07096244622207573,0.16827709841345068,0.1520578701602266,0.16373682684888283,1.291490505670839,1.1962079790577012,1.1944740353542453,1.166052657329488,1.2640599103087782,0.2340908495998682,0.14676639778818312,0.1992792606975331,0.09328266743941449,0.20648674263267452,0.1830365176389144,0.21080466718697705,0.07843999346949215,0.11335349480641942,0.1729114123533914,0.3244088206412842,0.39264752194084207
190,2,90.0,300.0,False,0.9491803045951738,0.05817626225550354,0.09053189893493328,0.2241235972793747,0.2450372650505,0.04313544108957657,0.9542669597959782,0.9266217886661559,0.7777798443106665,0.7796240927216427,0.9566978479220783,0.05303915987005083,0.2096245912367175,0.22344226905403575,0.040092635461996304,0.17454228964113574,0.18365130793653506,0.06811540191403892,0.05474376450920568,0.2138564016702793,0.22938998347156164,0.2683641282008436,0.3142565924567186
191,2,90.0,330.0,False,0.7432168209092834,0.019150124886554813,0.03935927240150623,0.04648930837149111,0.034589985771427266,0.03303889661372331,0.7471055529227673,0.739377803215082,0.7601651778969611,0.7581367845760341,0.7548836252986256,0.03111785524769095,0.04074342177802777,0.04113408085276658,0.03246439130745239,0.06166790448164476,0.06858369490805598,0.03405508154915811,0.04354198063731858,0.04830638394316958,0.04963873528597279,0.15264073482566434,0.2642414459413068
192,2,120.0,0.0,False,1.0130580861037843,0.044066533972158525,0.05303737799919049,0.19395548489189704,0.1975845351509407,0.05182335122624903,1.021467780103492,1.0259158881044241,0.9955138314873913,0.9884775838519919,1.0206425090301623,0.026078865426858444,0.19504968529834582,0.19899806210050924,0.02645189874237392,0.20045722218352446,0.20451267512383037,0.021203600761775566,0.03494943763774769,0.21160390432863557,0.21632743431523033,0.2589208948907033,0.34354654420674413
193,2,120.0,30.0,False,0.9511251951398483,0.06878015496688304,0.06350756742546361,0.05083542096704728,0.059222749355373354,0.07076826444160896,0.9486304190362843,0.962472613676189,0.9703294760845876,0.9711028243038551,0.9585664447702267,0.03368806783811111,0.040711613360896286,0.04141500172547392,0.029989922698799278,0.03580873445030745,0.039228042418514256,0.022868542289285754,0.02932626793318405,0.0400104541849574,0.04572599359431391,0.2107065587160374,0.33118958711233587
194,2,120.0,60.0,False,0.8155752781225984,0.13487006263933093,0.09862420087306309,0.19018765707136143,0.2090918109130962,0.11875472858362655,0.7837773982062358,0.7930983073186539,0.7972369191792407,0.7953224970010427,0.8017235013880417,0.055973399206812,0.0846830421485866,0.1017647786125188,0.046396462283065695,0.13259414946360798,0.15188248408122107,0.02982617023770564,0.03953213524092451,0.11965806501086333,0.14096463194262446,0.26118395636717945,0.25092188776305385
195,2,120.0,90.0,False,0.7000080167564402,0.10892977641229126,0.15784143290719713,0.5506669140423945,0.6995540693035516,0.2636908088392399,0.769094621896824,0.8184726889266509,0.6745200312970008,0.7502315743749867,0.8992129398919413,0.0897286843279392,0.5411305943980511,0.6888120780040902,0.2181601058556144,0.5280732045635279,0.6779825000825934,0.18566705952031898,0.16679822189272198,0.698414950274875,0.848973023604189,0.41344850304351916,0.24606761889352602
196,2,120.0,120.0,True,0.8613344680803532,0.23254999113361602,0.23728682683205551,0.44814293356813495,0.6892142877963071,0.4876682282716302,0.9917036932199293,0.9873820784377998,1.1748243447506654,1.471344665488524,1.0167095407192366,0.23519894509460537,0.2813621781112136,0.5192631053095615,0.5001648011825653,0.49024307909989884,0.702191212473823,0.2835913755032182,0.3393353448662876,0.7028969387221109,0.8883371024556725,0.49269945594701614,0.2270953556694621
197,2,120.0,150.0,False,1.3505309210531822,0.18220611535301395,0.11114462978642849,0.6610137182005626,0.3828817230587956,0.09809311269846051,1.3864503614993355,1.3241407120066628,1.7750962751698123,1.6487857030310338,1.3666727845809683,0.1474621695842233,0.5135258876596072,0.30557861694277744,0.20496995735166035,0.6533932605061381,0.3893573841441035,0.15814085472631018,0.359064192370562,0.643348975665706,0.36913820353667015,0.4643117033584072,0.441424517316819
198,2,120.0,180.0,False,1.2370871067408333,0.09720689663820374,0.09448892092851315,0.3941719914289541,0.47564209204387914,0.1785865773262179,1.2098567057432428,1.167148480742176,1.4972457909183101,1.5299207238582133,1.1093715851738994,0.14909478765590278,0.43958646064087203,0.52813384966118,0.18767417464875752,0.4411328936145732,0.5190196870153547,0.12982633400074534,0.12051647881075656,0.5473381401030332,0.6257952177004622,0.41286393085110024,0.395710798934815
199,2,120.0,210.0,False,1.4610214409139826,0.07981233843110636,0.15804230743096426,0.13766476379858894,0.2419855403116374,0.08262220624005216,1.4413874426104605,1.3916976081265657,1.577734164672935,1.6358207455087737,1.434839081774443,0.14006016434006874,0.16525283534692695,0.2784211750624521,0.09041034356442745,0.26501514230932877,0.38147478999453577,0.13055056051551428,0.13766728123971606,0.17486590427555213,0.2648533072711231,0.36019143285438865,0.4952842347547752
200,2,120.0,240.0,False,1.2146355988510824,0.07152364952925161,0.10281586493294276,0.061461337142452305,0.09901127719051159,0.07969316407839985,1.2530912281263167,1.1926229658510668,1.2336253255452287,1.2571969680185817,1.2296618734241864,0.1601212931683918,0.0436305290745372,0.056551764792789866,0.07748966211240778,0.13640145610574422,0.17166591819036583,0.14196521327154693,0.060993041147376824,0.08223466981789898,0.10594702170808415,0.27152348195410675,0.4220205552617053
201,2,120.0,270.0,False,1.0246812575856517,0.18347180461001433,0.05855164193438707,0.12732413266491222,0.15590950566919287,0.1238553340035432,1.0853538648063705,1.044872252625874,0.9856127759116055,0.9833252094370905,1.0497496032060023,0.17128376101059672,0.25323319536338085,0.29074387172416105,0.09847075755919094,0.1543436117000286,0.1891408607654182,0.1045690794623196,0.05973770927465917,0.18702644219950226,0.23416806696889098,0.2789656127446169,0.3356561612279041
202,2,120.0,300.0,False,1.2281403350406057,0.06741633693835486,0.0652876163813742,0.25487361184191926,0.28552378766634334,0.040572308531247485,1.2295235431698015,1.2315372798011843,1.126481357011167,1.1037942950627735,1.2407555028783188,0.04301870263848251,0.23038149420117413,0.2652582164789784,0.05682817489999975,0.20662755799897875,0.24207483216268,0.060604407147571565,0.043933168912956,0.256640288577279,0.28972166842473257,0.3236356660666408,0.4156974772087758
203,2,120.0,330.0,False,1.1254274050550228,0.08605114137561116,0.08910131636272017,0.5242594515548162,0.5568740933855391,0.09142463982464832,1.152216562054249,1.1593047630579294,1.1656571894971648,1.1798504818428057,1.1581801305757924,0.04355442170947355,0.49186679727407456,0.5204887915415273,0.04341742739230093,0.4905065459938845,0.5206978605926469,0.036247804885690904,0.05261503891797582,0.46842961389513305,0.4962981026136888,0.4121896745930596,0.37767797431747163
204,2,150.0,0.0,False,1.1763443593844092,0.0651519782417887,0.06786307690038434,0.24534835897236132,0.23080929554926183,0.05271834022995045,1.1608285119259465,1.158699447425278,1.0879554322248466,1.0851596780737158,1.169876171831242,0.036283968135888855,0.1975549364875338,0.18269214026915792,0.029622650906409725,0.19387276901644956,0.17958116919845818,0.0389793092077612,0.07095608007498416,0.21529856095884653,0.20002785662023273,0.30637256821302594,0.39700950819198033
205,2,150.0,30.0,False,0.9969745664765279,0.04714620484460389,0.08989201871330818,0.10085830691904471,0.11085310119173925,0.05006746035549886,1.0075996317596823,0.9967289256659804,1.031737084136594,1.0364866286648011,1.0139065343254714,0.06953084274677512,0.10584476657172187,0.10803645194789144,0.0284676380515855,0.09136182363121073,0.07766320678895877,0.07945057446390053,0.03620265402256562,0.11483076851793,0.11795464546889455,0.2326319430834538,0.3426668593325048
206,2,150.0,60.0,False,1.11218513507939,0.15542336675886204,0.18698662758234144,0.44633701970195583,0.4448346160818155,0.10314743505552575,1.1055720891414242,1.0925357390426012,1.206794172960123,1.1926851153549307,1.09310836198502,0.06355309994887876,0.5904545031277815,0.5867069285390438,0.08657181863932495,0.6226916985639147,0.6200929663706385,0.10816145896602478,0.03399331250539528,0.5359075040272983,0.5343698484632933,0.4081523667099818,0.34260765558548545
207,2,150.0,90.0,False,1.0134187001817476,0.13850474704289667,0.31974543887447593,1.2308896848950757,1.5501455080904332,0.2177903421552113,1.039648565023093,0.9342558591438413,1.6755293464325545,1.8758363290010287,0.9391044309844429,0.4318645557539057,1.1130111899164716,1.4302290302705254,0.3238341118985755,1.5429301870634935,1.8588969807658944,0.1286333016066323,0.3307211871538409,1.4241626341594893,1.739873998411698,0.7450824035399735,0.5451337129385808
208,2,150.0,120.0,False,1.5853254212669028,0.4447090545861815,0.3853592241945546,0.2503491249039582,0.47233034791418926,0.3473169669534065,1.2856957146949315,1.314176601268126,1.7306324446898547,1.9173816256458815,1.5616379031757797,0.07936573519109855,0.5884175946528842,0.7699294065654445,0.3568644855541617,0.5280763611226945,0.7123660527736414,0.3040118016932955,0.2391990193536203,0.27792880049777524,0.4267229095533558,0.5808983566365321,0.4548382275040829
209,2,150.0,150.0,True,0.8703869958006673,0.20997377741494153,0.1547710421132102,0.1960081862400213,0.37191276793361566,0.2999983276840321,0.9480805321261699,0.8064970111032357,1.0175627754253433,1.0987694167023045,1.0568697981292026,0.32490216642361597,0.12707496683202735,0.38044503188936873,0.14732474949758403,0.3239328710069175,0.3300688219634631,0.4169287943132274,0.27568396257691413,0.11846155704282252,0.2774776055587225,0.350508516197748,0.2433161791486883
210,2,150.0,180.0,False,0.6345022474379725,0.08554449282896176,0.08223790949651782,0.24551165433976935,0.07526720268714193,0.09059326699859666,0.6249993731530132,0.6238714731933648,0.7792615969138219,0.6828343588485868,0.6606961393616334,0.06899307465510304,0.2313653296388587,0.08717294927767111,0.06669333896565091,0.28723709057813623,0.10913914301572808,0.08394035216031,0.18447066219858593,0.2075341743331501,0.05717610961023335,0.20227612896482663,0.2022080224933659
211,2,150.0,210.0,False,0.6640255774469037,0.11709977925615515,0.1049854667283918,0.08912023625735885,0.05731032405628553,0.0816764873154376,0.6802610521349536,0.6464194742759513,0.6871411622805853,0.6589440049895234,0.6530402512680784,0.13010484200541877,0.05224803974736896,0.09822804024404941,0.11259345759792802,0.09455151339423669,0.05657153090881127,0.039742909470960014,0.06524827511235609,0.07924825555584517,0.03828407037232784,0.18570297851008877,0.21472798102048177
212,2,150.0,240.0,False,0.7959833515701723,0.12253941169719762,0.07239082689930242,0.153206219528025,0.1260814656716311,0.09521429270553043,0.7864556855565217,0.7907983491185042,0.8057809230329592,0.7996449668265605,0.7992889086159793,0.0822489108507919,0.05209148821126594,0.03957228391192762,0.05877285136296233,0.10919006281366968,0.08289205076158186,0.06784138464731676,0.039874719218217176,0.09008904556890462,0.06799208466453516,0.22756926134530983,0.25545830259327895
213,2,150.0,270.0,False,1.026728814651665,0.06636668127499223,0.060194457894262934,0.21990997308935628,0.25796030863988684,0.07371471665507927,1.0192461894134548,1.0115942271811655,0.9290983660297182,0.928535671298096,1.0705928304038375,0.06356241553512326,0.22448253743480412,0.2566001055621877,0.09667901387213246,0.1831987491618754,0.21257690496927678,0.10168540879751442,0.04734881473559063,0.2755190395250113,0.3086637846581207,0.2841458253675405,0.34110229259640346
214,2,150.0,300.0,False,1.415352267376964,0.12556526578792,0.09908961471189875,0.9028967303538118,0.9187195715106289,0.08082677254841109,1.3849636927299036,1.3860059172557695,1.4694233433475827,1.477864370985062,1.4054079096575454,0.042647470634081905,0.8472406391213232,0.8643337753416527,0.05686557325056954,0.8747890767658991,0.8919067072003595,0.04423733181993228,0.036995403905069044,0.8613377808480593,0.8778237307029972,0.5904083703816058,0.516900423922272
215,2,150.0,330.0,False,1.3033880613082798,0.17557163695829084,0.1602469797477942,0.586070471523779,0.6666388896193978,0.18414840499833252,1.344285221330745,1.3475370283806463,1.319618138541736,1.3351261858787142,1.3506333258498648,0.03496560916372983,0.48800916261747407,0.5552404601978268,0.06882617295080778,0.5107279417501747,0.5837458890557294,0.06910720338383883,0.08671492237091237,0.5195130788901103,0.5496316229361924,0.5126774073593123,0.40826723892812744
216,2,180.0,0.0,False,1.2175860137973036,0.059489205563012654,0.07836056659665876,0.10795166621841566,0.09235077540692746,0.09529141883008024,1.2233849174885025,1.2456540672771972,1.1765862987089195,1.1801439414048212,1.2177372566347402,0.05829538000689182,0.10327479712139917,0.07828934977096795,0.05623290087054037,0.1297812985407918,0.11320464285976675,0.04660885761924761,0.05217354750146001,0.09543342325202916,0.07753683410690457,0.2751716077353997,0.4217308077452587
217,2,180.0,30.0,False,1.2596198307363562,0.12975151505305776,0.25656335175459044,0.16270695493563178,0.14710536140866404,0.08186787055802085,1.2078578504891426,1.152470837324998,1.3595127270361558,1.3462112046370585,1.2425239028114838,0.14744340835060576,0.27720070305740274,0.26078701338840604,0.06275213907935955,0.3978756077726814,0.38395117882860885,0.20261294638328808,0.02971997104422512,0.2319622150594554,0.21560875799392598,0.3396024807410534,0.4147567854222598
218,2,180.0,60.0,False,1.1499806218918542,0.28748348183928324,0.10181951134486958,1.9737217914528944,2.0161396140123005,0.11818339464632364,1.2341071560349932,1.1200524813165254,1.8302955705100317,1.8421661390601152,1.1716735308145263,0.36440885586233085,1.707565077162823,1.750614672996853,0.35743407062578636,2.060844938561412,2.1034054200251067,0.07104541803456792,0.05036168538368882,2.05792448483348,2.10134815865359,0.9412214025312543,0.8240597664880597
219,2,180.0,90.0,False,1.3209620876781314,0.04976852376720914,0.1149538010004887,1.6861430578084722,1.7924991524864358,0.2644281706468973,1.3120537140339927,1.2597593802387164,2.3607570854301945,2.4192906939707086,1.1489113404309763,0.13110279581329753,1.6527776402065197,1.757408299495784,0.27684072936430004,1.7750464729442537,1.8793465789547281,0.17059697569935717,0.11644602302597712,1.90985055481625,2.0139932611234155,0.8714591322312724,0.7449876827842704
220,2,180.0,120.0,False,1.0770015176117251,0.15787153736264756,0.09113080482076924,0.7766656966254628,0.7040223113257318,0.05133447604871738,1.168884242461125,1.0126246636210574,1.5788619185985766,1.557936517607741,1.0811141849175216,0.22182287254336175,0.6240855594470247,0.5557347241383989,0.13537634307425234,0.8439558145395409,0.7743547653246278,0.10098889547512849,0.11231519007102367,0.7561343759680337,0.6882980644594919,0.4763377239658424,0.39439130289326224
221,2,180.0,150.0,False,0.5084567810587584,0.07686511986522032,0.061138583541470386,0.2910919990451486,0.29021482111238484,0.14466937367391475,0.5061046973402143,0.5090734530384684,0.6586515790011235,0.650828584696137,0.5577433561432231,0.061575778259374964,0.26321727804071793,0.26116311303548245,0.12424686750678775,0.25052521359444463,0.24880844086564258,0.1015314755779656,0.02908980413383663,0.17269377066711816,0.164304674488098,0.2287394463828162,0.15499058425459258
222,2,180.0,180.0,True,0.4140217407408107,0.1057007714458662,0.15759164498020856,0.304969921208733,0.16002211339058106,0.2240656479037765,0.39715692235811245,0.4495123491370937,0.526581106036823,0.4618227970353342,0.47990779235893855,0.17557111048039625,0.3197894066244709,0.1834151921227674,0.24728587397783502,0.16183308297272286,0.030349637641339577,0.08217582542683721,0.15990351801032804,0.10260070534407875,0.08415266762853564,0.22772863994499604,0.10414647132546273
223,2,180.0,210.0,False,0.36506723799889756,0.0855521066208157,0.10237416627929671,0.0980041425854944,0.07372800966116226,0.12015909356116121,0.3608565956137693,0.3519919283915541,0.386339793309333,0.3520291231827245,0.3761221203139485,0.08217272186123006,0.14367847087644423,0.11507853738240345,0.15245465799185912,0.09173368627894038,0.09550692998106888,0.0917158385467067,0.09619437947679642,0.03926834726839731,0.09731324821531506,0.1408141261178046,0.10130881138118616
224,2,180.0,240.0,False,0.46705094644819134,0.07712225671435188,0.08218914782217344,0.17566582558474636,0.18438240587296953,0.06696906394187416,0.5061663254847605,0.49686429248823183,0.3867247884864639,0.3765726509388101,0.5089205918048098,0.03148723669242269,0.22735790857851707,0.2339121877188775,0.038247044644191645,0.22653716356406986,0.23247202550620888,0.047563608127942636,0.033302668826269324,0.20752318486896099,0.21473019291231757,0.17556327439738442,0.1385910738918268
225,2,180.0,270.0,False,1.354152034270609,0.11911065075322358,0.06921343070174632,0.4853049695069913,0.43056588219531,0.09771720043103055,1.2970294384980665,1.3673341746843795,0.9353901113541443,0.9903258527721435,1.4000244749203385,0.12648196138926804,0.43675519539662677,0.4024815015100006,0.1345871097167033,0.5054379764569038,0.43040995366593804,0.05208328515758878,0.08737312048702357,0.5414585777798169,0.4662671940045859,0.4260106946431519,0.4461411304972959
226,2,180.0,300.0,False,1.306468817788315,0.04813020841873683,0.04469155623170064,1.2342130004212748,1.2410034817592805,0.06736596089333885,1.2874764271094503,1.2923506592076888,1.5151046964349741,1.5255762274892755,1.331285538989271,0.027428105491257435,1.2068463336465007,1.213458723465725,0.07559450028172342,1.2076848414239163,1.2144220428624874,0.06857293249319593,0.050154895998732324,1.205845341956523,1.2128120034265542,0.6569788375854412,0.6040636018717953
227,2,180.0,330.0,False,1.2433327137517685,0.07815923917358722,0.0678586387443822,0.4632309496795939,0.42647584807099703,0.10224306779602657,1.2789653621820212,1.290622454247845,1.1219816556581725,1.1510935653731802,1.2839771074240405,0.049451253657529504,0.4850507446854806,0.44084940136544165,0.045545923000465144,0.495499563542143,0.45466588098770966,0.07161709571840091,0.09115620873850405,0.46659769953947333,0.42345288988996654,0.3968834095360592,0.41198896843185123
228,2,210.0,0.0,False,1.3426343437827115,0.09321051074648756,0.074683358883078,0.07808582072574508,0.15580128380393227,0.06127896419180297,1.3579488857902207,1.33140109999741,1.3886883340929765,1.4621368250715718,1.3578451274222125,0.10752089742605969,0.07851000773818381,0.13659907254907172,0.06661647253460987,0.09315927542099976,0.18956538542708143,0.059970900001041175,0.11021889203844623,0.06736735823716516,0.14060867826122153,0.3009490470222929,0.46683997222041407
229,2,210.0,30.0,False,1.2447102942704025,0.05586460840423919,0.22926250373919593,1.5827439704253212,1.534521737257447,0.09911721501953641,1.2453668823657567,1.140779738021377,2.161123744898891,2.1284921847198826,1.2155472926714495,0.19899611618450508,1.600227155501484,1.5529441037867648,0.06151670797369441,1.7929344530260014,1.7458314070039416,0.1544596183450243,0.05606499104741893,1.6470737937815585,1.5998044887697063,0.7910367215193569,0.6733264387043418
230,2,210.0,60.0,False,1.0217795963239895,0.18115316328155578,0.36475487049144417,2.418332550898196,2.34592787725302,0.3863633577034031,0.9062352994390503,0.8286746774202793,2.5125294658607107,2.453362851211975,0.8103032853322448,0.2006967078590836,2.572069709204021,2.4990036928462223,0.21317758855793628,2.7675451194507383,2.6940612901038135,0.04777661060848032,0.07818402432899864,2.7660986989523177,2.6919663660025352,1.119718569325268,0.9298982611742797
231,2,210.0,90.0,False,1.3885835997547367,0.2529752889238076,0.08080890979452114,1.6430088134117566,1.5932904918609037,0.17818874292302905,1.50859865149674,1.3716479647349018,2.3742326977753176,2.3494157037493535,1.2765099532646236,0.2963208825699737,1.404413059348291,1.354437269789261,0.4002673168621079,1.696932579453624,1.6471748058772602,0.13803779660518112,0.054612231122096726,1.7827013748344915,1.7333789144588894,0.8561426411114592,0.691690373788231
232,2,210.0,120.0,False,0.6772261435442108,0.13455336325428,0.1329622143540464,0.6687882156105749,0.8142894589379108,0.14554205868134656,0.7155057671765352,0.6440714952785088,1.0805491165239935,1.1718372104857844,0.7206456629316673,0.25864533869579304,0.5452248539198113,0.6855156963265381,0.04682021358317781,0.7958744743244182,0.9399478265071148,0.2686214587640097,0.1595278503859397,0.5342463612937081,0.6746578471799274,0.42889357573039494,0.29502771135778827
233,2,210.0,150.0,False,0.531215861798843,0.11067630197068448,0.07893505223111773,0.08593373616840794,0.0808805819489779,0.03881865413376746,0.5155201775448814,0.4964231782016386,0.49823966375147916,0.49242031441835393,0.5288289889075957,0.08145002859633953,0.10202509320663647,0.09492126345371904,0.08790024755297915,0.034985168988592615,0.05108358291038811,0.05776326743222053,0.04251651285830042,0.06316725984493274,0.057965278682584664,0.15441003137529977,0.16982770427525484
234,2,210.0,180.0,False,0.3868775377283943,0.09178016031101935,0.1270982942719629,0.06853287070635637,0.06995633331515083,0.09213825363114711,0.3747509853888315,0.3692169828561741,0.38808589180750513,0.40972048580060016,0.3859438662924739,0.147973400743673,0.12392818559111071,0.12231665830070412,0.14763320240524894,0.0758838858503638,0.17313264595526068,0.07676135323295973,0.11247058122339326,0.046502474505203964,0.11772101189550524,0.1393972416606718,0.1123553575766593
235,2,210.0,210.0,True,0.6729979334024905,0.19817229361788358,0.18947046826384195,0.4229375506746211,0.4576920259149003,0.13899837295959344,0.5267673480639823,0.5395289459997759,0.4023413287638305,0.4114131515616737,0.5854884837562625,0.09186231716954499,0.23133018030580885,0.28352944901334687,0.08677471662980235,0.28470700096863255,0.3435516275252438,0.06942586638711686,0.10746482437611823,0.3111137959808177,0.3635669494935948,0.34671144080555516,0.1890869753998933
236,2,210.0,240.0,False,0.913262826789877,0.06238493449835714,0.09621239393170035,0.576194644869182,0.6158608583460604,0.04934284825906865,0.8623215503750903,0.9125781676930216,0.40093398996249263,0.38586843153269484,0.9231695539385145,0.11310094237696365,0.5229999204517537,0.563148340043111,0.07209868409249799,0.5696581785462089,0.6078111434172822,0.10377130879654348,0.05583765676127901,0.58441157300626,0.6246610719858562,0.3855430844490409,0.3339302467304548
237,2,210.0,270.0,False,0.8877897962039564,0.06479352559435736,0.08036533591047978,0.45210609577254984,0.448687441323878,0.08202211880747809,0.9218256942806229,0.9190526294764512,0.7272472870665172,0.7499368670939485,0.9426987730276872,0.04491230790670283,0.48836308789042693,0.48603225569392294,0.04321549999592531,0.4993518566595794,0.4983143734951135,0.06986500793053779,0.03547053802214975,0.49840260582456186,0.49463785088732226,0.3359607189354499,0.2983448374569271
238,2,210.0,300.0,False,0.798592620851298,0.03824367507837611,0.052624572722335394,0.5752578060858302,0.5266237714407893,0.06007414638496636,0.792688076576169,0.8196562760691877,1.028297534117482,1.0011502638881442,0.8222101957364523,0.05870957628204282,0.5868857288085534,0.5367161744198552,0.052186941880358675,0.6049868818071753,0.5587914382427219,0.06364090455925242,0.05717869522843763,0.5895805814185897,0.5388182442457425,0.34190276542726594,0.30344140992621826
239,2,210.0,330.0,False,0.8728114989553273,0.07875956423601035,0.06901215970772623,0.2568202667346088,0.27875528324424026,0.05545599946740311,0.8579472378287525,0.9134504854205449,0.8311984100055438,0.8163290732984373,0.8951897932293453,0.11452586584183369,0.2798454312953491,0.29479932714833534,0.07518589422196656,0.2926261313360702,0.3161703546728202,0.07495769600252503,0.04041906817120402,0.26723644868835494,0.28771937315023144,0.2686024620575527,0.2847860276692202
240,2,240.0,0.0,False,1.172054604683168,0.049772663018756824,0.08214664809460558,0.06946178280045441,0.1090655436700794,0.06127272894867995,1.1735539991803967,1.1745001225461396,1.2211633044555557,1.2483469457851508,1.139384511020296,0.08480622908799243,0.06179425731464202,0.10416723931069675,0.05428199597566045,0.10507447001743421,0.16565072145855614,0.06097830776120185,0.07112247871676336,0.09955402167771245,0.1492321770944251,0.2572956618692907,0.40951304819145107
241,2,240.0,30.0,False,1.1700954671205108,0.12825396132274533,0.11029805212373506,1.0459403682835493,1.0781394135207294,0.218592639973799,1.2186353769650708,1.1097260215576046,1.8648680554066739,1.8854607595961188,1.266057836495672,0.20456178364460226,0.9384877184663154,0.972824748359729,0.10135482895963312,1.1321569983860844,1.1653917961492661,0.2959361669576066,0.03606395655010518,0.845014632822032,0.8791838543298632,0.6252199837241782,0.47548160918299937
242,2,240.0,60.0,False,0.9061204140470237,0.19327738203057537,0.14221054325057972,2.351978734717461,2.300858979740152,0.06322364907350896,0.8126365308748522,1.0134352769540618,1.9332569145507636,1.901373397213887,0.8584666806712085,0.3116496842129054,2.1711140984794004,2.119473959548948,0.16463171019447276,2.4802298672467034,2.428641151564275,0.16545243031206058,0.06126124731081905,2.321546836908577,2.2699123213002754,0.9929449504765501,0.9825773408680449
243,2,240.0,90.0,False,1.3411458517852872,0.1456353738615954,0.33310001078436013,1.2912780976249814,1.233115353497591,0.12207531320701762,1.3068146111696002,1.227161657771915,2.053036839585899,2.0297704409942483,1.3008075408079196,0.20180885295018441,1.4265563300287538,1.3676307959070126,0.08057965297537292,1.6095309454789049,1.550311739395707,0.2592809663340341,0.0619959227436852,1.360892888113049,1.3029012206399126,0.7443916667934721,0.5490899647064406
244,2,240.0,120.0,False,0.8597963956296113,0.13256850061735936,0.1348731455158723,0.17425368616619125,0.17675978030315312,0.11510302368607396,0.8759704704387095,0.8791043347988647,0.8359282411424865,0.8434280156981526,0.8862281742884895,0.037950758077958766,0.2736237845657288,0.2926116026732737,0.06276397306086788,0.2785847486882151,0.29818763272025767,0.05469671877390753,0.06654331265241127,0.26788933475411936,0.2818477691244021,0.2655590886530435,0.2666903042902456
245,2,240.0,150.0,False,0.7723216513701251,0.07597681730930539,0.07133229861581773,0.08559380009515644,0.06106468487963247,0.10086626970368874,0.7511233388139129,0.7276703901114647,0.7577314692969949,0.8098312259702473,0.7292487135907673,0.06377226967405364,0.04803564855661254,0.09850499471012074,0.09730500571787533,0.05732632080784567,0.10628501916493678,0.05122138768822446,0.07863273676122112,0.08026780962527905,0.11758740895400968,0.19452592032895433,0.2586918061479401
246,2,240.0,180.0,False,0.5834342230398705,0.13064170929245508,0.10622189249544184,0.08916280260499443,0.09323557039692097,0.046327921074283684,0.5944112834813696,0.5709272696134103,0.6217415559515271,0.6297598018546041,0.587357852120851,0.05897868513534454,0.17740047601033127,0.1830090841364821,0.09668770991461315,0.15897251797140133,0.1684755888133872,0.07165676469189088,0.03430694991180746,0.09904637232489741,0.10816715498146207,0.1748373531506611,0.18444800177494128
247,2,240.0,210.0,False,0.9602645799415814,0.14727287811509482,0.14759700288225316,0.536140789781975,0.5475576914759865,0.055082195461789246,0.8225637169008705,0.9183158770383049,0.5211303967038675,0.49270338672763364,0.9288036353047375,0.14631900888941532,0.408799115036096,0.42241071775188027,0.11710414250970974,0.5433806055939701,0.5508274947971773,0.11922458487305362,0.05610499507401593,0.509381648754594,0.5204133427962292,0.3989858562764467,0.31642386618428325
248,2,240.0,240.0,True,0.6168524450411499,0.1434001832481387,0.13141271942221716,0.3745142007066116,0.4420780943641484,0.18502630058802294,0.7209416559453476,0.7125721825895948,0.4340256780796332,0.41016300725542687,0.750961776940603,0.02716682286188958,0.5126470459862238,0.580973358569729,0.05141493286228552,0.4948945754156908,0.5644730331306127,0.060628934614352425,0.08376628411622525,0.5456416136866227,0.614041402555018,0.31554732389504814,0.17834789625320652
249,2,240.0,270.0,False,0.619225407704191,0.1421855962240085,0.12782326348262413,0.32824819336856703,0.32057483250387653,0.08548021603346741,0.637361043557997,0.6599756882119878,0.7547754498512255,0.7471659366839751,0.6601789910934641,0.03682390964898387,0.4636414513622617,0.4527565751376512,0.08405827538031493,0.44131724501798375,0.4305117456006297,0.057738432080175206,0.023035996055782774,0.38882913098030225,0.3785556169660594,0.27058958488612245,0.1818906550339275
250,2,240.0,300.0,False,0.576736480585548,0.03769875672256185,0.061932620711470626,0.30960298684030585,0.2584227400715403,0.03783334763837472,0.5766489801376631,0.573703528361716,0.8111787061993005,0.785827814357929,0.6031857438916577,0.03776830266468644,0.3250135794188058,0.27366696324363515,0.03641417821915657,0.3295436008824912,0.2820904084013659,0.053658299148280866,0.06254492881104365,0.2944466740035365,0.24426327227010974,0.2137044887616336,0.19490674990177678
251,2,240.0,330.0,False,0.5279823393012169,0.10055400246077642,0.06729756648993175,0.19583874669859402,0.26526871777142075,0.08581439714145997,0.5153326814742689,0.5725891948805395,0.4833643912358201,0.4976524566402007,0.5231547941995263,0.1294520109537856,0.1068796158173029,0.17600626600778427,0.04519204286870543,0.22735689822027588,0.2990615857563814,0.10479467216656438,0.09089940080145825,0.13358210676104854,0.20228490016666262,0.20712596164389996,0.15920785923449987
252,2,270.0,0.0,False,0.9980843456546211,0.049722548323864066,0.10555029752161241,0.17912050212793745,0.06747031191846731,0.0483382792358769,0.9590868010796536,0.9504063385594992,0.8757879908785372,0.964290268950746,0.9758196654697039,0.09269853674328121,0.13444879115991104,0.04800278949794056,0.0271820287894603,0.11709215531485795,0.07736386522729294,0.08408359376351762,0.12823496948844157,0.14806600187450636,0.04130531228970551,0.2413810474637299,0.3413623891174485
253,2,270.0,30.0,False,0.9265172201744549,0.11418334232754171,0.16400613232716293,0.07820244127252418,0.24880498351841934,0.04991937557352503,0.9677202288757732,0.8317978952806238,0.963149205353073,1.0559115768465683,0.9076817656133034,0.2604144324784331,0.06372579485132684,0.14245491657555942,0.14107713184668957,0.21836076532404167,0.400858254403625,0.1285280058106105,0.1860181433055711,0.0991568443471442,0.27699468944279326,0.26360558253227134,0.30330239949456606
254,2,270.0,60.0,False,0.7880615761233871,0.3129342884876315,0.12143152831261227,0.9975298240183824,0.9930090702347207,0.18648086037321684,0.7753850886232869,0.7171751211757464,1.041647808029223,1.038333611724517,0.7324595381622798,0.20854993393425802,0.6963776925915031,0.6914944109087786,0.14533148541900642,0.901203084361913,0.898101327132941,0.07710960415070134,0.03082935556286989,0.8294138934431582,0.8243325850318292,0.5665745245916584,0.37049117306268714
255,2,270.0,90.0,False,1.216739897415848,0.08143422073917404,0.3281758360956548,0.3402826780862386,0.36771462270806965,0.06656666190299185,1.2090580623759846,1.1036708704544975,1.368722388937933,1.3903104851586456,1.1762454515313268,0.3688708692335755,0.30361822003082084,0.33072367291480187,0.09930393119040692,0.6610195226580607,0.6779211793652284,0.27847953965066446,0.05808179749919337,0.3874991032988133,0.4097455886021003,0.4001523194913295,0.38503096891420063
256,2,270.0,120.0,False,0.8419529745412997,0.06716793573507299,0.07817993412552515,0.07504254977558769,0.08283894091323546,0.0858688959333231,0.8441846068122654,0.8397013396558997,0.8756961676140669,0.8676370462685503,0.827190334421825,0.07672659664360434,0.10365115480595159,0.11828529020401966,0.09521388849050996,0.09620283964588322,0.09770137331787125,0.05777845365996202,0.0504598467139351,0.11877301713029415,0.11515066203280305,0.20517520517067403,0.2848374968954555
257,2,270.0,150.0,False,0.8507384813473465,0.0872721009787353,0.05460708565409478,0.10472930330905228,0.10926832953948587,0.13098720951999104,0.8556097311967668,0.8493278265508409,0.9173530235851606,0.9065163247386365,0.8257045572234798,0.08657736205122701,0.08958218347511611,0.08098558973964881,0.10983407616616722,0.08824984862449858,0.09985260593272882,0.15942722365854112,0.05613771916294588,0.1827878845792511,0.15194762832909842,0.22293375172478433,0.28172770984862977
258,2,270.0,180.0,False,1.2661307922064913,0.05598223392331851,0.09708673833943621,0.4415806281351676,0.3896770913319076,0.08101850263098749,1.248974698290092,1.2149925303958005,1.055941262807183,1.1189932492595267,1.3239193009869208,0.09573419225831047,0.4111153393222627,0.350060806364176,0.09897850791237228,0.4637516038085354,0.40906621849989316,0.14563765321370095,0.12102391879176402,0.48637807328602745,0.4227143744932629,0.3885793310945514,0.4209293949797778
259,2,270.0,210.0,False,1.3068679345908372,0.13192113493057647,0.08154986858599943,0.6542605016343772,0.6957855690134271,0.09287422636598948,1.370143174863202,1.3664782595524578,1.2262172078428404,1.2790568737010104,1.3851179577981774,0.12501080430675074,0.5997106539760851,0.631461679966657,0.10291504678632349,0.6906303191034062,0.7262416090562503,0.07554417965482194,0.06934150005761734,0.6884781217381166,0.7253473075253466,0.49387653918686786,0.4452102749607174
260,2,270.0,240.0,False,0.671884410744586,0.02405408479048557,0.041835117109907394,0.44815972255329245,0.4803239662303573,0.08089228768930767,0.674322433649803,0.6908454040968037,0.7980446657036023,0.8261184919429907,0.7275213255884188,0.028388211994719248,0.4673855266692484,0.49852341634856107,0.07558120917072511,0.47932402266904417,0.5081854259420704,0.056582093270880277,0.046775332586351505,0.46481576522584783,0.49117216004890696,0.29119159818632273,0.25268688396128824
261,2,270.0,270.0,True,0.6548135135800324,0.06935614410998389,0.12889916307271887,0.2846819528116586,0.3052727665423502,0.07929277233331626,0.6496463954252667,0.6284744384143662,0.8205054577154801,0.8319241953828305,0.6659923737957464,0.08411271692262917,0.3429016155605052,0.36183313280563256,0.06622196186925451,0.41019346567807424,0.4290958937270888,0.06675916162408382,0.025269522685529615,0.3475487837144554,0.36628673291758124,0.2537193854083434,0.20186111864973624
262,2,270.0,300.0,False,0.5649101803576391,0.0721714101084659,0.07893796539698694,0.2572377214944824,0.26633358409457875,0.0621371648699484,0.5720339578897975,0.5732558103147438,0.7405100007938076,0.778106741629176,0.5979592822381525,0.055981528163391185,0.23301605629171862,0.24373902155602972,0.037210444985720126,0.26181798708315496,0.27520578334382584,0.061014204383247256,0.04695504952419846,0.21923916147556446,0.226124096682434,0.21695467105368357,0.17753558402571037
263,2,270.0,330.0,False,0.49365900703362453,0.1664530753949096,0.10705982040105799,0.2356604454986138,0.27378320501389575,0.06802534714939655,0.3688889305913095,0.47001351711097644,0.32989525186467994,0.30792290830474656,0.4450184165459864,0.12791325468122097,0.11497565748074003,0.12161470532106448,0.1180523954394224,0.2272742210523458,0.24068511172392365,0.10587132405274272,0.05296257003682983,0.18148070483082315,0.2179970032292311,0.22410681674858304,0.13943038380863434
264,2,300.0,0.0,False,0.9386994130323078,0.16715634026630571,0.12095686925126244,0.23240064966679122,0.20604029847787253,0.14657562574928465,0.9807752648319753,0.9780244875665487,0.8847299948150686,0.9102332890570082,0.9775534448129107,0.0743989039866993,0.11162705572958515,0.09114968938263518,0.0321895146910701,0.14679012537244204,0.11895321821258881,0.05249539485096036,0.03457671026202115,0.10545137563981771,0.07978110082476383,0.30197153274063737,0.28709888988793386
265,2,300.0,30.0,False,0.6569009359176683,0.11674347126962853,0.09843397563406345,0.16044322438646844,0.10737594573854162,0.07585085888330548,0.632558387514869,0.7134639406541212,0.7486229132957751,0.7171156372070722,0.6372951537447894,0.18415138332830192,0.23501124421857958,0.18434933784350924,0.05809592360999182,0.08060488488553724,0.04885463780588342,0.13420317255312494,0.06136902691755984,0.19575353688867975,0.1477616648996531,0.20262473530494599,0.2047443120400133
266,2,300.0,60.0,False,0.532017108451827,0.06541776556225509,0.1462195808660126,0.09505234681070668,0.08375123749169644,0.12992920598185115,0.4924036896289239,0.49140977022277116,0.4871900982080546,0.5057403152276927,0.4955762792481003,0.1430223250156369,0.08719062890401551,0.09062349167060994,0.12675891260072397,0.07449090043621037,0.07836609516489598,0.029471607259734633,0.027989573962009205,0.06376478086970766,0.06626150991955061,0.17539787419405817,0.16178493178556186
267,2,300.0,90.0,False,0.6116416128397746,0.09938886877472394,0.08157394965900304,0.0481886771525805,0.0658827036684027,0.0729916805270773,0.6241834916845805,0.6172626497059064,0.6035804174528172,0.5853154171858852,0.6351832184246646,0.05408364850898369,0.12031032464332989,0.13982089605123937,0.09630225916721545,0.08510732508159038,0.103015483110459,0.0809768265641222,0.037813159731626286,0.08401880444284641,0.10650734123935177,0.163277915436927,0.2011095546025022
268,2,300.0,120.0,False,0.9104466879866843,0.046224593562642934,0.05313786771838175,0.1388690302185738,0.11281869412097702,0.04132672899351069,0.9282251471958054,0.888032545075231,0.9323689009854621,0.9097986758853598,0.9229456370259326,0.0676270856884322,0.1505491936815454,0.13242006895238154,0.05841641677900684,0.127274852751268,0.10000511222620637,0.07021122137464235,0.04837478261410491,0.14699616525491485,0.12603130401416704,0.2171372671001284,0.31217049960602417
269,2,300.0,150.0,False,1.4151058231128038,0.07769383558039578,0.07308006785466568,0.4460793363726734,0.4730722295440217,0.07989492092760951,1.4366715818511704,1.3817362590340105,1.5911368349690862,1.6116943540293431,1.464079293825485,0.07854097663776233,0.4648365725845546,0.4910784741342141,0.09642884066740572,0.456936165379796,0.4830162426475584,0.10310188537130294,0.046963438440180874,0.4122267883699268,0.4370896317557252,0.4274877022320283,0.4737429705282094
270,2,300.0,180.0,False,1.4314588251621594,0.1232094561430939,0.09421182583223546,0.7849180981288091,0.8802977888224675,0.051770080980723485,1.4917500877391694,1.395910957983259,1.7105695928559335,1.7834535063790775,1.4560343052437847,0.19023768513888278,0.7260940059532303,0.8170243772471467,0.11508724942255442,0.7859069801576242,0.8837207439938602,0.10383261722176595,0.10482688329782705,0.7648413017746123,0.859452015402526,0.560977679178248,0.5129418138196723
271,2,300.0,210.0,False,1.3809402177326904,0.0679705321931923,0.09581494945807163,0.487031076077499,0.5082058156073855,0.05543300909904302,1.3818566707196918,1.3943596683299058,1.4117032328859211,1.4695294702605315,1.4114214174808395,0.09304643789060435,0.5425815247758072,0.5629186216135568,0.07503234383088027,0.5648721857865879,0.5429812478336014,0.06958431395183112,0.08101792696229415,0.5255671249975646,0.5222982745197182,0.43256593336131366,0.46487666842751085
272,2,300.0,240.0,False,0.7505950248459465,0.03357385360073632,0.03156449954010619,0.5697517608396386,0.5195389715371808,0.041759609670014665,0.7565163567259239,0.7677994493296534,0.8992300415371189,0.9089909402251868,0.7703909712194361,0.018859494324616893,0.5653266260733112,0.5135908327117,0.03185316041435224,0.5628538763095645,0.5107830533978408,0.02975806623985571,0.06662681982187188,0.5506826742905074,0.4966684523139843,0.3244639533389372,0.29724763734073323
273,2,300.0,270.0,False,0.5946985190043497,0.0757308675357532,0.11206833577380747,0.31020614760932597,0.31651333257875763,0.06762461075310425,0.5663154294487088,0.5473274708738234,0.7536076511057779,0.7779213217558374,0.5765149651238552,0.05538862615228543,0.360857873541623,0.3682441873414617,0.02636226694990282,0.41288023962969567,0.4220567488899094,0.0634366668420489,0.05065482531253926,0.35519231640049564,0.3621567839321034,0.24614030220918304,0.18682975590595252
274,2,300.0,300.0,True,0.47633784174934923,0.1901116724277307,0.15119025831196226,0.17418479338612586,0.26490310680571727,0.12690464663391965,0.48246744394067487,0.3870143707532717,0.47456247215342284,0.5956318932210865,0.3884387486445428,0.1834022884467627,0.05030507376651787,0.12766211853977794,0.1893935628595441,0.17091797275009576,0.29564657868644295,0.0507243808441522,0.14927668499274938,0.17695077212325788,0.2892789247439866,0.23060538655246746,0.1179296424579967
275,2,300.0,330.0,False,0.5089415458648818,0.19747389335425256,0.31521736237722786,0.2404654500799998,0.26022373655515074,0.22487770814564473,0.4474871245905037,0.6311117688697976,0.39439091820571937,0.41511252060960036,0.5736533415692985,0.20717285671838795,0.15592111230126432,0.18970360776822945,0.1381677614911741,0.27803049800818447,0.2954678017325022,0.10095376153809424,0.059798566752868904,0.21240988050994936,0.2314156285479893,0.2911999493961929,0.10384681619862511
276,2,330.0,0.0,False,0.7558415745549146,0.10033427059691294,0.10513597689731488,0.23291100087508765,0.23841371143221357,0.10454806306276276,0.8111363325811694,0.7775446375923474,0.562600128119478,0.5533070763882105,0.716747040316942,0.13916803983874454,0.3183233886005663,0.3217103705141779,0.18877536449431478,0.22970143037086843,0.2350672913735607,0.09587662496345098,0.02192818073053301,0.17452629016086318,0.18212108117196416,0.25619743290320107,0.23116127385463012
277,2,330.0,30.0,False,0.6253511959659406,0.15681471952092224,0.06723013056400921,0.12748024420181397,0.14758771142152216,0.05182751302339915,0.5963362690504476,0.6668341352335745,0.6692378403156897,0.7093569730706132,0.6148598491514357,0.17088340826751916,0.2663748009824093,0.2824091661766423,0.11761010799515792,0.1153072429365854,0.13398609665445269,0.06840115652669589,0.05279066186258226,0.15284656760017545,0.17070801580112163,0.19604858578293452,0.19590984891686228
278,2,330.0,60.0,False,0.3863746460070965,0.05163794772295696,0.07620361150351404,0.16753374213245104,0.12296068625472513,0.040603382626859016,0.3907907135374189,0.3943235045879101,0.5007960373912146,0.4631654457321931,0.40371541006268985,0.050910724293801175,0.17848113906762933,0.1390176930357191,0.04701155852947443,0.21253119914106197,0.1713481953462368,0.06878730133836458,0.07509299905896726,0.15796583087885452,0.12127123195443922,0.14088566937460043,0.11797014023008091
279,2,330.0,90.0,False,0.48678686592649717,0.0435846552954052,0.050685096298847473,0.07522161755150442,0.06378803995682852,0.05672248093857853,0.5008829231821266,0.49317432298082176,0.5238672669105056,0.5169720596738727,0.5012072699008584,0.03966144491598289,0.04106172545964262,0.028451807097289263,0.028046224679205548,0.061255729314293315,0.049714603593451104,0.02904750572748204,0.020646918910502125,0.03809969728074846,0.030744149722788522,0.1294647926612769,0.16010824692586675
280,2,330.0,120.0,False,1.039343384767694,0.033774270966577494,0.05174804721672434,0.3892339248674699,0.3903575628706777,0.04704925589547934,1.0453518574022436,1.0251669167655346,1.197726211567288,1.1852068958121564,1.0561453404403183,0.053295285220920086,0.37471063909078905,0.3768411744954246,0.05197328209928754,0.41201043227412393,0.4132583895397534,0.05741349422398808,0.05315340161044395,0.3888083046411249,0.39086222027572853,0.3252510744307705,0.35482844971398975
281,2,330.0,150.0,False,1.3431327614280784,0.2260205597689595,0.13292262416840617,0.41998567002888676,0.4489211620218838,0.04789629678220508,1.3784355593544406,1.3486192060652717,1.4595985058426981,1.4626816036539063,1.3565948999510113,0.10669074399151479,0.5347409309659179,0.5824579860242285,0.20801659888081653,0.48959040538380444,0.5332269775200672,0.11957860636938242,0.06374402177857257,0.40259475581370097,0.43633929119810716,0.4364798456997366,0.43009371576615907
282,2,330.0,180.0,False,1.6123140765960733,0.06485039866045839,0.06417626455638448,0.5176300068066302,0.5311845520722744,0.14834696287623983,1.6415200142987476,1.5841211363416863,1.5146682664981097,1.5236887197330091,1.5748444434535849,0.11120243040899702,0.5111512668229803,0.5219636953601106,0.17469675213165958,0.489288204401479,0.5041018389203188,0.11348792047106748,0.04137393547110017,0.38513326236270473,0.4023857932572177,0.4897503769280101,0.5386484524906406
283,2,330.0,210.0,False,1.4759298121283402,0.08451547050715855,0.09436919139643908,0.4142016746029446,0.29468915225932174,0.09276383041285595,1.4990783495098192,1.5115920951705955,1.2840298028895436,1.382568853967041,1.5284629692118112,0.07875379197669141,0.4278327854152985,0.29266083341415844,0.05578567900136969,0.46870808147629756,0.3455181848213861,0.05888124168331692,0.19095515800236246,0.4709374331582989,0.33947055825577144,0.40941152188450997,0.49256476829522705
284,2,330.0,240.0,False,1.028295696254585,0.09938945856738526,0.06124995813941188,0.39267116408230807,0.4091820964259262,0.06358475946079586,1.0126932177684254,1.0174617708050633,0.8146949726620099,0.8379914403357005,1.029002993307063,0.06870132787003816,0.3492794908274406,0.3459070621910777,0.062384915214329484,0.3619111380256441,0.375442463547585,0.038484255643236376,0.08645526967318073,0.37771592182770886,0.3837858027323767,0.34239552215506874,0.33992091041005523
285,2,330.0,270.0,False,0.6136584190788295,0.15006917505698275,0.18532435702446567,0.3997635354174469,0.41988166598760457,0.12983599639967996,0.5015238196111627,0.5081183037645984,0.5240556232826737,0.528960799736655,0.5228199165547722,0.09005471698814,0.36524814669822153,0.389246435276139,0.05246698136315532,0.3065683775473139,0.33358767885772,0.08790756688750337,0.04790050188275386,0.36389046651990464,0.39037032938543326,0.3164221914941682,0.17591351754881868
286,2,330.0,300.0,False,0.6182022911126216,0.2793978541309414,0.3887282172527621,0.3729154413558514,0.4895732504328577,0.27531407647415973,0.6660475621983926,0.805020952770186,0.7949494593130642,0.8697911210863165,0.7417957098075699,0.14915434802224606,0.17691528473769724,0.29542719880266594,0.09650770353853416,0.13736578045614295,0.2375424815209043,0.13602796252081806,0.1280132038447196,0.12176452599360142,0.241469613026891,0.40402185512653227,0.1200629270042134
287,2,330.0,330.0,True,0.9411443076666648,0.1420594668715153,0.22264951938840838,0.22704627263159965,0.22184804059531238,0.25298420419825024,0.9290918167396963,1.0714638653399198,0.8635936290817003,0.8784284088300032,1.1373692827719386,0.16066856647207495,0.16362961704462264,0.15387259932022032,0.21707843294356127,0.2951897720312161,0.2841408701324492,0.0755896576679997,0.022317511493071127,0.3224838192226296,0.30969233867636614,0.33462196855862514,0.27338699920883863
