Using 16 matched trials for neural Procrustes: [23, 24, 26, 56, 119, 121, 148, 180, 195, 205, 209, 212, 217, 226, 238, 277]
Using 16 matched trials for behaviour Wasserstein: [23, 24, 26, 56, 119, 121, 148, 180, 195, 205, 209, 212, 217, 226, 238, 277]
Loading student run: index_cued_first_diffusion_0.3_swap_recovery_0
[index_cued_first_diffusion_0.3_swap_recovery_0] trial 0/16
USING PRECUED ITEMS - SHOULD NEVER BE DONE IN TRAINING
USING PRECUED ITEMS - SHOULD NEVER BE DONE IN TRAINING
USING PRECUED ITEMS - SHOULD NEVER BE DONE IN TRAINING
USING PRECUED ITEMS - SHOULD NEVER BE DONE IN TRAINING
USING PRECUED ITEMS - SHOULD NEVER BE DONE IN TRAINING
USING PRECUED ITEMS - SHOULD NEVER BE DONE IN TRAINING
USING PRECUED ITEMS - SHOULD NEVER BE DONE IN TRAINING
USING PRECUED ITEMS - SHOULD NEVER BE DONE IN TRAINING
USING PRECUED ITEMS - SHOULD NEVER BE DONE IN TRAINING
USING PRECUED ITEMS - SHOULD NEVER BE DONE IN TRAINING
USING PRECUED ITEMS - SHOULD NEVER BE DONE IN TRAINING
USING PRECUED ITEMS - SHOULD NEVER BE DONE IN TRAINING
USING PRECUED ITEMS - SHOULD NEVER BE DONE IN TRAINING
USING PRECUED ITEMS - SHOULD NEVER BE DONE IN TRAINING
USING PRECUED ITEMS - SHOULD NEVER BE DONE IN TRAINING
USING PRECUED ITEMS - SHOULD NEVER BE DONE IN TRAINING
USING PRECUED ITEMS - SHOULD NEVER BE DONE IN TRAINING
USING PRECUED ITEMS - SHOULD NEVER BE DONE IN TRAINING
USING PRECUED ITEMS - SHOULD NEVER BE DONE IN TRAINING
USING PRECUED ITEMS - SHOULD NEVER BE DONE IN TRAINING
USING PRECUED ITEMS - SHOULD NEVER BE DONE IN TRAINING
USING PRECUED ITEMS - SHOULD NEVER BE DONE IN TRAINING
USING PRECUED ITEMS - SHOULD NEVER BE DONE IN TRAINING
USING PRECUED ITEMS - SHOULD NEVER BE DONE IN TRAINING
USING PRECUED ITEMS - SHOULD NEVER BE DONE IN TRAINING
USING PRECUED ITEMS - SHOULD NEVER BE DONE IN TRAINING
USING PRECUED ITEMS - SHOULD NEVER BE DONE IN TRAINING
USING PRECUED ITEMS - SHOULD NEVER BE DONE IN TRAINING
USING PRECUED ITEMS - SHOULD NEVER BE DONE IN TRAINING
USING PRECUED ITEMS - SHOULD NEVER BE DONE IN TRAINING
USING PRECUED ITEMS - SHOULD NEVER BE DONE IN TRAINING
USING PRECUED ITEMS - SHOULD NEVER BE DONE IN TRAINING
Loading student run: index_cued_first_diffusion_0.3_swap_recovery_1
[index_cued_first_diffusion_0.3_swap_recovery_1] trial 0/16
USING PRECUED ITEMS - SHOULD NEVER BE DONE IN TRAINING
USING PRECUED ITEMS - SHOULD NEVER BE DONE IN TRAINING
USING PRECUED ITEMS - SHOULD NEVER BE DONE IN TRAINING
USING PRECUED ITEMS - SHOULD NEVER BE DONE IN TRAINING
USING PRECUED ITEMS - SHOULD NEVER BE DONE IN TRAINING
USING PRECUED ITEMS - SHOULD NEVER BE DONE IN TRAINING
USING PRECUED ITEMS - SHOULD NEVER BE DONE IN TRAINING
USING PRECUED ITEMS - SHOULD NEVER BE DONE IN TRAINING
USING PRECUED ITEMS - SHOULD NEVER BE DONE IN TRAINING
USING PRECUED ITEMS - SHOULD NEVER BE DONE IN TRAINING
USING PRECUED ITEMS - SHOULD NEVER BE DONE IN TRAINING
USING PRECUED ITEMS - SHOULD NEVER BE DONE IN TRAINING
USING PRECUED ITEMS - SHOULD NEVER BE DONE IN TRAINING
USING PRECUED ITEMS - SHOULD NEVER BE DONE IN TRAINING
USING PRECUED ITEMS - SHOULD NEVER BE DONE IN TRAINING
USING PRECUED ITEMS - SHOULD NEVER BE DONE IN TRAINING
USING PRECUED ITEMS - SHOULD NEVER BE DONE IN TRAINING
USING PRECUED ITEMS - SHOULD NEVER BE DONE IN TRAINING
USING PRECUED ITEMS - SHOULD NEVER BE DONE IN TRAINING
USING PRECUED ITEMS - SHOULD NEVER BE DONE IN TRAINING
USING PRECUED ITEMS - SHOULD NEVER BE DONE IN TRAINING
USING PRECUED ITEMS - SHOULD NEVER BE DONE IN TRAINING
USING PRECUED ITEMS - SHOULD NEVER BE DONE IN TRAINING
USING PRECUED ITEMS - SHOULD NEVER BE DONE IN TRAINING
USING PRECUED ITEMS - SHOULD NEVER BE DONE IN TRAINING
USING PRECUED ITEMS - SHOULD NEVER BE DONE IN TRAINING
USING PRECUED ITEMS - SHOULD NEVER BE DONE IN TRAINING
USING PRECUED ITEMS - SHOULD NEVER BE DONE IN TRAINING
USING PRECUED ITEMS - SHOULD NEVER BE DONE IN TRAINING
USING PRECUED ITEMS - SHOULD NEVER BE DONE IN TRAINING
USING PRECUED ITEMS - SHOULD NEVER BE DONE IN TRAINING
USING PRECUED ITEMS - SHOULD NEVER BE DONE IN TRAINING
Loading student run: index_cued_first_diffusion_0.3_swap_recovery_2
[index_cued_first_diffusion_0.3_swap_recovery_2] trial 0/16
USING PRECUED ITEMS - SHOULD NEVER BE DONE IN TRAINING
USING PRECUED ITEMS - SHOULD NEVER BE DONE IN TRAINING
USING PRECUED ITEMS - SHOULD NEVER BE DONE IN TRAINING
USING PRECUED ITEMS - SHOULD NEVER BE DONE IN TRAINING
USING PRECUED ITEMS - SHOULD NEVER BE DONE IN TRAINING
USING PRECUED ITEMS - SHOULD NEVER BE DONE IN TRAINING
USING PRECUED ITEMS - SHOULD NEVER BE DONE IN TRAINING
USING PRECUED ITEMS - SHOULD NEVER BE DONE IN TRAINING
USING PRECUED ITEMS - SHOULD NEVER BE DONE IN TRAINING
USING PRECUED ITEMS - SHOULD NEVER BE DONE IN TRAINING
USING PRECUED ITEMS - SHOULD NEVER BE DONE IN TRAINING
USING PRECUED ITEMS - SHOULD NEVER BE DONE IN TRAINING
USING PRECUED ITEMS - SHOULD NEVER BE DONE IN TRAINING
USING PRECUED ITEMS - SHOULD NEVER BE DONE IN TRAINING
USING PRECUED ITEMS - SHOULD NEVER BE DONE IN TRAINING
USING PRECUED ITEMS - SHOULD NEVER BE DONE IN TRAINING
USING PRECUED ITEMS - SHOULD NEVER BE DONE IN TRAINING
USING PRECUED ITEMS - SHOULD NEVER BE DONE IN TRAINING
USING PRECUED ITEMS - SHOULD NEVER BE DONE IN TRAINING
USING PRECUED ITEMS - SHOULD NEVER BE DONE IN TRAINING
USING PRECUED ITEMS - SHOULD NEVER BE DONE IN TRAINING
USING PRECUED ITEMS - SHOULD NEVER BE DONE IN TRAINING
USING PRECUED ITEMS - SHOULD NEVER BE DONE IN TRAINING
USING PRECUED ITEMS - SHOULD NEVER BE DONE IN TRAINING
USING PRECUED ITEMS - SHOULD NEVER BE DONE IN TRAINING
USING PRECUED ITEMS - SHOULD NEVER BE DONE IN TRAINING
USING PRECUED ITEMS - SHOULD NEVER BE DONE IN TRAINING
USING PRECUED ITEMS - SHOULD NEVER BE DONE IN TRAINING
USING PRECUED ITEMS - SHOULD NEVER BE DONE IN TRAINING
USING PRECUED ITEMS - SHOULD NEVER BE DONE IN TRAINING
USING PRECUED ITEMS - SHOULD NEVER BE DONE IN TRAINING
USING PRECUED ITEMS - SHOULD NEVER BE DONE IN TRAINING
Loading student run: index_cued_first_diffusion_0.3_swap_recovery_3
[index_cued_first_diffusion_0.3_swap_recovery_3] trial 0/16
USING PRECUED ITEMS - SHOULD NEVER BE DONE IN TRAINING
USING PRECUED ITEMS - SHOULD NEVER BE DONE IN TRAINING
USING PRECUED ITEMS - SHOULD NEVER BE DONE IN TRAINING
USING PRECUED ITEMS - SHOULD NEVER BE DONE IN TRAINING
USING PRECUED ITEMS - SHOULD NEVER BE DONE IN TRAINING
USING PRECUED ITEMS - SHOULD NEVER BE DONE IN TRAINING
USING PRECUED ITEMS - SHOULD NEVER BE DONE IN TRAINING
USING PRECUED ITEMS - SHOULD NEVER BE DONE IN TRAINING
USING PRECUED ITEMS - SHOULD NEVER BE DONE IN TRAINING
USING PRECUED ITEMS - SHOULD NEVER BE DONE IN TRAINING
USING PRECUED ITEMS - SHOULD NEVER BE DONE IN TRAINING
USING PRECUED ITEMS - SHOULD NEVER BE DONE IN TRAINING
USING PRECUED ITEMS - SHOULD NEVER BE DONE IN TRAINING
USING PRECUED ITEMS - SHOULD NEVER BE DONE IN TRAINING
USING PRECUED ITEMS - SHOULD NEVER BE DONE IN TRAINING
USING PRECUED ITEMS - SHOULD NEVER BE DONE IN TRAINING
USING PRECUED ITEMS - SHOULD NEVER BE DONE IN TRAINING
USING PRECUED ITEMS - SHOULD NEVER BE DONE IN TRAINING
USING PRECUED ITEMS - SHOULD NEVER BE DONE IN TRAINING
USING PRECUED ITEMS - SHOULD NEVER BE DONE IN TRAINING
USING PRECUED ITEMS - SHOULD NEVER BE DONE IN TRAINING
USING PRECUED ITEMS - SHOULD NEVER BE DONE IN TRAINING
USING PRECUED ITEMS - SHOULD NEVER BE DONE IN TRAINING
USING PRECUED ITEMS - SHOULD NEVER BE DONE IN TRAINING
USING PRECUED ITEMS - SHOULD NEVER BE DONE IN TRAINING
USING PRECUED ITEMS - SHOULD NEVER BE DONE IN TRAINING
USING PRECUED ITEMS - SHOULD NEVER BE DONE IN TRAINING
USING PRECUED ITEMS - SHOULD NEVER BE DONE IN TRAINING
USING PRECUED ITEMS - SHOULD NEVER BE DONE IN TRAINING
USING PRECUED ITEMS - SHOULD NEVER BE DONE IN TRAINING
USING PRECUED ITEMS - SHOULD NEVER BE DONE IN TRAINING
USING PRECUED ITEMS - SHOULD NEVER BE DONE IN TRAINING
Loading student run: index_cued_first_diffusion_0.3_swap_recovery_4
[index_cued_first_diffusion_0.3_swap_recovery_4] trial 0/16
USING PRECUED ITEMS - SHOULD NEVER BE DONE IN TRAINING
USING PRECUED ITEMS - SHOULD NEVER BE DONE IN TRAINING
USING PRECUED ITEMS - SHOULD NEVER BE DONE IN TRAINING
USING PRECUED ITEMS - SHOULD NEVER BE DONE IN TRAINING
USING PRECUED ITEMS - SHOULD NEVER BE DONE IN TRAINING
USING PRECUED ITEMS - SHOULD NEVER BE DONE IN TRAINING
USING PRECUED ITEMS - SHOULD NEVER BE DONE IN TRAINING
USING PRECUED ITEMS - SHOULD NEVER BE DONE IN TRAINING
USING PRECUED ITEMS - SHOULD NEVER BE DONE IN TRAINING
USING PRECUED ITEMS - SHOULD NEVER BE DONE IN TRAINING
USING PRECUED ITEMS - SHOULD NEVER BE DONE IN TRAINING
USING PRECUED ITEMS - SHOULD NEVER BE DONE IN TRAINING
USING PRECUED ITEMS - SHOULD NEVER BE DONE IN TRAINING
USING PRECUED ITEMS - SHOULD NEVER BE DONE IN TRAINING
USING PRECUED ITEMS - SHOULD NEVER BE DONE IN TRAINING
USING PRECUED ITEMS - SHOULD NEVER BE DONE IN TRAINING
USING PRECUED ITEMS - SHOULD NEVER BE DONE IN TRAINING
USING PRECUED ITEMS - SHOULD NEVER BE DONE IN TRAINING
USING PRECUED ITEMS - SHOULD NEVER BE DONE IN TRAINING
USING PRECUED ITEMS - SHOULD NEVER BE DONE IN TRAINING
USING PRECUED ITEMS - SHOULD NEVER BE DONE IN TRAINING
USING PRECUED ITEMS - SHOULD NEVER BE DONE IN TRAINING
USING PRECUED ITEMS - SHOULD NEVER BE DONE IN TRAINING
USING PRECUED ITEMS - SHOULD NEVER BE DONE IN TRAINING
USING PRECUED ITEMS - SHOULD NEVER BE DONE IN TRAINING
USING PRECUED ITEMS - SHOULD NEVER BE DONE IN TRAINING
USING PRECUED ITEMS - SHOULD NEVER BE DONE IN TRAINING
USING PRECUED ITEMS - SHOULD NEVER BE DONE IN TRAINING
USING PRECUED ITEMS - SHOULD NEVER BE DONE IN TRAINING
USING PRECUED ITEMS - SHOULD NEVER BE DONE IN TRAINING
USING PRECUED ITEMS - SHOULD NEVER BE DONE IN TRAINING
USING PRECUED ITEMS - SHOULD NEVER BE DONE IN TRAINING
Loading student run: index_cued_first_diffusion_0.3_swap_recovery_5
[index_cued_first_diffusion_0.3_swap_recovery_5] trial 0/16
USING PRECUED ITEMS - SHOULD NEVER BE DONE IN TRAINING
USING PRECUED ITEMS - SHOULD NEVER BE DONE IN TRAINING
USING PRECUED ITEMS - SHOULD NEVER BE DONE IN TRAINING
USING PRECUED ITEMS - SHOULD NEVER BE DONE IN TRAINING
USING PRECUED ITEMS - SHOULD NEVER BE DONE IN TRAINING
USING PRECUED ITEMS - SHOULD NEVER BE DONE IN TRAINING
USING PRECUED ITEMS - SHOULD NEVER BE DONE IN TRAINING
USING PRECUED ITEMS - SHOULD NEVER BE DONE IN TRAINING
USING PRECUED ITEMS - SHOULD NEVER BE DONE IN TRAINING
USING PRECUED ITEMS - SHOULD NEVER BE DONE IN TRAINING
USING PRECUED ITEMS - SHOULD NEVER BE DONE IN TRAINING
USING PRECUED ITEMS - SHOULD NEVER BE DONE IN TRAINING
USING PRECUED ITEMS - SHOULD NEVER BE DONE IN TRAINING
USING PRECUED ITEMS - SHOULD NEVER BE DONE IN TRAINING
USING PRECUED ITEMS - SHOULD NEVER BE DONE IN TRAINING
USING PRECUED ITEMS - SHOULD NEVER BE DONE IN TRAINING
USING PRECUED ITEMS - SHOULD NEVER BE DONE IN TRAINING
USING PRECUED ITEMS - SHOULD NEVER BE DONE IN TRAINING
USING PRECUED ITEMS - SHOULD NEVER BE DONE IN TRAINING
USING PRECUED ITEMS - SHOULD NEVER BE DONE IN TRAINING
USING PRECUED ITEMS - SHOULD NEVER BE DONE IN TRAINING
USING PRECUED ITEMS - SHOULD NEVER BE DONE IN TRAINING
USING PRECUED ITEMS - SHOULD NEVER BE DONE IN TRAINING
USING PRECUED ITEMS - SHOULD NEVER BE DONE IN TRAINING
USING PRECUED ITEMS - SHOULD NEVER BE DONE IN TRAINING
USING PRECUED ITEMS - SHOULD NEVER BE DONE IN TRAINING
USING PRECUED ITEMS - SHOULD NEVER BE DONE IN TRAINING
USING PRECUED ITEMS - SHOULD NEVER BE DONE IN TRAINING
USING PRECUED ITEMS - SHOULD NEVER BE DONE IN TRAINING
USING PRECUED ITEMS - SHOULD NEVER BE DONE IN TRAINING
USING PRECUED ITEMS - SHOULD NEVER BE DONE IN TRAINING
USING PRECUED ITEMS - SHOULD NEVER BE DONE IN TRAINING
Loading student run: index_cued_first_diffusion_0.3_swap_recovery_6
[index_cued_first_diffusion_0.3_swap_recovery_6] trial 0/16
USING PRECUED ITEMS - SHOULD NEVER BE DONE IN TRAINING
USING PRECUED ITEMS - SHOULD NEVER BE DONE IN TRAINING
USING PRECUED ITEMS - SHOULD NEVER BE DONE IN TRAINING
USING PRECUED ITEMS - SHOULD NEVER BE DONE IN TRAINING
USING PRECUED ITEMS - SHOULD NEVER BE DONE IN TRAINING
USING PRECUED ITEMS - SHOULD NEVER BE DONE IN TRAINING
USING PRECUED ITEMS - SHOULD NEVER BE DONE IN TRAINING
USING PRECUED ITEMS - SHOULD NEVER BE DONE IN TRAINING
USING PRECUED ITEMS - SHOULD NEVER BE DONE IN TRAINING
USING PRECUED ITEMS - SHOULD NEVER BE DONE IN TRAINING
USING PRECUED ITEMS - SHOULD NEVER BE DONE IN TRAINING
USING PRECUED ITEMS - SHOULD NEVER BE DONE IN TRAINING
USING PRECUED ITEMS - SHOULD NEVER BE DONE IN TRAINING
USING PRECUED ITEMS - SHOULD NEVER BE DONE IN TRAINING
USING PRECUED ITEMS - SHOULD NEVER BE DONE IN TRAINING
USING PRECUED ITEMS - SHOULD NEVER BE DONE IN TRAINING
USING PRECUED ITEMS - SHOULD NEVER BE DONE IN TRAINING
USING PRECUED ITEMS - SHOULD NEVER BE DONE IN TRAINING
USING PRECUED ITEMS - SHOULD NEVER BE DONE IN TRAINING
USING PRECUED ITEMS - SHOULD NEVER BE DONE IN TRAINING
USING PRECUED ITEMS - SHOULD NEVER BE DONE IN TRAINING
USING PRECUED ITEMS - SHOULD NEVER BE DONE IN TRAINING
USING PRECUED ITEMS - SHOULD NEVER BE DONE IN TRAINING
USING PRECUED ITEMS - SHOULD NEVER BE DONE IN TRAINING
USING PRECUED ITEMS - SHOULD NEVER BE DONE IN TRAINING
USING PRECUED ITEMS - SHOULD NEVER BE DONE IN TRAINING
USING PRECUED ITEMS - SHOULD NEVER BE DONE IN TRAINING
USING PRECUED ITEMS - SHOULD NEVER BE DONE IN TRAINING
USING PRECUED ITEMS - SHOULD NEVER BE DONE IN TRAINING
USING PRECUED ITEMS - SHOULD NEVER BE DONE IN TRAINING
USING PRECUED ITEMS - SHOULD NEVER BE DONE IN TRAINING
USING PRECUED ITEMS - SHOULD NEVER BE DONE IN TRAINING
Loading student run: index_cued_first_diffusion_0.3_swap_recovery_7
[index_cued_first_diffusion_0.3_swap_recovery_7] trial 0/16
USING PRECUED ITEMS - SHOULD NEVER BE DONE IN TRAINING
USING PRECUED ITEMS - SHOULD NEVER BE DONE IN TRAINING
USING PRECUED ITEMS - SHOULD NEVER BE DONE IN TRAINING
USING PRECUED ITEMS - SHOULD NEVER BE DONE IN TRAINING
USING PRECUED ITEMS - SHOULD NEVER BE DONE IN TRAINING
USING PRECUED ITEMS - SHOULD NEVER BE DONE IN TRAINING
USING PRECUED ITEMS - SHOULD NEVER BE DONE IN TRAINING
USING PRECUED ITEMS - SHOULD NEVER BE DONE IN TRAINING
USING PRECUED ITEMS - SHOULD NEVER BE DONE IN TRAINING
USING PRECUED ITEMS - SHOULD NEVER BE DONE IN TRAINING
USING PRECUED ITEMS - SHOULD NEVER BE DONE IN TRAINING
USING PRECUED ITEMS - SHOULD NEVER BE DONE IN TRAINING
USING PRECUED ITEMS - SHOULD NEVER BE DONE IN TRAINING
USING PRECUED ITEMS - SHOULD NEVER BE DONE IN TRAINING
USING PRECUED ITEMS - SHOULD NEVER BE DONE IN TRAINING
USING PRECUED ITEMS - SHOULD NEVER BE DONE IN TRAINING
USING PRECUED ITEMS - SHOULD NEVER BE DONE IN TRAINING
USING PRECUED ITEMS - SHOULD NEVER BE DONE IN TRAINING
USING PRECUED ITEMS - SHOULD NEVER BE DONE IN TRAINING
USING PRECUED ITEMS - SHOULD NEVER BE DONE IN TRAINING
USING PRECUED ITEMS - SHOULD NEVER BE DONE IN TRAINING
USING PRECUED ITEMS - SHOULD NEVER BE DONE IN TRAINING
USING PRECUED ITEMS - SHOULD NEVER BE DONE IN TRAINING
USING PRECUED ITEMS - SHOULD NEVER BE DONE IN TRAINING
USING PRECUED ITEMS - SHOULD NEVER BE DONE IN TRAINING
USING PRECUED ITEMS - SHOULD NEVER BE DONE IN TRAINING
USING PRECUED ITEMS - SHOULD NEVER BE DONE IN TRAINING
USING PRECUED ITEMS - SHOULD NEVER BE DONE IN TRAINING
USING PRECUED ITEMS - SHOULD NEVER BE DONE IN TRAINING
USING PRECUED ITEMS - SHOULD NEVER BE DONE IN TRAINING
USING PRECUED ITEMS - SHOULD NEVER BE DONE IN TRAINING
USING PRECUED ITEMS - SHOULD NEVER BE DONE IN TRAINING
Loading student run: index_cued_first_diffusion_0.3_swap_recovery_8
[index_cued_first_diffusion_0.3_swap_recovery_8] trial 0/16
USING PRECUED ITEMS - SHOULD NEVER BE DONE IN TRAINING
USING PRECUED ITEMS - SHOULD NEVER BE DONE IN TRAINING
USING PRECUED ITEMS - SHOULD NEVER BE DONE IN TRAINING
USING PRECUED ITEMS - SHOULD NEVER BE DONE IN TRAINING
USING PRECUED ITEMS - SHOULD NEVER BE DONE IN TRAINING
USING PRECUED ITEMS - SHOULD NEVER BE DONE IN TRAINING
USING PRECUED ITEMS - SHOULD NEVER BE DONE IN TRAINING
USING PRECUED ITEMS - SHOULD NEVER BE DONE IN TRAINING
USING PRECUED ITEMS - SHOULD NEVER BE DONE IN TRAINING
USING PRECUED ITEMS - SHOULD NEVER BE DONE IN TRAINING
USING PRECUED ITEMS - SHOULD NEVER BE DONE IN TRAINING
USING PRECUED ITEMS - SHOULD NEVER BE DONE IN TRAINING
USING PRECUED ITEMS - SHOULD NEVER BE DONE IN TRAINING
USING PRECUED ITEMS - SHOULD NEVER BE DONE IN TRAINING
USING PRECUED ITEMS - SHOULD NEVER BE DONE IN TRAINING
USING PRECUED ITEMS - SHOULD NEVER BE DONE IN TRAINING
USING PRECUED ITEMS - SHOULD NEVER BE DONE IN TRAINING
USING PRECUED ITEMS - SHOULD NEVER BE DONE IN TRAINING
USING PRECUED ITEMS - SHOULD NEVER BE DONE IN TRAINING
USING PRECUED ITEMS - SHOULD NEVER BE DONE IN TRAINING
USING PRECUED ITEMS - SHOULD NEVER BE DONE IN TRAINING
USING PRECUED ITEMS - SHOULD NEVER BE DONE IN TRAINING
USING PRECUED ITEMS - SHOULD NEVER BE DONE IN TRAINING
USING PRECUED ITEMS - SHOULD NEVER BE DONE IN TRAINING
USING PRECUED ITEMS - SHOULD NEVER BE DONE IN TRAINING
USING PRECUED ITEMS - SHOULD NEVER BE DONE IN TRAINING
USING PRECUED ITEMS - SHOULD NEVER BE DONE IN TRAINING
USING PRECUED ITEMS - SHOULD NEVER BE DONE IN TRAINING
USING PRECUED ITEMS - SHOULD NEVER BE DONE IN TRAINING
USING PRECUED ITEMS - SHOULD NEVER BE DONE IN TRAINING
USING PRECUED ITEMS - SHOULD NEVER BE DONE IN TRAINING
USING PRECUED ITEMS - SHOULD NEVER BE DONE IN TRAINING
Loading student run: index_cued_first_diffusion_0.3_swap_recovery_9
[index_cued_first_diffusion_0.3_swap_recovery_9] trial 0/16
USING PRECUED ITEMS - SHOULD NEVER BE DONE IN TRAINING
USING PRECUED ITEMS - SHOULD NEVER BE DONE IN TRAINING
USING PRECUED ITEMS - SHOULD NEVER BE DONE IN TRAINING
USING PRECUED ITEMS - SHOULD NEVER BE DONE IN TRAINING
USING PRECUED ITEMS - SHOULD NEVER BE DONE IN TRAINING
USING PRECUED ITEMS - SHOULD NEVER BE DONE IN TRAINING
USING PRECUED ITEMS - SHOULD NEVER BE DONE IN TRAINING
USING PRECUED ITEMS - SHOULD NEVER BE DONE IN TRAINING
USING PRECUED ITEMS - SHOULD NEVER BE DONE IN TRAINING
USING PRECUED ITEMS - SHOULD NEVER BE DONE IN TRAINING
USING PRECUED ITEMS - SHOULD NEVER BE DONE IN TRAINING
USING PRECUED ITEMS - SHOULD NEVER BE DONE IN TRAINING
USING PRECUED ITEMS - SHOULD NEVER BE DONE IN TRAINING
USING PRECUED ITEMS - SHOULD NEVER BE DONE IN TRAINING
USING PRECUED ITEMS - SHOULD NEVER BE DONE IN TRAINING
USING PRECUED ITEMS - SHOULD NEVER BE DONE IN TRAINING
USING PRECUED ITEMS - SHOULD NEVER BE DONE IN TRAINING
USING PRECUED ITEMS - SHOULD NEVER BE DONE IN TRAINING
USING PRECUED ITEMS - SHOULD NEVER BE DONE IN TRAINING
USING PRECUED ITEMS - SHOULD NEVER BE DONE IN TRAINING
USING PRECUED ITEMS - SHOULD NEVER BE DONE IN TRAINING
USING PRECUED ITEMS - SHOULD NEVER BE DONE IN TRAINING
USING PRECUED ITEMS - SHOULD NEVER BE DONE IN TRAINING
USING PRECUED ITEMS - SHOULD NEVER BE DONE IN TRAINING
USING PRECUED ITEMS - SHOULD NEVER BE DONE IN TRAINING
USING PRECUED ITEMS - SHOULD NEVER BE DONE IN TRAINING
USING PRECUED ITEMS - SHOULD NEVER BE DONE IN TRAINING
USING PRECUED ITEMS - SHOULD NEVER BE DONE IN TRAINING
USING PRECUED ITEMS - SHOULD NEVER BE DONE IN TRAINING
USING PRECUED ITEMS - SHOULD NEVER BE DONE IN TRAINING
USING PRECUED ITEMS - SHOULD NEVER BE DONE IN TRAINING
USING PRECUED ITEMS - SHOULD NEVER BE DONE IN TRAINING
Loading student run: index_cued_first_diffusion_0.3_swap_recovery_10
[index_cued_first_diffusion_0.3_swap_recovery_10] trial 0/16
USING PRECUED ITEMS - SHOULD NEVER BE DONE IN TRAINING
USING PRECUED ITEMS - SHOULD NEVER BE DONE IN TRAINING
USING PRECUED ITEMS - SHOULD NEVER BE DONE IN TRAINING
USING PRECUED ITEMS - SHOULD NEVER BE DONE IN TRAINING
USING PRECUED ITEMS - SHOULD NEVER BE DONE IN TRAINING
USING PRECUED ITEMS - SHOULD NEVER BE DONE IN TRAINING
USING PRECUED ITEMS - SHOULD NEVER BE DONE IN TRAINING
USING PRECUED ITEMS - SHOULD NEVER BE DONE IN TRAINING
USING PRECUED ITEMS - SHOULD NEVER BE DONE IN TRAINING
USING PRECUED ITEMS - SHOULD NEVER BE DONE IN TRAINING
USING PRECUED ITEMS - SHOULD NEVER BE DONE IN TRAINING
USING PRECUED ITEMS - SHOULD NEVER BE DONE IN TRAINING
USING PRECUED ITEMS - SHOULD NEVER BE DONE IN TRAINING
USING PRECUED ITEMS - SHOULD NEVER BE DONE IN TRAINING
USING PRECUED ITEMS - SHOULD NEVER BE DONE IN TRAINING
USING PRECUED ITEMS - SHOULD NEVER BE DONE IN TRAINING
USING PRECUED ITEMS - SHOULD NEVER BE DONE IN TRAINING
USING PRECUED ITEMS - SHOULD NEVER BE DONE IN TRAINING
USING PRECUED ITEMS - SHOULD NEVER BE DONE IN TRAINING
USING PRECUED ITEMS - SHOULD NEVER BE DONE IN TRAINING
USING PRECUED ITEMS - SHOULD NEVER BE DONE IN TRAINING
USING PRECUED ITEMS - SHOULD NEVER BE DONE IN TRAINING
USING PRECUED ITEMS - SHOULD NEVER BE DONE IN TRAINING
USING PRECUED ITEMS - SHOULD NEVER BE DONE IN TRAINING
USING PRECUED ITEMS - SHOULD NEVER BE DONE IN TRAINING
USING PRECUED ITEMS - SHOULD NEVER BE DONE IN TRAINING
USING PRECUED ITEMS - SHOULD NEVER BE DONE IN TRAINING
USING PRECUED ITEMS - SHOULD NEVER BE DONE IN TRAINING
USING PRECUED ITEMS - SHOULD NEVER BE DONE IN TRAINING
USING PRECUED ITEMS - SHOULD NEVER BE DONE IN TRAINING
USING PRECUED ITEMS - SHOULD NEVER BE DONE IN TRAINING
USING PRECUED ITEMS - SHOULD NEVER BE DONE IN TRAINING
Loading student run: index_cued_first_diffusion_0.3_swap_recovery_11
[index_cued_first_diffusion_0.3_swap_recovery_11] trial 0/16
USING PRECUED ITEMS - SHOULD NEVER BE DONE IN TRAINING
USING PRECUED ITEMS - SHOULD NEVER BE DONE IN TRAINING
USING PRECUED ITEMS - SHOULD NEVER BE DONE IN TRAINING
USING PRECUED ITEMS - SHOULD NEVER BE DONE IN TRAINING
USING PRECUED ITEMS - SHOULD NEVER BE DONE IN TRAINING
USING PRECUED ITEMS - SHOULD NEVER BE DONE IN TRAINING
USING PRECUED ITEMS - SHOULD NEVER BE DONE IN TRAINING
USING PRECUED ITEMS - SHOULD NEVER BE DONE IN TRAINING
USING PRECUED ITEMS - SHOULD NEVER BE DONE IN TRAINING
USING PRECUED ITEMS - SHOULD NEVER BE DONE IN TRAINING
USING PRECUED ITEMS - SHOULD NEVER BE DONE IN TRAINING
USING PRECUED ITEMS - SHOULD NEVER BE DONE IN TRAINING
USING PRECUED ITEMS - SHOULD NEVER BE DONE IN TRAINING
USING PRECUED ITEMS - SHOULD NEVER BE DONE IN TRAINING
USING PRECUED ITEMS - SHOULD NEVER BE DONE IN TRAINING
USING PRECUED ITEMS - SHOULD NEVER BE DONE IN TRAINING
USING PRECUED ITEMS - SHOULD NEVER BE DONE IN TRAINING
USING PRECUED ITEMS - SHOULD NEVER BE DONE IN TRAINING
USING PRECUED ITEMS - SHOULD NEVER BE DONE IN TRAINING
USING PRECUED ITEMS - SHOULD NEVER BE DONE IN TRAINING
USING PRECUED ITEMS - SHOULD NEVER BE DONE IN TRAINING
USING PRECUED ITEMS - SHOULD NEVER BE DONE IN TRAINING
USING PRECUED ITEMS - SHOULD NEVER BE DONE IN TRAINING
USING PRECUED ITEMS - SHOULD NEVER BE DONE IN TRAINING
USING PRECUED ITEMS - SHOULD NEVER BE DONE IN TRAINING
USING PRECUED ITEMS - SHOULD NEVER BE DONE IN TRAINING
USING PRECUED ITEMS - SHOULD NEVER BE DONE IN TRAINING
USING PRECUED ITEMS - SHOULD NEVER BE DONE IN TRAINING
USING PRECUED ITEMS - SHOULD NEVER BE DONE IN TRAINING
USING PRECUED ITEMS - SHOULD NEVER BE DONE IN TRAINING
USING PRECUED ITEMS - SHOULD NEVER BE DONE IN TRAINING
USING PRECUED ITEMS - SHOULD NEVER BE DONE IN TRAINING
Loading student run: index_cued_first_diffusion_0.3_swap_recovery_12
[index_cued_first_diffusion_0.3_swap_recovery_12] trial 0/16
USING PRECUED ITEMS - SHOULD NEVER BE DONE IN TRAINING
USING PRECUED ITEMS - SHOULD NEVER BE DONE IN TRAINING
USING PRECUED ITEMS - SHOULD NEVER BE DONE IN TRAINING
USING PRECUED ITEMS - SHOULD NEVER BE DONE IN TRAINING
USING PRECUED ITEMS - SHOULD NEVER BE DONE IN TRAINING
USING PRECUED ITEMS - SHOULD NEVER BE DONE IN TRAINING
USING PRECUED ITEMS - SHOULD NEVER BE DONE IN TRAINING
USING PRECUED ITEMS - SHOULD NEVER BE DONE IN TRAINING
USING PRECUED ITEMS - SHOULD NEVER BE DONE IN TRAINING
USING PRECUED ITEMS - SHOULD NEVER BE DONE IN TRAINING
USING PRECUED ITEMS - SHOULD NEVER BE DONE IN TRAINING
USING PRECUED ITEMS - SHOULD NEVER BE DONE IN TRAINING
USING PRECUED ITEMS - SHOULD NEVER BE DONE IN TRAINING
USING PRECUED ITEMS - SHOULD NEVER BE DONE IN TRAINING
USING PRECUED ITEMS - SHOULD NEVER BE DONE IN TRAINING
USING PRECUED ITEMS - SHOULD NEVER BE DONE IN TRAINING
USING PRECUED ITEMS - SHOULD NEVER BE DONE IN TRAINING
USING PRECUED ITEMS - SHOULD NEVER BE DONE IN TRAINING
USING PRECUED ITEMS - SHOULD NEVER BE DONE IN TRAINING
USING PRECUED ITEMS - SHOULD NEVER BE DONE IN TRAINING
USING PRECUED ITEMS - SHOULD NEVER BE DONE IN TRAINING
USING PRECUED ITEMS - SHOULD NEVER BE DONE IN TRAINING
USING PRECUED ITEMS - SHOULD NEVER BE DONE IN TRAINING
USING PRECUED ITEMS - SHOULD NEVER BE DONE IN TRAINING
USING PRECUED ITEMS - SHOULD NEVER BE DONE IN TRAINING
USING PRECUED ITEMS - SHOULD NEVER BE DONE IN TRAINING
USING PRECUED ITEMS - SHOULD NEVER BE DONE IN TRAINING
USING PRECUED ITEMS - SHOULD NEVER BE DONE IN TRAINING
USING PRECUED ITEMS - SHOULD NEVER BE DONE IN TRAINING/scratch3/shaiq_home/repos/behaviour_ddpm/ddpm/analysis/new_analysis/run_ablation_student_comparison.py:410: DeprecationWarning: `trapz` is deprecated. Use `trapezoid` instead, or one of the numerical integration functions in `scipy.integrate`.
  'auc_independent': float(np.trapz(curve_indep) * dt),
/scratch3/shaiq_home/repos/behaviour_ddpm/ddpm/analysis/new_analysis/run_ablation_student_comparison.py:411: DeprecationWarning: `trapz` is deprecated. Use `trapezoid` instead, or one of the numerical integration functions in `scipy.integrate`.
  'auc_shared_q': float(np.trapz(curve_shared) * dt),
/scratch3/shaiq_home/repos/behaviour_ddpm/ddpm/analysis/new_analysis/run_ablation_student_comparison.py:410: DeprecationWarning: `trapz` is deprecated. Use `trapezoid` instead, or one of the numerical integration functions in `scipy.integrate`.
  'auc_independent': float(np.trapz(curve_indep) * dt),
/scratch3/shaiq_home/repos/behaviour_ddpm/ddpm/analysis/new_analysis/run_ablation_student_comparison.py:411: DeprecationWarning: `trapz` is deprecated. Use `trapezoid` instead, or one of the numerical integration functions in `scipy.integrate`.
  'auc_shared_q': float(np.trapz(curve_shared) * dt),
/scratch3/shaiq_home/repos/behaviour_ddpm/ddpm/analysis/new_analysis/run_ablation_student_comparison.py:410: DeprecationWarning: `trapz` is deprecated. Use `trapezoid` instead, or one of the numerical integration functions in `scipy.integrate`.
  'auc_independent': float(np.trapz(curve_indep) * dt),
/scratch3/shaiq_home/repos/behaviour_ddpm/ddpm/analysis/new_analysis/run_ablation_student_comparison.py:411: DeprecationWarning: `trapz` is deprecated. Use `trapezoid` instead, or one of the numerical integration functions in `scipy.integrate`.
  'auc_shared_q': float(np.trapz(curve_shared) * dt),
/scratch3/shaiq_home/repos/behaviour_ddpm/ddpm/analysis/new_analysis/run_ablation_student_comparison.py:410: DeprecationWarning: `trapz` is deprecated. Use `trapezoid` instead, or one of the numerical integration functions in `scipy.integrate`.
  'auc_independent': float(np.trapz(curve_indep) * dt),
/scratch3/shaiq_home/repos/behaviour_ddpm/ddpm/analysis/new_analysis/run_ablation_student_comparison.py:411: DeprecationWarning: `trapz` is deprecated. Use `trapezoid` instead, or one of the numerical integration functions in `scipy.integrate`.
  'auc_shared_q': float(np.trapz(curve_shared) * dt),
/scratch3/shaiq_home/repos/behaviour_ddpm/ddpm/analysis/new_analysis/run_ablation_student_comparison.py:410: DeprecationWarning: `trapz` is deprecated. Use `trapezoid` instead, or one of the numerical integration functions in `scipy.integrate`.
  'auc_independent': float(np.trapz(curve_indep) * dt),
/scratch3/shaiq_home/repos/behaviour_ddpm/ddpm/analysis/new_analysis/run_ablation_student_comparison.py:411: DeprecationWarning: `trapz` is deprecated. Use `trapezoid` instead, or one of the numerical integration functions in `scipy.integrate`.
  'auc_shared_q': float(np.trapz(curve_shared) * dt),
/scratch3/shaiq_home/repos/behaviour_ddpm/ddpm/analysis/new_analysis/run_ablation_student_comparison.py:410: DeprecationWarning: `trapz` is deprecated. Use `trapezoid` instead, or one of the numerical integration functions in `scipy.integrate`.
  'auc_independent': float(np.trapz(curve_indep) * dt),
/scratch3/shaiq_home/repos/behaviour_ddpm/ddpm/analysis/new_analysis/run_ablation_student_comparison.py:411: DeprecationWarning: `trapz` is deprecated. Use `trapezoid` instead, or one of the numerical integration functions in `scipy.integrate`.
  'auc_shared_q': float(np.trapz(curve_shared) * dt),
/scratch3/shaiq_home/repos/behaviour_ddpm/ddpm/analysis/new_analysis/run_ablation_student_comparison.py:410: DeprecationWarning: `trapz` is deprecated. Use `trapezoid` instead, or one of the numerical integration functions in `scipy.integrate`.
  'auc_independent': float(np.trapz(curve_indep) * dt),
/scratch3/shaiq_home/repos/behaviour_ddpm/ddpm/analysis/new_analysis/run_ablation_student_comparison.py:411: DeprecationWarning: `trapz` is deprecated. Use `trapezoid` instead, or one of the numerical integration functions in `scipy.integrate`.
  'auc_shared_q': float(np.trapz(curve_shared) * dt),
/scratch3/shaiq_home/repos/behaviour_ddpm/ddpm/analysis/new_analysis/run_ablation_student_comparison.py:410: DeprecationWarning: `trapz` is deprecated. Use `trapezoid` instead, or one of the numerical integration functions in `scipy.integrate`.
  'auc_independent': float(np.trapz(curve_indep) * dt),
/scratch3/shaiq_home/repos/behaviour_ddpm/ddpm/analysis/new_analysis/run_ablation_student_comparison.py:411: DeprecationWarning: `trapz` is deprecated. Use `trapezoid` instead, or one of the numerical integration functions in `scipy.integrate`.
  'auc_shared_q': float(np.trapz(curve_shared) * dt),
/scratch3/shaiq_home/repos/behaviour_ddpm/ddpm/analysis/new_analysis/run_ablation_student_comparison.py:410: DeprecationWarning: `trapz` is deprecated. Use `trapezoid` instead, or one of the numerical integration functions in `scipy.integrate`.
  'auc_independent': float(np.trapz(curve_indep) * dt),
/scratch3/shaiq_home/repos/behaviour_ddpm/ddpm/analysis/new_analysis/run_ablation_student_comparison.py:411: DeprecationWarning: `trapz` is deprecated. Use `trapezoid` instead, or one of the numerical integration functions in `scipy.integrate`.
  'auc_shared_q': float(np.trapz(curve_shared) * dt),
/scratch3/shaiq_home/repos/behaviour_ddpm/ddpm/analysis/new_analysis/run_ablation_student_comparison.py:410: DeprecationWarning: `trapz` is deprecated. Use `trapezoid` instead, or one of the numerical integration functions in `scipy.integrate`.
  'auc_independent': float(np.trapz(curve_indep) * dt),
/scratch3/shaiq_home/repos/behaviour_ddpm/ddpm/analysis/new_analysis/run_ablation_student_comparison.py:411: DeprecationWarning: `trapz` is deprecated. Use `trapezoid` instead, or one of the numerical integration functions in `scipy.integrate`.
  'auc_shared_q': float(np.trapz(curve_shared) * dt),
/scratch3/shaiq_home/repos/behaviour_ddpm/ddpm/analysis/new_analysis/run_ablation_student_comparison.py:410: DeprecationWarning: `trapz` is deprecated. Use `trapezoid` instead, or one of the numerical integration functions in `scipy.integrate`.
  'auc_independent': float(np.trapz(curve_indep) * dt),
/scratch3/shaiq_home/repos/behaviour_ddpm/ddpm/analysis/new_analysis/run_ablation_student_comparison.py:411: DeprecationWarning: `trapz` is deprecated. Use `trapezoid` instead, or one of the numerical integration functions in `scipy.integrate`.
  'auc_shared_q': float(np.trapz(curve_shared) * dt),
/scratch3/shaiq_home/repos/behaviour_ddpm/ddpm/analysis/new_analysis/run_ablation_student_comparison.py:410: DeprecationWarning: `trapz` is deprecated. Use `trapezoid` instead, or one of the numerical integration functions in `scipy.integrate`.
  'auc_independent': float(np.trapz(curve_indep) * dt),
/scratch3/shaiq_home/repos/behaviour_ddpm/ddpm/analysis/new_analysis/run_ablation_student_comparison.py:411: DeprecationWarning: `trapz` is deprecated. Use `trapezoid` instead, or one of the numerical integration functions in `scipy.integrate`.
  'auc_shared_q': float(np.trapz(curve_shared) * dt),
/scratch3/shaiq_home/repos/behaviour_ddpm/ddpm/analysis/new_analysis/run_ablation_student_comparison.py:410: DeprecationWarning: `trapz` is deprecated. Use `trapezoid` instead, or one of the numerical integration functions in `scipy.integrate`.
  'auc_independent': float(np.trapz(curve_indep) * dt),
/scratch3/shaiq_home/repos/behaviour_ddpm/ddpm/analysis/new_analysis/run_ablation_student_comparison.py:411: DeprecationWarning: `trapz` is deprecated. Use `trapezoid` instead, or one of the numerical integration functions in `scipy.integrate`.
  'auc_shared_q': float(np.trapz(curve_shared) * dt),
/scratch3/shaiq_home/repos/behaviour_ddpm/ddpm/analysis/new_analysis/run_ablation_student_comparison.py:410: DeprecationWarning: `trapz` is deprecated. Use `trapezoid` instead, or one of the numerical integration functions in `scipy.integrate`.
  'auc_independent': float(np.trapz(curve_indep) * dt),
/scratch3/shaiq_home/repos/behaviour_ddpm/ddpm/analysis/new_analysis/run_ablation_student_comparison.py:411: DeprecationWarning: `trapz` is deprecated. Use `trapezoid` instead, or one of the numerical integration functions in `scipy.integrate`.
  'auc_shared_q': float(np.trapz(curve_shared) * dt),
/scratch3/shaiq_home/repos/behaviour_ddpm/ddpm/analysis/new_analysis/run_ablation_student_comparison.py:410: DeprecationWarning: `trapz` is deprecated. Use `trapezoid` instead, or one of the numerical integration functions in `scipy.integrate`.
  'auc_independent': float(np.trapz(curve_indep) * dt),
/scratch3/shaiq_home/repos/behaviour_ddpm/ddpm/analysis/new_analysis/run_ablation_student_comparison.py:411: DeprecationWarning: `trapz` is deprecated. Use `trapezoid` instead, or one of the numerical integration functions in `scipy.integrate`.
  'auc_shared_q': float(np.trapz(curve_shared) * dt),
/scratch3/shaiq_home/repos/behaviour_ddpm/ddpm/analysis/new_analysis/run_ablation_student_comparison.py:410: DeprecationWarning: `trapz` is deprecated. Use `trapezoid` instead, or one of the numerical integration functions in `scipy.integrate`.
  'auc_independent': float(np.trapz(curve_indep) * dt),
/scratch3/shaiq_home/repos/behaviour_ddpm/ddpm/analysis/new_analysis/run_ablation_student_comparison.py:411: DeprecationWarning: `trapz` is deprecated. Use `trapezoid` instead, or one of the numerical integration functions in `scipy.integrate`.
  'auc_shared_q': float(np.trapz(curve_shared) * dt),
/scratch3/shaiq_home/repos/behaviour_ddpm/ddpm/analysis/new_analysis/run_ablation_student_comparison.py:410: DeprecationWarning: `trapz` is deprecated. Use `trapezoid` instead, or one of the numerical integration functions in `scipy.integrate`.
  'auc_independent': float(np.trapz(curve_indep) * dt),
/scratch3/shaiq_home/repos/behaviour_ddpm/ddpm/analysis/new_analysis/run_ablation_student_comparison.py:411: DeprecationWarning: `trapz` is deprecated. Use `trapezoid` instead, or one of the numerical integration functions in `scipy.integrate`.
  'auc_shared_q': float(np.trapz(curve_shared) * dt),
/scratch3/shaiq_home/repos/behaviour_ddpm/ddpm/analysis/new_analysis/run_ablation_student_comparison.py:410: DeprecationWarning: `trapz` is deprecated. Use `trapezoid` instead, or one of the numerical integration functions in `scipy.integrate`.
  'auc_independent': float(np.trapz(curve_indep) * dt),
/scratch3/shaiq_home/repos/behaviour_ddpm/ddpm/analysis/new_analysis/run_ablation_student_comparison.py:411: DeprecationWarning: `trapz` is deprecated. Use `trapezoid` instead, or one of the numerical integration functions in `scipy.integrate`.
  'auc_shared_q': float(np.trapz(curve_shared) * dt),
/scratch3/shaiq_home/repos/behaviour_ddpm/ddpm/analysis/new_analysis/run_ablation_student_comparison.py:410: DeprecationWarning: `trapz` is deprecated. Use `trapezoid` instead, or one of the numerical integration functions in `scipy.integrate`.
  'auc_independent': float(np.trapz(curve_indep) * dt),
/scratch3/shaiq_home/repos/behaviour_ddpm/ddpm/analysis/new_analysis/run_ablation_student_comparison.py:411: DeprecationWarning: `trapz` is deprecated. Use `trapezoid` instead, or one of the numerical integration functions in `scipy.integrate`.
  'auc_shared_q': float(np.trapz(curve_shared) * dt),
/scratch3/shaiq_home/repos/behaviour_ddpm/ddpm/analysis/new_analysis/run_ablation_student_comparison.py:410: DeprecationWarning: `trapz` is deprecated. Use `trapezoid` instead, or one of the numerical integration functions in `scipy.integrate`.
  'auc_independent': float(np.trapz(curve_indep) * dt),
/scratch3/shaiq_home/repos/behaviour_ddpm/ddpm/analysis/new_analysis/run_ablation_student_comparison.py:411: DeprecationWarning: `trapz` is deprecated. Use `trapezoid` instead, or one of the numerical integration functions in `scipy.integrate`.
  'auc_shared_q': float(np.trapz(curve_shared) * dt),
/scratch3/shaiq_home/repos/behaviour_ddpm/ddpm/analysis/new_analysis/run_ablation_student_comparison.py:410: DeprecationWarning: `trapz` is deprecated. Use `trapezoid` instead, or one of the numerical integration functions in `scipy.integrate`.
  'auc_independent': float(np.trapz(curve_indep) * dt),
/scratch3/shaiq_home/repos/behaviour_ddpm/ddpm/analysis/new_analysis/run_ablation_student_comparison.py:411: DeprecationWarning: `trapz` is deprecated. Use `trapezoid` instead, or one of the numerical integration functions in `scipy.integrate`.
  'auc_shared_q': float(np.trapz(curve_shared) * dt),
/scratch3/shaiq_home/repos/behaviour_ddpm/ddpm/analysis/new_analysis/run_ablation_student_comparison.py:410: DeprecationWarning: `trapz` is deprecated. Use `trapezoid` instead, or one of the numerical integration functions in `scipy.integrate`.
  'auc_independent': float(np.trapz(curve_indep) * dt),
/scratch3/shaiq_home/repos/behaviour_ddpm/ddpm/analysis/new_analysis/run_ablation_student_comparison.py:411: DeprecationWarning: `trapz` is deprecated. Use `trapezoid` instead, or one of the numerical integration functions in `scipy.integrate`.
  'auc_shared_q': float(np.trapz(curve_shared) * dt),
/scratch3/shaiq_home/repos/behaviour_ddpm/ddpm/analysis/new_analysis/run_ablation_student_comparison.py:410: DeprecationWarning: `trapz` is deprecated. Use `trapezoid` instead, or one of the numerical integration functions in `scipy.integrate`.
  'auc_independent': float(np.trapz(curve_indep) * dt),
/scratch3/shaiq_home/repos/behaviour_ddpm/ddpm/analysis/new_analysis/run_ablation_student_comparison.py:411: DeprecationWarning: `trapz` is deprecated. Use `trapezoid` instead, or one of the numerical integration functions in `scipy.integrate`.
  'auc_shared_q': float(np.trapz(curve_shared) * dt),

USING PRECUED ITEMS - SHOULD NEVER BE DONE IN TRAINING
USING PRECUED ITEMS - SHOULD NEVER BE DONE IN TRAINING
USING PRECUED ITEMS - SHOULD NEVER BE DONE IN TRAINING
Loading student run: index_cued_first_diffusion_0.3_swap_recovery_13
[index_cued_first_diffusion_0.3_swap_recovery_13] trial 0/16
USING PRECUED ITEMS - SHOULD NEVER BE DONE IN TRAINING
USING PRECUED ITEMS - SHOULD NEVER BE DONE IN TRAINING
USING PRECUED ITEMS - SHOULD NEVER BE DONE IN TRAINING
USING PRECUED ITEMS - SHOULD NEVER BE DONE IN TRAINING
USING PRECUED ITEMS - SHOULD NEVER BE DONE IN TRAINING
USING PRECUED ITEMS - SHOULD NEVER BE DONE IN TRAINING
USING PRECUED ITEMS - SHOULD NEVER BE DONE IN TRAINING
USING PRECUED ITEMS - SHOULD NEVER BE DONE IN TRAINING
USING PRECUED ITEMS - SHOULD NEVER BE DONE IN TRAINING
USING PRECUED ITEMS - SHOULD NEVER BE DONE IN TRAINING
USING PRECUED ITEMS - SHOULD NEVER BE DONE IN TRAINING
USING PRECUED ITEMS - SHOULD NEVER BE DONE IN TRAINING
USING PRECUED ITEMS - SHOULD NEVER BE DONE IN TRAINING
USING PRECUED ITEMS - SHOULD NEVER BE DONE IN TRAINING
USING PRECUED ITEMS - SHOULD NEVER BE DONE IN TRAINING
USING PRECUED ITEMS - SHOULD NEVER BE DONE IN TRAINING
USING PRECUED ITEMS - SHOULD NEVER BE DONE IN TRAINING
USING PRECUED ITEMS - SHOULD NEVER BE DONE IN TRAINING
USING PRECUED ITEMS - SHOULD NEVER BE DONE IN TRAINING
USING PRECUED ITEMS - SHOULD NEVER BE DONE IN TRAINING
USING PRECUED ITEMS - SHOULD NEVER BE DONE IN TRAINING
USING PRECUED ITEMS - SHOULD NEVER BE DONE IN TRAINING
USING PRECUED ITEMS - SHOULD NEVER BE DONE IN TRAINING
USING PRECUED ITEMS - SHOULD NEVER BE DONE IN TRAINING
USING PRECUED ITEMS - SHOULD NEVER BE DONE IN TRAINING
USING PRECUED ITEMS - SHOULD NEVER BE DONE IN TRAINING
USING PRECUED ITEMS - SHOULD NEVER BE DONE IN TRAINING
USING PRECUED ITEMS - SHOULD NEVER BE DONE IN TRAINING
USING PRECUED ITEMS - SHOULD NEVER BE DONE IN TRAINING
USING PRECUED ITEMS - SHOULD NEVER BE DONE IN TRAINING
USING PRECUED ITEMS - SHOULD NEVER BE DONE IN TRAINING
USING PRECUED ITEMS - SHOULD NEVER BE DONE IN TRAINING

======================================================================
Processing ablation direction 0
[index_cued_first_diffusion_0.3_swap_7_ablated_dir_00] using ablation direction key: nullspace_00
[index_cued_first_diffusion_0.3_swap_7_ablated_dir_00] trial 0/16
USING PRECUED ITEMS - SHOULD NEVER BE DONE IN TRAINING
USING PRECUED ITEMS - SHOULD NEVER BE DONE IN TRAINING
USING PRECUED ITEMS - SHOULD NEVER BE DONE IN TRAINING
USING PRECUED ITEMS - SHOULD NEVER BE DONE IN TRAINING
USING PRECUED ITEMS - SHOULD NEVER BE DONE IN TRAINING
USING PRECUED ITEMS - SHOULD NEVER BE DONE IN TRAINING
USING PRECUED ITEMS - SHOULD NEVER BE DONE IN TRAINING
USING PRECUED ITEMS - SHOULD NEVER BE DONE IN TRAINING
USING PRECUED ITEMS - SHOULD NEVER BE DONE IN TRAINING
USING PRECUED ITEMS - SHOULD NEVER BE DONE IN TRAINING
USING PRECUED ITEMS - SHOULD NEVER BE DONE IN TRAINING
USING PRECUED ITEMS - SHOULD NEVER BE DONE IN TRAINING
USING PRECUED ITEMS - SHOULD NEVER BE DONE IN TRAINING
USING PRECUED ITEMS - SHOULD NEVER BE DONE IN TRAINING
USING PRECUED ITEMS - SHOULD NEVER BE DONE IN TRAINING
USING PRECUED ITEMS - SHOULD NEVER BE DONE IN TRAINING
[index_cued_first_diffusion_0.3_swap_7_ablated_dir_00] using ablation direction key: nullspace_00
USING PRECUED ITEMS - SHOULD NEVER BE DONE IN TRAINING
USING PRECUED ITEMS - SHOULD NEVER BE DONE IN TRAINING
USING PRECUED ITEMS - SHOULD NEVER BE DONE IN TRAINING
USING PRECUED ITEMS - SHOULD NEVER BE DONE IN TRAINING
USING PRECUED ITEMS - SHOULD NEVER BE DONE IN TRAINING
USING PRECUED ITEMS - SHOULD NEVER BE DONE IN TRAINING
USING PRECUED ITEMS - SHOULD NEVER BE DONE IN TRAINING
USING PRECUED ITEMS - SHOULD NEVER BE DONE IN TRAINING
USING PRECUED ITEMS - SHOULD NEVER BE DONE IN TRAINING
USING PRECUED ITEMS - SHOULD NEVER BE DONE IN TRAINING
USING PRECUED ITEMS - SHOULD NEVER BE DONE IN TRAINING
USING PRECUED ITEMS - SHOULD NEVER BE DONE IN TRAINING
USING PRECUED ITEMS - SHOULD NEVER BE DONE IN TRAINING
USING PRECUED ITEMS - SHOULD NEVER BE DONE IN TRAINING
USING PRECUED ITEMS - SHOULD NEVER BE DONE IN TRAINING
USING PRECUED ITEMS - SHOULD NEVER BE DONE IN TRAINING
  Comparing ablation 0 -> student index_cued_first_diffusion_0.3_swap_recovery_0
  Comparing ablation 0 -> student index_cued_first_diffusion_0.3_swap_recovery_1
  Comparing ablation 0 -> student index_cued_first_diffusion_0.3_swap_recovery_2
  Comparing ablation 0 -> student index_cued_first_diffusion_0.3_swap_recovery_3
  Comparing ablation 0 -> student index_cued_first_diffusion_0.3_swap_recovery_4
  Comparing ablation 0 -> student index_cued_first_diffusion_0.3_swap_recovery_5
  Comparing ablation 0 -> student index_cued_first_diffusion_0.3_swap_recovery_6
  Comparing ablation 0 -> student index_cued_first_diffusion_0.3_swap_recovery_7
  Comparing ablation 0 -> student index_cued_first_diffusion_0.3_swap_recovery_8
  Comparing ablation 0 -> student index_cued_first_diffusion_0.3_swap_recovery_9
  Comparing ablation 0 -> student index_cued_first_diffusion_0.3_swap_recovery_10
  Comparing ablation 0 -> student index_cued_first_diffusion_0.3_swap_recovery_11
  Comparing ablation 0 -> student index_cued_first_diffusion_0.3_swap_recovery_12
  Comparing ablation 0 -> student index_cued_first_diffusion_0.3_swap_recovery_13

======================================================================
Processing ablation direction 1
[index_cued_first_diffusion_0.3_swap_7_ablated_dir_01] using ablation direction key: nullspace_01
[index_cued_first_diffusion_0.3_swap_7_ablated_dir_01] trial 0/16
USING PRECUED ITEMS - SHOULD NEVER BE DONE IN TRAINING
USING PRECUED ITEMS - SHOULD NEVER BE DONE IN TRAINING
USING PRECUED ITEMS - SHOULD NEVER BE DONE IN TRAINING
USING PRECUED ITEMS - SHOULD NEVER BE DONE IN TRAINING
USING PRECUED ITEMS - SHOULD NEVER BE DONE IN TRAINING
USING PRECUED ITEMS - SHOULD NEVER BE DONE IN TRAINING
USING PRECUED ITEMS - SHOULD NEVER BE DONE IN TRAINING
USING PRECUED ITEMS - SHOULD NEVER BE DONE IN TRAINING
USING PRECUED ITEMS - SHOULD NEVER BE DONE IN TRAINING
USING PRECUED ITEMS - SHOULD NEVER BE DONE IN TRAINING
USING PRECUED ITEMS - SHOULD NEVER BE DONE IN TRAINING
USING PRECUED ITEMS - SHOULD NEVER BE DONE IN TRAINING
USING PRECUED ITEMS - SHOULD NEVER BE DONE IN TRAINING
USING PRECUED ITEMS - SHOULD NEVER BE DONE IN TRAINING
USING PRECUED ITEMS - SHOULD NEVER BE DONE IN TRAINING
USING PRECUED ITEMS - SHOULD NEVER BE DONE IN TRAINING
[index_cued_first_diffusion_0.3_swap_7_ablated_dir_01] using ablation direction key: nullspace_01
USING PRECUED ITEMS - SHOULD NEVER BE DONE IN TRAINING
USING PRECUED ITEMS - SHOULD NEVER BE DONE IN TRAINING
USING PRECUED ITEMS - SHOULD NEVER BE DONE IN TRAINING
USING PRECUED ITEMS - SHOULD NEVER BE DONE IN TRAINING
USING PRECUED ITEMS - SHOULD NEVER BE DONE IN TRAINING
USING PRECUED ITEMS - SHOULD NEVER BE DONE IN TRAINING
USING PRECUED ITEMS - SHOULD NEVER BE DONE IN TRAINING
USING PRECUED ITEMS - SHOULD NEVER BE DONE IN TRAINING
USING PRECUED ITEMS - SHOULD NEVER BE DONE IN TRAINING
USING PRECUED ITEMS - SHOULD NEVER BE DONE IN TRAINING
USING PRECUED ITEMS - SHOULD NEVER BE DONE IN TRAINING
USING PRECUED ITEMS - SHOULD NEVER BE DONE IN TRAINING
USING PRECUED ITEMS - SHOULD NEVER BE DONE IN TRAINING
USING PRECUED ITEMS - SHOULD NEVER BE DONE IN TRAINING
USING PRECUED ITEMS - SHOULD NEVER BE DONE IN TRAINING
USING PRECUED ITEMS - SHOULD NEVER BE DONE IN TRAINING
  Comparing ablation 1 -> student index_cued_first_diffusion_0.3_swap_recovery_0
  Comparing ablation 1 -> student index_cued_first_diffusion_0.3_swap_recovery_1
  Comparing ablation 1 -> student index_cued_first_diffusion_0.3_swap_recovery_2
  Comparing ablation 1 -> student index_cued_first_diffusion_0.3_swap_recovery_3
  Comparing ablation 1 -> student index_cued_first_diffusion_0.3_swap_recovery_4
  Comparing ablation 1 -> student index_cued_first_diffusion_0.3_swap_recovery_5
  Comparing ablation 1 -> student index_cued_first_diffusion_0.3_swap_recovery_6
  Comparing ablation 1 -> student index_cued_first_diffusion_0.3_swap_recovery_7
  Comparing ablation 1 -> student index_cued_first_diffusion_0.3_swap_recovery_8
  Comparing ablation 1 -> student index_cued_first_diffusion_0.3_swap_recovery_9/scratch3/shaiq_home/repos/behaviour_ddpm/ddpm/analysis/new_analysis/run_ablation_student_comparison.py:410: DeprecationWarning: `trapz` is deprecated. Use `trapezoid` instead, or one of the numerical integration functions in `scipy.integrate`.
  'auc_independent': float(np.trapz(curve_indep) * dt),
/scratch3/shaiq_home/repos/behaviour_ddpm/ddpm/analysis/new_analysis/run_ablation_student_comparison.py:411: DeprecationWarning: `trapz` is deprecated. Use `trapezoid` instead, or one of the numerical integration functions in `scipy.integrate`.
  'auc_shared_q': float(np.trapz(curve_shared) * dt),
/scratch3/shaiq_home/repos/behaviour_ddpm/ddpm/analysis/new_analysis/run_ablation_student_comparison.py:410: DeprecationWarning: `trapz` is deprecated. Use `trapezoid` instead, or one of the numerical integration functions in `scipy.integrate`.
  'auc_independent': float(np.trapz(curve_indep) * dt),
/scratch3/shaiq_home/repos/behaviour_ddpm/ddpm/analysis/new_analysis/run_ablation_student_comparison.py:411: DeprecationWarning: `trapz` is deprecated. Use `trapezoid` instead, or one of the numerical integration functions in `scipy.integrate`.
  'auc_shared_q': float(np.trapz(curve_shared) * dt),
/scratch3/shaiq_home/repos/behaviour_ddpm/ddpm/analysis/new_analysis/run_ablation_student_comparison.py:410: DeprecationWarning: `trapz` is deprecated. Use `trapezoid` instead, or one of the numerical integration functions in `scipy.integrate`.
  'auc_independent': float(np.trapz(curve_indep) * dt),
/scratch3/shaiq_home/repos/behaviour_ddpm/ddpm/analysis/new_analysis/run_ablation_student_comparison.py:411: DeprecationWarning: `trapz` is deprecated. Use `trapezoid` instead, or one of the numerical integration functions in `scipy.integrate`.
  'auc_shared_q': float(np.trapz(curve_shared) * dt),
/scratch3/shaiq_home/repos/behaviour_ddpm/ddpm/analysis/new_analysis/run_ablation_student_comparison.py:410: DeprecationWarning: `trapz` is deprecated. Use `trapezoid` instead, or one of the numerical integration functions in `scipy.integrate`.
  'auc_independent': float(np.trapz(curve_indep) * dt),
/scratch3/shaiq_home/repos/behaviour_ddpm/ddpm/analysis/new_analysis/run_ablation_student_comparison.py:411: DeprecationWarning: `trapz` is deprecated. Use `trapezoid` instead, or one of the numerical integration functions in `scipy.integrate`.
  'auc_shared_q': float(np.trapz(curve_shared) * dt),
/scratch3/shaiq_home/repos/behaviour_ddpm/ddpm/analysis/new_analysis/run_ablation_student_comparison.py:410: DeprecationWarning: `trapz` is deprecated. Use `trapezoid` instead, or one of the numerical integration functions in `scipy.integrate`.
  'auc_independent': float(np.trapz(curve_indep) * dt),
/scratch3/shaiq_home/repos/behaviour_ddpm/ddpm/analysis/new_analysis/run_ablation_student_comparison.py:411: DeprecationWarning: `trapz` is deprecated. Use `trapezoid` instead, or one of the numerical integration functions in `scipy.integrate`.
  'auc_shared_q': float(np.trapz(curve_shared) * dt),
/scratch3/shaiq_home/repos/behaviour_ddpm/ddpm/analysis/new_analysis/run_ablation_student_comparison.py:410: DeprecationWarning: `trapz` is deprecated. Use `trapezoid` instead, or one of the numerical integration functions in `scipy.integrate`.
  'auc_independent': float(np.trapz(curve_indep) * dt),
/scratch3/shaiq_home/repos/behaviour_ddpm/ddpm/analysis/new_analysis/run_ablation_student_comparison.py:411: DeprecationWarning: `trapz` is deprecated. Use `trapezoid` instead, or one of the numerical integration functions in `scipy.integrate`.
  'auc_shared_q': float(np.trapz(curve_shared) * dt),
/scratch3/shaiq_home/repos/behaviour_ddpm/ddpm/analysis/new_analysis/run_ablation_student_comparison.py:410: DeprecationWarning: `trapz` is deprecated. Use `trapezoid` instead, or one of the numerical integration functions in `scipy.integrate`.
  'auc_independent': float(np.trapz(curve_indep) * dt),
/scratch3/shaiq_home/repos/behaviour_ddpm/ddpm/analysis/new_analysis/run_ablation_student_comparison.py:411: DeprecationWarning: `trapz` is deprecated. Use `trapezoid` instead, or one of the numerical integration functions in `scipy.integrate`.
  'auc_shared_q': float(np.trapz(curve_shared) * dt),
/scratch3/shaiq_home/repos/behaviour_ddpm/ddpm/analysis/new_analysis/run_ablation_student_comparison.py:410: DeprecationWarning: `trapz` is deprecated. Use `trapezoid` instead, or one of the numerical integration functions in `scipy.integrate`.
  'auc_independent': float(np.trapz(curve_indep) * dt),
/scratch3/shaiq_home/repos/behaviour_ddpm/ddpm/analysis/new_analysis/run_ablation_student_comparison.py:411: DeprecationWarning: `trapz` is deprecated. Use `trapezoid` instead, or one of the numerical integration functions in `scipy.integrate`.
  'auc_shared_q': float(np.trapz(curve_shared) * dt),
/scratch3/shaiq_home/repos/behaviour_ddpm/ddpm/analysis/new_analysis/run_ablation_student_comparison.py:410: DeprecationWarning: `trapz` is deprecated. Use `trapezoid` instead, or one of the numerical integration functions in `scipy.integrate`.
  'auc_independent': float(np.trapz(curve_indep) * dt),
/scratch3/shaiq_home/repos/behaviour_ddpm/ddpm/analysis/new_analysis/run_ablation_student_comparison.py:411: DeprecationWarning: `trapz` is deprecated. Use `trapezoid` instead, or one of the numerical integration functions in `scipy.integrate`.
  'auc_shared_q': float(np.trapz(curve_shared) * dt),
/scratch3/shaiq_home/repos/behaviour_ddpm/ddpm/analysis/new_analysis/run_ablation_student_comparison.py:410: DeprecationWarning: `trapz` is deprecated. Use `trapezoid` instead, or one of the numerical integration functions in `scipy.integrate`.
  'auc_independent': float(np.trapz(curve_indep) * dt),
/scratch3/shaiq_home/repos/behaviour_ddpm/ddpm/analysis/new_analysis/run_ablation_student_comparison.py:411: DeprecationWarning: `trapz` is deprecated. Use `trapezoid` instead, or one of the numerical integration functions in `scipy.integrate`.
  'auc_shared_q': float(np.trapz(curve_shared) * dt),
/scratch3/shaiq_home/repos/behaviour_ddpm/ddpm/analysis/new_analysis/run_ablation_student_comparison.py:410: DeprecationWarning: `trapz` is deprecated. Use `trapezoid` instead, or one of the numerical integration functions in `scipy.integrate`.
  'auc_independent': float(np.trapz(curve_indep) * dt),
/scratch3/shaiq_home/repos/behaviour_ddpm/ddpm/analysis/new_analysis/run_ablation_student_comparison.py:411: DeprecationWarning: `trapz` is deprecated. Use `trapezoid` instead, or one of the numerical integration functions in `scipy.integrate`.
  'auc_shared_q': float(np.trapz(curve_shared) * dt),
/scratch3/shaiq_home/repos/behaviour_ddpm/ddpm/analysis/new_analysis/run_ablation_student_comparison.py:410: DeprecationWarning: `trapz` is deprecated. Use `trapezoid` instead, or one of the numerical integration functions in `scipy.integrate`.
  'auc_independent': float(np.trapz(curve_indep) * dt),
/scratch3/shaiq_home/repos/behaviour_ddpm/ddpm/analysis/new_analysis/run_ablation_student_comparison.py:411: DeprecationWarning: `trapz` is deprecated. Use `trapezoid` instead, or one of the numerical integration functions in `scipy.integrate`.
  'auc_shared_q': float(np.trapz(curve_shared) * dt),
/scratch3/shaiq_home/repos/behaviour_ddpm/ddpm/analysis/new_analysis/run_ablation_student_comparison.py:410: DeprecationWarning: `trapz` is deprecated. Use `trapezoid` instead, or one of the numerical integration functions in `scipy.integrate`.
  'auc_independent': float(np.trapz(curve_indep) * dt),
/scratch3/shaiq_home/repos/behaviour_ddpm/ddpm/analysis/new_analysis/run_ablation_student_comparison.py:411: DeprecationWarning: `trapz` is deprecated. Use `trapezoid` instead, or one of the numerical integration functions in `scipy.integrate`.
  'auc_shared_q': float(np.trapz(curve_shared) * dt),
/scratch3/shaiq_home/repos/behaviour_ddpm/ddpm/analysis/new_analysis/run_ablation_student_comparison.py:410: DeprecationWarning: `trapz` is deprecated. Use `trapezoid` instead, or one of the numerical integration functions in `scipy.integrate`.
  'auc_independent': float(np.trapz(curve_indep) * dt),
/scratch3/shaiq_home/repos/behaviour_ddpm/ddpm/analysis/new_analysis/run_ablation_student_comparison.py:411: DeprecationWarning: `trapz` is deprecated. Use `trapezoid` instead, or one of the numerical integration functions in `scipy.integrate`.
  'auc_shared_q': float(np.trapz(curve_shared) * dt),
/scratch3/shaiq_home/repos/behaviour_ddpm/ddpm/analysis/new_analysis/run_ablation_student_comparison.py:410: DeprecationWarning: `trapz` is deprecated. Use `trapezoid` instead, or one of the numerical integration functions in `scipy.integrate`.
  'auc_independent': float(np.trapz(curve_indep) * dt),
/scratch3/shaiq_home/repos/behaviour_ddpm/ddpm/analysis/new_analysis/run_ablation_student_comparison.py:411: DeprecationWarning: `trapz` is deprecated. Use `trapezoid` instead, or one of the numerical integration functions in `scipy.integrate`.
  'auc_shared_q': float(np.trapz(curve_shared) * dt),
/scratch3/shaiq_home/repos/behaviour_ddpm/ddpm/analysis/new_analysis/run_ablation_student_comparison.py:410: DeprecationWarning: `trapz` is deprecated. Use `trapezoid` instead, or one of the numerical integration functions in `scipy.integrate`.
  'auc_independent': float(np.trapz(curve_indep) * dt),
/scratch3/shaiq_home/repos/behaviour_ddpm/ddpm/analysis/new_analysis/run_ablation_student_comparison.py:411: DeprecationWarning: `trapz` is deprecated. Use `trapezoid` instead, or one of the numerical integration functions in `scipy.integrate`.
  'auc_shared_q': float(np.trapz(curve_shared) * dt),
/scratch3/shaiq_home/repos/behaviour_ddpm/ddpm/analysis/new_analysis/run_ablation_student_comparison.py:410: DeprecationWarning: `trapz` is deprecated. Use `trapezoid` instead, or one of the numerical integration functions in `scipy.integrate`.
  'auc_independent': float(np.trapz(curve_indep) * dt),
/scratch3/shaiq_home/repos/behaviour_ddpm/ddpm/analysis/new_analysis/run_ablation_student_comparison.py:411: DeprecationWarning: `trapz` is deprecated. Use `trapezoid` instead, or one of the numerical integration functions in `scipy.integrate`.
  'auc_shared_q': float(np.trapz(curve_shared) * dt),
/scratch3/shaiq_home/repos/behaviour_ddpm/ddpm/analysis/new_analysis/run_ablation_student_comparison.py:410: DeprecationWarning: `trapz` is deprecated. Use `trapezoid` instead, or one of the numerical integration functions in `scipy.integrate`.
  'auc_independent': float(np.trapz(curve_indep) * dt),
/scratch3/shaiq_home/repos/behaviour_ddpm/ddpm/analysis/new_analysis/run_ablation_student_comparison.py:411: DeprecationWarning: `trapz` is deprecated. Use `trapezoid` instead, or one of the numerical integration functions in `scipy.integrate`.
  'auc_shared_q': float(np.trapz(curve_shared) * dt),
/scratch3/shaiq_home/repos/behaviour_ddpm/ddpm/analysis/new_analysis/run_ablation_student_comparison.py:410: DeprecationWarning: `trapz` is deprecated. Use `trapezoid` instead, or one of the numerical integration functions in `scipy.integrate`.
  'auc_independent': float(np.trapz(curve_indep) * dt),
/scratch3/shaiq_home/repos/behaviour_ddpm/ddpm/analysis/new_analysis/run_ablation_student_comparison.py:411: DeprecationWarning: `trapz` is deprecated. Use `trapezoid` instead, or one of the numerical integration functions in `scipy.integrate`.
  'auc_shared_q': float(np.trapz(curve_shared) * dt),
/scratch3/shaiq_home/repos/behaviour_ddpm/ddpm/analysis/new_analysis/run_ablation_student_comparison.py:410: DeprecationWarning: `trapz` is deprecated. Use `trapezoid` instead, or one of the numerical integration functions in `scipy.integrate`.
  'auc_independent': float(np.trapz(curve_indep) * dt),
/scratch3/shaiq_home/repos/behaviour_ddpm/ddpm/analysis/new_analysis/run_ablation_student_comparison.py:411: DeprecationWarning: `trapz` is deprecated. Use `trapezoid` instead, or one of the numerical integration functions in `scipy.integrate`.
  'auc_shared_q': float(np.trapz(curve_shared) * dt),
/scratch3/shaiq_home/repos/behaviour_ddpm/ddpm/analysis/new_analysis/run_ablation_student_comparison.py:410: DeprecationWarning: `trapz` is deprecated. Use `trapezoid` instead, or one of the numerical integration functions in `scipy.integrate`.
  'auc_independent': float(np.trapz(curve_indep) * dt),
/scratch3/shaiq_home/repos/behaviour_ddpm/ddpm/analysis/new_analysis/run_ablation_student_comparison.py:411: DeprecationWarning: `trapz` is deprecated. Use `trapezoid` instead, or one of the numerical integration functions in `scipy.integrate`.
  'auc_shared_q': float(np.trapz(curve_shared) * dt),
/scratch3/shaiq_home/repos/behaviour_ddpm/ddpm/analysis/new_analysis/run_ablation_student_comparison.py:410: DeprecationWarning: `trapz` is deprecated. Use `trapezoid` instead, or one of the numerical integration functions in `scipy.integrate`.
  'auc_independent': float(np.trapz(curve_indep) * dt),
/scratch3/shaiq_home/repos/behaviour_ddpm/ddpm/analysis/new_analysis/run_ablation_student_comparison.py:411: DeprecationWarning: `trapz` is deprecated. Use `trapezoid` instead, or one of the numerical integration functions in `scipy.integrate`.
  'auc_shared_q': float(np.trapz(curve_shared) * dt),
/scratch3/shaiq_home/repos/behaviour_ddpm/ddpm/analysis/new_analysis/run_ablation_student_comparison.py:410: DeprecationWarning: `trapz` is deprecated. Use `trapezoid` instead, or one of the numerical integration functions in `scipy.integrate`.
  'auc_independent': float(np.trapz(curve_indep) * dt),
/scratch3/shaiq_home/repos/behaviour_ddpm/ddpm/analysis/new_analysis/run_ablation_student_comparison.py:411: DeprecationWarning: `trapz` is deprecated. Use `trapezoid` instead, or one of the numerical integration functions in `scipy.integrate`.
  'auc_shared_q': float(np.trapz(curve_shared) * dt),
/scratch3/shaiq_home/repos/behaviour_ddpm/ddpm/analysis/new_analysis/run_ablation_student_comparison.py:410: DeprecationWarning: `trapz` is deprecated. Use `trapezoid` instead, or one of the numerical integration functions in `scipy.integrate`.
  'auc_independent': float(np.trapz(curve_indep) * dt),
/scratch3/shaiq_home/repos/behaviour_ddpm/ddpm/analysis/new_analysis/run_ablation_student_comparison.py:411: DeprecationWarning: `trapz` is deprecated. Use `trapezoid` instead, or one of the numerical integration functions in `scipy.integrate`.
  'auc_shared_q': float(np.trapz(curve_shared) * dt),
/scratch3/shaiq_home/repos/behaviour_ddpm/ddpm/analysis/new_analysis/run_ablation_student_comparison.py:410: DeprecationWarning: `trapz` is deprecated. Use `trapezoid` instead, or one of the numerical integration functions in `scipy.integrate`.
  'auc_independent': float(np.trapz(curve_indep) * dt),
/scratch3/shaiq_home/repos/behaviour_ddpm/ddpm/analysis/new_analysis/run_ablation_student_comparison.py:411: DeprecationWarning: `trapz` is deprecated. Use `trapezoid` instead, or one of the numerical integration functions in `scipy.integrate`.
  'auc_shared_q': float(np.trapz(curve_shared) * dt),
/scratch3/shaiq_home/repos/behaviour_ddpm/ddpm/analysis/new_analysis/run_ablation_student_comparison.py:410: DeprecationWarning: `trapz` is deprecated. Use `trapezoid` instead, or one of the numerical integration functions in `scipy.integrate`.
  'auc_independent': float(np.trapz(curve_indep) * dt),
/scratch3/shaiq_home/repos/behaviour_ddpm/ddpm/analysis/new_analysis/run_ablation_student_comparison.py:411: DeprecationWarning: `trapz` is deprecated. Use `trapezoid` instead, or one of the numerical integration functions in `scipy.integrate`.
  'auc_shared_q': float(np.trapz(curve_shared) * dt),
/scratch3/shaiq_home/repos/behaviour_ddpm/ddpm/analysis/new_analysis/run_ablation_student_comparison.py:410: DeprecationWarning: `trapz` is deprecated. Use `trapezoid` instead, or one of the numerical integration functions in `scipy.integrate`.
  'auc_independent': float(np.trapz(curve_indep) * dt),
/scratch3/shaiq_home/repos/behaviour_ddpm/ddpm/analysis/new_analysis/run_ablation_student_comparison.py:411: DeprecationWarning: `trapz` is deprecated. Use `trapezoid` instead, or one of the numerical integration functions in `scipy.integrate`.
  'auc_shared_q': float(np.trapz(curve_shared) * dt),
/scratch3/shaiq_home/repos/behaviour_ddpm/ddpm/analysis/new_analysis/run_ablation_student_comparison.py:410: DeprecationWarning: `trapz` is deprecated. Use `trapezoid` instead, or one of the numerical integration functions in `scipy.integrate`.
  'auc_independent': float(np.trapz(curve_indep) * dt),
/scratch3/shaiq_home/repos/behaviour_ddpm/ddpm/analysis/new_analysis/run_ablation_student_comparison.py:411: DeprecationWarning: `trapz` is deprecated. Use `trapezoid` instead, or one of the numerical integration functions in `scipy.integrate`.
  'auc_shared_q': float(np.trapz(curve_shared) * dt),
/scratch3/shaiq_home/repos/behaviour_ddpm/ddpm/analysis/new_analysis/run_ablation_student_comparison.py:410: DeprecationWarning: `trapz` is deprecated. Use `trapezoid` instead, or one of the numerical integration functions in `scipy.integrate`.
  'auc_independent': float(np.trapz(curve_indep) * dt),
/scratch3/shaiq_home/repos/behaviour_ddpm/ddpm/analysis/new_analysis/run_ablation_student_comparison.py:411: DeprecationWarning: `trapz` is deprecated. Use `trapezoid` instead, or one of the numerical integration functions in `scipy.integrate`.
  'auc_shared_q': float(np.trapz(curve_shared) * dt),
/scratch3/shaiq_home/repos/behaviour_ddpm/ddpm/analysis/new_analysis/run_ablation_student_comparison.py:410: DeprecationWarning: `trapz` is deprecated. Use `trapezoid` instead, or one of the numerical integration functions in `scipy.integrate`.
  'auc_independent': float(np.trapz(curve_indep) * dt),
/scratch3/shaiq_home/repos/behaviour_ddpm/ddpm/analysis/new_analysis/run_ablation_student_comparison.py:411: DeprecationWarning: `trapz` is deprecated. Use `trapezoid` instead, or one of the numerical integration functions in `scipy.integrate`.
  'auc_shared_q': float(np.trapz(curve_shared) * dt),
/scratch3/shaiq_home/repos/behaviour_ddpm/ddpm/analysis/new_analysis/run_ablation_student_comparison.py:410: DeprecationWarning: `trapz` is deprecated. Use `trapezoid` instead, or one of the numerical integration functions in `scipy.integrate`.
  'auc_independent': float(np.trapz(curve_indep) * dt),
/scratch3/shaiq_home/repos/behaviour_ddpm/ddpm/analysis/new_analysis/run_ablation_student_comparison.py:411: DeprecationWarning: `trapz` is deprecated. Use `trapezoid` instead, or one of the numerical integration functions in `scipy.integrate`.
  'auc_shared_q': float(np.trapz(curve_shared) * dt),
/scratch3/shaiq_home/repos/behaviour_ddpm/ddpm/analysis/new_analysis/run_ablation_student_comparison.py:410: DeprecationWarning: `trapz` is deprecated. Use `trapezoid` instead, or one of the numerical integration functions in `scipy.integrate`.
  'auc_independent': float(np.trapz(curve_indep) * dt),
/scratch3/shaiq_home/repos/behaviour_ddpm/ddpm/analysis/new_analysis/run_ablation_student_comparison.py:411: DeprecationWarning: `trapz` is deprecated. Use `trapezoid` instead, or one of the numerical integration functions in `scipy.integrate`.
  'auc_shared_q': float(np.trapz(curve_shared) * dt),
/scratch3/shaiq_home/repos/behaviour_ddpm/ddpm/analysis/new_analysis/run_ablation_student_comparison.py:410: DeprecationWarning: `trapz` is deprecated. Use `trapezoid` instead, or one of the numerical integration functions in `scipy.integrate`.
  'auc_independent': float(np.trapz(curve_indep) * dt),
/scratch3/shaiq_home/repos/behaviour_ddpm/ddpm/analysis/new_analysis/run_ablation_student_comparison.py:411: DeprecationWarning: `trapz` is deprecated. Use `trapezoid` instead, or one of the numerical integration functions in `scipy.integrate`.
  'auc_shared_q': float(np.trapz(curve_shared) * dt),

  Comparing ablation 1 -> student index_cued_first_diffusion_0.3_swap_recovery_10
  Comparing ablation 1 -> student index_cued_first_diffusion_0.3_swap_recovery_11
  Comparing ablation 1 -> student index_cued_first_diffusion_0.3_swap_recovery_12
  Comparing ablation 1 -> student index_cued_first_diffusion_0.3_swap_recovery_13

======================================================================
Processing ablation direction 2
[index_cued_first_diffusion_0.3_swap_7_ablated_dir_02] using ablation direction key: nullspace_02
[index_cued_first_diffusion_0.3_swap_7_ablated_dir_02] trial 0/16
USING PRECUED ITEMS - SHOULD NEVER BE DONE IN TRAINING
USING PRECUED ITEMS - SHOULD NEVER BE DONE IN TRAINING
USING PRECUED ITEMS - SHOULD NEVER BE DONE IN TRAINING
USING PRECUED ITEMS - SHOULD NEVER BE DONE IN TRAINING
USING PRECUED ITEMS - SHOULD NEVER BE DONE IN TRAINING
USING PRECUED ITEMS - SHOULD NEVER BE DONE IN TRAINING
USING PRECUED ITEMS - SHOULD NEVER BE DONE IN TRAINING
USING PRECUED ITEMS - SHOULD NEVER BE DONE IN TRAINING
USING PRECUED ITEMS - SHOULD NEVER BE DONE IN TRAINING
USING PRECUED ITEMS - SHOULD NEVER BE DONE IN TRAINING
USING PRECUED ITEMS - SHOULD NEVER BE DONE IN TRAINING
USING PRECUED ITEMS - SHOULD NEVER BE DONE IN TRAINING
USING PRECUED ITEMS - SHOULD NEVER BE DONE IN TRAINING
USING PRECUED ITEMS - SHOULD NEVER BE DONE IN TRAINING
USING PRECUED ITEMS - SHOULD NEVER BE DONE IN TRAINING
USING PRECUED ITEMS - SHOULD NEVER BE DONE IN TRAINING
[index_cued_first_diffusion_0.3_swap_7_ablated_dir_02] using ablation direction key: nullspace_02
USING PRECUED ITEMS - SHOULD NEVER BE DONE IN TRAINING
USING PRECUED ITEMS - SHOULD NEVER BE DONE IN TRAINING
USING PRECUED ITEMS - SHOULD NEVER BE DONE IN TRAINING
USING PRECUED ITEMS - SHOULD NEVER BE DONE IN TRAINING
USING PRECUED ITEMS - SHOULD NEVER BE DONE IN TRAINING
USING PRECUED ITEMS - SHOULD NEVER BE DONE IN TRAINING
USING PRECUED ITEMS - SHOULD NEVER BE DONE IN TRAINING
USING PRECUED ITEMS - SHOULD NEVER BE DONE IN TRAINING
USING PRECUED ITEMS - SHOULD NEVER BE DONE IN TRAINING
USING PRECUED ITEMS - SHOULD NEVER BE DONE IN TRAINING
USING PRECUED ITEMS - SHOULD NEVER BE DONE IN TRAINING
USING PRECUED ITEMS - SHOULD NEVER BE DONE IN TRAINING
USING PRECUED ITEMS - SHOULD NEVER BE DONE IN TRAINING
USING PRECUED ITEMS - SHOULD NEVER BE DONE IN TRAINING
USING PRECUED ITEMS - SHOULD NEVER BE DONE IN TRAINING
USING PRECUED ITEMS - SHOULD NEVER BE DONE IN TRAINING
  Comparing ablation 2 -> student index_cued_first_diffusion_0.3_swap_recovery_0
  Comparing ablation 2 -> student index_cued_first_diffusion_0.3_swap_recovery_1
  Comparing ablation 2 -> student index_cued_first_diffusion_0.3_swap_recovery_2
  Comparing ablation 2 -> student index_cued_first_diffusion_0.3_swap_recovery_3
  Comparing ablation 2 -> student index_cued_first_diffusion_0.3_swap_recovery_4
  Comparing ablation 2 -> student index_cued_first_diffusion_0.3_swap_recovery_5
  Comparing ablation 2 -> student index_cued_first_diffusion_0.3_swap_recovery_6
  Comparing ablation 2 -> student index_cued_first_diffusion_0.3_swap_recovery_7
  Comparing ablation 2 -> student index_cued_first_diffusion_0.3_swap_recovery_8
  Comparing ablation 2 -> student index_cued_first_diffusion_0.3_swap_recovery_9
  Comparing ablation 2 -> student index_cued_first_diffusion_0.3_swap_recovery_10
  Comparing ablation 2 -> student index_cued_first_diffusion_0.3_swap_recovery_11
  Comparing ablation 2 -> student index_cued_first_diffusion_0.3_swap_recovery_12
  Comparing ablation 2 -> student index_cued_first_diffusion_0.3_swap_recovery_13

======================================================================
Processing ablation direction 3
[index_cued_first_diffusion_0.3_swap_7_ablated_dir_03] using ablation direction key: nullspace_03
[index_cued_first_diffusion_0.3_swap_7_ablated_dir_03] trial 0/16
USING PRECUED ITEMS - SHOULD NEVER BE DONE IN TRAINING
USING PRECUED ITEMS - SHOULD NEVER BE DONE IN TRAINING
USING PRECUED ITEMS - SHOULD NEVER BE DONE IN TRAINING
USING PRECUED ITEMS - SHOULD NEVER BE DONE IN TRAINING
USING PRECUED ITEMS - SHOULD NEVER BE DONE IN TRAINING
USING PRECUED ITEMS - SHOULD NEVER BE DONE IN TRAINING
USING PRECUED ITEMS - SHOULD NEVER BE DONE IN TRAINING
USING PRECUED ITEMS - SHOULD NEVER BE DONE IN TRAINING
USING PRECUED ITEMS - SHOULD NEVER BE DONE IN TRAINING
USING PRECUED ITEMS - SHOULD NEVER BE DONE IN TRAINING
USING PRECUED ITEMS - SHOULD NEVER BE DONE IN TRAINING
USING PRECUED ITEMS - SHOULD NEVER BE DONE IN TRAINING
USING PRECUED ITEMS - SHOULD NEVER BE DONE IN TRAINING
USING PRECUED ITEMS - SHOULD NEVER BE DONE IN TRAINING
USING PRECUED ITEMS - SHOULD NEVER BE DONE IN TRAINING
USING PRECUED ITEMS - SHOULD NEVER BE DONE IN TRAINING
[index_cued_first_diffusion_0.3_swap_7_ablated_dir_03] using ablation direction key: nullspace_03
USING PRECUED ITEMS - SHOULD NEVER BE DONE IN TRAINING
USING PRECUED ITEMS - SHOULD NEVER BE DONE IN TRAINING
USING PRECUED ITEMS - SHOULD NEVER BE DONE IN TRAINING
USING PRECUED ITEMS - SHOULD NEVER BE DONE IN TRAINING
USING PRECUED ITEMS - SHOULD NEVER BE DONE IN TRAINING
USING PRECUED ITEMS - SHOULD NEVER BE DONE IN TRAINING
USING PRECUED ITEMS - SHOULD NEVER BE DONE IN TRAINING
USING PRECUED ITEMS - SHOULD NEVER BE DONE IN TRAINING
USING PRECUED ITEMS - SHOULD NEVER BE DONE IN TRAINING
USING PRECUED ITEMS - SHOULD NEVER BE DONE IN TRAINING
USING PRECUED ITEMS - SHOULD NEVER BE DONE IN TRAINING
USING PRECUED ITEMS - SHOULD NEVER BE DONE IN TRAINING
USING PRECUED ITEMS - SHOULD NEVER BE DONE IN TRAINING
USING PRECUED ITEMS - SHOULD NEVER BE DONE IN TRAINING
USING PRECUED ITEMS - SHOULD NEVER BE DONE IN TRAINING
USING PRECUED ITEMS - SHOULD NEVER BE DONE IN TRAINING
  Comparing ablation 3 -> student index_cued_first_diffusion_0.3_swap_recovery_0
  Comparing ablation 3 -> student index_cued_first_diffusion_0.3_swap_recovery_1
  Comparing ablation 3 -> student index_cued_first_diffusion_0.3_swap_recovery_2
  Comparing ablation 3 -> student index_cued_first_diffusion_0.3_swap_recovery_3
  Comparing ablation 3 -> student index_cued_first_diffusion_0.3_swap_recovery_4
  Comparing ablation 3 -> student index_cued_first_diffusion_0.3_swap_recovery_5
  Comparing ablation 3 -> student index_cued_first_diffusion_0.3_swap_recovery_6
  Comparing ablation 3 -> student index_cued_first_diffusion_0.3_swap_recovery_7
  Comparing ablation 3 -> student index_cued_first_diffusion_0.3_swap_recovery_8
  Comparing ablation 3 -> student index_cued_first_diffusion_0.3_swap_recovery_9
  Comparing ablation 3 -> student index_cued_first_diffusion_0.3_swap_recovery_10
  Comparing ablation 3 -> student index_cued_first_diffusion_0.3_swap_recovery_11
  Comparing ablation 3 -> student index_cued_first_diffusion_0.3_swap_recovery_12
  Comparing ablation 3 -> student index_cued_first_diffusion_0.3_swap_recovery_13

======================================================================
Processing ablation direction 4
[index_cued_first_diffusion_0.3_swap_7_ablated_dir_04] using ablation direction key: nullspace_04
[index_cued_first_diffusion_0.3_swap_7_ablated_dir_04] trial 0/16
USING PRECUED ITEMS - SHOULD NEVER BE DONE IN TRAINING
USING PRECUED ITEMS - SHOULD NEVER BE DONE IN TRAINING
USING PRECUED ITEMS - SHOULD NEVER BE DONE IN TRAINING
USING PRECUED ITEMS - SHOULD NEVER BE DONE IN TRAINING
USING PRECUED ITEMS - SHOULD NEVER BE DONE IN TRAINING
USING PRECUED ITEMS - SHOULD NEVER BE DONE IN TRAINING
USING PRECUED ITEMS - SHOULD NEVER BE DONE IN TRAINING
USING PRECUED ITEMS - SHOULD NEVER BE DONE IN TRAINING
USING PRECUED ITEMS - SHOULD NEVER BE DONE IN TRAINING
USING PRECUED ITEMS - SHOULD NEVER BE DONE IN TRAINING
USING PRECUED ITEMS - SHOULD NEVER BE DONE IN TRAINING
USING PRECUED ITEMS - SHOULD NEVER BE DONE IN TRAINING
USING PRECUED ITEMS - SHOULD NEVER BE DONE IN TRAINING
USING PRECUED ITEMS - SHOULD NEVER BE DONE IN TRAINING
USING PRECUED ITEMS - SHOULD NEVER BE DONE IN TRAINING
USING PRECUED ITEMS - SHOULD NEVER BE DONE IN TRAINING
[index_cued_first_diffusion_0.3_swap_7_ablated_dir_04] using ablation direction key: nullspace_04
USING PRECUED ITEMS - SHOULD NEVER BE DONE IN TRAINING
USING PRECUED ITEMS - SHOULD NEVER BE DONE IN TRAINING/scratch3/shaiq_home/repos/behaviour_ddpm/ddpm/analysis/new_analysis/run_ablation_student_comparison.py:410: DeprecationWarning: `trapz` is deprecated. Use `trapezoid` instead, or one of the numerical integration functions in `scipy.integrate`.
  'auc_independent': float(np.trapz(curve_indep) * dt),
/scratch3/shaiq_home/repos/behaviour_ddpm/ddpm/analysis/new_analysis/run_ablation_student_comparison.py:411: DeprecationWarning: `trapz` is deprecated. Use `trapezoid` instead, or one of the numerical integration functions in `scipy.integrate`.
  'auc_shared_q': float(np.trapz(curve_shared) * dt),
/scratch3/shaiq_home/repos/behaviour_ddpm/ddpm/analysis/new_analysis/run_ablation_student_comparison.py:410: DeprecationWarning: `trapz` is deprecated. Use `trapezoid` instead, or one of the numerical integration functions in `scipy.integrate`.
  'auc_independent': float(np.trapz(curve_indep) * dt),
/scratch3/shaiq_home/repos/behaviour_ddpm/ddpm/analysis/new_analysis/run_ablation_student_comparison.py:411: DeprecationWarning: `trapz` is deprecated. Use `trapezoid` instead, or one of the numerical integration functions in `scipy.integrate`.
  'auc_shared_q': float(np.trapz(curve_shared) * dt),
/scratch3/shaiq_home/repos/behaviour_ddpm/ddpm/analysis/new_analysis/run_ablation_student_comparison.py:410: DeprecationWarning: `trapz` is deprecated. Use `trapezoid` instead, or one of the numerical integration functions in `scipy.integrate`.
  'auc_independent': float(np.trapz(curve_indep) * dt),
/scratch3/shaiq_home/repos/behaviour_ddpm/ddpm/analysis/new_analysis/run_ablation_student_comparison.py:411: DeprecationWarning: `trapz` is deprecated. Use `trapezoid` instead, or one of the numerical integration functions in `scipy.integrate`.
  'auc_shared_q': float(np.trapz(curve_shared) * dt),
/scratch3/shaiq_home/repos/behaviour_ddpm/ddpm/analysis/new_analysis/run_ablation_student_comparison.py:410: DeprecationWarning: `trapz` is deprecated. Use `trapezoid` instead, or one of the numerical integration functions in `scipy.integrate`.
  'auc_independent': float(np.trapz(curve_indep) * dt),
/scratch3/shaiq_home/repos/behaviour_ddpm/ddpm/analysis/new_analysis/run_ablation_student_comparison.py:411: DeprecationWarning: `trapz` is deprecated. Use `trapezoid` instead, or one of the numerical integration functions in `scipy.integrate`.
  'auc_shared_q': float(np.trapz(curve_shared) * dt),
/scratch3/shaiq_home/repos/behaviour_ddpm/ddpm/analysis/new_analysis/run_ablation_student_comparison.py:410: DeprecationWarning: `trapz` is deprecated. Use `trapezoid` instead, or one of the numerical integration functions in `scipy.integrate`.
  'auc_independent': float(np.trapz(curve_indep) * dt),
/scratch3/shaiq_home/repos/behaviour_ddpm/ddpm/analysis/new_analysis/run_ablation_student_comparison.py:411: DeprecationWarning: `trapz` is deprecated. Use `trapezoid` instead, or one of the numerical integration functions in `scipy.integrate`.
  'auc_shared_q': float(np.trapz(curve_shared) * dt),
/scratch3/shaiq_home/repos/behaviour_ddpm/ddpm/analysis/new_analysis/run_ablation_student_comparison.py:410: DeprecationWarning: `trapz` is deprecated. Use `trapezoid` instead, or one of the numerical integration functions in `scipy.integrate`.
  'auc_independent': float(np.trapz(curve_indep) * dt),
/scratch3/shaiq_home/repos/behaviour_ddpm/ddpm/analysis/new_analysis/run_ablation_student_comparison.py:411: DeprecationWarning: `trapz` is deprecated. Use `trapezoid` instead, or one of the numerical integration functions in `scipy.integrate`.
  'auc_shared_q': float(np.trapz(curve_shared) * dt),
/scratch3/shaiq_home/repos/behaviour_ddpm/ddpm/analysis/new_analysis/run_ablation_student_comparison.py:410: DeprecationWarning: `trapz` is deprecated. Use `trapezoid` instead, or one of the numerical integration functions in `scipy.integrate`.
  'auc_independent': float(np.trapz(curve_indep) * dt),
/scratch3/shaiq_home/repos/behaviour_ddpm/ddpm/analysis/new_analysis/run_ablation_student_comparison.py:411: DeprecationWarning: `trapz` is deprecated. Use `trapezoid` instead, or one of the numerical integration functions in `scipy.integrate`.
  'auc_shared_q': float(np.trapz(curve_shared) * dt),
/scratch3/shaiq_home/repos/behaviour_ddpm/ddpm/analysis/new_analysis/run_ablation_student_comparison.py:410: DeprecationWarning: `trapz` is deprecated. Use `trapezoid` instead, or one of the numerical integration functions in `scipy.integrate`.
  'auc_independent': float(np.trapz(curve_indep) * dt),
/scratch3/shaiq_home/repos/behaviour_ddpm/ddpm/analysis/new_analysis/run_ablation_student_comparison.py:411: DeprecationWarning: `trapz` is deprecated. Use `trapezoid` instead, or one of the numerical integration functions in `scipy.integrate`.
  'auc_shared_q': float(np.trapz(curve_shared) * dt),
/scratch3/shaiq_home/repos/behaviour_ddpm/ddpm/analysis/new_analysis/run_ablation_student_comparison.py:410: DeprecationWarning: `trapz` is deprecated. Use `trapezoid` instead, or one of the numerical integration functions in `scipy.integrate`.
  'auc_independent': float(np.trapz(curve_indep) * dt),
/scratch3/shaiq_home/repos/behaviour_ddpm/ddpm/analysis/new_analysis/run_ablation_student_comparison.py:411: DeprecationWarning: `trapz` is deprecated. Use `trapezoid` instead, or one of the numerical integration functions in `scipy.integrate`.
  'auc_shared_q': float(np.trapz(curve_shared) * dt),
/scratch3/shaiq_home/repos/behaviour_ddpm/ddpm/analysis/new_analysis/run_ablation_student_comparison.py:410: DeprecationWarning: `trapz` is deprecated. Use `trapezoid` instead, or one of the numerical integration functions in `scipy.integrate`.
  'auc_independent': float(np.trapz(curve_indep) * dt),
/scratch3/shaiq_home/repos/behaviour_ddpm/ddpm/analysis/new_analysis/run_ablation_student_comparison.py:411: DeprecationWarning: `trapz` is deprecated. Use `trapezoid` instead, or one of the numerical integration functions in `scipy.integrate`.
  'auc_shared_q': float(np.trapz(curve_shared) * dt),
/scratch3/shaiq_home/repos/behaviour_ddpm/ddpm/analysis/new_analysis/run_ablation_student_comparison.py:410: DeprecationWarning: `trapz` is deprecated. Use `trapezoid` instead, or one of the numerical integration functions in `scipy.integrate`.
  'auc_independent': float(np.trapz(curve_indep) * dt),
/scratch3/shaiq_home/repos/behaviour_ddpm/ddpm/analysis/new_analysis/run_ablation_student_comparison.py:411: DeprecationWarning: `trapz` is deprecated. Use `trapezoid` instead, or one of the numerical integration functions in `scipy.integrate`.
  'auc_shared_q': float(np.trapz(curve_shared) * dt),
/scratch3/shaiq_home/repos/behaviour_ddpm/ddpm/analysis/new_analysis/run_ablation_student_comparison.py:410: DeprecationWarning: `trapz` is deprecated. Use `trapezoid` instead, or one of the numerical integration functions in `scipy.integrate`.
  'auc_independent': float(np.trapz(curve_indep) * dt),
/scratch3/shaiq_home/repos/behaviour_ddpm/ddpm/analysis/new_analysis/run_ablation_student_comparison.py:411: DeprecationWarning: `trapz` is deprecated. Use `trapezoid` instead, or one of the numerical integration functions in `scipy.integrate`.
  'auc_shared_q': float(np.trapz(curve_shared) * dt),
/scratch3/shaiq_home/repos/behaviour_ddpm/ddpm/analysis/new_analysis/run_ablation_student_comparison.py:410: DeprecationWarning: `trapz` is deprecated. Use `trapezoid` instead, or one of the numerical integration functions in `scipy.integrate`.
  'auc_independent': float(np.trapz(curve_indep) * dt),
/scratch3/shaiq_home/repos/behaviour_ddpm/ddpm/analysis/new_analysis/run_ablation_student_comparison.py:411: DeprecationWarning: `trapz` is deprecated. Use `trapezoid` instead, or one of the numerical integration functions in `scipy.integrate`.
  'auc_shared_q': float(np.trapz(curve_shared) * dt),
/scratch3/shaiq_home/repos/behaviour_ddpm/ddpm/analysis/new_analysis/run_ablation_student_comparison.py:410: DeprecationWarning: `trapz` is deprecated. Use `trapezoid` instead, or one of the numerical integration functions in `scipy.integrate`.
  'auc_independent': float(np.trapz(curve_indep) * dt),
/scratch3/shaiq_home/repos/behaviour_ddpm/ddpm/analysis/new_analysis/run_ablation_student_comparison.py:411: DeprecationWarning: `trapz` is deprecated. Use `trapezoid` instead, or one of the numerical integration functions in `scipy.integrate`.
  'auc_shared_q': float(np.trapz(curve_shared) * dt),
/scratch3/shaiq_home/repos/behaviour_ddpm/ddpm/analysis/new_analysis/run_ablation_student_comparison.py:410: DeprecationWarning: `trapz` is deprecated. Use `trapezoid` instead, or one of the numerical integration functions in `scipy.integrate`.
  'auc_independent': float(np.trapz(curve_indep) * dt),
/scratch3/shaiq_home/repos/behaviour_ddpm/ddpm/analysis/new_analysis/run_ablation_student_comparison.py:411: DeprecationWarning: `trapz` is deprecated. Use `trapezoid` instead, or one of the numerical integration functions in `scipy.integrate`.
  'auc_shared_q': float(np.trapz(curve_shared) * dt),
/scratch3/shaiq_home/repos/behaviour_ddpm/ddpm/analysis/new_analysis/run_ablation_student_comparison.py:410: DeprecationWarning: `trapz` is deprecated. Use `trapezoid` instead, or one of the numerical integration functions in `scipy.integrate`.
  'auc_independent': float(np.trapz(curve_indep) * dt),
/scratch3/shaiq_home/repos/behaviour_ddpm/ddpm/analysis/new_analysis/run_ablation_student_comparison.py:411: DeprecationWarning: `trapz` is deprecated. Use `trapezoid` instead, or one of the numerical integration functions in `scipy.integrate`.
  'auc_shared_q': float(np.trapz(curve_shared) * dt),
/scratch3/shaiq_home/repos/behaviour_ddpm/ddpm/analysis/new_analysis/run_ablation_student_comparison.py:410: DeprecationWarning: `trapz` is deprecated. Use `trapezoid` instead, or one of the numerical integration functions in `scipy.integrate`.
  'auc_independent': float(np.trapz(curve_indep) * dt),
/scratch3/shaiq_home/repos/behaviour_ddpm/ddpm/analysis/new_analysis/run_ablation_student_comparison.py:411: DeprecationWarning: `trapz` is deprecated. Use `trapezoid` instead, or one of the numerical integration functions in `scipy.integrate`.
  'auc_shared_q': float(np.trapz(curve_shared) * dt),
/scratch3/shaiq_home/repos/behaviour_ddpm/ddpm/analysis/new_analysis/run_ablation_student_comparison.py:410: DeprecationWarning: `trapz` is deprecated. Use `trapezoid` instead, or one of the numerical integration functions in `scipy.integrate`.
  'auc_independent': float(np.trapz(curve_indep) * dt),
/scratch3/shaiq_home/repos/behaviour_ddpm/ddpm/analysis/new_analysis/run_ablation_student_comparison.py:411: DeprecationWarning: `trapz` is deprecated. Use `trapezoid` instead, or one of the numerical integration functions in `scipy.integrate`.
  'auc_shared_q': float(np.trapz(curve_shared) * dt),
/scratch3/shaiq_home/repos/behaviour_ddpm/ddpm/analysis/new_analysis/run_ablation_student_comparison.py:410: DeprecationWarning: `trapz` is deprecated. Use `trapezoid` instead, or one of the numerical integration functions in `scipy.integrate`.
  'auc_independent': float(np.trapz(curve_indep) * dt),
/scratch3/shaiq_home/repos/behaviour_ddpm/ddpm/analysis/new_analysis/run_ablation_student_comparison.py:411: DeprecationWarning: `trapz` is deprecated. Use `trapezoid` instead, or one of the numerical integration functions in `scipy.integrate`.
  'auc_shared_q': float(np.trapz(curve_shared) * dt),
/scratch3/shaiq_home/repos/behaviour_ddpm/ddpm/analysis/new_analysis/run_ablation_student_comparison.py:410: DeprecationWarning: `trapz` is deprecated. Use `trapezoid` instead, or one of the numerical integration functions in `scipy.integrate`.
  'auc_independent': float(np.trapz(curve_indep) * dt),
/scratch3/shaiq_home/repos/behaviour_ddpm/ddpm/analysis/new_analysis/run_ablation_student_comparison.py:411: DeprecationWarning: `trapz` is deprecated. Use `trapezoid` instead, or one of the numerical integration functions in `scipy.integrate`.
  'auc_shared_q': float(np.trapz(curve_shared) * dt),
/scratch3/shaiq_home/repos/behaviour_ddpm/ddpm/analysis/new_analysis/run_ablation_student_comparison.py:410: DeprecationWarning: `trapz` is deprecated. Use `trapezoid` instead, or one of the numerical integration functions in `scipy.integrate`.
  'auc_independent': float(np.trapz(curve_indep) * dt),
/scratch3/shaiq_home/repos/behaviour_ddpm/ddpm/analysis/new_analysis/run_ablation_student_comparison.py:411: DeprecationWarning: `trapz` is deprecated. Use `trapezoid` instead, or one of the numerical integration functions in `scipy.integrate`.
  'auc_shared_q': float(np.trapz(curve_shared) * dt),
/scratch3/shaiq_home/repos/behaviour_ddpm/ddpm/analysis/new_analysis/run_ablation_student_comparison.py:410: DeprecationWarning: `trapz` is deprecated. Use `trapezoid` instead, or one of the numerical integration functions in `scipy.integrate`.
  'auc_independent': float(np.trapz(curve_indep) * dt),
/scratch3/shaiq_home/repos/behaviour_ddpm/ddpm/analysis/new_analysis/run_ablation_student_comparison.py:411: DeprecationWarning: `trapz` is deprecated. Use `trapezoid` instead, or one of the numerical integration functions in `scipy.integrate`.
  'auc_shared_q': float(np.trapz(curve_shared) * dt),
/scratch3/shaiq_home/repos/behaviour_ddpm/ddpm/analysis/new_analysis/run_ablation_student_comparison.py:410: DeprecationWarning: `trapz` is deprecated. Use `trapezoid` instead, or one of the numerical integration functions in `scipy.integrate`.
  'auc_independent': float(np.trapz(curve_indep) * dt),
/scratch3/shaiq_home/repos/behaviour_ddpm/ddpm/analysis/new_analysis/run_ablation_student_comparison.py:411: DeprecationWarning: `trapz` is deprecated. Use `trapezoid` instead, or one of the numerical integration functions in `scipy.integrate`.
  'auc_shared_q': float(np.trapz(curve_shared) * dt),
/scratch3/shaiq_home/repos/behaviour_ddpm/ddpm/analysis/new_analysis/run_ablation_student_comparison.py:410: DeprecationWarning: `trapz` is deprecated. Use `trapezoid` instead, or one of the numerical integration functions in `scipy.integrate`.
  'auc_independent': float(np.trapz(curve_indep) * dt),
/scratch3/shaiq_home/repos/behaviour_ddpm/ddpm/analysis/new_analysis/run_ablation_student_comparison.py:411: DeprecationWarning: `trapz` is deprecated. Use `trapezoid` instead, or one of the numerical integration functions in `scipy.integrate`.
  'auc_shared_q': float(np.trapz(curve_shared) * dt),
/scratch3/shaiq_home/repos/behaviour_ddpm/ddpm/analysis/new_analysis/run_ablation_student_comparison.py:410: DeprecationWarning: `trapz` is deprecated. Use `trapezoid` instead, or one of the numerical integration functions in `scipy.integrate`.
  'auc_independent': float(np.trapz(curve_indep) * dt),
/scratch3/shaiq_home/repos/behaviour_ddpm/ddpm/analysis/new_analysis/run_ablation_student_comparison.py:411: DeprecationWarning: `trapz` is deprecated. Use `trapezoid` instead, or one of the numerical integration functions in `scipy.integrate`.
  'auc_shared_q': float(np.trapz(curve_shared) * dt),
/scratch3/shaiq_home/repos/behaviour_ddpm/ddpm/analysis/new_analysis/run_ablation_student_comparison.py:410: DeprecationWarning: `trapz` is deprecated. Use `trapezoid` instead, or one of the numerical integration functions in `scipy.integrate`.
  'auc_independent': float(np.trapz(curve_indep) * dt),
/scratch3/shaiq_home/repos/behaviour_ddpm/ddpm/analysis/new_analysis/run_ablation_student_comparison.py:411: DeprecationWarning: `trapz` is deprecated. Use `trapezoid` instead, or one of the numerical integration functions in `scipy.integrate`.
  'auc_shared_q': float(np.trapz(curve_shared) * dt),
/scratch3/shaiq_home/repos/behaviour_ddpm/ddpm/analysis/new_analysis/run_ablation_student_comparison.py:410: DeprecationWarning: `trapz` is deprecated. Use `trapezoid` instead, or one of the numerical integration functions in `scipy.integrate`.
  'auc_independent': float(np.trapz(curve_indep) * dt),
/scratch3/shaiq_home/repos/behaviour_ddpm/ddpm/analysis/new_analysis/run_ablation_student_comparison.py:411: DeprecationWarning: `trapz` is deprecated. Use `trapezoid` instead, or one of the numerical integration functions in `scipy.integrate`.
  'auc_shared_q': float(np.trapz(curve_shared) * dt),
/scratch3/shaiq_home/repos/behaviour_ddpm/ddpm/analysis/new_analysis/run_ablation_student_comparison.py:410: DeprecationWarning: `trapz` is deprecated. Use `trapezoid` instead, or one of the numerical integration functions in `scipy.integrate`.
  'auc_independent': float(np.trapz(curve_indep) * dt),
/scratch3/shaiq_home/repos/behaviour_ddpm/ddpm/analysis/new_analysis/run_ablation_student_comparison.py:411: DeprecationWarning: `trapz` is deprecated. Use `trapezoid` instead, or one of the numerical integration functions in `scipy.integrate`.
  'auc_shared_q': float(np.trapz(curve_shared) * dt),
/scratch3/shaiq_home/repos/behaviour_ddpm/ddpm/analysis/new_analysis/run_ablation_student_comparison.py:410: DeprecationWarning: `trapz` is deprecated. Use `trapezoid` instead, or one of the numerical integration functions in `scipy.integrate`.
  'auc_independent': float(np.trapz(curve_indep) * dt),
/scratch3/shaiq_home/repos/behaviour_ddpm/ddpm/analysis/new_analysis/run_ablation_student_comparison.py:411: DeprecationWarning: `trapz` is deprecated. Use `trapezoid` instead, or one of the numerical integration functions in `scipy.integrate`.
  'auc_shared_q': float(np.trapz(curve_shared) * dt),
/scratch3/shaiq_home/repos/behaviour_ddpm/ddpm/analysis/new_analysis/run_ablation_student_comparison.py:410: DeprecationWarning: `trapz` is deprecated. Use `trapezoid` instead, or one of the numerical integration functions in `scipy.integrate`.
  'auc_independent': float(np.trapz(curve_indep) * dt),
/scratch3/shaiq_home/repos/behaviour_ddpm/ddpm/analysis/new_analysis/run_ablation_student_comparison.py:411: DeprecationWarning: `trapz` is deprecated. Use `trapezoid` instead, or one of the numerical integration functions in `scipy.integrate`.
  'auc_shared_q': float(np.trapz(curve_shared) * dt),
/scratch3/shaiq_home/repos/behaviour_ddpm/ddpm/analysis/new_analysis/run_ablation_student_comparison.py:410: DeprecationWarning: `trapz` is deprecated. Use `trapezoid` instead, or one of the numerical integration functions in `scipy.integrate`.
  'auc_independent': float(np.trapz(curve_indep) * dt),
/scratch3/shaiq_home/repos/behaviour_ddpm/ddpm/analysis/new_analysis/run_ablation_student_comparison.py:411: DeprecationWarning: `trapz` is deprecated. Use `trapezoid` instead, or one of the numerical integration functions in `scipy.integrate`.
  'auc_shared_q': float(np.trapz(curve_shared) * dt),
/scratch3/shaiq_home/repos/behaviour_ddpm/ddpm/analysis/new_analysis/run_ablation_student_comparison.py:410: DeprecationWarning: `trapz` is deprecated. Use `trapezoid` instead, or one of the numerical integration functions in `scipy.integrate`.
  'auc_independent': float(np.trapz(curve_indep) * dt),
/scratch3/shaiq_home/repos/behaviour_ddpm/ddpm/analysis/new_analysis/run_ablation_student_comparison.py:411: DeprecationWarning: `trapz` is deprecated. Use `trapezoid` instead, or one of the numerical integration functions in `scipy.integrate`.
  'auc_shared_q': float(np.trapz(curve_shared) * dt),
/scratch3/shaiq_home/repos/behaviour_ddpm/ddpm/analysis/new_analysis/run_ablation_student_comparison.py:410: DeprecationWarning: `trapz` is deprecated. Use `trapezoid` instead, or one of the numerical integration functions in `scipy.integrate`.
  'auc_independent': float(np.trapz(curve_indep) * dt),
/scratch3/shaiq_home/repos/behaviour_ddpm/ddpm/analysis/new_analysis/run_ablation_student_comparison.py:411: DeprecationWarning: `trapz` is deprecated. Use `trapezoid` instead, or one of the numerical integration functions in `scipy.integrate`.
  'auc_shared_q': float(np.trapz(curve_shared) * dt),
/scratch3/shaiq_home/repos/behaviour_ddpm/ddpm/analysis/new_analysis/run_ablation_student_comparison.py:410: DeprecationWarning: `trapz` is deprecated. Use `trapezoid` instead, or one of the numerical integration functions in `scipy.integrate`.
  'auc_independent': float(np.trapz(curve_indep) * dt),
/scratch3/shaiq_home/repos/behaviour_ddpm/ddpm/analysis/new_analysis/run_ablation_student_comparison.py:411: DeprecationWarning: `trapz` is deprecated. Use `trapezoid` instead, or one of the numerical integration functions in `scipy.integrate`.
  'auc_shared_q': float(np.trapz(curve_shared) * dt),
/scratch3/shaiq_home/repos/behaviour_ddpm/ddpm/analysis/new_analysis/run_ablation_student_comparison.py:410: DeprecationWarning: `trapz` is deprecated. Use `trapezoid` instead, or one of the numerical integration functions in `scipy.integrate`.
  'auc_independent': float(np.trapz(curve_indep) * dt),
/scratch3/shaiq_home/repos/behaviour_ddpm/ddpm/analysis/new_analysis/run_ablation_student_comparison.py:411: DeprecationWarning: `trapz` is deprecated. Use `trapezoid` instead, or one of the numerical integration functions in `scipy.integrate`.
  'auc_shared_q': float(np.trapz(curve_shared) * dt),
/scratch3/shaiq_home/repos/behaviour_ddpm/ddpm/analysis/new_analysis/run_ablation_student_comparison.py:410: DeprecationWarning: `trapz` is deprecated. Use `trapezoid` instead, or one of the numerical integration functions in `scipy.integrate`.
  'auc_independent': float(np.trapz(curve_indep) * dt),
/scratch3/shaiq_home/repos/behaviour_ddpm/ddpm/analysis/new_analysis/run_ablation_student_comparison.py:411: DeprecationWarning: `trapz` is deprecated. Use `trapezoid` instead, or one of the numerical integration functions in `scipy.integrate`.
  'auc_shared_q': float(np.trapz(curve_shared) * dt),
/scratch3/shaiq_home/repos/behaviour_ddpm/ddpm/analysis/new_analysis/run_ablation_student_comparison.py:410: DeprecationWarning: `trapz` is deprecated. Use `trapezoid` instead, or one of the numerical integration functions in `scipy.integrate`.
  'auc_independent': float(np.trapz(curve_indep) * dt),
/scratch3/shaiq_home/repos/behaviour_ddpm/ddpm/analysis/new_analysis/run_ablation_student_comparison.py:411: DeprecationWarning: `trapz` is deprecated. Use `trapezoid` instead, or one of the numerical integration functions in `scipy.integrate`.
  'auc_shared_q': float(np.trapz(curve_shared) * dt),
/scratch3/shaiq_home/repos/behaviour_ddpm/ddpm/analysis/new_analysis/run_ablation_student_comparison.py:410: DeprecationWarning: `trapz` is deprecated. Use `trapezoid` instead, or one of the numerical integration functions in `scipy.integrate`.
  'auc_independent': float(np.trapz(curve_indep) * dt),
/scratch3/shaiq_home/repos/behaviour_ddpm/ddpm/analysis/new_analysis/run_ablation_student_comparison.py:411: DeprecationWarning: `trapz` is deprecated. Use `trapezoid` instead, or one of the numerical integration functions in `scipy.integrate`.
  'auc_shared_q': float(np.trapz(curve_shared) * dt),
/scratch3/shaiq_home/repos/behaviour_ddpm/ddpm/analysis/new_analysis/run_ablation_student_comparison.py:410: DeprecationWarning: `trapz` is deprecated. Use `trapezoid` instead, or one of the numerical integration functions in `scipy.integrate`.
  'auc_independent': float(np.trapz(curve_indep) * dt),
/scratch3/shaiq_home/repos/behaviour_ddpm/ddpm/analysis/new_analysis/run_ablation_student_comparison.py:411: DeprecationWarning: `trapz` is deprecated. Use `trapezoid` instead, or one of the numerical integration functions in `scipy.integrate`.
  'auc_shared_q': float(np.trapz(curve_shared) * dt),

USING PRECUED ITEMS - SHOULD NEVER BE DONE IN TRAINING
USING PRECUED ITEMS - SHOULD NEVER BE DONE IN TRAINING
USING PRECUED ITEMS - SHOULD NEVER BE DONE IN TRAINING
USING PRECUED ITEMS - SHOULD NEVER BE DONE IN TRAINING
USING PRECUED ITEMS - SHOULD NEVER BE DONE IN TRAINING
USING PRECUED ITEMS - SHOULD NEVER BE DONE IN TRAINING
USING PRECUED ITEMS - SHOULD NEVER BE DONE IN TRAINING
USING PRECUED ITEMS - SHOULD NEVER BE DONE IN TRAINING
USING PRECUED ITEMS - SHOULD NEVER BE DONE IN TRAINING
USING PRECUED ITEMS - SHOULD NEVER BE DONE IN TRAINING
USING PRECUED ITEMS - SHOULD NEVER BE DONE IN TRAINING
USING PRECUED ITEMS - SHOULD NEVER BE DONE IN TRAINING
USING PRECUED ITEMS - SHOULD NEVER BE DONE IN TRAINING
USING PRECUED ITEMS - SHOULD NEVER BE DONE IN TRAINING
  Comparing ablation 4 -> student index_cued_first_diffusion_0.3_swap_recovery_0
  Comparing ablation 4 -> student index_cued_first_diffusion_0.3_swap_recovery_1
  Comparing ablation 4 -> student index_cued_first_diffusion_0.3_swap_recovery_2
  Comparing ablation 4 -> student index_cued_first_diffusion_0.3_swap_recovery_3
  Comparing ablation 4 -> student index_cued_first_diffusion_0.3_swap_recovery_4
  Comparing ablation 4 -> student index_cued_first_diffusion_0.3_swap_recovery_5
  Comparing ablation 4 -> student index_cued_first_diffusion_0.3_swap_recovery_6
  Comparing ablation 4 -> student index_cued_first_diffusion_0.3_swap_recovery_7
  Comparing ablation 4 -> student index_cued_first_diffusion_0.3_swap_recovery_8
  Comparing ablation 4 -> student index_cued_first_diffusion_0.3_swap_recovery_9
  Comparing ablation 4 -> student index_cued_first_diffusion_0.3_swap_recovery_10
  Comparing ablation 4 -> student index_cued_first_diffusion_0.3_swap_recovery_11
  Comparing ablation 4 -> student index_cued_first_diffusion_0.3_swap_recovery_12
  Comparing ablation 4 -> student index_cued_first_diffusion_0.3_swap_recovery_13

======================================================================
Processing ablation direction 5
[index_cued_first_diffusion_0.3_swap_7_ablated_dir_05] using ablation direction key: nullspace_05
[index_cued_first_diffusion_0.3_swap_7_ablated_dir_05] trial 0/16
USING PRECUED ITEMS - SHOULD NEVER BE DONE IN TRAINING
USING PRECUED ITEMS - SHOULD NEVER BE DONE IN TRAINING
USING PRECUED ITEMS - SHOULD NEVER BE DONE IN TRAINING
USING PRECUED ITEMS - SHOULD NEVER BE DONE IN TRAINING
USING PRECUED ITEMS - SHOULD NEVER BE DONE IN TRAINING
USING PRECUED ITEMS - SHOULD NEVER BE DONE IN TRAINING
USING PRECUED ITEMS - SHOULD NEVER BE DONE IN TRAINING
USING PRECUED ITEMS - SHOULD NEVER BE DONE IN TRAINING
USING PRECUED ITEMS - SHOULD NEVER BE DONE IN TRAINING
USING PRECUED ITEMS - SHOULD NEVER BE DONE IN TRAINING
USING PRECUED ITEMS - SHOULD NEVER BE DONE IN TRAINING
USING PRECUED ITEMS - SHOULD NEVER BE DONE IN TRAINING
USING PRECUED ITEMS - SHOULD NEVER BE DONE IN TRAINING
USING PRECUED ITEMS - SHOULD NEVER BE DONE IN TRAINING
USING PRECUED ITEMS - SHOULD NEVER BE DONE IN TRAINING
USING PRECUED ITEMS - SHOULD NEVER BE DONE IN TRAINING
[index_cued_first_diffusion_0.3_swap_7_ablated_dir_05] using ablation direction key: nullspace_05
USING PRECUED ITEMS - SHOULD NEVER BE DONE IN TRAINING
USING PRECUED ITEMS - SHOULD NEVER BE DONE IN TRAINING
USING PRECUED ITEMS - SHOULD NEVER BE DONE IN TRAINING
USING PRECUED ITEMS - SHOULD NEVER BE DONE IN TRAINING
USING PRECUED ITEMS - SHOULD NEVER BE DONE IN TRAINING
USING PRECUED ITEMS - SHOULD NEVER BE DONE IN TRAINING
USING PRECUED ITEMS - SHOULD NEVER BE DONE IN TRAINING
USING PRECUED ITEMS - SHOULD NEVER BE DONE IN TRAINING
USING PRECUED ITEMS - SHOULD NEVER BE DONE IN TRAINING
USING PRECUED ITEMS - SHOULD NEVER BE DONE IN TRAINING
USING PRECUED ITEMS - SHOULD NEVER BE DONE IN TRAINING
USING PRECUED ITEMS - SHOULD NEVER BE DONE IN TRAINING
USING PRECUED ITEMS - SHOULD NEVER BE DONE IN TRAINING
USING PRECUED ITEMS - SHOULD NEVER BE DONE IN TRAINING
USING PRECUED ITEMS - SHOULD NEVER BE DONE IN TRAINING
USING PRECUED ITEMS - SHOULD NEVER BE DONE IN TRAINING
  Comparing ablation 5 -> student index_cued_first_diffusion_0.3_swap_recovery_0
  Comparing ablation 5 -> student index_cued_first_diffusion_0.3_swap_recovery_1
  Comparing ablation 5 -> student index_cued_first_diffusion_0.3_swap_recovery_2
  Comparing ablation 5 -> student index_cued_first_diffusion_0.3_swap_recovery_3
  Comparing ablation 5 -> student index_cued_first_diffusion_0.3_swap_recovery_4
  Comparing ablation 5 -> student index_cued_first_diffusion_0.3_swap_recovery_5
  Comparing ablation 5 -> student index_cued_first_diffusion_0.3_swap_recovery_6
  Comparing ablation 5 -> student index_cued_first_diffusion_0.3_swap_recovery_7
  Comparing ablation 5 -> student index_cued_first_diffusion_0.3_swap_recovery_8
  Comparing ablation 5 -> student index_cued_first_diffusion_0.3_swap_recovery_9
  Comparing ablation 5 -> student index_cued_first_diffusion_0.3_swap_recovery_10
  Comparing ablation 5 -> student index_cued_first_diffusion_0.3_swap_recovery_11
  Comparing ablation 5 -> student index_cued_first_diffusion_0.3_swap_recovery_12
  Comparing ablation 5 -> student index_cued_first_diffusion_0.3_swap_recovery_13

======================================================================
Processing ablation direction 6
[index_cued_first_diffusion_0.3_swap_7_ablated_dir_06] using ablation direction key: nullspace_06
[index_cued_first_diffusion_0.3_swap_7_ablated_dir_06] trial 0/16
USING PRECUED ITEMS - SHOULD NEVER BE DONE IN TRAINING
USING PRECUED ITEMS - SHOULD NEVER BE DONE IN TRAINING
USING PRECUED ITEMS - SHOULD NEVER BE DONE IN TRAINING
USING PRECUED ITEMS - SHOULD NEVER BE DONE IN TRAINING
USING PRECUED ITEMS - SHOULD NEVER BE DONE IN TRAINING
USING PRECUED ITEMS - SHOULD NEVER BE DONE IN TRAINING
USING PRECUED ITEMS - SHOULD NEVER BE DONE IN TRAINING
USING PRECUED ITEMS - SHOULD NEVER BE DONE IN TRAINING
USING PRECUED ITEMS - SHOULD NEVER BE DONE IN TRAINING
USING PRECUED ITEMS - SHOULD NEVER BE DONE IN TRAINING
USING PRECUED ITEMS - SHOULD NEVER BE DONE IN TRAINING
USING PRECUED ITEMS - SHOULD NEVER BE DONE IN TRAINING
USING PRECUED ITEMS - SHOULD NEVER BE DONE IN TRAINING
USING PRECUED ITEMS - SHOULD NEVER BE DONE IN TRAINING
USING PRECUED ITEMS - SHOULD NEVER BE DONE IN TRAINING
USING PRECUED ITEMS - SHOULD NEVER BE DONE IN TRAINING
[index_cued_first_diffusion_0.3_swap_7_ablated_dir_06] using ablation direction key: nullspace_06
USING PRECUED ITEMS - SHOULD NEVER BE DONE IN TRAINING
USING PRECUED ITEMS - SHOULD NEVER BE DONE IN TRAINING
USING PRECUED ITEMS - SHOULD NEVER BE DONE IN TRAINING
USING PRECUED ITEMS - SHOULD NEVER BE DONE IN TRAINING
USING PRECUED ITEMS - SHOULD NEVER BE DONE IN TRAINING
USING PRECUED ITEMS - SHOULD NEVER BE DONE IN TRAINING
USING PRECUED ITEMS - SHOULD NEVER BE DONE IN TRAINING
USING PRECUED ITEMS - SHOULD NEVER BE DONE IN TRAINING
USING PRECUED ITEMS - SHOULD NEVER BE DONE IN TRAINING
USING PRECUED ITEMS - SHOULD NEVER BE DONE IN TRAINING
USING PRECUED ITEMS - SHOULD NEVER BE DONE IN TRAINING
USING PRECUED ITEMS - SHOULD NEVER BE DONE IN TRAINING
USING PRECUED ITEMS - SHOULD NEVER BE DONE IN TRAINING
USING PRECUED ITEMS - SHOULD NEVER BE DONE IN TRAINING
USING PRECUED ITEMS - SHOULD NEVER BE DONE IN TRAINING
USING PRECUED ITEMS - SHOULD NEVER BE DONE IN TRAINING
  Comparing ablation 6 -> student index_cued_first_diffusion_0.3_swap_recovery_0
  Comparing ablation 6 -> student index_cued_first_diffusion_0.3_swap_recovery_1
  Comparing ablation 6 -> student index_cued_first_diffusion_0.3_swap_recovery_2
  Comparing ablation 6 -> student index_cued_first_diffusion_0.3_swap_recovery_3
  Comparing ablation 6 -> student index_cued_first_diffusion_0.3_swap_recovery_4
  Comparing ablation 6 -> student index_cued_first_diffusion_0.3_swap_recovery_5
  Comparing ablation 6 -> student index_cued_first_diffusion_0.3_swap_recovery_6
  Comparing ablation 6 -> student index_cued_first_diffusion_0.3_swap_recovery_7
  Comparing ablation 6 -> student index_cued_first_diffusion_0.3_swap_recovery_8
  Comparing ablation 6 -> student index_cued_first_diffusion_0.3_swap_recovery_9
  Comparing ablation 6 -> student index_cued_first_diffusion_0.3_swap_recovery_10
  Comparing ablation 6 -> student index_cued_first_diffusion_0.3_swap_recovery_11/scratch3/shaiq_home/repos/behaviour_ddpm/ddpm/analysis/new_analysis/run_ablation_student_comparison.py:410: DeprecationWarning: `trapz` is deprecated. Use `trapezoid` instead, or one of the numerical integration functions in `scipy.integrate`.
  'auc_independent': float(np.trapz(curve_indep) * dt),
/scratch3/shaiq_home/repos/behaviour_ddpm/ddpm/analysis/new_analysis/run_ablation_student_comparison.py:411: DeprecationWarning: `trapz` is deprecated. Use `trapezoid` instead, or one of the numerical integration functions in `scipy.integrate`.
  'auc_shared_q': float(np.trapz(curve_shared) * dt),
/scratch3/shaiq_home/repos/behaviour_ddpm/ddpm/analysis/new_analysis/run_ablation_student_comparison.py:410: DeprecationWarning: `trapz` is deprecated. Use `trapezoid` instead, or one of the numerical integration functions in `scipy.integrate`.
  'auc_independent': float(np.trapz(curve_indep) * dt),
/scratch3/shaiq_home/repos/behaviour_ddpm/ddpm/analysis/new_analysis/run_ablation_student_comparison.py:411: DeprecationWarning: `trapz` is deprecated. Use `trapezoid` instead, or one of the numerical integration functions in `scipy.integrate`.
  'auc_shared_q': float(np.trapz(curve_shared) * dt),
/scratch3/shaiq_home/repos/behaviour_ddpm/ddpm/analysis/new_analysis/run_ablation_student_comparison.py:410: DeprecationWarning: `trapz` is deprecated. Use `trapezoid` instead, or one of the numerical integration functions in `scipy.integrate`.
  'auc_independent': float(np.trapz(curve_indep) * dt),
/scratch3/shaiq_home/repos/behaviour_ddpm/ddpm/analysis/new_analysis/run_ablation_student_comparison.py:411: DeprecationWarning: `trapz` is deprecated. Use `trapezoid` instead, or one of the numerical integration functions in `scipy.integrate`.
  'auc_shared_q': float(np.trapz(curve_shared) * dt),
/scratch3/shaiq_home/repos/behaviour_ddpm/ddpm/analysis/new_analysis/run_ablation_student_comparison.py:410: DeprecationWarning: `trapz` is deprecated. Use `trapezoid` instead, or one of the numerical integration functions in `scipy.integrate`.
  'auc_independent': float(np.trapz(curve_indep) * dt),
/scratch3/shaiq_home/repos/behaviour_ddpm/ddpm/analysis/new_analysis/run_ablation_student_comparison.py:411: DeprecationWarning: `trapz` is deprecated. Use `trapezoid` instead, or one of the numerical integration functions in `scipy.integrate`.
  'auc_shared_q': float(np.trapz(curve_shared) * dt),
/scratch3/shaiq_home/repos/behaviour_ddpm/ddpm/analysis/new_analysis/run_ablation_student_comparison.py:410: DeprecationWarning: `trapz` is deprecated. Use `trapezoid` instead, or one of the numerical integration functions in `scipy.integrate`.
  'auc_independent': float(np.trapz(curve_indep) * dt),
/scratch3/shaiq_home/repos/behaviour_ddpm/ddpm/analysis/new_analysis/run_ablation_student_comparison.py:411: DeprecationWarning: `trapz` is deprecated. Use `trapezoid` instead, or one of the numerical integration functions in `scipy.integrate`.
  'auc_shared_q': float(np.trapz(curve_shared) * dt),
/scratch3/shaiq_home/repos/behaviour_ddpm/ddpm/analysis/new_analysis/run_ablation_student_comparison.py:410: DeprecationWarning: `trapz` is deprecated. Use `trapezoid` instead, or one of the numerical integration functions in `scipy.integrate`.
  'auc_independent': float(np.trapz(curve_indep) * dt),
/scratch3/shaiq_home/repos/behaviour_ddpm/ddpm/analysis/new_analysis/run_ablation_student_comparison.py:411: DeprecationWarning: `trapz` is deprecated. Use `trapezoid` instead, or one of the numerical integration functions in `scipy.integrate`.
  'auc_shared_q': float(np.trapz(curve_shared) * dt),
/scratch3/shaiq_home/repos/behaviour_ddpm/ddpm/analysis/new_analysis/run_ablation_student_comparison.py:410: DeprecationWarning: `trapz` is deprecated. Use `trapezoid` instead, or one of the numerical integration functions in `scipy.integrate`.
  'auc_independent': float(np.trapz(curve_indep) * dt),
/scratch3/shaiq_home/repos/behaviour_ddpm/ddpm/analysis/new_analysis/run_ablation_student_comparison.py:411: DeprecationWarning: `trapz` is deprecated. Use `trapezoid` instead, or one of the numerical integration functions in `scipy.integrate`.
  'auc_shared_q': float(np.trapz(curve_shared) * dt),
/scratch3/shaiq_home/repos/behaviour_ddpm/ddpm/analysis/new_analysis/run_ablation_student_comparison.py:410: DeprecationWarning: `trapz` is deprecated. Use `trapezoid` instead, or one of the numerical integration functions in `scipy.integrate`.
  'auc_independent': float(np.trapz(curve_indep) * dt),
/scratch3/shaiq_home/repos/behaviour_ddpm/ddpm/analysis/new_analysis/run_ablation_student_comparison.py:411: DeprecationWarning: `trapz` is deprecated. Use `trapezoid` instead, or one of the numerical integration functions in `scipy.integrate`.
  'auc_shared_q': float(np.trapz(curve_shared) * dt),
/scratch3/shaiq_home/repos/behaviour_ddpm/ddpm/analysis/new_analysis/run_ablation_student_comparison.py:410: DeprecationWarning: `trapz` is deprecated. Use `trapezoid` instead, or one of the numerical integration functions in `scipy.integrate`.
  'auc_independent': float(np.trapz(curve_indep) * dt),
/scratch3/shaiq_home/repos/behaviour_ddpm/ddpm/analysis/new_analysis/run_ablation_student_comparison.py:411: DeprecationWarning: `trapz` is deprecated. Use `trapezoid` instead, or one of the numerical integration functions in `scipy.integrate`.
  'auc_shared_q': float(np.trapz(curve_shared) * dt),
/scratch3/shaiq_home/repos/behaviour_ddpm/ddpm/analysis/new_analysis/run_ablation_student_comparison.py:410: DeprecationWarning: `trapz` is deprecated. Use `trapezoid` instead, or one of the numerical integration functions in `scipy.integrate`.
  'auc_independent': float(np.trapz(curve_indep) * dt),
/scratch3/shaiq_home/repos/behaviour_ddpm/ddpm/analysis/new_analysis/run_ablation_student_comparison.py:411: DeprecationWarning: `trapz` is deprecated. Use `trapezoid` instead, or one of the numerical integration functions in `scipy.integrate`.
  'auc_shared_q': float(np.trapz(curve_shared) * dt),
/scratch3/shaiq_home/repos/behaviour_ddpm/ddpm/analysis/new_analysis/run_ablation_student_comparison.py:410: DeprecationWarning: `trapz` is deprecated. Use `trapezoid` instead, or one of the numerical integration functions in `scipy.integrate`.
  'auc_independent': float(np.trapz(curve_indep) * dt),
/scratch3/shaiq_home/repos/behaviour_ddpm/ddpm/analysis/new_analysis/run_ablation_student_comparison.py:411: DeprecationWarning: `trapz` is deprecated. Use `trapezoid` instead, or one of the numerical integration functions in `scipy.integrate`.
  'auc_shared_q': float(np.trapz(curve_shared) * dt),
/scratch3/shaiq_home/repos/behaviour_ddpm/ddpm/analysis/new_analysis/run_ablation_student_comparison.py:410: DeprecationWarning: `trapz` is deprecated. Use `trapezoid` instead, or one of the numerical integration functions in `scipy.integrate`.
  'auc_independent': float(np.trapz(curve_indep) * dt),
/scratch3/shaiq_home/repos/behaviour_ddpm/ddpm/analysis/new_analysis/run_ablation_student_comparison.py:411: DeprecationWarning: `trapz` is deprecated. Use `trapezoid` instead, or one of the numerical integration functions in `scipy.integrate`.
  'auc_shared_q': float(np.trapz(curve_shared) * dt),
/scratch3/shaiq_home/repos/behaviour_ddpm/ddpm/analysis/new_analysis/run_ablation_student_comparison.py:410: DeprecationWarning: `trapz` is deprecated. Use `trapezoid` instead, or one of the numerical integration functions in `scipy.integrate`.
  'auc_independent': float(np.trapz(curve_indep) * dt),
/scratch3/shaiq_home/repos/behaviour_ddpm/ddpm/analysis/new_analysis/run_ablation_student_comparison.py:411: DeprecationWarning: `trapz` is deprecated. Use `trapezoid` instead, or one of the numerical integration functions in `scipy.integrate`.
  'auc_shared_q': float(np.trapz(curve_shared) * dt),
/scratch3/shaiq_home/repos/behaviour_ddpm/ddpm/analysis/new_analysis/run_ablation_student_comparison.py:410: DeprecationWarning: `trapz` is deprecated. Use `trapezoid` instead, or one of the numerical integration functions in `scipy.integrate`.
  'auc_independent': float(np.trapz(curve_indep) * dt),
/scratch3/shaiq_home/repos/behaviour_ddpm/ddpm/analysis/new_analysis/run_ablation_student_comparison.py:411: DeprecationWarning: `trapz` is deprecated. Use `trapezoid` instead, or one of the numerical integration functions in `scipy.integrate`.
  'auc_shared_q': float(np.trapz(curve_shared) * dt),
/scratch3/shaiq_home/repos/behaviour_ddpm/ddpm/analysis/new_analysis/run_ablation_student_comparison.py:410: DeprecationWarning: `trapz` is deprecated. Use `trapezoid` instead, or one of the numerical integration functions in `scipy.integrate`.
  'auc_independent': float(np.trapz(curve_indep) * dt),
/scratch3/shaiq_home/repos/behaviour_ddpm/ddpm/analysis/new_analysis/run_ablation_student_comparison.py:411: DeprecationWarning: `trapz` is deprecated. Use `trapezoid` instead, or one of the numerical integration functions in `scipy.integrate`.
  'auc_shared_q': float(np.trapz(curve_shared) * dt),
/scratch3/shaiq_home/repos/behaviour_ddpm/ddpm/analysis/new_analysis/run_ablation_student_comparison.py:410: DeprecationWarning: `trapz` is deprecated. Use `trapezoid` instead, or one of the numerical integration functions in `scipy.integrate`.
  'auc_independent': float(np.trapz(curve_indep) * dt),
/scratch3/shaiq_home/repos/behaviour_ddpm/ddpm/analysis/new_analysis/run_ablation_student_comparison.py:411: DeprecationWarning: `trapz` is deprecated. Use `trapezoid` instead, or one of the numerical integration functions in `scipy.integrate`.
  'auc_shared_q': float(np.trapz(curve_shared) * dt),
/scratch3/shaiq_home/repos/behaviour_ddpm/ddpm/analysis/new_analysis/run_ablation_student_comparison.py:410: DeprecationWarning: `trapz` is deprecated. Use `trapezoid` instead, or one of the numerical integration functions in `scipy.integrate`.
  'auc_independent': float(np.trapz(curve_indep) * dt),
/scratch3/shaiq_home/repos/behaviour_ddpm/ddpm/analysis/new_analysis/run_ablation_student_comparison.py:411: DeprecationWarning: `trapz` is deprecated. Use `trapezoid` instead, or one of the numerical integration functions in `scipy.integrate`.
  'auc_shared_q': float(np.trapz(curve_shared) * dt),
/scratch3/shaiq_home/repos/behaviour_ddpm/ddpm/analysis/new_analysis/run_ablation_student_comparison.py:410: DeprecationWarning: `trapz` is deprecated. Use `trapezoid` instead, or one of the numerical integration functions in `scipy.integrate`.
  'auc_independent': float(np.trapz(curve_indep) * dt),
/scratch3/shaiq_home/repos/behaviour_ddpm/ddpm/analysis/new_analysis/run_ablation_student_comparison.py:411: DeprecationWarning: `trapz` is deprecated. Use `trapezoid` instead, or one of the numerical integration functions in `scipy.integrate`.
  'auc_shared_q': float(np.trapz(curve_shared) * dt),
/scratch3/shaiq_home/repos/behaviour_ddpm/ddpm/analysis/new_analysis/run_ablation_student_comparison.py:410: DeprecationWarning: `trapz` is deprecated. Use `trapezoid` instead, or one of the numerical integration functions in `scipy.integrate`.
  'auc_independent': float(np.trapz(curve_indep) * dt),
/scratch3/shaiq_home/repos/behaviour_ddpm/ddpm/analysis/new_analysis/run_ablation_student_comparison.py:411: DeprecationWarning: `trapz` is deprecated. Use `trapezoid` instead, or one of the numerical integration functions in `scipy.integrate`.
  'auc_shared_q': float(np.trapz(curve_shared) * dt),
/scratch3/shaiq_home/repos/behaviour_ddpm/ddpm/analysis/new_analysis/run_ablation_student_comparison.py:410: DeprecationWarning: `trapz` is deprecated. Use `trapezoid` instead, or one of the numerical integration functions in `scipy.integrate`.
  'auc_independent': float(np.trapz(curve_indep) * dt),
/scratch3/shaiq_home/repos/behaviour_ddpm/ddpm/analysis/new_analysis/run_ablation_student_comparison.py:411: DeprecationWarning: `trapz` is deprecated. Use `trapezoid` instead, or one of the numerical integration functions in `scipy.integrate`.
  'auc_shared_q': float(np.trapz(curve_shared) * dt),
/scratch3/shaiq_home/repos/behaviour_ddpm/ddpm/analysis/new_analysis/run_ablation_student_comparison.py:410: DeprecationWarning: `trapz` is deprecated. Use `trapezoid` instead, or one of the numerical integration functions in `scipy.integrate`.
  'auc_independent': float(np.trapz(curve_indep) * dt),
/scratch3/shaiq_home/repos/behaviour_ddpm/ddpm/analysis/new_analysis/run_ablation_student_comparison.py:411: DeprecationWarning: `trapz` is deprecated. Use `trapezoid` instead, or one of the numerical integration functions in `scipy.integrate`.
  'auc_shared_q': float(np.trapz(curve_shared) * dt),
/scratch3/shaiq_home/repos/behaviour_ddpm/ddpm/analysis/new_analysis/run_ablation_student_comparison.py:410: DeprecationWarning: `trapz` is deprecated. Use `trapezoid` instead, or one of the numerical integration functions in `scipy.integrate`.
  'auc_independent': float(np.trapz(curve_indep) * dt),
/scratch3/shaiq_home/repos/behaviour_ddpm/ddpm/analysis/new_analysis/run_ablation_student_comparison.py:411: DeprecationWarning: `trapz` is deprecated. Use `trapezoid` instead, or one of the numerical integration functions in `scipy.integrate`.
  'auc_shared_q': float(np.trapz(curve_shared) * dt),
/scratch3/shaiq_home/repos/behaviour_ddpm/ddpm/analysis/new_analysis/run_ablation_student_comparison.py:410: DeprecationWarning: `trapz` is deprecated. Use `trapezoid` instead, or one of the numerical integration functions in `scipy.integrate`.
  'auc_independent': float(np.trapz(curve_indep) * dt),
/scratch3/shaiq_home/repos/behaviour_ddpm/ddpm/analysis/new_analysis/run_ablation_student_comparison.py:411: DeprecationWarning: `trapz` is deprecated. Use `trapezoid` instead, or one of the numerical integration functions in `scipy.integrate`.
  'auc_shared_q': float(np.trapz(curve_shared) * dt),
/scratch3/shaiq_home/repos/behaviour_ddpm/ddpm/analysis/new_analysis/run_ablation_student_comparison.py:410: DeprecationWarning: `trapz` is deprecated. Use `trapezoid` instead, or one of the numerical integration functions in `scipy.integrate`.
  'auc_independent': float(np.trapz(curve_indep) * dt),
/scratch3/shaiq_home/repos/behaviour_ddpm/ddpm/analysis/new_analysis/run_ablation_student_comparison.py:411: DeprecationWarning: `trapz` is deprecated. Use `trapezoid` instead, or one of the numerical integration functions in `scipy.integrate`.
  'auc_shared_q': float(np.trapz(curve_shared) * dt),
/scratch3/shaiq_home/repos/behaviour_ddpm/ddpm/analysis/new_analysis/run_ablation_student_comparison.py:410: DeprecationWarning: `trapz` is deprecated. Use `trapezoid` instead, or one of the numerical integration functions in `scipy.integrate`.
  'auc_independent': float(np.trapz(curve_indep) * dt),
/scratch3/shaiq_home/repos/behaviour_ddpm/ddpm/analysis/new_analysis/run_ablation_student_comparison.py:411: DeprecationWarning: `trapz` is deprecated. Use `trapezoid` instead, or one of the numerical integration functions in `scipy.integrate`.
  'auc_shared_q': float(np.trapz(curve_shared) * dt),
/scratch3/shaiq_home/repos/behaviour_ddpm/ddpm/analysis/new_analysis/run_ablation_student_comparison.py:410: DeprecationWarning: `trapz` is deprecated. Use `trapezoid` instead, or one of the numerical integration functions in `scipy.integrate`.
  'auc_independent': float(np.trapz(curve_indep) * dt),
/scratch3/shaiq_home/repos/behaviour_ddpm/ddpm/analysis/new_analysis/run_ablation_student_comparison.py:411: DeprecationWarning: `trapz` is deprecated. Use `trapezoid` instead, or one of the numerical integration functions in `scipy.integrate`.
  'auc_shared_q': float(np.trapz(curve_shared) * dt),
/scratch3/shaiq_home/repos/behaviour_ddpm/ddpm/analysis/new_analysis/run_ablation_student_comparison.py:410: DeprecationWarning: `trapz` is deprecated. Use `trapezoid` instead, or one of the numerical integration functions in `scipy.integrate`.
  'auc_independent': float(np.trapz(curve_indep) * dt),
/scratch3/shaiq_home/repos/behaviour_ddpm/ddpm/analysis/new_analysis/run_ablation_student_comparison.py:411: DeprecationWarning: `trapz` is deprecated. Use `trapezoid` instead, or one of the numerical integration functions in `scipy.integrate`.
  'auc_shared_q': float(np.trapz(curve_shared) * dt),
/scratch3/shaiq_home/repos/behaviour_ddpm/ddpm/analysis/new_analysis/run_ablation_student_comparison.py:410: DeprecationWarning: `trapz` is deprecated. Use `trapezoid` instead, or one of the numerical integration functions in `scipy.integrate`.
  'auc_independent': float(np.trapz(curve_indep) * dt),
/scratch3/shaiq_home/repos/behaviour_ddpm/ddpm/analysis/new_analysis/run_ablation_student_comparison.py:411: DeprecationWarning: `trapz` is deprecated. Use `trapezoid` instead, or one of the numerical integration functions in `scipy.integrate`.
  'auc_shared_q': float(np.trapz(curve_shared) * dt),
/scratch3/shaiq_home/repos/behaviour_ddpm/ddpm/analysis/new_analysis/run_ablation_student_comparison.py:410: DeprecationWarning: `trapz` is deprecated. Use `trapezoid` instead, or one of the numerical integration functions in `scipy.integrate`.
  'auc_independent': float(np.trapz(curve_indep) * dt),
/scratch3/shaiq_home/repos/behaviour_ddpm/ddpm/analysis/new_analysis/run_ablation_student_comparison.py:411: DeprecationWarning: `trapz` is deprecated. Use `trapezoid` instead, or one of the numerical integration functions in `scipy.integrate`.
  'auc_shared_q': float(np.trapz(curve_shared) * dt),
/scratch3/shaiq_home/repos/behaviour_ddpm/ddpm/analysis/new_analysis/run_ablation_student_comparison.py:410: DeprecationWarning: `trapz` is deprecated. Use `trapezoid` instead, or one of the numerical integration functions in `scipy.integrate`.
  'auc_independent': float(np.trapz(curve_indep) * dt),
/scratch3/shaiq_home/repos/behaviour_ddpm/ddpm/analysis/new_analysis/run_ablation_student_comparison.py:411: DeprecationWarning: `trapz` is deprecated. Use `trapezoid` instead, or one of the numerical integration functions in `scipy.integrate`.
  'auc_shared_q': float(np.trapz(curve_shared) * dt),
/scratch3/shaiq_home/repos/behaviour_ddpm/ddpm/analysis/new_analysis/run_ablation_student_comparison.py:410: DeprecationWarning: `trapz` is deprecated. Use `trapezoid` instead, or one of the numerical integration functions in `scipy.integrate`.
  'auc_independent': float(np.trapz(curve_indep) * dt),
/scratch3/shaiq_home/repos/behaviour_ddpm/ddpm/analysis/new_analysis/run_ablation_student_comparison.py:411: DeprecationWarning: `trapz` is deprecated. Use `trapezoid` instead, or one of the numerical integration functions in `scipy.integrate`.
  'auc_shared_q': float(np.trapz(curve_shared) * dt),

  Comparing ablation 6 -> student index_cued_first_diffusion_0.3_swap_recovery_12
  Comparing ablation 6 -> student index_cued_first_diffusion_0.3_swap_recovery_13

======================================================================
Processing ablation direction 7
[index_cued_first_diffusion_0.3_swap_7_ablated_dir_07] using ablation direction key: nullspace_07
[index_cued_first_diffusion_0.3_swap_7_ablated_dir_07] trial 0/16
USING PRECUED ITEMS - SHOULD NEVER BE DONE IN TRAINING
USING PRECUED ITEMS - SHOULD NEVER BE DONE IN TRAINING
USING PRECUED ITEMS - SHOULD NEVER BE DONE IN TRAINING
USING PRECUED ITEMS - SHOULD NEVER BE DONE IN TRAINING
USING PRECUED ITEMS - SHOULD NEVER BE DONE IN TRAINING
USING PRECUED ITEMS - SHOULD NEVER BE DONE IN TRAINING
USING PRECUED ITEMS - SHOULD NEVER BE DONE IN TRAINING
USING PRECUED ITEMS - SHOULD NEVER BE DONE IN TRAINING
USING PRECUED ITEMS - SHOULD NEVER BE DONE IN TRAINING
USING PRECUED ITEMS - SHOULD NEVER BE DONE IN TRAINING
USING PRECUED ITEMS - SHOULD NEVER BE DONE IN TRAINING
USING PRECUED ITEMS - SHOULD NEVER BE DONE IN TRAINING
USING PRECUED ITEMS - SHOULD NEVER BE DONE IN TRAINING
USING PRECUED ITEMS - SHOULD NEVER BE DONE IN TRAINING
USING PRECUED ITEMS - SHOULD NEVER BE DONE IN TRAINING
USING PRECUED ITEMS - SHOULD NEVER BE DONE IN TRAINING
[index_cued_first_diffusion_0.3_swap_7_ablated_dir_07] using ablation direction key: nullspace_07
USING PRECUED ITEMS - SHOULD NEVER BE DONE IN TRAINING
USING PRECUED ITEMS - SHOULD NEVER BE DONE IN TRAINING
USING PRECUED ITEMS - SHOULD NEVER BE DONE IN TRAINING
USING PRECUED ITEMS - SHOULD NEVER BE DONE IN TRAINING
USING PRECUED ITEMS - SHOULD NEVER BE DONE IN TRAINING
USING PRECUED ITEMS - SHOULD NEVER BE DONE IN TRAINING
USING PRECUED ITEMS - SHOULD NEVER BE DONE IN TRAINING
USING PRECUED ITEMS - SHOULD NEVER BE DONE IN TRAINING
USING PRECUED ITEMS - SHOULD NEVER BE DONE IN TRAINING
USING PRECUED ITEMS - SHOULD NEVER BE DONE IN TRAINING
USING PRECUED ITEMS - SHOULD NEVER BE DONE IN TRAINING
USING PRECUED ITEMS - SHOULD NEVER BE DONE IN TRAINING
USING PRECUED ITEMS - SHOULD NEVER BE DONE IN TRAINING
USING PRECUED ITEMS - SHOULD NEVER BE DONE IN TRAINING
USING PRECUED ITEMS - SHOULD NEVER BE DONE IN TRAINING
USING PRECUED ITEMS - SHOULD NEVER BE DONE IN TRAINING
  Comparing ablation 7 -> student index_cued_first_diffusion_0.3_swap_recovery_0
  Comparing ablation 7 -> student index_cued_first_diffusion_0.3_swap_recovery_1
  Comparing ablation 7 -> student index_cued_first_diffusion_0.3_swap_recovery_2
  Comparing ablation 7 -> student index_cued_first_diffusion_0.3_swap_recovery_3
  Comparing ablation 7 -> student index_cued_first_diffusion_0.3_swap_recovery_4
  Comparing ablation 7 -> student index_cued_first_diffusion_0.3_swap_recovery_5
  Comparing ablation 7 -> student index_cued_first_diffusion_0.3_swap_recovery_6
  Comparing ablation 7 -> student index_cued_first_diffusion_0.3_swap_recovery_7
  Comparing ablation 7 -> student index_cued_first_diffusion_0.3_swap_recovery_8
  Comparing ablation 7 -> student index_cued_first_diffusion_0.3_swap_recovery_9
  Comparing ablation 7 -> student index_cued_first_diffusion_0.3_swap_recovery_10
  Comparing ablation 7 -> student index_cued_first_diffusion_0.3_swap_recovery_11
  Comparing ablation 7 -> student index_cued_first_diffusion_0.3_swap_recovery_12
  Comparing ablation 7 -> student index_cued_first_diffusion_0.3_swap_recovery_13

======================================================================
Processing ablation direction 8
[index_cued_first_diffusion_0.3_swap_7_ablated_dir_08] using ablation direction key: nullspace_08
[index_cued_first_diffusion_0.3_swap_7_ablated_dir_08] trial 0/16
USING PRECUED ITEMS - SHOULD NEVER BE DONE IN TRAINING
USING PRECUED ITEMS - SHOULD NEVER BE DONE IN TRAINING
USING PRECUED ITEMS - SHOULD NEVER BE DONE IN TRAINING
USING PRECUED ITEMS - SHOULD NEVER BE DONE IN TRAINING
USING PRECUED ITEMS - SHOULD NEVER BE DONE IN TRAINING
USING PRECUED ITEMS - SHOULD NEVER BE DONE IN TRAINING
USING PRECUED ITEMS - SHOULD NEVER BE DONE IN TRAINING
USING PRECUED ITEMS - SHOULD NEVER BE DONE IN TRAINING
USING PRECUED ITEMS - SHOULD NEVER BE DONE IN TRAINING
USING PRECUED ITEMS - SHOULD NEVER BE DONE IN TRAINING
USING PRECUED ITEMS - SHOULD NEVER BE DONE IN TRAINING
USING PRECUED ITEMS - SHOULD NEVER BE DONE IN TRAINING
USING PRECUED ITEMS - SHOULD NEVER BE DONE IN TRAINING
USING PRECUED ITEMS - SHOULD NEVER BE DONE IN TRAINING
USING PRECUED ITEMS - SHOULD NEVER BE DONE IN TRAINING
USING PRECUED ITEMS - SHOULD NEVER BE DONE IN TRAINING
[index_cued_first_diffusion_0.3_swap_7_ablated_dir_08] using ablation direction key: nullspace_08
USING PRECUED ITEMS - SHOULD NEVER BE DONE IN TRAINING
USING PRECUED ITEMS - SHOULD NEVER BE DONE IN TRAINING
USING PRECUED ITEMS - SHOULD NEVER BE DONE IN TRAINING
USING PRECUED ITEMS - SHOULD NEVER BE DONE IN TRAINING
USING PRECUED ITEMS - SHOULD NEVER BE DONE IN TRAINING
USING PRECUED ITEMS - SHOULD NEVER BE DONE IN TRAINING
USING PRECUED ITEMS - SHOULD NEVER BE DONE IN TRAINING
USING PRECUED ITEMS - SHOULD NEVER BE DONE IN TRAINING
USING PRECUED ITEMS - SHOULD NEVER BE DONE IN TRAINING
USING PRECUED ITEMS - SHOULD NEVER BE DONE IN TRAINING
USING PRECUED ITEMS - SHOULD NEVER BE DONE IN TRAINING
USING PRECUED ITEMS - SHOULD NEVER BE DONE IN TRAINING
USING PRECUED ITEMS - SHOULD NEVER BE DONE IN TRAINING
USING PRECUED ITEMS - SHOULD NEVER BE DONE IN TRAINING
USING PRECUED ITEMS - SHOULD NEVER BE DONE IN TRAINING
USING PRECUED ITEMS - SHOULD NEVER BE DONE IN TRAINING
  Comparing ablation 8 -> student index_cued_first_diffusion_0.3_swap_recovery_0
  Comparing ablation 8 -> student index_cued_first_diffusion_0.3_swap_recovery_1
  Comparing ablation 8 -> student index_cued_first_diffusion_0.3_swap_recovery_2
  Comparing ablation 8 -> student index_cued_first_diffusion_0.3_swap_recovery_3
  Comparing ablation 8 -> student index_cued_first_diffusion_0.3_swap_recovery_4
  Comparing ablation 8 -> student index_cued_first_diffusion_0.3_swap_recovery_5
  Comparing ablation 8 -> student index_cued_first_diffusion_0.3_swap_recovery_6
  Comparing ablation 8 -> student index_cued_first_diffusion_0.3_swap_recovery_7
  Comparing ablation 8 -> student index_cued_first_diffusion_0.3_swap_recovery_8
  Comparing ablation 8 -> student index_cued_first_diffusion_0.3_swap_recovery_9
  Comparing ablation 8 -> student index_cued_first_diffusion_0.3_swap_recovery_10
  Comparing ablation 8 -> student index_cued_first_diffusion_0.3_swap_recovery_11
  Comparing ablation 8 -> student index_cued_first_diffusion_0.3_swap_recovery_12
  Comparing ablation 8 -> student index_cued_first_diffusion_0.3_swap_recovery_13

======================================================================
Processing ablation direction 9
[index_cued_first_diffusion_0.3_swap_7_ablated_dir_09] using ablation direction key: nullspace_09
[index_cued_first_diffusion_0.3_swap_7_ablated_dir_09] trial 0/16
USING PRECUED ITEMS - SHOULD NEVER BE DONE IN TRAINING
USING PRECUED ITEMS - SHOULD NEVER BE DONE IN TRAINING
USING PRECUED ITEMS - SHOULD NEVER BE DONE IN TRAINING
USING PRECUED ITEMS - SHOULD NEVER BE DONE IN TRAINING
USING PRECUED ITEMS - SHOULD NEVER BE DONE IN TRAINING
USING PRECUED ITEMS - SHOULD NEVER BE DONE IN TRAINING
USING PRECUED ITEMS - SHOULD NEVER BE DONE IN TRAINING
USING PRECUED ITEMS - SHOULD NEVER BE DONE IN TRAINING
USING PRECUED ITEMS - SHOULD NEVER BE DONE IN TRAINING
USING PRECUED ITEMS - SHOULD NEVER BE DONE IN TRAINING
USING PRECUED ITEMS - SHOULD NEVER BE DONE IN TRAINING
USING PRECUED ITEMS - SHOULD NEVER BE DONE IN TRAINING
USING PRECUED ITEMS - SHOULD NEVER BE DONE IN TRAINING
USING PRECUED ITEMS - SHOULD NEVER BE DONE IN TRAINING
USING PRECUED ITEMS - SHOULD NEVER BE DONE IN TRAINING
USING PRECUED ITEMS - SHOULD NEVER BE DONE IN TRAINING
[index_cued_first_diffusion_0.3_swap_7_ablated_dir_09] using ablation direction key: nullspace_09
USING PRECUED ITEMS - SHOULD NEVER BE DONE IN TRAINING
USING PRECUED ITEMS - SHOULD NEVER BE DONE IN TRAINING
USING PRECUED ITEMS - SHOULD NEVER BE DONE IN TRAINING
USING PRECUED ITEMS - SHOULD NEVER BE DONE IN TRAINING
USING PRECUED ITEMS - SHOULD NEVER BE DONE IN TRAINING/scratch3/shaiq_home/repos/behaviour_ddpm/ddpm/analysis/new_analysis/run_ablation_student_comparison.py:410: DeprecationWarning: `trapz` is deprecated. Use `trapezoid` instead, or one of the numerical integration functions in `scipy.integrate`.
  'auc_independent': float(np.trapz(curve_indep) * dt),
/scratch3/shaiq_home/repos/behaviour_ddpm/ddpm/analysis/new_analysis/run_ablation_student_comparison.py:411: DeprecationWarning: `trapz` is deprecated. Use `trapezoid` instead, or one of the numerical integration functions in `scipy.integrate`.
  'auc_shared_q': float(np.trapz(curve_shared) * dt),
/scratch3/shaiq_home/repos/behaviour_ddpm/ddpm/analysis/new_analysis/run_ablation_student_comparison.py:410: DeprecationWarning: `trapz` is deprecated. Use `trapezoid` instead, or one of the numerical integration functions in `scipy.integrate`.
  'auc_independent': float(np.trapz(curve_indep) * dt),
/scratch3/shaiq_home/repos/behaviour_ddpm/ddpm/analysis/new_analysis/run_ablation_student_comparison.py:411: DeprecationWarning: `trapz` is deprecated. Use `trapezoid` instead, or one of the numerical integration functions in `scipy.integrate`.
  'auc_shared_q': float(np.trapz(curve_shared) * dt),
/scratch3/shaiq_home/repos/behaviour_ddpm/ddpm/analysis/new_analysis/run_ablation_student_comparison.py:410: DeprecationWarning: `trapz` is deprecated. Use `trapezoid` instead, or one of the numerical integration functions in `scipy.integrate`.
  'auc_independent': float(np.trapz(curve_indep) * dt),
/scratch3/shaiq_home/repos/behaviour_ddpm/ddpm/analysis/new_analysis/run_ablation_student_comparison.py:411: DeprecationWarning: `trapz` is deprecated. Use `trapezoid` instead, or one of the numerical integration functions in `scipy.integrate`.
  'auc_shared_q': float(np.trapz(curve_shared) * dt),
/scratch3/shaiq_home/repos/behaviour_ddpm/ddpm/analysis/new_analysis/run_ablation_student_comparison.py:410: DeprecationWarning: `trapz` is deprecated. Use `trapezoid` instead, or one of the numerical integration functions in `scipy.integrate`.
  'auc_independent': float(np.trapz(curve_indep) * dt),
/scratch3/shaiq_home/repos/behaviour_ddpm/ddpm/analysis/new_analysis/run_ablation_student_comparison.py:411: DeprecationWarning: `trapz` is deprecated. Use `trapezoid` instead, or one of the numerical integration functions in `scipy.integrate`.
  'auc_shared_q': float(np.trapz(curve_shared) * dt),
/scratch3/shaiq_home/repos/behaviour_ddpm/ddpm/analysis/new_analysis/run_ablation_student_comparison.py:410: DeprecationWarning: `trapz` is deprecated. Use `trapezoid` instead, or one of the numerical integration functions in `scipy.integrate`.
  'auc_independent': float(np.trapz(curve_indep) * dt),
/scratch3/shaiq_home/repos/behaviour_ddpm/ddpm/analysis/new_analysis/run_ablation_student_comparison.py:411: DeprecationWarning: `trapz` is deprecated. Use `trapezoid` instead, or one of the numerical integration functions in `scipy.integrate`.
  'auc_shared_q': float(np.trapz(curve_shared) * dt),
/scratch3/shaiq_home/repos/behaviour_ddpm/ddpm/analysis/new_analysis/run_ablation_student_comparison.py:410: DeprecationWarning: `trapz` is deprecated. Use `trapezoid` instead, or one of the numerical integration functions in `scipy.integrate`.
  'auc_independent': float(np.trapz(curve_indep) * dt),
/scratch3/shaiq_home/repos/behaviour_ddpm/ddpm/analysis/new_analysis/run_ablation_student_comparison.py:411: DeprecationWarning: `trapz` is deprecated. Use `trapezoid` instead, or one of the numerical integration functions in `scipy.integrate`.
  'auc_shared_q': float(np.trapz(curve_shared) * dt),
/scratch3/shaiq_home/repos/behaviour_ddpm/ddpm/analysis/new_analysis/run_ablation_student_comparison.py:410: DeprecationWarning: `trapz` is deprecated. Use `trapezoid` instead, or one of the numerical integration functions in `scipy.integrate`.
  'auc_independent': float(np.trapz(curve_indep) * dt),
/scratch3/shaiq_home/repos/behaviour_ddpm/ddpm/analysis/new_analysis/run_ablation_student_comparison.py:411: DeprecationWarning: `trapz` is deprecated. Use `trapezoid` instead, or one of the numerical integration functions in `scipy.integrate`.
  'auc_shared_q': float(np.trapz(curve_shared) * dt),
/scratch3/shaiq_home/repos/behaviour_ddpm/ddpm/analysis/new_analysis/run_ablation_student_comparison.py:410: DeprecationWarning: `trapz` is deprecated. Use `trapezoid` instead, or one of the numerical integration functions in `scipy.integrate`.
  'auc_independent': float(np.trapz(curve_indep) * dt),
/scratch3/shaiq_home/repos/behaviour_ddpm/ddpm/analysis/new_analysis/run_ablation_student_comparison.py:411: DeprecationWarning: `trapz` is deprecated. Use `trapezoid` instead, or one of the numerical integration functions in `scipy.integrate`.
  'auc_shared_q': float(np.trapz(curve_shared) * dt),
/scratch3/shaiq_home/repos/behaviour_ddpm/ddpm/analysis/new_analysis/run_ablation_student_comparison.py:410: DeprecationWarning: `trapz` is deprecated. Use `trapezoid` instead, or one of the numerical integration functions in `scipy.integrate`.
  'auc_independent': float(np.trapz(curve_indep) * dt),
/scratch3/shaiq_home/repos/behaviour_ddpm/ddpm/analysis/new_analysis/run_ablation_student_comparison.py:411: DeprecationWarning: `trapz` is deprecated. Use `trapezoid` instead, or one of the numerical integration functions in `scipy.integrate`.
  'auc_shared_q': float(np.trapz(curve_shared) * dt),
/scratch3/shaiq_home/repos/behaviour_ddpm/ddpm/analysis/new_analysis/run_ablation_student_comparison.py:410: DeprecationWarning: `trapz` is deprecated. Use `trapezoid` instead, or one of the numerical integration functions in `scipy.integrate`.
  'auc_independent': float(np.trapz(curve_indep) * dt),
/scratch3/shaiq_home/repos/behaviour_ddpm/ddpm/analysis/new_analysis/run_ablation_student_comparison.py:411: DeprecationWarning: `trapz` is deprecated. Use `trapezoid` instead, or one of the numerical integration functions in `scipy.integrate`.
  'auc_shared_q': float(np.trapz(curve_shared) * dt),
/scratch3/shaiq_home/repos/behaviour_ddpm/ddpm/analysis/new_analysis/run_ablation_student_comparison.py:410: DeprecationWarning: `trapz` is deprecated. Use `trapezoid` instead, or one of the numerical integration functions in `scipy.integrate`.
  'auc_independent': float(np.trapz(curve_indep) * dt),
/scratch3/shaiq_home/repos/behaviour_ddpm/ddpm/analysis/new_analysis/run_ablation_student_comparison.py:411: DeprecationWarning: `trapz` is deprecated. Use `trapezoid` instead, or one of the numerical integration functions in `scipy.integrate`.
  'auc_shared_q': float(np.trapz(curve_shared) * dt),
/scratch3/shaiq_home/repos/behaviour_ddpm/ddpm/analysis/new_analysis/run_ablation_student_comparison.py:410: DeprecationWarning: `trapz` is deprecated. Use `trapezoid` instead, or one of the numerical integration functions in `scipy.integrate`.
  'auc_independent': float(np.trapz(curve_indep) * dt),
/scratch3/shaiq_home/repos/behaviour_ddpm/ddpm/analysis/new_analysis/run_ablation_student_comparison.py:411: DeprecationWarning: `trapz` is deprecated. Use `trapezoid` instead, or one of the numerical integration functions in `scipy.integrate`.
  'auc_shared_q': float(np.trapz(curve_shared) * dt),
/scratch3/shaiq_home/repos/behaviour_ddpm/ddpm/analysis/new_analysis/run_ablation_student_comparison.py:410: DeprecationWarning: `trapz` is deprecated. Use `trapezoid` instead, or one of the numerical integration functions in `scipy.integrate`.
  'auc_independent': float(np.trapz(curve_indep) * dt),
/scratch3/shaiq_home/repos/behaviour_ddpm/ddpm/analysis/new_analysis/run_ablation_student_comparison.py:411: DeprecationWarning: `trapz` is deprecated. Use `trapezoid` instead, or one of the numerical integration functions in `scipy.integrate`.
  'auc_shared_q': float(np.trapz(curve_shared) * dt),
/scratch3/shaiq_home/repos/behaviour_ddpm/ddpm/analysis/new_analysis/run_ablation_student_comparison.py:410: DeprecationWarning: `trapz` is deprecated. Use `trapezoid` instead, or one of the numerical integration functions in `scipy.integrate`.
  'auc_independent': float(np.trapz(curve_indep) * dt),
/scratch3/shaiq_home/repos/behaviour_ddpm/ddpm/analysis/new_analysis/run_ablation_student_comparison.py:411: DeprecationWarning: `trapz` is deprecated. Use `trapezoid` instead, or one of the numerical integration functions in `scipy.integrate`.
  'auc_shared_q': float(np.trapz(curve_shared) * dt),
/scratch3/shaiq_home/repos/behaviour_ddpm/ddpm/analysis/new_analysis/run_ablation_student_comparison.py:410: DeprecationWarning: `trapz` is deprecated. Use `trapezoid` instead, or one of the numerical integration functions in `scipy.integrate`.
  'auc_independent': float(np.trapz(curve_indep) * dt),
/scratch3/shaiq_home/repos/behaviour_ddpm/ddpm/analysis/new_analysis/run_ablation_student_comparison.py:411: DeprecationWarning: `trapz` is deprecated. Use `trapezoid` instead, or one of the numerical integration functions in `scipy.integrate`.
  'auc_shared_q': float(np.trapz(curve_shared) * dt),
/scratch3/shaiq_home/repos/behaviour_ddpm/ddpm/analysis/new_analysis/run_ablation_student_comparison.py:410: DeprecationWarning: `trapz` is deprecated. Use `trapezoid` instead, or one of the numerical integration functions in `scipy.integrate`.
  'auc_independent': float(np.trapz(curve_indep) * dt),
/scratch3/shaiq_home/repos/behaviour_ddpm/ddpm/analysis/new_analysis/run_ablation_student_comparison.py:411: DeprecationWarning: `trapz` is deprecated. Use `trapezoid` instead, or one of the numerical integration functions in `scipy.integrate`.
  'auc_shared_q': float(np.trapz(curve_shared) * dt),
/scratch3/shaiq_home/repos/behaviour_ddpm/ddpm/analysis/new_analysis/run_ablation_student_comparison.py:410: DeprecationWarning: `trapz` is deprecated. Use `trapezoid` instead, or one of the numerical integration functions in `scipy.integrate`.
  'auc_independent': float(np.trapz(curve_indep) * dt),
/scratch3/shaiq_home/repos/behaviour_ddpm/ddpm/analysis/new_analysis/run_ablation_student_comparison.py:411: DeprecationWarning: `trapz` is deprecated. Use `trapezoid` instead, or one of the numerical integration functions in `scipy.integrate`.
  'auc_shared_q': float(np.trapz(curve_shared) * dt),
/scratch3/shaiq_home/repos/behaviour_ddpm/ddpm/analysis/new_analysis/run_ablation_student_comparison.py:410: DeprecationWarning: `trapz` is deprecated. Use `trapezoid` instead, or one of the numerical integration functions in `scipy.integrate`.
  'auc_independent': float(np.trapz(curve_indep) * dt),
/scratch3/shaiq_home/repos/behaviour_ddpm/ddpm/analysis/new_analysis/run_ablation_student_comparison.py:411: DeprecationWarning: `trapz` is deprecated. Use `trapezoid` instead, or one of the numerical integration functions in `scipy.integrate`.
  'auc_shared_q': float(np.trapz(curve_shared) * dt),
/scratch3/shaiq_home/repos/behaviour_ddpm/ddpm/analysis/new_analysis/run_ablation_student_comparison.py:410: DeprecationWarning: `trapz` is deprecated. Use `trapezoid` instead, or one of the numerical integration functions in `scipy.integrate`.
  'auc_independent': float(np.trapz(curve_indep) * dt),
/scratch3/shaiq_home/repos/behaviour_ddpm/ddpm/analysis/new_analysis/run_ablation_student_comparison.py:411: DeprecationWarning: `trapz` is deprecated. Use `trapezoid` instead, or one of the numerical integration functions in `scipy.integrate`.
  'auc_shared_q': float(np.trapz(curve_shared) * dt),
/scratch3/shaiq_home/repos/behaviour_ddpm/ddpm/analysis/new_analysis/run_ablation_student_comparison.py:410: DeprecationWarning: `trapz` is deprecated. Use `trapezoid` instead, or one of the numerical integration functions in `scipy.integrate`.
  'auc_independent': float(np.trapz(curve_indep) * dt),
/scratch3/shaiq_home/repos/behaviour_ddpm/ddpm/analysis/new_analysis/run_ablation_student_comparison.py:411: DeprecationWarning: `trapz` is deprecated. Use `trapezoid` instead, or one of the numerical integration functions in `scipy.integrate`.
  'auc_shared_q': float(np.trapz(curve_shared) * dt),
/scratch3/shaiq_home/repos/behaviour_ddpm/ddpm/analysis/new_analysis/run_ablation_student_comparison.py:410: DeprecationWarning: `trapz` is deprecated. Use `trapezoid` instead, or one of the numerical integration functions in `scipy.integrate`.
  'auc_independent': float(np.trapz(curve_indep) * dt),
/scratch3/shaiq_home/repos/behaviour_ddpm/ddpm/analysis/new_analysis/run_ablation_student_comparison.py:411: DeprecationWarning: `trapz` is deprecated. Use `trapezoid` instead, or one of the numerical integration functions in `scipy.integrate`.
  'auc_shared_q': float(np.trapz(curve_shared) * dt),
/scratch3/shaiq_home/repos/behaviour_ddpm/ddpm/analysis/new_analysis/run_ablation_student_comparison.py:410: DeprecationWarning: `trapz` is deprecated. Use `trapezoid` instead, or one of the numerical integration functions in `scipy.integrate`.
  'auc_independent': float(np.trapz(curve_indep) * dt),
/scratch3/shaiq_home/repos/behaviour_ddpm/ddpm/analysis/new_analysis/run_ablation_student_comparison.py:411: DeprecationWarning: `trapz` is deprecated. Use `trapezoid` instead, or one of the numerical integration functions in `scipy.integrate`.
  'auc_shared_q': float(np.trapz(curve_shared) * dt),
/scratch3/shaiq_home/repos/behaviour_ddpm/ddpm/analysis/new_analysis/run_ablation_student_comparison.py:410: DeprecationWarning: `trapz` is deprecated. Use `trapezoid` instead, or one of the numerical integration functions in `scipy.integrate`.
  'auc_independent': float(np.trapz(curve_indep) * dt),
/scratch3/shaiq_home/repos/behaviour_ddpm/ddpm/analysis/new_analysis/run_ablation_student_comparison.py:411: DeprecationWarning: `trapz` is deprecated. Use `trapezoid` instead, or one of the numerical integration functions in `scipy.integrate`.
  'auc_shared_q': float(np.trapz(curve_shared) * dt),
/scratch3/shaiq_home/repos/behaviour_ddpm/ddpm/analysis/new_analysis/run_ablation_student_comparison.py:410: DeprecationWarning: `trapz` is deprecated. Use `trapezoid` instead, or one of the numerical integration functions in `scipy.integrate`.
  'auc_independent': float(np.trapz(curve_indep) * dt),
/scratch3/shaiq_home/repos/behaviour_ddpm/ddpm/analysis/new_analysis/run_ablation_student_comparison.py:411: DeprecationWarning: `trapz` is deprecated. Use `trapezoid` instead, or one of the numerical integration functions in `scipy.integrate`.
  'auc_shared_q': float(np.trapz(curve_shared) * dt),
/scratch3/shaiq_home/repos/behaviour_ddpm/ddpm/analysis/new_analysis/run_ablation_student_comparison.py:410: DeprecationWarning: `trapz` is deprecated. Use `trapezoid` instead, or one of the numerical integration functions in `scipy.integrate`.
  'auc_independent': float(np.trapz(curve_indep) * dt),
/scratch3/shaiq_home/repos/behaviour_ddpm/ddpm/analysis/new_analysis/run_ablation_student_comparison.py:411: DeprecationWarning: `trapz` is deprecated. Use `trapezoid` instead, or one of the numerical integration functions in `scipy.integrate`.
  'auc_shared_q': float(np.trapz(curve_shared) * dt),
/scratch3/shaiq_home/repos/behaviour_ddpm/ddpm/analysis/new_analysis/run_ablation_student_comparison.py:410: DeprecationWarning: `trapz` is deprecated. Use `trapezoid` instead, or one of the numerical integration functions in `scipy.integrate`.
  'auc_independent': float(np.trapz(curve_indep) * dt),
/scratch3/shaiq_home/repos/behaviour_ddpm/ddpm/analysis/new_analysis/run_ablation_student_comparison.py:411: DeprecationWarning: `trapz` is deprecated. Use `trapezoid` instead, or one of the numerical integration functions in `scipy.integrate`.
  'auc_shared_q': float(np.trapz(curve_shared) * dt),
/scratch3/shaiq_home/repos/behaviour_ddpm/ddpm/analysis/new_analysis/run_ablation_student_comparison.py:410: DeprecationWarning: `trapz` is deprecated. Use `trapezoid` instead, or one of the numerical integration functions in `scipy.integrate`.
  'auc_independent': float(np.trapz(curve_indep) * dt),
/scratch3/shaiq_home/repos/behaviour_ddpm/ddpm/analysis/new_analysis/run_ablation_student_comparison.py:411: DeprecationWarning: `trapz` is deprecated. Use `trapezoid` instead, or one of the numerical integration functions in `scipy.integrate`.
  'auc_shared_q': float(np.trapz(curve_shared) * dt),
/scratch3/shaiq_home/repos/behaviour_ddpm/ddpm/analysis/new_analysis/run_ablation_student_comparison.py:410: DeprecationWarning: `trapz` is deprecated. Use `trapezoid` instead, or one of the numerical integration functions in `scipy.integrate`.
  'auc_independent': float(np.trapz(curve_indep) * dt),
/scratch3/shaiq_home/repos/behaviour_ddpm/ddpm/analysis/new_analysis/run_ablation_student_comparison.py:411: DeprecationWarning: `trapz` is deprecated. Use `trapezoid` instead, or one of the numerical integration functions in `scipy.integrate`.
  'auc_shared_q': float(np.trapz(curve_shared) * dt),
/scratch3/shaiq_home/repos/behaviour_ddpm/ddpm/analysis/new_analysis/run_ablation_student_comparison.py:410: DeprecationWarning: `trapz` is deprecated. Use `trapezoid` instead, or one of the numerical integration functions in `scipy.integrate`.
  'auc_independent': float(np.trapz(curve_indep) * dt),
/scratch3/shaiq_home/repos/behaviour_ddpm/ddpm/analysis/new_analysis/run_ablation_student_comparison.py:411: DeprecationWarning: `trapz` is deprecated. Use `trapezoid` instead, or one of the numerical integration functions in `scipy.integrate`.
  'auc_shared_q': float(np.trapz(curve_shared) * dt),
/scratch3/shaiq_home/repos/behaviour_ddpm/ddpm/analysis/new_analysis/run_ablation_student_comparison.py:410: DeprecationWarning: `trapz` is deprecated. Use `trapezoid` instead, or one of the numerical integration functions in `scipy.integrate`.
  'auc_independent': float(np.trapz(curve_indep) * dt),
/scratch3/shaiq_home/repos/behaviour_ddpm/ddpm/analysis/new_analysis/run_ablation_student_comparison.py:411: DeprecationWarning: `trapz` is deprecated. Use `trapezoid` instead, or one of the numerical integration functions in `scipy.integrate`.
  'auc_shared_q': float(np.trapz(curve_shared) * dt),
/scratch3/shaiq_home/repos/behaviour_ddpm/ddpm/analysis/new_analysis/run_ablation_student_comparison.py:410: DeprecationWarning: `trapz` is deprecated. Use `trapezoid` instead, or one of the numerical integration functions in `scipy.integrate`.
  'auc_independent': float(np.trapz(curve_indep) * dt),
/scratch3/shaiq_home/repos/behaviour_ddpm/ddpm/analysis/new_analysis/run_ablation_student_comparison.py:411: DeprecationWarning: `trapz` is deprecated. Use `trapezoid` instead, or one of the numerical integration functions in `scipy.integrate`.
  'auc_shared_q': float(np.trapz(curve_shared) * dt),
/scratch3/shaiq_home/repos/behaviour_ddpm/ddpm/analysis/new_analysis/run_ablation_student_comparison.py:410: DeprecationWarning: `trapz` is deprecated. Use `trapezoid` instead, or one of the numerical integration functions in `scipy.integrate`.
  'auc_independent': float(np.trapz(curve_indep) * dt),
/scratch3/shaiq_home/repos/behaviour_ddpm/ddpm/analysis/new_analysis/run_ablation_student_comparison.py:411: DeprecationWarning: `trapz` is deprecated. Use `trapezoid` instead, or one of the numerical integration functions in `scipy.integrate`.
  'auc_shared_q': float(np.trapz(curve_shared) * dt),
/scratch3/shaiq_home/repos/behaviour_ddpm/ddpm/analysis/new_analysis/run_ablation_student_comparison.py:410: DeprecationWarning: `trapz` is deprecated. Use `trapezoid` instead, or one of the numerical integration functions in `scipy.integrate`.
  'auc_independent': float(np.trapz(curve_indep) * dt),
/scratch3/shaiq_home/repos/behaviour_ddpm/ddpm/analysis/new_analysis/run_ablation_student_comparison.py:411: DeprecationWarning: `trapz` is deprecated. Use `trapezoid` instead, or one of the numerical integration functions in `scipy.integrate`.
  'auc_shared_q': float(np.trapz(curve_shared) * dt),
/scratch3/shaiq_home/repos/behaviour_ddpm/ddpm/analysis/new_analysis/run_ablation_student_comparison.py:410: DeprecationWarning: `trapz` is deprecated. Use `trapezoid` instead, or one of the numerical integration functions in `scipy.integrate`.
  'auc_independent': float(np.trapz(curve_indep) * dt),
/scratch3/shaiq_home/repos/behaviour_ddpm/ddpm/analysis/new_analysis/run_ablation_student_comparison.py:411: DeprecationWarning: `trapz` is deprecated. Use `trapezoid` instead, or one of the numerical integration functions in `scipy.integrate`.
  'auc_shared_q': float(np.trapz(curve_shared) * dt),
/scratch3/shaiq_home/repos/behaviour_ddpm/ddpm/analysis/new_analysis/run_ablation_student_comparison.py:410: DeprecationWarning: `trapz` is deprecated. Use `trapezoid` instead, or one of the numerical integration functions in `scipy.integrate`.
  'auc_independent': float(np.trapz(curve_indep) * dt),
/scratch3/shaiq_home/repos/behaviour_ddpm/ddpm/analysis/new_analysis/run_ablation_student_comparison.py:411: DeprecationWarning: `trapz` is deprecated. Use `trapezoid` instead, or one of the numerical integration functions in `scipy.integrate`.
  'auc_shared_q': float(np.trapz(curve_shared) * dt),
/scratch3/shaiq_home/repos/behaviour_ddpm/ddpm/analysis/new_analysis/run_ablation_student_comparison.py:410: DeprecationWarning: `trapz` is deprecated. Use `trapezoid` instead, or one of the numerical integration functions in `scipy.integrate`.
  'auc_independent': float(np.trapz(curve_indep) * dt),
/scratch3/shaiq_home/repos/behaviour_ddpm/ddpm/analysis/new_analysis/run_ablation_student_comparison.py:411: DeprecationWarning: `trapz` is deprecated. Use `trapezoid` instead, or one of the numerical integration functions in `scipy.integrate`.
  'auc_shared_q': float(np.trapz(curve_shared) * dt),
/scratch3/shaiq_home/repos/behaviour_ddpm/ddpm/analysis/new_analysis/run_ablation_student_comparison.py:410: DeprecationWarning: `trapz` is deprecated. Use `trapezoid` instead, or one of the numerical integration functions in `scipy.integrate`.
  'auc_independent': float(np.trapz(curve_indep) * dt),
/scratch3/shaiq_home/repos/behaviour_ddpm/ddpm/analysis/new_analysis/run_ablation_student_comparison.py:411: DeprecationWarning: `trapz` is deprecated. Use `trapezoid` instead, or one of the numerical integration functions in `scipy.integrate`.
  'auc_shared_q': float(np.trapz(curve_shared) * dt),
/scratch3/shaiq_home/repos/behaviour_ddpm/ddpm/analysis/new_analysis/run_ablation_student_comparison.py:410: DeprecationWarning: `trapz` is deprecated. Use `trapezoid` instead, or one of the numerical integration functions in `scipy.integrate`.
  'auc_independent': float(np.trapz(curve_indep) * dt),
/scratch3/shaiq_home/repos/behaviour_ddpm/ddpm/analysis/new_analysis/run_ablation_student_comparison.py:411: DeprecationWarning: `trapz` is deprecated. Use `trapezoid` instead, or one of the numerical integration functions in `scipy.integrate`.
  'auc_shared_q': float(np.trapz(curve_shared) * dt),
/scratch3/shaiq_home/repos/behaviour_ddpm/ddpm/analysis/new_analysis/run_ablation_student_comparison.py:410: DeprecationWarning: `trapz` is deprecated. Use `trapezoid` instead, or one of the numerical integration functions in `scipy.integrate`.
  'auc_independent': float(np.trapz(curve_indep) * dt),
/scratch3/shaiq_home/repos/behaviour_ddpm/ddpm/analysis/new_analysis/run_ablation_student_comparison.py:411: DeprecationWarning: `trapz` is deprecated. Use `trapezoid` instead, or one of the numerical integration functions in `scipy.integrate`.
  'auc_shared_q': float(np.trapz(curve_shared) * dt),
/scratch3/shaiq_home/repos/behaviour_ddpm/ddpm/analysis/new_analysis/run_ablation_student_comparison.py:410: DeprecationWarning: `trapz` is deprecated. Use `trapezoid` instead, or one of the numerical integration functions in `scipy.integrate`.
  'auc_independent': float(np.trapz(curve_indep) * dt),
/scratch3/shaiq_home/repos/behaviour_ddpm/ddpm/analysis/new_analysis/run_ablation_student_comparison.py:411: DeprecationWarning: `trapz` is deprecated. Use `trapezoid` instead, or one of the numerical integration functions in `scipy.integrate`.
  'auc_shared_q': float(np.trapz(curve_shared) * dt),

USING PRECUED ITEMS - SHOULD NEVER BE DONE IN TRAINING
USING PRECUED ITEMS - SHOULD NEVER BE DONE IN TRAINING
USING PRECUED ITEMS - SHOULD NEVER BE DONE IN TRAINING
USING PRECUED ITEMS - SHOULD NEVER BE DONE IN TRAINING
USING PRECUED ITEMS - SHOULD NEVER BE DONE IN TRAINING
USING PRECUED ITEMS - SHOULD NEVER BE DONE IN TRAINING
USING PRECUED ITEMS - SHOULD NEVER BE DONE IN TRAINING
USING PRECUED ITEMS - SHOULD NEVER BE DONE IN TRAINING
USING PRECUED ITEMS - SHOULD NEVER BE DONE IN TRAINING
USING PRECUED ITEMS - SHOULD NEVER BE DONE IN TRAINING
USING PRECUED ITEMS - SHOULD NEVER BE DONE IN TRAINING
  Comparing ablation 9 -> student index_cued_first_diffusion_0.3_swap_recovery_0
  Comparing ablation 9 -> student index_cued_first_diffusion_0.3_swap_recovery_1
  Comparing ablation 9 -> student index_cued_first_diffusion_0.3_swap_recovery_2
  Comparing ablation 9 -> student index_cued_first_diffusion_0.3_swap_recovery_3
  Comparing ablation 9 -> student index_cued_first_diffusion_0.3_swap_recovery_4
  Comparing ablation 9 -> student index_cued_first_diffusion_0.3_swap_recovery_5
  Comparing ablation 9 -> student index_cued_first_diffusion_0.3_swap_recovery_6
  Comparing ablation 9 -> student index_cued_first_diffusion_0.3_swap_recovery_7
  Comparing ablation 9 -> student index_cued_first_diffusion_0.3_swap_recovery_8
  Comparing ablation 9 -> student index_cued_first_diffusion_0.3_swap_recovery_9
  Comparing ablation 9 -> student index_cued_first_diffusion_0.3_swap_recovery_10
  Comparing ablation 9 -> student index_cued_first_diffusion_0.3_swap_recovery_11
  Comparing ablation 9 -> student index_cued_first_diffusion_0.3_swap_recovery_12
  Comparing ablation 9 -> student index_cued_first_diffusion_0.3_swap_recovery_13

======================================================================
Processing ablation direction 10
[index_cued_first_diffusion_0.3_swap_7_ablated_dir_10] using ablation direction key: nullspace_10
[index_cued_first_diffusion_0.3_swap_7_ablated_dir_10] trial 0/16
USING PRECUED ITEMS - SHOULD NEVER BE DONE IN TRAINING
USING PRECUED ITEMS - SHOULD NEVER BE DONE IN TRAINING
USING PRECUED ITEMS - SHOULD NEVER BE DONE IN TRAINING
USING PRECUED ITEMS - SHOULD NEVER BE DONE IN TRAINING
USING PRECUED ITEMS - SHOULD NEVER BE DONE IN TRAINING
USING PRECUED ITEMS - SHOULD NEVER BE DONE IN TRAINING
USING PRECUED ITEMS - SHOULD NEVER BE DONE IN TRAINING
USING PRECUED ITEMS - SHOULD NEVER BE DONE IN TRAINING
USING PRECUED ITEMS - SHOULD NEVER BE DONE IN TRAINING
USING PRECUED ITEMS - SHOULD NEVER BE DONE IN TRAINING
USING PRECUED ITEMS - SHOULD NEVER BE DONE IN TRAINING
USING PRECUED ITEMS - SHOULD NEVER BE DONE IN TRAINING
USING PRECUED ITEMS - SHOULD NEVER BE DONE IN TRAINING
USING PRECUED ITEMS - SHOULD NEVER BE DONE IN TRAINING
USING PRECUED ITEMS - SHOULD NEVER BE DONE IN TRAINING
USING PRECUED ITEMS - SHOULD NEVER BE DONE IN TRAINING
[index_cued_first_diffusion_0.3_swap_7_ablated_dir_10] using ablation direction key: nullspace_10
USING PRECUED ITEMS - SHOULD NEVER BE DONE IN TRAINING
USING PRECUED ITEMS - SHOULD NEVER BE DONE IN TRAINING
USING PRECUED ITEMS - SHOULD NEVER BE DONE IN TRAINING
USING PRECUED ITEMS - SHOULD NEVER BE DONE IN TRAINING
USING PRECUED ITEMS - SHOULD NEVER BE DONE IN TRAINING
USING PRECUED ITEMS - SHOULD NEVER BE DONE IN TRAINING
USING PRECUED ITEMS - SHOULD NEVER BE DONE IN TRAINING
USING PRECUED ITEMS - SHOULD NEVER BE DONE IN TRAINING
USING PRECUED ITEMS - SHOULD NEVER BE DONE IN TRAINING
USING PRECUED ITEMS - SHOULD NEVER BE DONE IN TRAINING
USING PRECUED ITEMS - SHOULD NEVER BE DONE IN TRAINING
USING PRECUED ITEMS - SHOULD NEVER BE DONE IN TRAINING
USING PRECUED ITEMS - SHOULD NEVER BE DONE IN TRAINING
USING PRECUED ITEMS - SHOULD NEVER BE DONE IN TRAINING
USING PRECUED ITEMS - SHOULD NEVER BE DONE IN TRAINING
USING PRECUED ITEMS - SHOULD NEVER BE DONE IN TRAINING
  Comparing ablation 10 -> student index_cued_first_diffusion_0.3_swap_recovery_0
  Comparing ablation 10 -> student index_cued_first_diffusion_0.3_swap_recovery_1
  Comparing ablation 10 -> student index_cued_first_diffusion_0.3_swap_recovery_2
  Comparing ablation 10 -> student index_cued_first_diffusion_0.3_swap_recovery_3
  Comparing ablation 10 -> student index_cued_first_diffusion_0.3_swap_recovery_4
  Comparing ablation 10 -> student index_cued_first_diffusion_0.3_swap_recovery_5
  Comparing ablation 10 -> student index_cued_first_diffusion_0.3_swap_recovery_6
  Comparing ablation 10 -> student index_cued_first_diffusion_0.3_swap_recovery_7
  Comparing ablation 10 -> student index_cued_first_diffusion_0.3_swap_recovery_8
  Comparing ablation 10 -> student index_cued_first_diffusion_0.3_swap_recovery_9
  Comparing ablation 10 -> student index_cued_first_diffusion_0.3_swap_recovery_10
  Comparing ablation 10 -> student index_cued_first_diffusion_0.3_swap_recovery_11
  Comparing ablation 10 -> student index_cued_first_diffusion_0.3_swap_recovery_12
  Comparing ablation 10 -> student index_cued_first_diffusion_0.3_swap_recovery_13

======================================================================
Processing ablation direction 11
[index_cued_first_diffusion_0.3_swap_7_ablated_dir_11] using ablation direction key: nullspace_11
[index_cued_first_diffusion_0.3_swap_7_ablated_dir_11] trial 0/16
USING PRECUED ITEMS - SHOULD NEVER BE DONE IN TRAINING
USING PRECUED ITEMS - SHOULD NEVER BE DONE IN TRAINING
USING PRECUED ITEMS - SHOULD NEVER BE DONE IN TRAINING
USING PRECUED ITEMS - SHOULD NEVER BE DONE IN TRAINING
USING PRECUED ITEMS - SHOULD NEVER BE DONE IN TRAINING
USING PRECUED ITEMS - SHOULD NEVER BE DONE IN TRAINING
USING PRECUED ITEMS - SHOULD NEVER BE DONE IN TRAINING
USING PRECUED ITEMS - SHOULD NEVER BE DONE IN TRAINING
USING PRECUED ITEMS - SHOULD NEVER BE DONE IN TRAINING
USING PRECUED ITEMS - SHOULD NEVER BE DONE IN TRAINING
USING PRECUED ITEMS - SHOULD NEVER BE DONE IN TRAINING
USING PRECUED ITEMS - SHOULD NEVER BE DONE IN TRAINING
USING PRECUED ITEMS - SHOULD NEVER BE DONE IN TRAINING
USING PRECUED ITEMS - SHOULD NEVER BE DONE IN TRAINING
USING PRECUED ITEMS - SHOULD NEVER BE DONE IN TRAINING
USING PRECUED ITEMS - SHOULD NEVER BE DONE IN TRAINING
[index_cued_first_diffusion_0.3_swap_7_ablated_dir_11] using ablation direction key: nullspace_11
USING PRECUED ITEMS - SHOULD NEVER BE DONE IN TRAINING
USING PRECUED ITEMS - SHOULD NEVER BE DONE IN TRAINING
USING PRECUED ITEMS - SHOULD NEVER BE DONE IN TRAINING
USING PRECUED ITEMS - SHOULD NEVER BE DONE IN TRAINING
USING PRECUED ITEMS - SHOULD NEVER BE DONE IN TRAINING
USING PRECUED ITEMS - SHOULD NEVER BE DONE IN TRAINING
USING PRECUED ITEMS - SHOULD NEVER BE DONE IN TRAINING
USING PRECUED ITEMS - SHOULD NEVER BE DONE IN TRAINING
USING PRECUED ITEMS - SHOULD NEVER BE DONE IN TRAINING
USING PRECUED ITEMS - SHOULD NEVER BE DONE IN TRAINING
USING PRECUED ITEMS - SHOULD NEVER BE DONE IN TRAINING
USING PRECUED ITEMS - SHOULD NEVER BE DONE IN TRAINING
USING PRECUED ITEMS - SHOULD NEVER BE DONE IN TRAINING
USING PRECUED ITEMS - SHOULD NEVER BE DONE IN TRAINING
USING PRECUED ITEMS - SHOULD NEVER BE DONE IN TRAINING
USING PRECUED ITEMS - SHOULD NEVER BE DONE IN TRAINING
  Comparing ablation 11 -> student index_cued_first_diffusion_0.3_swap_recovery_0
  Comparing ablation 11 -> student index_cued_first_diffusion_0.3_swap_recovery_1
  Comparing ablation 11 -> student index_cued_first_diffusion_0.3_swap_recovery_2
  Comparing ablation 11 -> student index_cued_first_diffusion_0.3_swap_recovery_3
  Comparing ablation 11 -> student index_cued_first_diffusion_0.3_swap_recovery_4
  Comparing ablation 11 -> student index_cued_first_diffusion_0.3_swap_recovery_5
  Comparing ablation 11 -> student index_cued_first_diffusion_0.3_swap_recovery_6
  Comparing ablation 11 -> student index_cued_first_diffusion_0.3_swap_recovery_7
  Comparing ablation 11 -> student index_cued_first_diffusion_0.3_swap_recovery_8
  Comparing ablation 11 -> student index_cued_first_diffusion_0.3_swap_recovery_9
  Comparing ablation 11 -> student index_cued_first_diffusion_0.3_swap_recovery_10
  Comparing ablation 11 -> student index_cued_first_diffusion_0.3_swap_recovery_11
  Comparing ablation 11 -> student index_cued_first_diffusion_0.3_swap_recovery_12/scratch3/shaiq_home/repos/behaviour_ddpm/ddpm/analysis/new_analysis/run_ablation_student_comparison.py:410: DeprecationWarning: `trapz` is deprecated. Use `trapezoid` instead, or one of the numerical integration functions in `scipy.integrate`.
  'auc_independent': float(np.trapz(curve_indep) * dt),
/scratch3/shaiq_home/repos/behaviour_ddpm/ddpm/analysis/new_analysis/run_ablation_student_comparison.py:411: DeprecationWarning: `trapz` is deprecated. Use `trapezoid` instead, or one of the numerical integration functions in `scipy.integrate`.
  'auc_shared_q': float(np.trapz(curve_shared) * dt),
/scratch3/shaiq_home/repos/behaviour_ddpm/ddpm/analysis/new_analysis/run_ablation_student_comparison.py:410: DeprecationWarning: `trapz` is deprecated. Use `trapezoid` instead, or one of the numerical integration functions in `scipy.integrate`.
  'auc_independent': float(np.trapz(curve_indep) * dt),
/scratch3/shaiq_home/repos/behaviour_ddpm/ddpm/analysis/new_analysis/run_ablation_student_comparison.py:411: DeprecationWarning: `trapz` is deprecated. Use `trapezoid` instead, or one of the numerical integration functions in `scipy.integrate`.
  'auc_shared_q': float(np.trapz(curve_shared) * dt),
/scratch3/shaiq_home/repos/behaviour_ddpm/ddpm/analysis/new_analysis/run_ablation_student_comparison.py:410: DeprecationWarning: `trapz` is deprecated. Use `trapezoid` instead, or one of the numerical integration functions in `scipy.integrate`.
  'auc_independent': float(np.trapz(curve_indep) * dt),
/scratch3/shaiq_home/repos/behaviour_ddpm/ddpm/analysis/new_analysis/run_ablation_student_comparison.py:411: DeprecationWarning: `trapz` is deprecated. Use `trapezoid` instead, or one of the numerical integration functions in `scipy.integrate`.
  'auc_shared_q': float(np.trapz(curve_shared) * dt),
/scratch3/shaiq_home/repos/behaviour_ddpm/ddpm/analysis/new_analysis/run_ablation_student_comparison.py:410: DeprecationWarning: `trapz` is deprecated. Use `trapezoid` instead, or one of the numerical integration functions in `scipy.integrate`.
  'auc_independent': float(np.trapz(curve_indep) * dt),
/scratch3/shaiq_home/repos/behaviour_ddpm/ddpm/analysis/new_analysis/run_ablation_student_comparison.py:411: DeprecationWarning: `trapz` is deprecated. Use `trapezoid` instead, or one of the numerical integration functions in `scipy.integrate`.
  'auc_shared_q': float(np.trapz(curve_shared) * dt),
/scratch3/shaiq_home/repos/behaviour_ddpm/ddpm/analysis/new_analysis/run_ablation_student_comparison.py:410: DeprecationWarning: `trapz` is deprecated. Use `trapezoid` instead, or one of the numerical integration functions in `scipy.integrate`.
  'auc_independent': float(np.trapz(curve_indep) * dt),
/scratch3/shaiq_home/repos/behaviour_ddpm/ddpm/analysis/new_analysis/run_ablation_student_comparison.py:411: DeprecationWarning: `trapz` is deprecated. Use `trapezoid` instead, or one of the numerical integration functions in `scipy.integrate`.
  'auc_shared_q': float(np.trapz(curve_shared) * dt),
/scratch3/shaiq_home/repos/behaviour_ddpm/ddpm/analysis/new_analysis/run_ablation_student_comparison.py:410: DeprecationWarning: `trapz` is deprecated. Use `trapezoid` instead, or one of the numerical integration functions in `scipy.integrate`.
  'auc_independent': float(np.trapz(curve_indep) * dt),
/scratch3/shaiq_home/repos/behaviour_ddpm/ddpm/analysis/new_analysis/run_ablation_student_comparison.py:411: DeprecationWarning: `trapz` is deprecated. Use `trapezoid` instead, or one of the numerical integration functions in `scipy.integrate`.
  'auc_shared_q': float(np.trapz(curve_shared) * dt),
/scratch3/shaiq_home/repos/behaviour_ddpm/ddpm/analysis/new_analysis/run_ablation_student_comparison.py:410: DeprecationWarning: `trapz` is deprecated. Use `trapezoid` instead, or one of the numerical integration functions in `scipy.integrate`.
  'auc_independent': float(np.trapz(curve_indep) * dt),
/scratch3/shaiq_home/repos/behaviour_ddpm/ddpm/analysis/new_analysis/run_ablation_student_comparison.py:411: DeprecationWarning: `trapz` is deprecated. Use `trapezoid` instead, or one of the numerical integration functions in `scipy.integrate`.
  'auc_shared_q': float(np.trapz(curve_shared) * dt),
/scratch3/shaiq_home/repos/behaviour_ddpm/ddpm/analysis/new_analysis/run_ablation_student_comparison.py:410: DeprecationWarning: `trapz` is deprecated. Use `trapezoid` instead, or one of the numerical integration functions in `scipy.integrate`.
  'auc_independent': float(np.trapz(curve_indep) * dt),
/scratch3/shaiq_home/repos/behaviour_ddpm/ddpm/analysis/new_analysis/run_ablation_student_comparison.py:411: DeprecationWarning: `trapz` is deprecated. Use `trapezoid` instead, or one of the numerical integration functions in `scipy.integrate`.
  'auc_shared_q': float(np.trapz(curve_shared) * dt),
/scratch3/shaiq_home/repos/behaviour_ddpm/ddpm/analysis/new_analysis/run_ablation_student_comparison.py:410: DeprecationWarning: `trapz` is deprecated. Use `trapezoid` instead, or one of the numerical integration functions in `scipy.integrate`.
  'auc_independent': float(np.trapz(curve_indep) * dt),
/scratch3/shaiq_home/repos/behaviour_ddpm/ddpm/analysis/new_analysis/run_ablation_student_comparison.py:411: DeprecationWarning: `trapz` is deprecated. Use `trapezoid` instead, or one of the numerical integration functions in `scipy.integrate`.
  'auc_shared_q': float(np.trapz(curve_shared) * dt),
/scratch3/shaiq_home/repos/behaviour_ddpm/ddpm/analysis/new_analysis/run_ablation_student_comparison.py:410: DeprecationWarning: `trapz` is deprecated. Use `trapezoid` instead, or one of the numerical integration functions in `scipy.integrate`.
  'auc_independent': float(np.trapz(curve_indep) * dt),
/scratch3/shaiq_home/repos/behaviour_ddpm/ddpm/analysis/new_analysis/run_ablation_student_comparison.py:411: DeprecationWarning: `trapz` is deprecated. Use `trapezoid` instead, or one of the numerical integration functions in `scipy.integrate`.
  'auc_shared_q': float(np.trapz(curve_shared) * dt),
/scratch3/shaiq_home/repos/behaviour_ddpm/ddpm/analysis/new_analysis/run_ablation_student_comparison.py:410: DeprecationWarning: `trapz` is deprecated. Use `trapezoid` instead, or one of the numerical integration functions in `scipy.integrate`.
  'auc_independent': float(np.trapz(curve_indep) * dt),
/scratch3/shaiq_home/repos/behaviour_ddpm/ddpm/analysis/new_analysis/run_ablation_student_comparison.py:411: DeprecationWarning: `trapz` is deprecated. Use `trapezoid` instead, or one of the numerical integration functions in `scipy.integrate`.
  'auc_shared_q': float(np.trapz(curve_shared) * dt),
/scratch3/shaiq_home/repos/behaviour_ddpm/ddpm/analysis/new_analysis/run_ablation_student_comparison.py:410: DeprecationWarning: `trapz` is deprecated. Use `trapezoid` instead, or one of the numerical integration functions in `scipy.integrate`.
  'auc_independent': float(np.trapz(curve_indep) * dt),
/scratch3/shaiq_home/repos/behaviour_ddpm/ddpm/analysis/new_analysis/run_ablation_student_comparison.py:411: DeprecationWarning: `trapz` is deprecated. Use `trapezoid` instead, or one of the numerical integration functions in `scipy.integrate`.
  'auc_shared_q': float(np.trapz(curve_shared) * dt),
/scratch3/shaiq_home/repos/behaviour_ddpm/ddpm/analysis/new_analysis/run_ablation_student_comparison.py:410: DeprecationWarning: `trapz` is deprecated. Use `trapezoid` instead, or one of the numerical integration functions in `scipy.integrate`.
  'auc_independent': float(np.trapz(curve_indep) * dt),
/scratch3/shaiq_home/repos/behaviour_ddpm/ddpm/analysis/new_analysis/run_ablation_student_comparison.py:411: DeprecationWarning: `trapz` is deprecated. Use `trapezoid` instead, or one of the numerical integration functions in `scipy.integrate`.
  'auc_shared_q': float(np.trapz(curve_shared) * dt),
/scratch3/shaiq_home/repos/behaviour_ddpm/ddpm/analysis/new_analysis/run_ablation_student_comparison.py:410: DeprecationWarning: `trapz` is deprecated. Use `trapezoid` instead, or one of the numerical integration functions in `scipy.integrate`.
  'auc_independent': float(np.trapz(curve_indep) * dt),
/scratch3/shaiq_home/repos/behaviour_ddpm/ddpm/analysis/new_analysis/run_ablation_student_comparison.py:411: DeprecationWarning: `trapz` is deprecated. Use `trapezoid` instead, or one of the numerical integration functions in `scipy.integrate`.
  'auc_shared_q': float(np.trapz(curve_shared) * dt),
/scratch3/shaiq_home/repos/behaviour_ddpm/ddpm/analysis/new_analysis/run_ablation_student_comparison.py:410: DeprecationWarning: `trapz` is deprecated. Use `trapezoid` instead, or one of the numerical integration functions in `scipy.integrate`.
  'auc_independent': float(np.trapz(curve_indep) * dt),
/scratch3/shaiq_home/repos/behaviour_ddpm/ddpm/analysis/new_analysis/run_ablation_student_comparison.py:411: DeprecationWarning: `trapz` is deprecated. Use `trapezoid` instead, or one of the numerical integration functions in `scipy.integrate`.
  'auc_shared_q': float(np.trapz(curve_shared) * dt),
/scratch3/shaiq_home/repos/behaviour_ddpm/ddpm/analysis/new_analysis/run_ablation_student_comparison.py:410: DeprecationWarning: `trapz` is deprecated. Use `trapezoid` instead, or one of the numerical integration functions in `scipy.integrate`.
  'auc_independent': float(np.trapz(curve_indep) * dt),
/scratch3/shaiq_home/repos/behaviour_ddpm/ddpm/analysis/new_analysis/run_ablation_student_comparison.py:411: DeprecationWarning: `trapz` is deprecated. Use `trapezoid` instead, or one of the numerical integration functions in `scipy.integrate`.
  'auc_shared_q': float(np.trapz(curve_shared) * dt),
/scratch3/shaiq_home/repos/behaviour_ddpm/ddpm/analysis/new_analysis/run_ablation_student_comparison.py:410: DeprecationWarning: `trapz` is deprecated. Use `trapezoid` instead, or one of the numerical integration functions in `scipy.integrate`.
  'auc_independent': float(np.trapz(curve_indep) * dt),
/scratch3/shaiq_home/repos/behaviour_ddpm/ddpm/analysis/new_analysis/run_ablation_student_comparison.py:411: DeprecationWarning: `trapz` is deprecated. Use `trapezoid` instead, or one of the numerical integration functions in `scipy.integrate`.
  'auc_shared_q': float(np.trapz(curve_shared) * dt),
/scratch3/shaiq_home/repos/behaviour_ddpm/ddpm/analysis/new_analysis/run_ablation_student_comparison.py:410: DeprecationWarning: `trapz` is deprecated. Use `trapezoid` instead, or one of the numerical integration functions in `scipy.integrate`.
  'auc_independent': float(np.trapz(curve_indep) * dt),
/scratch3/shaiq_home/repos/behaviour_ddpm/ddpm/analysis/new_analysis/run_ablation_student_comparison.py:411: DeprecationWarning: `trapz` is deprecated. Use `trapezoid` instead, or one of the numerical integration functions in `scipy.integrate`.
  'auc_shared_q': float(np.trapz(curve_shared) * dt),
/scratch3/shaiq_home/repos/behaviour_ddpm/ddpm/analysis/new_analysis/run_ablation_student_comparison.py:410: DeprecationWarning: `trapz` is deprecated. Use `trapezoid` instead, or one of the numerical integration functions in `scipy.integrate`.
  'auc_independent': float(np.trapz(curve_indep) * dt),
/scratch3/shaiq_home/repos/behaviour_ddpm/ddpm/analysis/new_analysis/run_ablation_student_comparison.py:411: DeprecationWarning: `trapz` is deprecated. Use `trapezoid` instead, or one of the numerical integration functions in `scipy.integrate`.
  'auc_shared_q': float(np.trapz(curve_shared) * dt),
/scratch3/shaiq_home/repos/behaviour_ddpm/ddpm/analysis/new_analysis/run_ablation_student_comparison.py:410: DeprecationWarning: `trapz` is deprecated. Use `trapezoid` instead, or one of the numerical integration functions in `scipy.integrate`.
  'auc_independent': float(np.trapz(curve_indep) * dt),
/scratch3/shaiq_home/repos/behaviour_ddpm/ddpm/analysis/new_analysis/run_ablation_student_comparison.py:411: DeprecationWarning: `trapz` is deprecated. Use `trapezoid` instead, or one of the numerical integration functions in `scipy.integrate`.
  'auc_shared_q': float(np.trapz(curve_shared) * dt),
/scratch3/shaiq_home/repos/behaviour_ddpm/ddpm/analysis/new_analysis/run_ablation_student_comparison.py:410: DeprecationWarning: `trapz` is deprecated. Use `trapezoid` instead, or one of the numerical integration functions in `scipy.integrate`.
  'auc_independent': float(np.trapz(curve_indep) * dt),
/scratch3/shaiq_home/repos/behaviour_ddpm/ddpm/analysis/new_analysis/run_ablation_student_comparison.py:411: DeprecationWarning: `trapz` is deprecated. Use `trapezoid` instead, or one of the numerical integration functions in `scipy.integrate`.
  'auc_shared_q': float(np.trapz(curve_shared) * dt),
/scratch3/shaiq_home/repos/behaviour_ddpm/ddpm/analysis/new_analysis/run_ablation_student_comparison.py:410: DeprecationWarning: `trapz` is deprecated. Use `trapezoid` instead, or one of the numerical integration functions in `scipy.integrate`.
  'auc_independent': float(np.trapz(curve_indep) * dt),
/scratch3/shaiq_home/repos/behaviour_ddpm/ddpm/analysis/new_analysis/run_ablation_student_comparison.py:411: DeprecationWarning: `trapz` is deprecated. Use `trapezoid` instead, or one of the numerical integration functions in `scipy.integrate`.
  'auc_shared_q': float(np.trapz(curve_shared) * dt),
/scratch3/shaiq_home/repos/behaviour_ddpm/ddpm/analysis/new_analysis/run_ablation_student_comparison.py:410: DeprecationWarning: `trapz` is deprecated. Use `trapezoid` instead, or one of the numerical integration functions in `scipy.integrate`.
  'auc_independent': float(np.trapz(curve_indep) * dt),
/scratch3/shaiq_home/repos/behaviour_ddpm/ddpm/analysis/new_analysis/run_ablation_student_comparison.py:411: DeprecationWarning: `trapz` is deprecated. Use `trapezoid` instead, or one of the numerical integration functions in `scipy.integrate`.
  'auc_shared_q': float(np.trapz(curve_shared) * dt),
/scratch3/shaiq_home/repos/behaviour_ddpm/ddpm/analysis/new_analysis/run_ablation_student_comparison.py:410: DeprecationWarning: `trapz` is deprecated. Use `trapezoid` instead, or one of the numerical integration functions in `scipy.integrate`.
  'auc_independent': float(np.trapz(curve_indep) * dt),
/scratch3/shaiq_home/repos/behaviour_ddpm/ddpm/analysis/new_analysis/run_ablation_student_comparison.py:411: DeprecationWarning: `trapz` is deprecated. Use `trapezoid` instead, or one of the numerical integration functions in `scipy.integrate`.
  'auc_shared_q': float(np.trapz(curve_shared) * dt),
/scratch3/shaiq_home/repos/behaviour_ddpm/ddpm/analysis/new_analysis/run_ablation_student_comparison.py:410: DeprecationWarning: `trapz` is deprecated. Use `trapezoid` instead, or one of the numerical integration functions in `scipy.integrate`.
  'auc_independent': float(np.trapz(curve_indep) * dt),
/scratch3/shaiq_home/repos/behaviour_ddpm/ddpm/analysis/new_analysis/run_ablation_student_comparison.py:411: DeprecationWarning: `trapz` is deprecated. Use `trapezoid` instead, or one of the numerical integration functions in `scipy.integrate`.
  'auc_shared_q': float(np.trapz(curve_shared) * dt),
/scratch3/shaiq_home/repos/behaviour_ddpm/ddpm/analysis/new_analysis/run_ablation_student_comparison.py:410: DeprecationWarning: `trapz` is deprecated. Use `trapezoid` instead, or one of the numerical integration functions in `scipy.integrate`.
  'auc_independent': float(np.trapz(curve_indep) * dt),
/scratch3/shaiq_home/repos/behaviour_ddpm/ddpm/analysis/new_analysis/run_ablation_student_comparison.py:411: DeprecationWarning: `trapz` is deprecated. Use `trapezoid` instead, or one of the numerical integration functions in `scipy.integrate`.
  'auc_shared_q': float(np.trapz(curve_shared) * dt),
/scratch3/shaiq_home/repos/behaviour_ddpm/ddpm/analysis/new_analysis/run_ablation_student_comparison.py:410: DeprecationWarning: `trapz` is deprecated. Use `trapezoid` instead, or one of the numerical integration functions in `scipy.integrate`.
  'auc_independent': float(np.trapz(curve_indep) * dt),
/scratch3/shaiq_home/repos/behaviour_ddpm/ddpm/analysis/new_analysis/run_ablation_student_comparison.py:411: DeprecationWarning: `trapz` is deprecated. Use `trapezoid` instead, or one of the numerical integration functions in `scipy.integrate`.
  'auc_shared_q': float(np.trapz(curve_shared) * dt),
/scratch3/shaiq_home/repos/behaviour_ddpm/ddpm/analysis/new_analysis/run_ablation_student_comparison.py:410: DeprecationWarning: `trapz` is deprecated. Use `trapezoid` instead, or one of the numerical integration functions in `scipy.integrate`.
  'auc_independent': float(np.trapz(curve_indep) * dt),
/scratch3/shaiq_home/repos/behaviour_ddpm/ddpm/analysis/new_analysis/run_ablation_student_comparison.py:411: DeprecationWarning: `trapz` is deprecated. Use `trapezoid` instead, or one of the numerical integration functions in `scipy.integrate`.
  'auc_shared_q': float(np.trapz(curve_shared) * dt),
/scratch3/shaiq_home/repos/behaviour_ddpm/ddpm/analysis/new_analysis/run_ablation_student_comparison.py:410: DeprecationWarning: `trapz` is deprecated. Use `trapezoid` instead, or one of the numerical integration functions in `scipy.integrate`.
  'auc_independent': float(np.trapz(curve_indep) * dt),
/scratch3/shaiq_home/repos/behaviour_ddpm/ddpm/analysis/new_analysis/run_ablation_student_comparison.py:411: DeprecationWarning: `trapz` is deprecated. Use `trapezoid` instead, or one of the numerical integration functions in `scipy.integrate`.
  'auc_shared_q': float(np.trapz(curve_shared) * dt),
/scratch3/shaiq_home/repos/behaviour_ddpm/ddpm/analysis/new_analysis/run_ablation_student_comparison.py:410: DeprecationWarning: `trapz` is deprecated. Use `trapezoid` instead, or one of the numerical integration functions in `scipy.integrate`.
  'auc_independent': float(np.trapz(curve_indep) * dt),
/scratch3/shaiq_home/repos/behaviour_ddpm/ddpm/analysis/new_analysis/run_ablation_student_comparison.py:411: DeprecationWarning: `trapz` is deprecated. Use `trapezoid` instead, or one of the numerical integration functions in `scipy.integrate`.
  'auc_shared_q': float(np.trapz(curve_shared) * dt),

  Comparing ablation 11 -> student index_cued_first_diffusion_0.3_swap_recovery_13

======================================================================
Processing ablation direction 12
[index_cued_first_diffusion_0.3_swap_7_ablated_dir_12] using ablation direction key: nullspace_12
[index_cued_first_diffusion_0.3_swap_7_ablated_dir_12] trial 0/16
USING PRECUED ITEMS - SHOULD NEVER BE DONE IN TRAINING
USING PRECUED ITEMS - SHOULD NEVER BE DONE IN TRAINING
USING PRECUED ITEMS - SHOULD NEVER BE DONE IN TRAINING
USING PRECUED ITEMS - SHOULD NEVER BE DONE IN TRAINING
USING PRECUED ITEMS - SHOULD NEVER BE DONE IN TRAINING
USING PRECUED ITEMS - SHOULD NEVER BE DONE IN TRAINING
USING PRECUED ITEMS - SHOULD NEVER BE DONE IN TRAINING
USING PRECUED ITEMS - SHOULD NEVER BE DONE IN TRAINING
USING PRECUED ITEMS - SHOULD NEVER BE DONE IN TRAINING
USING PRECUED ITEMS - SHOULD NEVER BE DONE IN TRAINING
USING PRECUED ITEMS - SHOULD NEVER BE DONE IN TRAINING
USING PRECUED ITEMS - SHOULD NEVER BE DONE IN TRAINING
USING PRECUED ITEMS - SHOULD NEVER BE DONE IN TRAINING
USING PRECUED ITEMS - SHOULD NEVER BE DONE IN TRAINING
USING PRECUED ITEMS - SHOULD NEVER BE DONE IN TRAINING
USING PRECUED ITEMS - SHOULD NEVER BE DONE IN TRAINING
[index_cued_first_diffusion_0.3_swap_7_ablated_dir_12] using ablation direction key: nullspace_12
USING PRECUED ITEMS - SHOULD NEVER BE DONE IN TRAINING
USING PRECUED ITEMS - SHOULD NEVER BE DONE IN TRAINING
USING PRECUED ITEMS - SHOULD NEVER BE DONE IN TRAINING
USING PRECUED ITEMS - SHOULD NEVER BE DONE IN TRAINING
USING PRECUED ITEMS - SHOULD NEVER BE DONE IN TRAINING
USING PRECUED ITEMS - SHOULD NEVER BE DONE IN TRAINING
USING PRECUED ITEMS - SHOULD NEVER BE DONE IN TRAINING
USING PRECUED ITEMS - SHOULD NEVER BE DONE IN TRAINING
USING PRECUED ITEMS - SHOULD NEVER BE DONE IN TRAINING
USING PRECUED ITEMS - SHOULD NEVER BE DONE IN TRAINING
USING PRECUED ITEMS - SHOULD NEVER BE DONE IN TRAINING
USING PRECUED ITEMS - SHOULD NEVER BE DONE IN TRAINING
USING PRECUED ITEMS - SHOULD NEVER BE DONE IN TRAINING
USING PRECUED ITEMS - SHOULD NEVER BE DONE IN TRAINING
USING PRECUED ITEMS - SHOULD NEVER BE DONE IN TRAINING
USING PRECUED ITEMS - SHOULD NEVER BE DONE IN TRAINING
  Comparing ablation 12 -> student index_cued_first_diffusion_0.3_swap_recovery_0
  Comparing ablation 12 -> student index_cued_first_diffusion_0.3_swap_recovery_1
  Comparing ablation 12 -> student index_cued_first_diffusion_0.3_swap_recovery_2
  Comparing ablation 12 -> student index_cued_first_diffusion_0.3_swap_recovery_3
  Comparing ablation 12 -> student index_cued_first_diffusion_0.3_swap_recovery_4
  Comparing ablation 12 -> student index_cued_first_diffusion_0.3_swap_recovery_5
  Comparing ablation 12 -> student index_cued_first_diffusion_0.3_swap_recovery_6
  Comparing ablation 12 -> student index_cued_first_diffusion_0.3_swap_recovery_7
  Comparing ablation 12 -> student index_cued_first_diffusion_0.3_swap_recovery_8
  Comparing ablation 12 -> student index_cued_first_diffusion_0.3_swap_recovery_9
  Comparing ablation 12 -> student index_cued_first_diffusion_0.3_swap_recovery_10
  Comparing ablation 12 -> student index_cued_first_diffusion_0.3_swap_recovery_11
  Comparing ablation 12 -> student index_cued_first_diffusion_0.3_swap_recovery_12
  Comparing ablation 12 -> student index_cued_first_diffusion_0.3_swap_recovery_13

======================================================================
Processing ablation direction 13
[index_cued_first_diffusion_0.3_swap_7_ablated_dir_13] using ablation direction key: nullspace_13
[index_cued_first_diffusion_0.3_swap_7_ablated_dir_13] trial 0/16
USING PRECUED ITEMS - SHOULD NEVER BE DONE IN TRAINING
USING PRECUED ITEMS - SHOULD NEVER BE DONE IN TRAINING
USING PRECUED ITEMS - SHOULD NEVER BE DONE IN TRAINING
USING PRECUED ITEMS - SHOULD NEVER BE DONE IN TRAINING
USING PRECUED ITEMS - SHOULD NEVER BE DONE IN TRAINING
USING PRECUED ITEMS - SHOULD NEVER BE DONE IN TRAINING
USING PRECUED ITEMS - SHOULD NEVER BE DONE IN TRAINING
USING PRECUED ITEMS - SHOULD NEVER BE DONE IN TRAINING
USING PRECUED ITEMS - SHOULD NEVER BE DONE IN TRAINING
USING PRECUED ITEMS - SHOULD NEVER BE DONE IN TRAINING
USING PRECUED ITEMS - SHOULD NEVER BE DONE IN TRAINING
USING PRECUED ITEMS - SHOULD NEVER BE DONE IN TRAINING
USING PRECUED ITEMS - SHOULD NEVER BE DONE IN TRAINING
USING PRECUED ITEMS - SHOULD NEVER BE DONE IN TRAINING
USING PRECUED ITEMS - SHOULD NEVER BE DONE IN TRAINING
USING PRECUED ITEMS - SHOULD NEVER BE DONE IN TRAINING
[index_cued_first_diffusion_0.3_swap_7_ablated_dir_13] using ablation direction key: nullspace_13
USING PRECUED ITEMS - SHOULD NEVER BE DONE IN TRAINING
USING PRECUED ITEMS - SHOULD NEVER BE DONE IN TRAINING
USING PRECUED ITEMS - SHOULD NEVER BE DONE IN TRAINING
USING PRECUED ITEMS - SHOULD NEVER BE DONE IN TRAINING
USING PRECUED ITEMS - SHOULD NEVER BE DONE IN TRAINING
USING PRECUED ITEMS - SHOULD NEVER BE DONE IN TRAINING
USING PRECUED ITEMS - SHOULD NEVER BE DONE IN TRAINING
USING PRECUED ITEMS - SHOULD NEVER BE DONE IN TRAINING
USING PRECUED ITEMS - SHOULD NEVER BE DONE IN TRAINING
USING PRECUED ITEMS - SHOULD NEVER BE DONE IN TRAINING
USING PRECUED ITEMS - SHOULD NEVER BE DONE IN TRAINING
USING PRECUED ITEMS - SHOULD NEVER BE DONE IN TRAINING
USING PRECUED ITEMS - SHOULD NEVER BE DONE IN TRAINING
USING PRECUED ITEMS - SHOULD NEVER BE DONE IN TRAINING
USING PRECUED ITEMS - SHOULD NEVER BE DONE IN TRAINING
USING PRECUED ITEMS - SHOULD NEVER BE DONE IN TRAINING
  Comparing ablation 13 -> student index_cued_first_diffusion_0.3_swap_recovery_0
  Comparing ablation 13 -> student index_cued_first_diffusion_0.3_swap_recovery_1
  Comparing ablation 13 -> student index_cued_first_diffusion_0.3_swap_recovery_2
  Comparing ablation 13 -> student index_cued_first_diffusion_0.3_swap_recovery_3
  Comparing ablation 13 -> student index_cued_first_diffusion_0.3_swap_recovery_4
  Comparing ablation 13 -> student index_cued_first_diffusion_0.3_swap_recovery_5
  Comparing ablation 13 -> student index_cued_first_diffusion_0.3_swap_recovery_6
  Comparing ablation 13 -> student index_cued_first_diffusion_0.3_swap_recovery_7
  Comparing ablation 13 -> student index_cued_first_diffusion_0.3_swap_recovery_8
  Comparing ablation 13 -> student index_cued_first_diffusion_0.3_swap_recovery_9
  Comparing ablation 13 -> student index_cued_first_diffusion_0.3_swap_recovery_10
  Comparing ablation 13 -> student index_cued_first_diffusion_0.3_swap_recovery_11
  Comparing ablation 13 -> student index_cued_first_diffusion_0.3_swap_recovery_12
  Comparing ablation 13 -> student index_cued_first_diffusion_0.3_swap_recovery_13
Saved: ddpm/analysis/new_analysis/results/ablations_vs_recovery_students/ablations_vs_students_scores.csv
Saved: ddpm/analysis/new_analysis/results/ablations_vs_recovery_students/ablations_vs_students_wasserstein_per_trial.csv
Saved: ddpm/analysis/new_analysis/results/ablations_vs_recovery_students/heatmap_neural_procrustes_and_behaviour_wasserstein.png
