trial_idx,cue,color1_deg,color2_deg,same_color,sw_Ablated_0_vs_Student_0,sw_Ablated_0_vs_Student_1,sw_Student_0_vs_Student_1,sw_self_reference,teacher_vs_students_mean,teacher_vs_students_std,sw_Ablated_1_vs_Student_0,sw_Ablated_1_vs_Student_1,sw_Ablated_1_vs_Student_2,sw_Ablated_1_vs_Student_3,sw_Ablated_1_vs_Student_4,sw_Student_0_vs_Student_2,sw_Student_0_vs_Student_3,sw_Student_0_vs_Student_4,sw_Student_1_vs_Student_2,sw_Student_1_vs_Student_3,sw_Student_1_vs_Student_4,sw_Student_2_vs_Student_3,sw_Student_2_vs_Student_4,sw_Student_3_vs_Student_4,sw_Ablated_10_vs_Student_0,sw_Ablated_11_vs_Student_0,sw_Ablated_11_vs_Student_1,sw_Ablated_12_vs_Student_0,sw_Ablated_12_vs_Student_1,sw_Ablated_13_vs_Student_0,sw_Ablated_2_vs_Student_0,sw_Ablated_3_vs_Student_0,sw_Ablated_4_vs_Student_0,sw_Ablated_5_vs_Student_0,sw_Ablated_6_vs_Student_0,sw_Ablated_7_vs_Student_0,sw_Ablated_9_vs_Student_0,sw_Healthy_vs_Student_0
0,1,0.0,0.0,True,1.1703850154765858,0.044150243875460696,1.1545231532791413,0.029798555915673,0.6072676296760232,0.5631173858005625,,,,,,,,,,,,,,,,,,,,,,,,,,,,
1,1,0.0,30.0,False,1.311160903193167,0.1323501182060985,1.34687732371863,0.01575176829421235,0.7217555106996327,0.5894053924935343,,,,,,,,,,,,,,,,,,,,,,,,,,,,
2,1,0.0,60.0,False,2.1265691667483884,0.2988329565429424,1.8761843388109067,0.040316078242650585,1.2127010616456655,0.913868105102723,,,,,,,,,,,,,,,,,,,,,,,,,,,,
3,1,0.0,90.0,False,0.7746075148143002,0.09758170903421082,0.8375912606659079,0.018208165504299798,0.4360946119242555,0.3385129028900447,,,,,,,,,,,,,,,,,,,,,,,,,,,,
4,1,0.0,120.0,False,2.0803889950523544,0.09619495002627487,2.0143150529969143,0.028734396390714532,1.0882919725393148,0.9920970225130398,,,,,,,,,,,,,,,,,,,,,,,,,,,,
5,1,0.0,150.0,False,1.458666429909441,0.0859938209945822,1.5099055917877262,0.04214862656623502,0.7723301254520116,0.6863363044574294,,,,,,,,,,,,,,,,,,,,,,,,,,,,
6,1,0.0,180.0,False,0.8856193481430397,0.11458925210066567,0.989440898355207,0.021200002580162258,0.5001043001218527,0.385515048021187,,,,,,,,,,,,,,,,,,,,,,,,,,,,
7,1,0.0,210.0,False,1.1373691147654812,0.05446104556035643,1.152741965729871,0.03150190396165592,0.5959150801629188,0.5414540346025624,,,,,,,,,,,,,,,,,,,,,,,,,,,,
8,1,0.0,240.0,False,1.2222505746925136,0.09740371236170736,1.2951658633334913,0.03741443651138146,0.6598271435271105,0.5624234311654032,,,,,,,,,,,,,,,,,,,,,,,,,,,,
9,1,0.0,270.0,False,1.2975287038319068,0.05344825532081929,1.3319076977688278,0.029201352763901227,0.675488479576363,0.6220402242555437,,,,,,,,,,,,,,,,,,,,,,,,,,,,
10,1,0.0,300.0,False,0.592491182492609,0.04005287592438693,0.62617632051935,0.03040813334136272,0.31627202920849795,0.276219153284111,,,,,,,,,,,,,,,,,,,,,,,,,,,,
11,1,0.0,330.0,False,0.40586187232559867,0.04521844276872418,0.3856509502892783,0.05772902219583519,0.22554015754716142,0.18032171477843723,,,,,,,,,,,,,,,,,,,,,,,,,,,,
12,1,30.0,0.0,False,1.2286127599167638,0.09963090579246453,1.2166165698416251,0.018193553085222462,0.6641218328546141,0.5644909270621496,,,,,,,,,,,,,,,,,,,,,,,,,,,,
13,1,30.0,30.0,True,4.669017621533893,1.0157755666002684,5.68399112704991,0.06377217057496609,2.842396594067081,1.8266210274668122,,,,,,,,,,,,,,,,,,,,,,,,,,,,
14,1,30.0,60.0,False,23.716661026519688,10.798064018870438,12.925750181195856,0.3970758380490885,17.25736252269506,6.459298503824625,,,,,,,,,,,,,,,,,,,,,,,,,,,,
15,1,30.0,90.0,False,1.8485014170884742,0.2034898274193808,1.8463923793426669,0.036927363236114494,1.0259956222539275,0.8225057948345467,,,,,,,,,,,,,,,,,,,,,,,,,,,,
16,1,30.0,120.0,False,2.231039879261231,0.06251556678683334,2.1741594966291267,0.028760641901077237,1.1467777230240321,1.0842621562371988,,,,,,,,,,,,,,,,,,,,,,,,,,,,
17,1,30.0,150.0,False,1.7895917950778224,0.06074067971667471,1.8073869267325517,0.02759854312349716,0.9251662373972486,0.8644255576805738,,,,,,,,,,,,,,,,,,,,,,,,,,,,
18,1,30.0,180.0,False,1.7068985566261485,0.06050576779145749,1.7404543362609521,0.029979017706340275,0.883702162208803,0.8231963944173455,,,,,,,,,,,,,,,,,,,,,,,,,,,,
19,1,30.0,210.0,False,1.6395891746330962,0.05225233179825774,1.6456759596877553,0.02977323384083804,0.845920753215677,0.7936684214174192,,,,,,,,,,,,,,,,,,,,,,,,,,,,
20,1,30.0,240.0,False,1.7047913862975912,0.04928217124297336,1.6982486583622132,0.03951640000838055,0.8770367787702823,0.8277546075273089,,,,,,,,,,,,,,,,,,,,,,,,,,,,
21,1,30.0,270.0,False,1.3466953144467613,0.04022159026425471,1.3584831583634442,0.018142941168536104,0.693458452355508,0.6532368620912532,,,,,,,,,,,,,,,,,,,,,,,,,,,,
22,1,30.0,300.0,False,0.4267158222235465,0.03168249265808099,0.4137608510237682,0.020301581236361225,0.22919915744081373,0.19751666478273275,,,,,,,,,,,,,,,,,,,,,,,,,,,,
23,1,30.0,330.0,False,1.1159758552803507,0.049087838049696936,1.1498953771985925,0.026263456496874664,0.5825318466650238,0.5334440086153269,,,,,,,,,,,,,,,,,,,,,,,,,,,,
24,1,60.0,0.0,False,1.257082200749609,0.18164290224999524,1.361517328392118,0.04980649208156469,0.7193625514998021,0.5377196492498069,,,,,,,,,,,,,,,,,,,,,,,,,,,,
25,1,60.0,30.0,False,7.520036530466974,0.7073569198693772,7.503771868052093,0.1633127727657845,4.113696725168175,3.4063398052987983,,,,,,,,,,,,,,,,,,,,,,,,,,,,
26,1,60.0,60.0,True,14.279640385319336,5.456691133714509,8.832763102841064,0.35124192389014164,9.868165759516923,4.411474625802414,,,,,,,,,,,,,,,,,,,,,,,,,,,,
27,1,60.0,90.0,False,4.577364798875512,2.2495590028917385,2.4597679610880316,0.05735254856490519,3.4134619008836253,1.1639028979918866,,,,,,,,,,,,,,,,,,,,,,,,,,,,
28,1,60.0,120.0,False,2.3052706648046954,0.05701171653913042,2.2670605703506936,0.017629872549952193,1.181141190671913,1.1241294741327825,,,,,,,,,,,,,,,,,,,,,,,,,,,,
29,1,60.0,150.0,False,2.0007749533411925,0.09134181429282541,1.9872610921805554,0.03604824774183017,1.046058383817009,0.9547165695241836,,,,,,,,,,,,,,,,,,,,,,,,,,,,
30,1,60.0,180.0,False,2.207242163792064,0.05088714537503844,2.23888640598702,0.03412681402204456,1.1290646545835512,1.0781775092085126,,,,,,,,,,,,,,,,,,,,,,,,,,,,
31,1,60.0,210.0,False,2.559162273101097,0.06668323835758319,2.5354373021927024,0.025279144415294438,1.3129227557293401,1.2462395173717569,,,,,,,,,,,,,,,,,,,,,,,,,,,,
32,1,60.0,240.0,False,2.019552587519293,0.04574001722717393,2.0231144086271984,0.01788387920086863,1.0326463023732333,0.9869062851460595,,,,,,,,,,,,,,,,,,,,,,,,,,,,
33,1,60.0,270.0,False,0.47017807182406957,0.036940235212591266,0.469049650803891,0.019330380551708312,0.2535591535183304,0.21661891830573915,,,,,,,,,,,,,,,,,,,,,,,,,,,,
34,1,60.0,300.0,False,0.5040707654604125,0.11414706584127435,0.43141700427599206,0.04591634115311568,0.3091089156508434,0.19496184980956907,,,,,,,,,,,,,,,,,,,,,,,,,,,,
35,1,60.0,330.0,False,1.0873549492391055,0.08385849421548511,1.1598543289818626,0.028009225091177557,0.5856067217272953,0.5017482275118101,,,,,,,,,,,,,,,,,,,,,,,,,,,,
36,1,90.0,0.0,False,1.16480117530386,0.034447075509175196,1.157976093767377,0.01731754874600268,0.5996241254065177,0.5651770498973424,,,,,,,,,,,,,,,,,,,,,,,,,,,,
37,1,90.0,30.0,False,2.387062760371721,0.4426039640780841,2.8051537907771364,0.05099207581110052,1.4148333622249025,0.9722293981468184,,,,,,,,,,,,,,,,,,,,,,,,,,,,
38,1,90.0,60.0,False,4.963840447040617,1.9928102714336986,3.069340396620256,0.060274461077801225,3.478325359237158,1.4855150878034595,,,,,,,,,,,,,,,,,,,,,,,,,,,,
39,1,90.0,90.0,True,1.6905334448641782,0.5820476585291436,2.2359510713309554,0.021181833740953875,1.136290551696661,0.5542428931675173,,,,,,,,,,,,,,,,,,,,,,,,,,,,
40,1,90.0,120.0,False,2.367143100852661,0.06703666803094768,2.3155750517885103,0.0330727318219628,1.2170898844418043,1.1500532164108566,,,,,,,,,,,,,,,,,,,,,,,,,,,,
41,1,90.0,150.0,False,2.033641103913433,0.0767172966325347,2.0115257746208837,0.03938492751397533,1.0551792002729838,0.978461903640449,,,,,,,,,,,,,,,,,,,,,,,,,,,,
42,1,90.0,180.0,False,2.4133317271611787,0.05896386915029344,2.4368725048076225,0.026684704169483604,1.236147798155736,1.1771839290054427,,,,,,,,,,,,,,,,,,,,,,,,,,,,
43,1,90.0,210.0,False,2.573606290378593,0.06475291734776945,2.5877543404440297,0.024113556058317002,1.3191796038631813,1.254426686515412,,,,,,,,,,,,,,,,,,,,,,,,,,,,
44,1,90.0,240.0,False,1.0516888549028593,0.046181803079916546,1.0165932843886134,0.020123024443913735,0.548935328991388,0.5027535259114714,,,,,,,,,,,,,,,,,,,,,,,,,,,,
45,1,90.0,270.0,False,0.17589016423238588,0.035186723853668646,0.16178685806463322,0.02656242942183468,0.10553844404302726,0.07035172018935862,,,,,,,,,,,,,,,,,,,,,,,,,,,,
46,1,90.0,300.0,False,0.37663668977499276,0.08525290294481867,0.3827003894127906,0.030547918989189765,0.23094479635990572,0.14569189341508704,,,,,,,,,,,,,,,,,,,,,,,,,,,,
47,1,90.0,330.0,False,1.3636881984506133,0.05573981141809584,1.4104554951415302,0.03590359148982643,0.7097140049343545,0.6539741935162587,,,,,,,,,,,,,,,,,,,,,,,,,,,,
48,1,120.0,0.0,False,2.2304601112202715,0.04068668961315494,2.208298324735668,0.02693836611255863,1.1355734004167133,1.0948867108035583,,,,,,,,,,,,,,,,,,,,,,,,,,,,
49,1,120.0,30.0,False,2.187050765964648,0.052472140377172516,2.1921193368422296,0.026694322764329925,1.1197614531709101,1.0672893127937377,,,,,,,,,,,,,,,,,,,,,,,,,,,,
50,1,120.0,60.0,False,2.061026532907821,0.09188116120707275,2.030889414870095,0.027834075637046818,1.076453847057447,0.9845726858503742,,,,,,,,,,,,,,,,,,,,,,,,,,,,
51,1,120.0,90.0,False,2.3718901967407566,0.5026341976388592,2.0613560227266365,0.03539650381002553,1.4372621971898079,0.9346279995509487,,,,,,,,,,,,,,,,,,,,,,,,,,,,
52,1,120.0,120.0,True,2.2489924936518335,0.03282179315033631,2.231753980202228,0.02132467466906194,1.140907143401085,1.1080853502507486,,,,,,,,,,,,,,,,,,,,,,,,,,,,
53,1,120.0,150.0,False,2.1452724019731475,0.1401295002927863,2.131531775221834,0.0191082885232053,1.1427009511329669,1.0025714508401806,,,,,,,,,,,,,,,,,,,,,,,,,,,,
54,1,120.0,180.0,False,2.573804978702624,0.032293704527299814,2.5699260807310873,0.014938885052627585,1.3030493416149618,1.270755637087662,,,,,,,,,,,,,,,,,,,,,,,,,,,,
55,1,120.0,210.0,False,2.459341369580248,0.023879696416230604,2.455599156923681,0.01341848857922409,1.2416105329982392,1.2177308365820088,,,,,,,,,,,,,,,,,,,,,,,,,,,,
56,1,120.0,240.0,False,0.9882196972421514,0.0929811457335657,0.9076878526612686,0.026112274279120246,0.5406004214878586,0.4476192757542929,,,,,,,,,,,,,,,,,,,,,,,,,,,,
57,1,120.0,270.0,False,0.26095911926875204,0.04829843846913199,0.23900085177150976,0.03113840465638923,0.15462877886894202,0.10633034039981003,,,,,,,,,,,,,,,,,,,,,,,,,,,,
58,1,120.0,300.0,False,0.47237650859044344,0.05618120571952152,0.5034975575194212,0.02666366863655346,0.2642788571549825,0.20809765143546097,,,,,,,,,,,,,,,,,,,,,,,,,,,,
59,1,120.0,330.0,False,2.101567173314822,0.059733722814851564,2.0586621696823686,0.02751768859117805,1.0806504480648367,1.0209167252499851,,,,,,,,,,,,,,,,,,,,,,,,,,,,
60,1,150.0,0.0,False,1.83896547260356,0.05392279255160887,1.8746013790794447,0.0387067752865068,0.9464441325775844,0.8925213400259756,,,,,,,,,,,,,,,,,,,,,,,,,,,,
61,1,150.0,30.0,False,2.261870286446187,0.07083632379514897,2.2703759255574862,0.01861794888994183,1.1663533051206678,1.095516981325519,,,,,,,,,,,,,,,,,,,,,,,,,,,,
62,1,150.0,60.0,False,2.257130109796667,0.06710278321270088,2.272563971570917,0.03944383398053669,1.1621164465046838,1.095013663291983,,,,,,,,,,,,,,,,,,,,,,,,,,,,
63,1,150.0,90.0,False,2.1579967896774046,0.12538127925358308,2.1643620083712882,0.0462881054200886,1.1416890344654937,1.0163077552119106,,,,,,,,,,,,,,,,,,,,,,,,,,,,
64,1,150.0,120.0,False,2.293354727396439,0.12536647655838404,2.261311574124089,0.021970978455774694,1.2093606019774115,1.0839941254190275,,,,,,,,,,,,,,,,,,,,,,,,,,,,
65,1,150.0,150.0,True,2.5755264306710695,0.08155681595526,2.5344055817865403,0.016354293465027984,1.3285416233131648,1.2469848073579046,,,,,,,,,,,,,,,,,,,,,,,,,,,,
66,1,150.0,180.0,False,2.622486966226269,0.04494993661551036,2.5873081343161077,0.024072043685088418,1.3337184514208897,1.2887685148053794,,,,,,,,,,,,,,,,,,,,,,,,,,,,
67,1,150.0,210.0,False,2.173951749906815,0.05970487155868476,2.180465946030245,0.020633865461885018,1.11682831073275,1.0571234391740651,,,,,,,,,,,,,,,,,,,,,,,,,,,,
68,1,150.0,240.0,False,1.0953607148329372,0.03256541446199278,1.084388880849279,0.016277632006290257,0.5639630646474649,0.5313976501854721,,,,,,,,,,,,,,,,,,,,,,,,,,,,
69,1,150.0,270.0,False,0.5581173331659657,0.042431787419897,0.5550024815468498,0.02277795694708715,0.3002745602929313,0.25784277287303436,,,,,,,,,,,,,,,,,,,,,,,,,,,,
70,1,150.0,300.0,False,0.4544627218584736,0.04595846740032983,0.46733838205467704,0.027258316052362164,0.2502105946294017,0.20425212722907188,,,,,,,,,,,,,,,,,,,,,,,,,,,,
71,1,150.0,330.0,False,1.5037373924157864,0.03484227642522983,1.5133100332199318,0.02907737611027798,0.7692898344205081,0.7344475579952783,,,,,,,,,,,,,,,,,,,,,,,,,,,,
72,1,180.0,0.0,False,1.811288064480322,0.040542368422458695,1.8133563144109088,0.028208079449222576,0.9259152164513903,0.8853728480289316,,,,,,,,,,,,,,,,,,,,,,,,,,,,
73,1,180.0,30.0,False,2.0688723471530346,0.03273695045595386,2.0682790026537767,0.018685721371979675,1.0508046488044942,1.0180676983485404,,,,,,,,,,,,,,,,,,,,,,,,,,,,
74,1,180.0,60.0,False,2.412719673913071,0.03808565674122999,2.4292379659099628,0.019668611259529296,1.2254026653271506,1.1873170085859206,,,,,,,,,,,,,,,,,,,,,,,,,,,,
75,1,180.0,90.0,False,2.7064310084163616,0.06590263144616121,2.672970281842896,0.014966279488079284,1.3861668199312613,1.3202641884851,,,,,,,,,,,,,,,,,,,,,,,,,,,,
76,1,180.0,120.0,False,2.541295548008523,0.03693233982159705,2.5382110011813,0.014075349937654448,1.2891139439150598,1.2521816040934628,,,,,,,,,,,,,,,,,,,,,,,,,,,,
77,1,180.0,150.0,False,2.7044492241565328,0.028816873308131874,2.6995732387739766,0.016449490783148578,1.3666330487323324,1.3378161754242006,,,,,,,,,,,,,,,,,,,,,,,,,,,,
78,1,180.0,180.0,True,2.414540486287926,0.0543076398753507,2.3755291746842158,0.02628903664919644,1.2344240630816383,1.1801164232062877,,,,,,,,,,,,,,,,,,,,,,,,,,,,
79,1,180.0,210.0,False,2.2100022992599575,0.16230127850477893,2.113958547274363,0.021181899346886454,1.1861517888823683,1.0238505103775895,,,,,,,,,,,,,,,,,,,,,,,,,,,,
80,1,180.0,240.0,False,1.55126668884791,0.05394123064598201,1.5635862934133697,0.02760870404406307,0.8026039597469461,0.7486627291009641,,,,,,,,,,,,,,,,,,,,,,,,,,,,
81,1,180.0,270.0,False,1.1438640861919485,0.04777074867746375,1.1730330205876816,0.032277104345311614,0.5958174174347061,0.5480466687572423,,,,,,,,,,,,,,,,,,,,,,,,,,,,
82,1,180.0,300.0,False,1.121652103021154,0.05817614481255509,1.0891659853210345,0.022611888718948998,0.5899141239168545,0.5317379791042994,,,,,,,,,,,,,,,,,,,,,,,,,,,,
83,1,180.0,330.0,False,1.6614219518950692,0.03328956871736106,1.6440297254895921,0.017223738583783454,0.8473557603062152,0.8140661915888541,,,,,,,,,,,,,,,,,,,,,,,,,,,,
84,1,210.0,0.0,False,1.762660797468858,0.04954288394272405,1.7931634848158153,0.028077139557510976,0.906101840705791,0.8565589567630669,,,,,,,,,,,,,,,,,,,,,,,,,,,,
85,1,210.0,30.0,False,2.3310055153377207,0.041781935713057626,2.31758200527574,0.024597320000646912,1.1863937255253891,1.1446117898123316,,,,,,,,,,,,,,,,,,,,,,,,,,,,
86,1,210.0,60.0,False,2.670722916308325,0.06232178348795626,2.639810797745183,0.021835840672380938,1.3665223498981405,1.3042005664101841,,,,,,,,,,,,,,,,,,,,,,,,,,,,
87,1,210.0,90.0,False,2.8126175155284425,0.053523842734384756,2.819511149521362,0.017267344741754048,1.4330706791314136,1.379546836397029,,,,,,,,,,,,,,,,,,,,,,,,,,,,
88,1,210.0,120.0,False,2.608249595454774,0.05381780762005266,2.62296469614782,0.02007173948644453,1.3310337015374134,1.2772158939173608,,,,,,,,,,,,,,,,,,,,,,,,,,,,
89,1,210.0,150.0,False,2.2838772511889154,0.05757502586657896,2.2695800154139936,0.03622677443228164,1.1707261385277472,1.1131511126611682,,,,,,,,,,,,,,,,,,,,,,,,,,,,
90,1,210.0,180.0,False,2.1194710428732537,0.0625091574164993,2.0917007033069823,0.025810892504040672,1.0909901001448765,1.0284809427283772,,,,,,,,,,,,,,,,,,,,,,,,,,,,
91,1,210.0,210.0,True,2.057713156232039,0.2111491952248123,1.9517063796442833,0.03295248792574746,1.1344311757284256,0.9232819805036133,,,,,,,,,,,,,,,,,,,,,,,,,,,,
92,1,210.0,240.0,False,2.013493797866271,0.18423327710837206,1.904416758753686,0.02977368327781683,1.0988635374873215,0.9146302603789493,,,,,,,,,,,,,,,,,,,,,,,,,,,,
93,1,210.0,270.0,False,2.0707336900937516,0.05217151867296407,2.08274569943004,0.03571095584707742,1.0614526043833579,1.0092810857103938,,,,,,,,,,,,,,,,,,,,,,,,,,,,
94,1,210.0,300.0,False,1.9056783148526635,0.030818358630009736,1.8884089227593803,0.020205656414133938,0.9682483367413366,0.9374299781113269,,,,,,,,,,,,,,,,,,,,,,,,,,,,
95,1,210.0,330.0,False,1.822146730989905,0.01449892473982519,1.822423692648149,0.018511384150560424,0.9183228278648652,0.9038239031250399,,,,,,,,,,,,,,,,,,,,,,,,,,,,
96,1,240.0,0.0,False,2.2964848651435084,0.04392613585403238,2.2835626045661757,0.027408900706310545,1.1702055004987704,1.126279364644738,,,,,,,,,,,,,,,,,,,,,,,,,,,,
97,1,240.0,30.0,False,2.4072882750729594,0.03960752659920934,2.3908833375028262,0.02035537112298233,1.2234479008360843,1.183840374236875,,,,,,,,,,,,,,,,,,,,,,,,,,,,
98,1,240.0,60.0,False,2.5456214315046406,0.052113029838151415,2.552149390085352,0.017377490031231107,1.298867230671396,1.2467542008332446,,,,,,,,,,,,,,,,,,,,,,,,,,,,
99,1,240.0,90.0,False,2.1011627994443383,0.0378871719684096,2.09616835586426,0.024917773581103413,1.069524985706374,1.0316378137379645,,,,,,,,,,,,,,,,,,,,,,,,,,,,
100,1,240.0,120.0,False,1.249796249210089,0.05052738507394205,1.2608414723697672,0.013528907983663694,0.6501618171420155,0.5996344320680734,,,,,,,,,,,,,,,,,,,,,,,,,,,,
101,1,240.0,150.0,False,1.5734472511364144,0.06241575583683982,1.561701289236453,0.06944583147778705,0.8179315034866271,0.7555157476497872,,,,,,,,,,,,,,,,,,,,,,,,,,,,
102,1,240.0,180.0,False,1.3549687308100586,0.055078608472569804,1.3306331885700304,0.04894953240253057,0.7050236696413142,0.6499450611687444,,,,,,,,,,,,,,,,,,,,,,,,,,,,
103,1,240.0,210.0,False,1.6005689140650983,0.13525311257707262,1.5775721156470015,0.026640901833756503,0.8679110133210854,0.7326579007440128,,,,,,,,,,,,,,,,,,,,,,,,,,,,
104,1,240.0,240.0,True,1.8462354208029135,0.1830134883755808,1.761399345873797,0.020123753874004228,1.014624454589247,0.8316109662136664,,,,,,,,,,,,,,,,,,,,,,,,,,,,
105,1,240.0,270.0,False,1.6006331112458416,0.15702548132101055,1.5347689043311337,0.022583181685977626,0.8788292962834261,0.7218038149624155,,,,,,,,,,,,,,,,,,,,,,,,,,,,
106,1,240.0,300.0,False,1.351325707296455,0.05192982205164474,1.3202333258304133,0.040891757693411954,0.7016277646740499,0.6496979426224051,,,,,,,,,,,,,,,,,,,,,,,,,,,,
107,1,240.0,330.0,False,1.508253805427103,0.06983173155661976,1.4894530921494238,0.016559447778088703,0.7890427684918614,0.7192110369352417,,,,,,,,,,,,,,,,,,,,,,,,,,,,
108,1,270.0,0.0,False,1.2225512564315522,0.02792514066602798,1.2350038964371775,0.011852676515886198,0.62523819854879,0.597313057882762,,,,,,,,,,,,,,,,,,,,,,,,,,,,
109,1,270.0,30.0,False,1.8562237890511954,0.03852152344276315,1.851427514645346,0.020347111877387945,0.9473726562469793,0.9088511328042161,,,,,,,,,,,,,,,,,,,,,,,,,,,,
110,1,270.0,60.0,False,1.718702671741148,0.050490863759711596,1.7415801477062804,0.01915830563594623,0.8845967677504298,0.8341059039907183,,,,,,,,,,,,,,,,,,,,,,,,,,,,
111,1,270.0,90.0,False,0.6769196156626303,0.05315326850543912,0.670516489598997,0.022609612392412076,0.3650364420840347,0.3118831735785956,,,,,,,,,,,,,,,,,,,,,,,,,,,,
112,1,270.0,120.0,False,0.6176298748627572,0.049842541999901235,0.6522530253926517,0.02300209896174932,0.33373620843132923,0.283893666431428,,,,,,,,,,,,,,,,,,,,,,,,,,,,
113,1,270.0,150.0,False,0.6485909467038415,0.036329031214472146,0.6738414996002957,0.014437541954624992,0.34245998895915686,0.3061309577446847,,,,,,,,,,,,,,,,,,,,,,,,,,,,
114,1,270.0,180.0,False,0.7978061008144786,0.09280216274784406,0.87790312328734,0.04747767213146024,0.4453041317811613,0.3525019690333172,,,,,,,,,,,,,,,,,,,,,,,,,,,,
115,1,270.0,210.0,False,1.4996771668688083,0.17032125338066248,1.4259968463247965,0.036542914242028005,0.8349992101247353,0.6646779567440728,,,,,,,,,,,,,,,,,,,,,,,,,,,,
116,1,270.0,240.0,False,1.770181849746678,0.12312237795479261,1.7261057497468832,0.05235884863873498,0.9466521138507352,0.8235297358959426,,,,,,,,,,,,,,,,,,,,,,,,,,,,
117,1,270.0,270.0,True,1.3605334667512077,0.17651429515333622,1.222765591928016,0.021317686254786875,0.768523880952272,0.5920095857989357,,,,,,,,,,,,,,,,,,,,,,,,,,,,
118,1,270.0,300.0,False,1.0009159170058475,0.033447052029487855,0.9965039463226275,0.01609154200530601,0.5171814845176677,0.4837344324881798,,,,,,,,,,,,,,,,,,,,,,,,,,,,
119,1,270.0,330.0,False,0.8910609090112753,0.03158597026062704,0.8737137930543748,0.028973453970286694,0.4613234396359512,0.42973746937532414,,,,,,,,,,,,,,,,,,,,,,,,,,,,
120,1,300.0,0.0,False,1.1260181618076395,0.04927491962190565,1.1562331554165028,0.014477090645086045,0.5876465407147725,0.5383716210928668,,,,,,,,,,,,,,,,,,,,,,,,,,,,
121,1,300.0,30.0,False,1.0292043965226143,0.03271422088909521,1.0045942231319063,0.025372707548715165,0.5309593087058547,0.4982450878167595,,,,,,,,,,,,,,,,,,,,,,,,,,,,
122,1,300.0,60.0,False,0.6455024752161969,0.053990105296795,0.6514016164079539,0.01551000271692889,0.34974629025649595,0.2957561849597009,,,,,,,,,,,,,,,,,,,,,,,,,,,,
123,1,300.0,90.0,False,0.5187662428712889,0.033437072269910904,0.5084945622176735,0.020794021806890647,0.2761016575705999,0.24266458530068902,,,,,,,,,,,,,,,,,,,,,,,,,,,,
124,1,300.0,120.0,False,0.48932429977243364,0.036409121935911545,0.49987259415661117,0.029244317362139137,0.26286671085417257,0.22645758891826104,,,,,,,,,,,,,,,,,,,,,,,,,,,,
125,1,300.0,150.0,False,0.7890286259008343,0.04324821577104422,0.7845918987472087,0.02798537257478603,0.41613842083593927,0.37289020506489506,,,,,,,,,,,,,,,,,,,,,,,,,,,,
126,1,300.0,180.0,False,1.370608585879473,0.0374228713210269,1.3836976975228565,0.03808407947341534,0.70401572860025,0.666592857279223,,,,,,,,,,,,,,,,,,,,,,,,,,,,
127,1,300.0,210.0,False,1.7214350870990327,0.043934514649942705,1.7367517916690391,0.01520473362962128,0.8826848008744878,0.8387502862245451,,,,,,,,,,,,,,,,,,,,,,,,,,,,
128,1,300.0,240.0,False,1.5234314867613645,0.07754815075303959,1.5321970706691166,0.035799269021285135,0.800489818757202,0.7229416680041625,,,,,,,,,,,,,,,,,,,,,,,,,,,,
129,1,300.0,270.0,False,0.945601482549845,0.1305086599757344,1.072891162451584,0.01451201167846147,0.5380550712627897,0.40754641128705527,,,,,,,,,,,,,,,,,,,,,,,,,,,,
130,1,300.0,300.0,True,0.8506348719582824,0.1951823772231119,1.0316780159154635,0.02662187515133165,0.5229086245906971,0.3277262473675852,,,,,,,,,,,,,,,,,,,,,,,,,,,,
131,1,300.0,330.0,False,0.9091097241619346,0.09545507812673695,0.987521049915942,0.012463253225157366,0.5022824011443358,0.40682732301759883,,,,,,,,,,,,,,,,,,,,,,,,,,,,
132,1,330.0,0.0,False,0.3976044692742918,0.05835389248067603,0.36905107818826466,0.031108121498843545,0.22797918087748392,0.1696252883968079,,,,,,,,,,,,,,,,,,,,,,,,,,,,
133,1,330.0,30.0,False,0.7787407295120927,0.06731354507218719,0.8364149146871449,0.03599004464615954,0.42302713729214,0.3557135922199528,,,,,,,,,,,,,,,,,,,,,,,,,,,,
134,1,330.0,60.0,False,1.4864792581916895,0.04081697959758428,1.4787237752442968,0.018914665809990256,0.7636481188946369,0.7228311392970526,,,,,,,,,,,,,,,,,,,,,,,,,,,,
135,1,330.0,90.0,False,1.5667507767582078,0.08044907067923668,1.5326431539144807,0.017782417270862105,0.8235999237187223,0.7431508530394856,,,,,,,,,,,,,,,,,,,,,,,,,,,,
136,1,330.0,120.0,False,2.0825069645061633,0.10169420416987471,2.0368362519661476,0.035036441201438354,1.092100584338019,0.9904063801681443,,,,,,,,,,,,,,,,,,,,,,,,,,,,
137,1,330.0,150.0,False,1.491127001872614,0.0570610556898169,1.5193746688106113,0.030063281011959285,0.7740940287812155,0.7170329730913986,,,,,,,,,,,,,,,,,,,,,,,,,,,,
138,1,330.0,180.0,False,0.7134830464141282,0.09773716404897878,0.7938202089534265,0.03581435596431258,0.4056101052315535,0.3078729411825747,,,,,,,,,,,,,,,,,,,,,,,,,,,,
139,1,330.0,210.0,False,1.1651436779017232,0.07200754497572026,1.206599638173559,0.030191144872088946,0.6185756114387218,0.5465680664630015,,,,,,,,,,,,,,,,,,,,,,,,,,,,
140,1,330.0,240.0,False,0.9657104897928935,0.03470419090972901,0.9976726703259682,0.023893696112164145,0.5002073403513113,0.4655031494415823,,,,,,,,,,,,,,,,,,,,,,,,,,,,
141,1,330.0,270.0,False,1.1354307795100347,0.09743954333487134,1.2240093055844068,0.018432476407580493,0.616435161422453,0.5189956180875817,,,,,,,,,,,,,,,,,,,,,,,,,,,,
142,1,330.0,300.0,False,1.3053325109927623,0.20702642899015394,1.114233979755722,0.02777190310189154,0.7561794699914581,0.5491530410013041,,,,,,,,,,,,,,,,,,,,,,,,,,,,
143,1,330.0,330.0,True,0.7957953931509876,0.2918477019459603,0.5146178450133112,0.031657299361332526,0.543821547548474,0.2519738456025136,,,,,,,,,,,,,,,,,,,,,,,,,,,,
144,2,0.0,0.0,True,1.1294072568591442,0.1042526168641155,1.1126239109013802,0.05124626522406919,0.6168299368616299,0.5125773199975143,,,,,,,,,,,,,,,,,,,,,,,,,,,,
145,2,0.0,30.0,False,1.3317265253686341,0.10178887217896557,1.4118293448932973,0.018241856582953863,0.7167576987737998,0.6149688265948342,,,,,,,,,,,,,,,,,,,,,,,,,,,,
146,2,0.0,60.0,False,0.9312790387547465,0.04320370084236329,0.9220200584004377,0.01483524051861211,0.48724136979855487,0.44403766895619157,,,,,,,,,,,,,,,,,,,,,,,,,,,,
147,2,0.0,90.0,False,1.1912544419593134,0.07182417697904904,1.2570894184846364,0.03018821786830493,0.6315393094691812,0.5597151324901322,,,,,,,,,,,,,,,,,,,,,,,,,,,,
148,2,0.0,120.0,False,1.9262450203423143,0.050737382620759705,1.9315123376886452,0.024612079057077137,0.988491201481537,0.9377538188607774,,,,,,,,,,,,,,,,,,,,,,,,,,,,
149,2,0.0,150.0,False,1.0429777168011416,0.08483472011592552,1.1057656132442248,0.04048547356383181,0.5639062184585335,0.47907149834260804,,,,,,,,,,,,,,,,,,,,,,,,,,,,
150,2,0.0,180.0,False,1.2407574825155538,0.06590087820429377,1.2824021629809819,0.031173083292631985,0.6533291803599238,0.58742830215563,,,,,,,,,,,,,,,,,,,,,,,,,,,,
151,2,0.0,210.0,False,1.2640706062734977,0.08950726209616627,1.2674206565529742,0.03471825344132292,0.676788934184832,0.5872816720886657,,,,,,,,,,,,,,,,,,,,,,,,,,,,
152,2,0.0,240.0,False,1.3201769622603583,0.05994024778989365,1.3586863687988338,0.04911486113214901,0.690058605025126,0.6301183572352324,,,,,,,,,,,,,,,,,,,,,,,,,,,,
153,2,0.0,270.0,False,1.0918789506005497,0.06759311251710855,1.1450886171843673,0.026167356579543784,0.5797360315588291,0.5121429190417206,,,,,,,,,,,,,,,,,,,,,,,,,,,,
154,2,0.0,300.0,False,0.584744348731233,0.08114388882048826,0.6419177310790223,0.024914447751063423,0.33294411877586066,0.2518002299553724,,,,,,,,,,,,,,,,,,,,,,,,,,,,
155,2,0.0,330.0,False,0.43154930630859795,0.16711059626811875,0.5934394069585198,0.032361680852460266,0.2993299512883584,0.1322193550202396,,,,,,,,,,,,,,,,,,,,,,,,,,,,
156,2,30.0,0.0,False,1.2742257089196158,1.1842028956750779,2.1735669994613787,0.02928292039486404,1.229214302297347,0.04501140662226899,,,,,,,,,,,,,,,,,,,,,,,,,,,,
157,2,30.0,30.0,True,3.6458090409774475,3.523281151273161,7.167635954251678,0.06324725415872114,3.5845450961253045,0.06126394485214326,,,,,,,,,,,,,,,,,,,,,,,,,,,,
158,2,30.0,60.0,False,5.644517439186167,0.3410369243420377,5.324925336020943,0.11293421587128794,2.9927771817641022,2.6517402574220648,,,,,,,,,,,,,,,,,,,,,,,,,,,,
159,2,30.0,90.0,False,1.3173977128085934,0.09688034303998988,1.398325641108009,0.02349515167551572,0.7071390279242916,0.6102586848843017,,,,,,,,,,,,,,,,,,,,,,,,,,,,
160,2,30.0,120.0,False,2.0426831793665396,0.04862983811481314,2.0146572549076645,0.04271492226107241,1.0456565087406764,0.9970266706258633,,,,,,,,,,,,,,,,,,,,,,,,,,,,
161,2,30.0,150.0,False,1.5600542227613672,0.08170618068636742,1.5593708751752504,0.014410623019890838,0.8208802017238673,0.7391740210375,,,,,,,,,,,,,,,,,,,,,,,,,,,,
162,2,30.0,180.0,False,1.8918809270293293,0.057954976908249904,1.911198379117201,0.015800853313228475,0.9749179519687896,0.9169629750605397,,,,,,,,,,,,,,,,,,,,,,,,,,,,
163,2,30.0,210.0,False,1.5050813835280763,0.09304490585985908,1.504214052179744,0.02404388374656083,0.7990631446939677,0.7060182388341086,,,,,,,,,,,,,,,,,,,,,,,,,,,,
164,2,30.0,240.0,False,1.7851181834587448,0.07130707862469661,1.7885938030453938,0.03418757422824954,0.9282126310417207,0.8569055524170242,,,,,,,,,,,,,,,,,,,,,,,,,,,,
165,2,30.0,270.0,False,1.388801337457679,0.038457746489046665,1.4120586753130921,0.02066540005524685,0.7136295419733629,0.6751717954843162,,,,,,,,,,,,,,,,,,,,,,,,,,,,
166,2,30.0,300.0,False,0.464215738482356,0.06174785173792026,0.5224017903188944,0.02677251203773684,0.26298179511013814,0.20123394337221787,,,,,,,,,,,,,,,,,,,,,,,,,,,,
167,2,30.0,330.0,False,1.3458076856804997,0.08300884105821701,1.4200299853608125,0.03632378092840213,0.7144082633693584,0.6313994223111413,,,,,,,,,,,,,,,,,,,,,,,,,,,,
168,2,60.0,0.0,False,7.8527701093301,0.3199878165206719,7.554589547265011,0.150098094114144,4.086378962925386,3.766391146404714,,,,,,,,,,,,,,,,,,,,,,,,,,,,
169,2,60.0,30.0,False,19.571518597169728,7.27374568714881,12.305652234182677,0.24978284088318492,13.42263214215927,6.14888645501046,,,,,,,,,,,,,,,,,,,,,,,,,,,,
170,2,60.0,60.0,True,8.337553291745667,3.7036092171452344,12.040940977624224,0.1539239295632553,6.020581254445451,2.3169720373002165,,,,,,,,,,,,,,,,,,,,,,,,,,,,
171,2,60.0,90.0,False,2.0251812765748163,0.17796342174532404,1.898568742132769,0.0779335836666737,1.1015723491600702,0.9236089274147461,,,,,,,,,,,,,,,,,,,,,,,,,,,,
172,2,60.0,120.0,False,2.121609160049883,0.05582715902461788,2.123564767970997,0.023950188609990236,1.0887181595372504,1.0328910005126326,,,,,,,,,,,,,,,,,,,,,,,,,,,,
173,2,60.0,150.0,False,2.1273467297384157,0.055060809871482534,2.124257976877072,0.026464843018546597,1.091203769804949,1.0361429599334666,,,,,,,,,,,,,,,,,,,,,,,,,,,,
174,2,60.0,180.0,False,2.1370991895477403,0.04334040075213885,2.1709050479099,0.020472994149801856,1.0902197951499395,1.0468793943978008,,,,,,,,,,,,,,,,,,,,,,,,,,,,
175,2,60.0,210.0,False,2.099468252874342,0.06513048190946684,2.096470652902992,0.029552053404097358,1.0822993673919044,1.0171688854824374,,,,,,,,,,,,,,,,,,,,,,,,,,,,
176,2,60.0,240.0,False,2.2030414659788384,0.051608420454432286,2.202974296880253,0.024780883665979307,1.1273249432166355,1.0757165227622032,,,,,,,,,,,,,,,,,,,,,,,,,,,,
177,2,60.0,270.0,False,0.6652863366291849,0.03856833137525645,0.6699746728502518,0.027208430878711186,0.35192733400222065,0.31335900262696426,,,,,,,,,,,,,,,,,,,,,,,,,,,,
178,2,60.0,300.0,False,0.48736088792736426,0.08306865064295907,0.5211483969200142,0.04402642929739323,0.28521476928516165,0.20214611864220258,,,,,,,,,,,,,,,,,,,,,,,,,,,,
179,2,60.0,330.0,False,1.035224412696452,0.027744688939650403,1.046980962137427,0.03827175537905367,0.5314845508180512,0.5037398618784008,,,,,,,,,,,,,,,,,,,,,,,,,,,,
180,2,90.0,0.0,False,4.344558869568994,0.24786125804758022,4.459247440368138,0.04505834241658144,2.296210063808287,2.048348805760707,,,,,,,,,,,,,,,,,,,,,,,,,,,,
181,2,90.0,30.0,False,3.840760531831031,0.23293846366901536,3.898588910800739,0.1166578099161433,2.036849497750023,1.803911034081008,,,,,,,,,,,,,,,,,,,,,,,,,,,,
182,2,90.0,60.0,False,3.961696854661212,0.8169228000043776,3.1946023223138544,0.11059483927666236,2.3893098273327946,1.572387027328417,,,,,,,,,,,,,,,,,,,,,,,,,,,,
183,2,90.0,90.0,True,1.9139593365464074,0.6998265862490365,1.709463895867291,0.022934174822599337,1.3068929613977218,0.6070663751486854,,,,,,,,,,,,,,,,,,,,,,,,,,,,
184,2,90.0,120.0,False,2.040245088360127,0.1255900356635432,2.1159045855391225,0.028915252731673027,1.082917562011835,0.9573275263482918,,,,,,,,,,,,,,,,,,,,,,,,,,,,
185,2,90.0,150.0,False,2.1477597420741095,0.05918755666242603,2.144423815798906,0.0326852381177741,1.1034736493682678,1.0442860927058417,,,,,,,,,,,,,,,,,,,,,,,,,,,,
186,2,90.0,180.0,False,2.397809182642071,0.033535557292696354,2.404726171284143,0.02174054008783314,1.2156723699673837,1.1821368126746874,,,,,,,,,,,,,,,,,,,,,,,,,,,,
187,2,90.0,210.0,False,2.5526136221821343,0.04872231813173811,2.545646924410317,0.0226814596550026,1.3006679701569361,1.251945652025198,,,,,,,,,,,,,,,,,,,,,,,,,,,,
188,2,90.0,240.0,False,0.9781387827271958,0.048100139650527826,0.9360301780408329,0.017307869183606828,0.5131194611888618,0.465019321538334,,,,,,,,,,,,,,,,,,,,,,,,,,,,
189,2,90.0,270.0,False,0.16575147236056592,0.06359183897376894,0.19165806083315196,0.027404012342042885,0.11467165566716743,0.05107981669339849,,,,,,,,,,,,,,,,,,,,,,,,,,,,
190,2,90.0,300.0,False,0.2979108229805757,0.02476340611166849,0.29914225757914137,0.01785606739454792,0.1613371145461221,0.1365737084344536,,,,,,,,,,,,,,,,,,,,,,,,,,,,
191,2,90.0,330.0,False,0.8346709743730862,0.020669800249055736,0.8284809401271109,0.021099896337883256,0.427670387311071,0.40700058706201525,,,,,,,,,,,,,,,,,,,,,,,,,,,,
192,2,120.0,0.0,False,1.627709102991702,0.05288177941549933,1.5886409144365419,0.036266787052916714,0.8402954412036007,0.7874136617881012,,,,,,,,,,,,,,,,,,,,,,,,,,,,
193,2,120.0,30.0,False,1.881901416143161,0.12243226544797618,1.9143735288288777,0.03597830538730645,1.0021668407955686,0.8797345753475925,,,,,,,,,,,,,,,,,,,,,,,,,,,,
194,2,120.0,60.0,False,2.2490329558097084,0.05883539646015523,2.2174329795235455,0.04393947208879969,1.1539341761349318,1.0950987796747766,,,,,,,,,,,,,,,,,,,,,,,,,,,,
195,2,120.0,90.0,False,2.3579582393016776,0.1008272618038991,2.301414935099612,0.018200904355672606,1.2293927505527884,1.1285654887488894,,,,,,,,,,,,,,,,,,,,,,,,,,,,
196,2,120.0,120.0,True,2.0894507018980084,0.17431088716655269,2.128312875114165,0.031124386996611526,1.1318807945322806,0.9575699073657279,,,,,,,,,,,,,,,,,,,,,,,,,,,,
197,2,120.0,150.0,False,2.509068740020641,0.14709954664389452,2.405917940860447,0.014319123731547034,1.3280841433322677,1.1809845966883732,,,,,,,,,,,,,,,,,,,,,,,,,,,,
198,2,120.0,180.0,False,2.639365970249821,0.044295563293329177,2.6247005160129344,0.012480114362841088,1.3418307667715752,1.2975352034782461,,,,,,,,,,,,,,,,,,,,,,,,,,,,
199,2,120.0,210.0,False,2.473995110569734,0.04518279800156091,2.4721040651249275,0.024385163885137135,1.2595889542856475,1.2144061562840867,,,,,,,,,,,,,,,,,,,,,,,,,,,,
200,2,120.0,240.0,False,0.9330318374062065,0.05503893734306384,0.8879577351964867,0.022291408543094294,0.4940353873746352,0.43899645003157134,,,,,,,,,,,,,,,,,,,,,,,,,,,,
201,2,120.0,270.0,False,0.2378193134936768,0.031942761430117074,0.23536785917240743,0.024947568755359452,0.13488103746189695,0.10293827603177987,,,,,,,,,,,,,,,,,,,,,,,,,,,,
202,2,120.0,300.0,False,0.36822041548577333,0.09859369358537415,0.4024754097902715,0.036920138818375456,0.23340705453557375,0.1348133609501996,,,,,,,,,,,,,,,,,,,,,,,,,,,,
203,2,120.0,330.0,False,0.9843573412179296,0.06686073586119473,1.0225408890301517,0.033933646069549905,0.5256090385395622,0.45874830267836747,,,,,,,,,,,,,,,,,,,,,,,,,,,,
204,2,150.0,0.0,False,1.5608321529979525,0.043385659255826964,1.5932726160211041,0.02857390968793211,0.8021089061268898,0.7587232468710629,,,,,,,,,,,,,,,,,,,,,,,,,,,,
205,2,150.0,30.0,False,1.8661107011752898,0.12345698213788292,1.9246373481104673,0.034258083769287476,0.9947838416565864,0.8713268595187034,,,,,,,,,,,,,,,,,,,,,,,,,,,,
206,2,150.0,60.0,False,2.0697378234186985,0.08405546116312265,2.0695148636309644,0.025269262470180496,1.0768966422909105,0.992841181127788,,,,,,,,,,,,,,,,,,,,,,,,,,,,
207,2,150.0,90.0,False,2.079384045505171,0.07261113535712853,2.072732024469577,0.027843505608123705,1.0759975904311496,1.0033864550740212,,,,,,,,,,,,,,,,,,,,,,,,,,,,
208,2,150.0,120.0,False,2.3917222764576067,0.07182830307394647,2.3621295015672334,0.029686178901735576,1.2317752897657765,1.1599469866918302,,,,,,,,,,,,,,,,,,,,,,,,,,,,
209,2,150.0,150.0,True,2.6321471975275608,0.10186955760836137,2.5418983738935568,0.02048910719029738,1.3670083775679611,1.2651388199595996,,,,,,,,,,,,,,,,,,,,,,,,,,,,
210,2,150.0,180.0,False,2.584293802854618,0.043611233775322944,2.5510553834167213,0.02979845601598996,1.3139525183149705,1.2703412845396476,,,,,,,,,,,,,,,,,,,,,,,,,,,,
211,2,150.0,210.0,False,2.340894413131958,0.04943418128006351,2.3233978949196716,0.020089374605215957,1.1951642972060108,1.1457301159259472,,,,,,,,,,,,,,,,,,,,,,,,,,,,
212,2,150.0,240.0,False,1.0745212093486027,0.06087579382027078,1.0370472432015307,0.028794704032093048,0.5676985015844368,0.506822707764166,,,,,,,,,,,,,,,,,,,,,,,,,,,,
213,2,150.0,270.0,False,0.4593222406322121,0.04407474382360965,0.47852868427658796,0.038828131846452375,0.25169849222791085,0.20762374840430123,,,,,,,,,,,,,,,,,,,,,,,,,,,,
214,2,150.0,300.0,False,0.4053973548235169,0.06790567314128372,0.42062614033410417,0.02765233747561843,0.2366515139824003,0.1687458408411166,,,,,,,,,,,,,,,,,,,,,,,,,,,,
215,2,150.0,330.0,False,0.8624972595237445,0.09990441323246058,0.9552392298279165,0.025349911568745456,0.4812008363781025,0.38129642314564194,,,,,,,,,,,,,,,,,,,,,,,,,,,,
216,2,180.0,0.0,False,1.5379149467572368,0.033389243464413944,1.5574925353591014,0.02441212804830071,0.7856520951108253,0.7522628516464114,,,,,,,,,,,,,,,,,,,,,,,,,,,,
217,2,180.0,30.0,False,1.917292634394713,0.03332726546058263,1.931212191125382,0.025785386200828757,0.9753099499276479,0.9419826844670652,,,,,,,,,,,,,,,,,,,,,,,,,,,,
218,2,180.0,60.0,False,2.194968764154728,0.05927515126528176,2.1881715865141365,0.027749150425963404,1.127121957710005,1.0678468064447233,,,,,,,,,,,,,,,,,,,,,,,,,,,,
219,2,180.0,90.0,False,2.677352117227061,0.04916958133693762,2.6622878216593913,0.015613026879883855,1.3632608492819993,1.3140912679450616,,,,,,,,,,,,,,,,,,,,,,,,,,,,
220,2,180.0,120.0,False,2.781429389435907,0.04339783024826641,2.7830975363265016,0.02513345299772364,1.4124136098420865,1.3690157795938203,,,,,,,,,,,,,,,,,,,,,,,,,,,,
221,2,180.0,150.0,False,2.540392022951138,0.04404650204900051,2.517188278759768,0.019073758444651617,1.2922192625000692,1.2481727604510686,,,,,,,,,,,,,,,,,,,,,,,,,,,,
222,2,180.0,180.0,True,2.3646486117322114,0.12808367815565386,2.301110475221736,0.024535249996892456,1.2463661449439327,1.1182824667882787,,,,,,,,,,,,,,,,,,,,,,,,,,,,
223,2,180.0,210.0,False,2.1249908362259475,0.1152547729771758,2.0484052708122213,0.04216018334758664,1.1201228046015617,1.0048680316243859,,,,,,,,,,,,,,,,,,,,,,,,,,,,
224,2,180.0,240.0,False,1.3772628910239968,0.08175178106850739,1.3849944589059306,0.03464110127849238,0.7295073360462521,0.6477555549777447,,,,,,,,,,,,,,,,,,,,,,,,,,,,
225,2,180.0,270.0,False,0.8209919404429991,0.04807118947157052,0.8131941908869772,0.020146208636480784,0.4345315649572848,0.38646037548571427,,,,,,,,,,,,,,,,,,,,,,,,,,,,
226,2,180.0,300.0,False,0.5495307886289509,0.047212884624862006,0.5627654420290139,0.028497658825947018,0.2983718366269065,0.2511589520020444,,,,,,,,,,,,,,,,,,,,,,,,,,,,
227,2,180.0,330.0,False,0.6306414961094581,0.04888749084814724,0.6681646411562654,0.0335640589122323,0.33976449347880266,0.2908770026306554,,,,,,,,,,,,,,,,,,,,,,,,,,,,
228,2,210.0,0.0,False,1.6189925449462912,0.10151795756497253,1.637866228932752,0.02026285672108663,0.8602552512556318,0.7587372936906593,,,,,,,,,,,,,,,,,,,,,,,,,,,,
229,2,210.0,30.0,False,2.188124893708964,0.03402911216162714,2.183423055755889,0.018423052731533714,1.1110770029352954,1.0770478907736682,,,,,,,,,,,,,,,,,,,,,,,,,,,,
230,2,210.0,60.0,False,2.42026776712576,0.04024428779451303,2.40661581935838,0.020087044209184862,1.2302560274601366,1.1900117396656236,,,,,,,,,,,,,,,,,,,,,,,,,,,,
231,2,210.0,90.0,False,2.8053862920247408,0.030774070987002324,2.8127513180175905,0.021450436706542498,1.4180801815058715,1.3873061105188693,,,,,,,,,,,,,,,,,,,,,,,,,,,,
232,2,210.0,120.0,False,2.663369953252701,0.061346064810465714,2.6435417678188067,0.039863896886860956,1.3623580090315834,1.3010119442211177,,,,,,,,,,,,,,,,,,,,,,,,,,,,
233,2,210.0,150.0,False,2.0952158388379205,0.0647308919071912,2.0833744336541007,0.03373029827451331,1.0799733653725558,1.0152424734653647,,,,,,,,,,,,,,,,,,,,,,,,,,,,
234,2,210.0,180.0,False,1.9436431354021182,0.12226749664976487,1.880385219893697,0.0370458323383602,1.0329553160259415,0.9106878193761766,,,,,,,,,,,,,,,,,,,,,,,,,,,,
235,2,210.0,210.0,True,1.9595585157736346,0.11785313609435397,1.9190977314067341,0.03585705625107413,1.0387058259339943,0.9208526898396403,,,,,,,,,,,,,,,,,,,,,,,,,,,,
236,2,210.0,240.0,False,1.8367838740144742,0.1500559529997664,1.8096420347961373,0.02973890857732122,0.9934199135071203,0.8433639605073538,,,,,,,,,,,,,,,,,,,,,,,,,,,,
237,2,210.0,270.0,False,1.7450929609240178,0.032696036623669995,1.7577050326812915,0.04671160487043133,0.8888944987738439,0.8561984621501739,,,,,,,,,,,,,,,,,,,,,,,,,,,,
238,2,210.0,300.0,False,1.9121985793003877,0.02799480572035027,1.9214468247071093,0.021057287939099313,0.970096692510369,0.9421018867900187,,,,,,,,,,,,,,,,,,,,,,,,,,,,
239,2,210.0,330.0,False,1.798410707909058,0.036619446652001106,1.7731712170177711,0.014556086565151775,0.9175150772805296,0.8808956306285285,,,,,,,,,,,,,,,,,,,,,,,,,,,,
240,2,240.0,0.0,False,1.750502040945935,0.07890801746240472,1.711388950578093,0.02809867618541146,0.9147050292041699,0.8357970117417652,,,,,,,,,,,,,,,,,,,,,,,,,,,,
241,2,240.0,30.0,False,2.2261810493336833,0.03699509574087148,2.228246340529484,0.01873472314597889,1.1315880725372773,1.0945929767964058,,,,,,,,,,,,,,,,,,,,,,,,,,,,
242,2,240.0,60.0,False,2.7279916015952197,0.02776309464381671,2.733369720692957,0.013120184255618617,1.3778773481195181,1.3501142534757016,,,,,,,,,,,,,,,,,,,,,,,,,,,,
243,2,240.0,90.0,False,2.7903646273213454,0.055294820616299305,2.7914114451238423,0.026995248184805976,1.4228297239688223,1.367534903352523,,,,,,,,,,,,,,,,,,,,,,,,,,,,
244,2,240.0,120.0,False,1.961154713022664,0.05051031274437626,1.956275979076409,0.039692042354054026,1.0058325128835202,0.9553222001391439,,,,,,,,,,,,,,,,,,,,,,,,,,,,
245,2,240.0,150.0,False,1.4214239137078362,0.08171591595205141,1.3900183374819253,0.025592896629660286,0.7515699148299437,0.6698539988778924,,,,,,,,,,,,,,,,,,,,,,,,,,,,
246,2,240.0,180.0,False,1.1167191077435672,0.04575558386151126,1.1207022117946386,0.029422828625246786,0.5812373458025393,0.535481761941028,,,,,,,,,,,,,,,,,,,,,,,,,,,,
247,2,240.0,210.0,False,1.5007244016754375,0.16593502982981675,1.4134404616456173,0.04185292074994361,0.8333297157526272,0.6673946859228104,,,,,,,,,,,,,,,,,,,,,,,,,,,,
248,2,240.0,240.0,True,1.7242430955613117,0.13656142031022728,1.6765880216277431,0.026656280576324444,0.9304022579357695,0.7938408376255423,,,,,,,,,,,,,,,,,,,,,,,,,,,,
249,2,240.0,270.0,False,1.7906305276386756,0.09210331653506035,1.7495339431700332,0.021104825781804677,0.941366922086868,0.8492636055518076,,,,,,,,,,,,,,,,,,,,,,,,,,,,
250,2,240.0,300.0,False,1.4136595164401748,0.026762875645602348,1.4177575850533166,0.012642345941233188,0.7202111960428886,0.6934483203972862,,,,,,,,,,,,,,,,,,,,,,,,,,,,
251,2,240.0,330.0,False,1.157879302403324,0.06688078012799134,1.145851396625348,0.025839641848242098,0.6123800412656577,0.5454992611376663,,,,,,,,,,,,,,,,,,,,,,,,,,,,
252,2,270.0,0.0,False,1.4568934080369491,0.062261850983854436,1.440333824877619,0.02070709275335983,0.7595776295104018,0.6973157785265474,,,,,,,,,,,,,,,,,,,,,,,,,,,,
253,2,270.0,30.0,False,2.0194721041778276,0.059017477318620386,1.9866950192793857,0.01915014021072913,1.039244790748224,0.9802273134296037,,,,,,,,,,,,,,,,,,,,,,,,,,,,
254,2,270.0,60.0,False,2.4946678765022527,0.05317626854237398,2.477252235639499,0.05096520960336687,1.2739220725223133,1.2207458039799393,,,,,,,,,,,,,,,,,,,,,,,,,,,,
255,2,270.0,90.0,False,1.5010272735375092,0.030296111505751816,1.4836623512864024,0.015292574610707058,0.7656616925216305,0.7353655810158787,,,,,,,,,,,,,,,,,,,,,,,,,,,,
256,2,270.0,120.0,False,0.8518204920343546,0.03323194384143457,0.8584000761232196,0.026386056392640314,0.4425262179378946,0.40929427409646,,,,,,,,,,,,,,,,,,,,,,,,,,,,
257,2,270.0,150.0,False,0.8990562065003622,0.02881492268031409,0.8894255028409008,0.015430453391916434,0.46393556459033813,0.4351206419100241,,,,,,,,,,,,,,,,,,,,,,,,,,,,
258,2,270.0,180.0,False,1.0084819147577258,0.04727827478004925,1.0330028817702075,0.02733132516228191,0.5278800947688875,0.4806018199888383,,,,,,,,,,,,,,,,,,,,,,,,,,,,
259,2,270.0,210.0,False,1.7678517800382803,0.10905848342438809,1.7213466201786098,0.02340989476775114,0.9384551317313342,0.8293966483069461,,,,,,,,,,,,,,,,,,,,,,,,,,,,
260,2,270.0,240.0,False,1.6895181277055304,0.11067245853336727,1.6168322827503512,0.03402613068075393,0.9000952931194488,0.7894228345860815,,,,,,,,,,,,,,,,,,,,,,,,,,,,
261,2,270.0,270.0,True,1.3305092814136374,0.17195172854593183,1.1941949765488893,0.015795933263806527,0.7512305049797846,0.5792787764338528,,,,,,,,,,,,,,,,,,,,,,,,,,,,
262,2,270.0,300.0,False,1.013700021913357,0.047434123317786736,1.0272500414061718,0.016090211803410866,0.5305670726155718,0.4831329492977851,,,,,,,,,,,,,,,,,,,,,,,,,,,,
263,2,270.0,330.0,False,0.8650194962479444,0.04372943439336183,0.8827700560689234,0.019842525649416645,0.4543744653206531,0.4106450309272913,,,,,,,,,,,,,,,,,,,,,,,,,,,,
264,2,300.0,0.0,False,1.2747771393607108,0.030491035892817313,1.2969337863596417,0.021376766608813956,0.652634087626764,0.6221430517339467,,,,,,,,,,,,,,,,,,,,,,,,,,,,
265,2,300.0,30.0,False,1.3179449289150518,0.034805103292091716,1.325589859735624,0.01842586607649021,0.6763750161035718,0.64156991281148,,,,,,,,,,,,,,,,,,,,,,,,,,,,
266,2,300.0,60.0,False,0.8376485719007146,0.029753074579459218,0.8475424050661857,0.03160556818587262,0.4337008232400869,0.4039477486606277,,,,,,,,,,,,,,,,,,,,,,,,,,,,
267,2,300.0,90.0,False,0.7415367453390826,0.029975120365161388,0.7262310620789982,0.051021651925811554,0.385755932852122,0.35578081248696064,,,,,,,,,,,,,,,,,,,,,,,,,,,,
268,2,300.0,120.0,False,1.0491384404732846,0.04638713403221457,1.0209208399792455,0.022511267972494014,0.5477627872527496,0.501375653220535,,,,,,,,,,,,,,,,,,,,,,,,,,,,
269,2,300.0,150.0,False,0.9065933295366466,0.08204210892460959,0.881102594685867,0.03889030725439871,0.4943177192306281,0.41227561030601856,,,,,,,,,,,,,,,,,,,,,,,,,,,,
270,2,300.0,180.0,False,1.1249765625273738,0.14994587327451936,1.0539803054295263,0.07237807024247601,0.6374612179009466,0.4875153446264272,,,,,,,,,,,,,,,,,,,,,,,,,,,,
271,2,300.0,210.0,False,1.8873207375245458,0.033427514944263534,1.890507371881121,0.03335778019223659,0.9603741262344047,0.9269466112901411,,,,,,,,,,,,,,,,,,,,,,,,,,,,
272,2,300.0,240.0,False,1.8936697604864974,0.12577621016342375,1.8373776051134045,0.027167972934118503,1.0097229853249605,0.8839467751615367,,,,,,,,,,,,,,,,,,,,,,,,,,,,
273,2,300.0,270.0,False,0.9926250037178794,0.13415363196846955,1.1200898233988896,0.036812878739935176,0.5633893178431745,0.42923568587470495,,,,,,,,,,,,,,,,,,,,,,,,,,,,
274,2,300.0,300.0,True,0.7803008893503429,0.17362487495008389,0.9357687870181288,0.03931107286476635,0.47696288215021343,0.3033380072001295,,,,,,,,,,,,,,,,,,,,,,,,,,,,
275,2,300.0,330.0,False,1.1115668934002867,0.11046752208613196,1.0252566600572017,0.026311930897438433,0.6110172077432093,0.5005496856570774,,,,,,,,,,,,,,,,,,,,,,,,,,,,
276,2,330.0,0.0,False,0.44056979186047934,0.11410905283861278,0.5104946463059599,0.021910245603066154,0.27733942234954606,0.16323036951093328,,,,,,,,,,,,,,,,,,,,,,,,,,,,
277,2,330.0,30.0,False,0.7971449989390108,0.0795801379446007,0.8652107558120701,0.01754278989842147,0.43836256844180577,0.35878243049720504,,,,,,,,,,,,,,,,,,,,,,,,,,,,
278,2,330.0,60.0,False,1.456118404865367,0.04497997685309978,1.4630850764191394,0.04412375949500898,0.7505491908592334,0.7055692140061337,,,,,,,,,,,,,,,,,,,,,,,,,,,,
279,2,330.0,90.0,False,1.8779819352542126,0.08022311225213626,1.8982143801397973,0.025636033144211857,0.9791025237531744,0.8988794115010382,,,,,,,,,,,,,,,,,,,,,,,,,,,,
280,2,330.0,120.0,False,1.9517167937367939,0.046511941172283085,1.9676870071435295,0.06122463349100507,0.9991143674545385,0.9526024262822554,,,,,,,,,,,,,,,,,,,,,,,,,,,,
281,2,330.0,150.0,False,0.8454321468227064,0.06795007482532625,0.8931532593370854,0.05160568180957801,0.4566911108240163,0.38874103599869003,,,,,,,,,,,,,,,,,,,,,,,,,,,,
282,2,330.0,180.0,False,0.8897517787380014,0.12902863633058764,0.9257629480166699,0.02707096275554823,0.5093902075342945,0.3803615712037069,,,,,,,,,,,,,,,,,,,,,,,,,,,,
283,2,330.0,210.0,False,1.7399845872545474,0.09494458631663316,1.781341678197779,0.029533373428711214,0.9174645867855903,0.8225200004689571,,,,,,,,,,,,,,,,,,,,,,,,,,,,
284,2,330.0,240.0,False,1.0418009761894038,0.044820286419541416,1.07149855209263,0.03819914358866751,0.5433106313044727,0.4984903448849312,,,,,,,,,,,,,,,,,,,,,,,,,,,,
285,2,330.0,270.0,False,1.1977968240402759,0.042266202955942335,1.194255862279749,0.02339868472991191,0.6200315134981091,0.5777653105421667,,,,,,,,,,,,,,,,,,,,,,,,,,,,
286,2,330.0,300.0,False,1.1722145499718573,0.07493922326483446,1.1048493976603138,0.0206193039314672,0.6235768866183459,0.5486376633535114,,,,,,,,,,,,,,,,,,,,,,,,,,,,
287,2,330.0,330.0,True,0.4793527120806833,0.03263995324459029,0.47702958875172546,0.045656247432443786,0.25599633266263677,0.2233563794180465,,,,,,,,,,,,,,,,,,,,,,,,,,,,
0,1,0.0,0.0,True,,,0.04151506635555118,0.027576008977525573,0.2140451219330634,0.09903615781409063,0.13776943708250688,0.11626215829516799,0.1669805695517538,0.38376121342043495,0.2654522313154536,0.05662262783332269,0.2547827607285593,0.13794834344784646,0.08301266709560529,0.2774189780197379,0.16096404000010212,0.22841768223845632,0.14128398739395776,0.1515900406979742,,,,,,,,,,,,,,
1,1,0.0,30.0,False,,,0.026043056251268553,0.025063976213693495,0.1597374952900669,0.07651962068693421,0.08038727782989638,0.09023975184190666,0.1555403719642341,0.2929206659187768,0.17959940889552056,0.11273277247694113,0.2242387142181177,0.10447786784184099,0.10979304538375109,0.2112691268627416,0.09653763511600393,0.14139456481345689,0.10062766522305383,0.12515252365095797,,,,,,,,,,,,,,
2,1,0.0,60.0,False,,,0.022213389679311173,0.031176427427729442,0.05275592973032539,0.017893684911073186,0.038502051056383116,0.029584142355416475,0.05897004036881045,0.08130618974438963,0.05541722512662729,0.06453960215501504,0.1064027494934783,0.07366238615288032,0.07112309977192219,0.10445463990641099,0.07078564933620271,0.08497091717638283,0.06133058459815529,0.0505552888480731,,,,,,,,,,,,,,
3,1,0.0,90.0,False,,,0.0563138019011991,0.015038231695872484,0.043680187727755185,0.007979527799748785,0.04162628372100565,0.03294313812167714,0.044002134406347454,0.05769350366836888,0.0421358787213768,0.015500010608519122,0.04212876608089037,0.035895019678678156,0.059121833601201525,0.06162955173229516,0.04507023376201314,0.055603282641351406,0.0460439682502008,0.02682944729526139,,,,,,,,,,,,,,
4,1,0.0,120.0,False,,,0.03708913860165153,0.027473103530071073,0.11073718383722127,0.07769914441986,0.04401539371782158,0.036730321357318046,0.06252188473463961,0.21162588537660237,0.19879243399972468,0.06275078297320927,0.1734953583846709,0.16158175518373308,0.04293311263397664,0.18828755052507218,0.17685018660344098,0.2127319316020112,0.20416053742735268,0.04784446176567997,,,,,,,,,,,,,,
5,1,0.0,150.0,False,,,0.05375576359245794,0.028268142236149284,0.10220660291903509,0.05694243966233299,0.057854996115054576,0.08181106058944926,0.03364456565432179,0.17987803453728984,0.15784435769906002,0.04986156913909113,0.1785857031317826,0.15288872904070883,0.07374650240100564,0.19657986133616712,0.1740771070570979,0.18808640064885251,0.16518875582568046,0.07291719858244729,,,,,,,,,,,,,,
6,1,0.0,180.0,False,,,0.10311001045532797,0.03457401040221375,0.11710352472161958,0.029436188084470613,0.13169976728540855,0.060368649565900406,0.13177305087022484,0.11842682121836352,0.14324933466820058,0.054705668847315585,0.05791939901657185,0.050466688509432665,0.11339609880631833,0.09052038618836912,0.10706192891034427,0.05715840703393367,0.07104620778845341,0.05128024775209784,,,,,,,,,,,,,,
7,1,0.0,210.0,False,,,0.08894526693050314,0.059553150983747104,0.08829810963510806,0.01488316460789026,0.07841080905811917,0.07037074931514686,0.10896262145592822,0.10273158226607984,0.08101478608026617,0.058440476660900284,0.12273309274321717,0.102007764446085,0.11843436344480257,0.11440799095829154,0.0984871320921389,0.12772538284584836,0.12102940077396873,0.04692192785457453,,,,,,,,,,,,,,
8,1,0.0,240.0,False,,,0.03087419403472039,0.024474072587150966,0.14947002016137673,0.07559188592843441,0.09196377964645687,0.08969628170343302,0.09111241691823521,0.2751101583108507,0.19946746422790773,0.07525096468216502,0.3358734429769314,0.2651599296352978,0.0861815460971127,0.33299154270977055,0.2621455579855402,0.29791075332716244,0.23291544529939842,0.09176175895300584,,,,,,,,,,,,,,
9,1,0.0,270.0,False,,,0.05297857740791142,0.025664202675924695,0.14353362882777315,0.10419272724467384,0.04714221757657174,0.08471531448687952,0.05147593277452765,0.30241301656487896,0.23192166273600784,0.04524576351517587,0.3200279627529861,0.2508629684068455,0.07647705072870574,0.2799555729778483,0.21576314753058107,0.30271303270935224,0.23582611518455693,0.12609479237255738,,,,,,,,,,,,,,
10,1,0.0,300.0,False,,,0.018396414167821746,0.03602329336106651,0.07730487377903035,0.034120991655272104,0.04353384823970364,0.05279971367410537,0.05580202239978212,0.13195083712538322,0.10243794745617738,0.07895370663719561,0.13234387594584274,0.10016261449487876,0.08315414740443097,0.13756344829360667,0.10452650737869641,0.1346404343983282,0.09948124910485986,0.04907642808386023,,,,,,,,,,,,,,
11,1,0.0,330.0,False,,,0.0766225734356286,0.03658824151429901,0.15101966609961126,0.08530128782936296,0.06667113096237809,0.08778311478250736,0.091898675159372,0.2686733855285849,0.240072024065214,0.09811930728550661,0.2645596196041943,0.23202120942027937,0.1658209867334511,0.334786269548132,0.30298285403218184,0.19172996551579963,0.17980326313817135,0.04875658694409525,,,,,,,,,,,,,,
12,1,30.0,0.0,False,,,0.12217262238477092,0.06447853729773914,0.13815598519383335,0.039092896312681896,0.10209620402091901,0.2041472035004564,0.15382578435519412,0.13407494259120445,0.09663579150139272,0.06442248738796258,0.07498860712666336,0.0719723815820682,0.0840741516785704,0.16747901370546142,0.18061622978550979,0.1095297190238166,0.12876943054329804,0.051696594672439214,,,,,,,,,,,,,,
13,1,30.0,30.0,True,,,0.10442254784810737,0.04634344240081653,0.15506811021002048,0.02887057212189428,0.10569136735607582,0.1649203407378928,0.19204502080716573,0.16778488790297344,0.1448989342459946,0.16199640821649183,0.09377736066405534,0.06147598303990808,0.07222434781877174,0.06568457930620229,0.10893233933749846,0.1278599568819016,0.17251385628004395,0.07093797578915156,,,,,,,,,,,,,,
14,1,30.0,60.0,False,,,0.08869973116867541,0.0338641880860156,0.11743692081665938,0.03258979820338796,0.08730724857864339,0.14456278956520785,0.16783084902112758,0.09225779814615974,0.09522591877215827,0.13943856456163678,0.03627462076473084,0.044693809603484735,0.06744442021605099,0.11693829488093904,0.11420691624422256,0.1678916836143759,0.16089147315132715,0.032660895169983856,,,,,,,,,,,,,,
15,1,30.0,90.0,False,,,0.05016163722441849,0.017496143843210694,0.03745899328897214,0.011114017956772825,0.025379568799021396,0.04893953688498166,0.023747655252326447,0.03963918442462362,0.0495890210839076,0.021468722888888014,0.033199143201964446,0.038212997189400306,0.04500866622496684,0.07857744117827717,0.08193797965496515,0.03806620298048734,0.041204333660128094,0.025049844968838598,,,,,,,,,,,,,,
16,1,30.0,120.0,False,,,0.08257417975951742,0.021942493600459263,0.08118299150938045,0.02928553410864618,0.055446625785076496,0.07921431227641496,0.13712453350866258,0.07391566692849764,0.06021381904825058,0.09413611275647128,0.05693743465092667,0.02270440237743785,0.07885446524907577,0.13153949391076314,0.08688852063555122,0.13735274304655182,0.09709616752884848,0.048575931581894605,,,,,,,,,,,,,,
17,1,30.0,150.0,False,,,0.08916964986112633,0.04419611873148483,0.13972910847946232,0.06433164644876255,0.1268017738383671,0.05518114678960266,0.0897891664918612,0.21641211141455752,0.21046134386292306,0.18626798675559658,0.1010682862140208,0.09534291570825143,0.1187500061442956,0.18042391186372478,0.1758420115600685,0.2817283785959939,0.2731192634172419,0.02365879428594549,,,,,,,,,,,,,,
18,1,30.0,180.0,False,,,0.3083155231158,0.03388149703155341,0.31779349999213446,0.13784772349825689,0.08888971598661194,0.25968978040882695,0.3288554402144549,0.43294473139408246,0.4785878319566963,0.3719069310517331,0.3812725236977754,0.42899984729480983,0.11351590611213846,0.6714596610880477,0.7179622287454019,0.7377903123582827,0.787688330606986,0.05612000156622769,,,,,,,,,,,,,,
19,1,30.0,210.0,False,,,0.09731000035139623,0.1323713036487624,0.3747143511787909,0.3107438733463076,0.16416348236772713,0.10027152231802157,0.10416636944150395,0.7048384997241597,0.8001318820425424,0.23692411191238133,0.5689963773246152,0.6609423633639862,0.17990106075905019,0.6268335512930531,0.7155046288102753,0.7828628692689916,0.8776429671291852,0.1041428434124809,,,,,,,,,,,,,,
20,1,30.0,240.0,False,,,0.06362160657831935,0.031909414620404725,0.22345451639513775,0.13402161382589717,0.13987016401747165,0.1863697762059624,0.047928384191792774,0.313362291735433,0.429741965825029,0.15043062470921897,0.2081156369431467,0.3238188599215179,0.20317780710089173,0.16266394807649454,0.27728307200463187,0.33233901850824327,0.4490447083410446,0.11830991082738884,,,,,,,,,,,,,,
21,1,30.0,270.0,False,,,0.06358007398644969,0.07184062721726064,0.19470060376015824,0.12550836476327215,0.09770664018903769,0.04785456371098952,0.14365516997795688,0.3713478835294345,0.3129387613933727,0.06436185365787175,0.3127641852558023,0.2549937243816226,0.11914087376701446,0.3644264406032787,0.3060169329361243,0.2525149435406683,0.19630434346744052,0.1214392499095342,,,,,,,,,,,,,,
22,1,30.0,300.0,False,,,0.05026025746048717,0.0750569414309423,0.2848869604214008,0.22133898070650138,0.06632949630175257,0.10559758166602055,0.14602633030413648,0.5826766024124802,0.5238047914226144,0.08941129483812593,0.5302583588572611,0.4703699377054189,0.04894632328703777,0.4826648095281455,0.42253745291809686,0.4442551138990734,0.3851098456705591,0.09280122311406933,,,,,,,,,,,,,,
23,1,30.0,330.0,False,,,0.13451976177319186,0.024031865814797874,0.16567754799926537,0.07304287150158949,0.07220108769758202,0.183397402640382,0.09230678091122096,0.21655888448579147,0.26392358426135043,0.04045042876812302,0.2625972914748139,0.3175823846444198,0.12784534499126565,0.3772569181847377,0.42741717923693956,0.2729686677119803,0.33102511608925667,0.08844547263337034,,,,,,,,,,,,,,
24,1,60.0,0.0,False,,,0.08175167809797623,0.027852929796368137,0.11068728890156136,0.024696008727993646,0.08504567997459198,0.14609911280172477,0.1342946556041815,0.09743620175006112,0.09056079437724743,0.05552330907422395,0.053153298256528175,0.13677450428740703,0.05406853466845346,0.0985230907395547,0.1837566972543544,0.09029066126012339,0.18325126097492178,0.11653400348892287,,,,,,,,,,,,,,
25,1,60.0,30.0,False,,,0.10860537151486808,0.060907713869409116,0.19077477449595032,0.036756186055496735,0.1793714931544184,0.25753368304087193,0.14802640647157572,0.19590366235705964,0.1730386274558257,0.08229232144696647,0.06885877096635445,0.05514718399979456,0.13620574188084678,0.1379856739708092,0.13475406490384476,0.10788895338473858,0.08837198794702913,0.04277545896006419,,,,,,,,,,,,,,
26,1,60.0,60.0,True,,,0.07009398504571104,0.06331394372536317,0.1805022023508085,0.02512309226468875,0.1458905085245058,0.18418740647400342,0.15936511746466578,0.21496650080035548,0.19810147849051196,0.08590038853679186,0.08612367732072952,0.12400253425921244,0.10011639190859326,0.10167822689334144,0.18047338964427562,0.08164459288552976,0.121188278409888,0.10992928093526483,,,,,,,,,,,,,,
27,1,60.0,90.0,False,,,0.06237163329684518,0.04471219147748029,0.15568609876119643,0.050229446471060576,0.10508691452541508,0.11155704098504203,0.12900027942658684,0.21289204542253684,0.2198942134464014,0.05955703802769525,0.15869936281997715,0.1687999802167272,0.061062442690531814,0.15646419173693515,0.16576851771312467,0.10532771064709304,0.11546898123535107,0.0403377037723714,,,,,,,,,,,,,,
28,1,60.0,120.0,False,,,0.03949229598825734,0.1093504691863641,0.26644944829697764,0.18616389272193076,0.13747587390547678,0.14792047468809985,0.06355351197499207,0.4899879715021116,0.49330940941420787,0.16060839736618154,0.36599406978915644,0.36670259102547675,0.17181308333034648,0.35691323288962756,0.35849464971072376,0.5199854281528231,0.5184844463418553,0.027780587530806915,,,,,,,,,,,,,,
29,1,60.0,150.0,False,,,0.10261938935279025,0.07434440952490526,0.49802426288610074,0.33452613390057706,0.17281798360110634,0.21343824394137806,0.29399448426587493,0.9070575759331455,0.9028130266889985,0.15443781569623635,1.0522269847436987,1.0521857769810123,0.1231131093516234,1.1077428869403732,1.1031068305191372,1.1739079700153217,1.171645305695998,0.03582707646133258,,,,,,,,,,,,,,
30,1,60.0,180.0,False,,,0.1913036523141018,0.06070490706468551,1.0054738653118431,0.8443214164372884,0.17831085197217172,0.3573264164260881,0.4219663683563155,2.0236398112203338,2.046125878584306,0.2656144057939044,2.1822780697752275,2.205366412579992,0.10139573188936556,2.369596148431784,2.392430053037323,2.432246604408238,2.4545650232471132,0.03134407338939851,,,,,,,,,,,,,,
31,1,60.0,210.0,False,,,0.1688740602686315,0.03901630685498693,0.969162010267212,1.0082827527511957,0.04216594270156241,0.1797695785999183,0.22322298953303057,2.280185010712562,2.120466529788987,0.21157977394194216,2.26881227005886,2.1105645295184168,0.35804708707337984,2.118886191835394,1.9585041181082459,2.4710733015727633,2.308390097407906,0.17422571042741292,,,,,,,,,,,,,,
32,1,60.0,240.0,False,,,0.11612542629907349,0.02024261214252323,0.5203623836491712,0.4119037520521124,0.10429406283514858,0.17232634165358188,0.28751412338858096,0.9807205103480126,1.056956880020532,0.3641431374621933,0.9037575664117373,0.9803240270587408,0.430409267396749,0.838056192683796,0.9154268073409576,1.25181540318543,1.329839517497026,0.08228446509956695,,,,,,,,,,,,,,
33,1,60.0,270.0,False,,,0.06690318342024137,0.05232532098561335,0.17854439710053566,0.1377616564650791,0.05489897952705913,0.04071384150596394,0.10696833921723531,0.34830760753514545,0.3418332177172744,0.07501291777907157,0.3799002797843451,0.3734712163573501,0.11573166925129615,0.33493319701260493,0.32899481399035996,0.42020305654639445,0.41315081500563416,0.03382926503894974,,,,,,,,,,,,,,
34,1,60.0,300.0,False,,,0.0870234092121663,0.05144551392503123,0.15177461647980592,0.05874233749056093,0.21523015198827822,0.14291947862116033,0.06087093656205791,0.12395969671450187,0.21589281851303133,0.24045503968755366,0.19925600669479,0.14276896585525517,0.17019541138710403,0.11803069108218087,0.1060085887804622,0.14256431814966292,0.2354019155186166,0.11454451709681454,,,,,,,,,,,,,,
35,1,60.0,330.0,False,,,0.06461856986607428,0.05531527191305802,0.07759205257614106,0.03302623907200388,0.040750270341397284,0.08021419900671069,0.04025001526701801,0.1051721121486554,0.12157366611692387,0.031643251084008936,0.12450877884940478,0.12088165192819637,0.07994539099156867,0.14441588951292558,0.13707649037754588,0.11423286885965905,0.1177218273565924,0.06545717499507192,,,,,,,,,,,,,,
36,1,90.0,0.0,False,,,0.03662908961186923,0.028465884803131093,0.07117405489046838,0.02787780901787418,0.05551395482416759,0.05103159878198149,0.040409385500182984,0.11049261852646014,0.09842271681954967,0.037519607964207516,0.08203324955790225,0.07559714310900331,0.049743887852542926,0.06724005193114449,0.05191912630455445,0.10496970094313872,0.0952280312223227,0.026718825528279772,,,,,,,,,,,,,,
37,1,90.0,30.0,False,,,0.048090233173664565,0.03572571368129196,0.07687049591141495,0.01353658474374398,0.06579319982292857,0.09658719924126732,0.08517039149527476,0.07820855822290919,0.05859313077469497,0.03753453057932658,0.038973493416093546,0.08732982453984782,0.04570735458607891,0.08028813069146655,0.13336248368938838,0.0637545756539788,0.10837560476066382,0.06557343482286208,,,,,,,,,,,,,,
38,1,90.0,60.0,False,,,0.07555814233627284,0.028661596938770843,0.11406770156526953,0.02674393233575371,0.10164089011370228,0.07540194529784107,0.11602078785172616,0.11972231117519855,0.15755257338787965,0.0640245603942376,0.06192076661249875,0.11585417047911448,0.09015802924117622,0.12891331398612182,0.17995773019404,0.09119003531758453,0.13338437794197572,0.05601773925254721,,,,,,,,,,,,,,
39,1,90.0,90.0,True,,,0.09045495440580839,0.10519014098216412,0.48148505676763753,0.07354965963906614,0.36824313901537564,0.42423401201654765,0.5670275816257146,0.5271646567048154,0.5207558944757342,0.25136299755901687,0.24286947472044598,0.23090642958003135,0.203540071979708,0.20463640217725637,0.19221495196409438,0.11099794773470371,0.08236797707979279,0.06274870423406029,,,,,,,,,,,,,,
40,1,90.0,120.0,False,,,0.2692286840608019,0.08648163830604333,0.47642116805844487,0.18753590154770852,0.24955604476193557,0.33763349059422254,0.39772767576077594,0.708700957327236,0.6884876718480544,0.32923631032213085,0.7039894361546974,0.6855685409870056,0.1104624444361447,0.45511220808926045,0.4358997226474941,0.41945652533549904,0.3954712948305203,0.13054401444012803,,,,,,,,,,,,,,
41,1,90.0,150.0,False,,,0.3187850383209992,0.03578996255170873,0.6191572926573177,0.5558917503111532,0.14260340336542804,0.25831633989027625,0.10186957827569705,1.2604472608138821,1.3325498809413048,0.16756509366636135,1.1841419033419671,1.2549056621400918,0.18649377274039317,1.4954146032576847,1.5666488677393278,1.3322099455007057,1.4015411535122628,0.09573328865375505,,,,,,,,,,,,,,
42,1,90.0,180.0,False,,,0.16866110614486918,0.0758604878197055,0.9063803166362832,0.986807397214753,0.16123660639545362,0.06590956578668195,0.07626201378298134,2.127192236757581,2.1013011604587173,0.19586337370236334,1.9696014874253756,1.9452266864874446,0.09296654815017388,2.136577422799412,2.1117940201039223,2.1561818733739777,2.1298937459938454,0.059413329206507354,,,,,,,,,,,,,,
43,1,90.0,210.0,False,,,0.1389046073066409,0.06987546962758515,0.8209244564037192,0.8363284739983922,0.08281829120887643,0.20414303090387353,0.13144118814186082,1.784401869079692,1.9018179026842938,0.20085202766827331,1.7129813074985842,1.8308930373936023,0.3261901491865379,1.588009493281254,1.7060633302955193,1.9080467841386533,2.0261606737449234,0.12200151807668204,,,,,,,,,,,,,,
44,1,90.0,240.0,False,,,0.12068127820968029,0.0580130157461137,0.36938576221914127,0.266261701718665,0.05646401132945718,0.14700080654056796,0.30117405480322357,0.5703201129480329,0.7719698254744247,0.27262365630368934,0.588509761067777,0.7835243758969466,0.1668063332040366,0.6978783670320388,0.8985282458204323,0.8456911930338356,1.0466530340421056,0.2085964129809612,,,,,,,,,,,,,,
45,1,90.0,270.0,False,,,0.09406147323103933,0.1208060721485582,0.1107410670413655,0.04567938413621761,0.06475262735995209,0.08242959743473147,0.19545043505799545,0.11750920981400123,0.09356346554014733,0.15832868473648257,0.15262699783313152,0.11347981380942172,0.12593964018754905,0.17726938360570232,0.1339403437304837,0.29701887814758376,0.23669431676133768,0.08009672403157464,,,,,,,,,,,,,,
46,1,90.0,300.0,False,,,0.08952092622889378,0.03539849165023936,0.09398383417859232,0.035816252539027746,0.07892002896383776,0.060214332232534556,0.062382254876279075,0.11403723830713991,0.15436531651317026,0.0936862053044131,0.1614355081095067,0.21076612675341633,0.06188298982896949,0.1381189021455676,0.16793530622892766,0.10625724517276026,0.1346221284131518,0.05460133901423864,,,,,,,,,,,,,,
47,1,90.0,330.0,False,,,0.035043267970502855,0.036037944651768974,0.051079795801304485,0.01708563908170664,0.04770543606482008,0.026132661673153763,0.041224769005075726,0.07021596893527746,0.07012014332819541,0.06521411084586526,0.052638916994937404,0.046944198853281986,0.04415391208489127,0.06196173939401407,0.06145380209672787,0.10136262500267554,0.10060742517907406,0.03896389898860733,,,,,,,,,,,,,,
48,1,120.0,0.0,False,,,0.04736101746717067,0.1497897135293922,0.14636578222365704,0.03910616030135454,0.10177889673437174,0.1012334771331787,0.2011732160103055,0.16585554455162083,0.1617877766888085,0.11641084648843328,0.0853614849621954,0.08076064966843301,0.14055520034310232,0.10950331827453597,0.10872115319381248,0.1719886995962244,0.1489934011673924,0.04451043659282066,,,,,,,,,,,,,,
49,1,120.0,30.0,False,,,0.05964198465407486,0.023690357331817718,0.04900768964055101,0.006671652915654813,0.049326941215763004,0.04795516298388435,0.06133613064231668,0.042177964415547865,0.04424224894524313,0.04328513893682848,0.05007915612227668,0.053025137387846005,0.07923389049132451,0.07227435009131758,0.0699798082683071,0.04251076494302923,0.05117051896680338,0.03402283351787691,,,,,,,,,,,,,,
50,1,120.0,60.0,False,,,0.12805870155085358,0.09024164381013741,0.1277530245154319,0.03995869991519681,0.09544112682569586,0.07620825615978655,0.12041703072449315,0.16740380111608885,0.17929490775109513,0.05016344465366787,0.1074800832212152,0.11930860538052517,0.16672888449128354,0.21211863051050028,0.21975110591970015,0.08374024891120502,0.1058968954391204,0.04796764428524701,,,,,,,,,,,,,,
51,1,120.0,90.0,False,,,0.2806085368676838,0.04800086434211198,0.21519263709584302,0.048213403966695656,0.1561296936502394,0.2516719714040659,0.17701981984231055,0.28740775289701637,0.20373394768558298,0.14959293857690134,0.36216835184277013,0.19564601863254666,0.18225012722768447,0.14423567583719082,0.2996437971828144,0.247105897378072,0.18928118078387304,0.23828595341446807,,,,,,,,,,,,,,
52,1,120.0,120.0,True,,,0.11474292396835589,0.06463492684761604,0.4999010407436694,0.12280439024092352,0.39157022877763126,0.4062034013632196,0.4486458698745776,0.5260779582731718,0.7270077454297466,0.09163309423934568,0.3183960375980084,0.4488932459285756,0.09686619434083657,0.2319704706085345,0.5257675697937423,0.2770566322567357,0.4716580054135422,0.5009735856718049,,,,,,,,,,,,,,
53,1,120.0,150.0,False,,,0.11088585480080897,0.04527210423157004,0.2906432532732935,0.12325872710765565,0.16224066244033142,0.24099357806082577,0.273117678667352,0.25135781090215314,0.5255065362958051,0.17242673216011378,0.16445124357200175,0.4458961245531022,0.08659486914829109,0.20556665962645734,0.5194153830635815,0.26666695975410615,0.5897039023358855,0.35128927429196916,,,,,,,,,,,,,,
54,1,120.0,180.0,False,,,0.10608582722362195,0.09439917843692462,0.18863869429879587,0.04911730035042213,0.10506146259993528,0.18747544703093244,0.22424715729352152,0.249267834652447,0.17714156991714303,0.13246723703396351,0.3326787292786688,0.2586157402037984,0.0741996831351166,0.42781737091461014,0.3557756646225987,0.461714235742299,0.38587977302146864,0.10730293711622624,,,,,,,,,,,,,,
55,1,120.0,210.0,False,,,0.15486841319765152,0.0897948123104174,0.1946185764315323,0.07893131405275572,0.08070469197655952,0.11965545177809268,0.2646627078724042,0.2368869570025533,0.2711830735280518,0.26746963909833993,0.2555836653874505,0.2904675092484632,0.16750456021306162,0.3095818037804303,0.3608590689817762,0.46615516921670913,0.5171926209674921,0.06599354795080656,,,,,,,,,,,,,,
56,1,120.0,240.0,False,,,0.13938188221754377,0.04100998847802073,0.1711440125496464,0.07457516772351631,0.11032532796713948,0.08820115660846346,0.13947997168315496,0.2383730331829265,0.2793405733065476,0.08635183945862297,0.3322403776824866,0.3528602973512449,0.14507561478785957,0.2530359502331687,0.3074251699058856,0.3692917190847168,0.40476661903824623,0.08690953600379402,,,,,,,,,,,,,,
57,1,120.0,270.0,False,,,0.044718161513329024,0.07654091628833878,0.12939813987604626,0.016904697621827534,0.12966967695316525,0.12655021485281698,0.12646299810186068,0.10572611574485496,0.1585816937275334,0.18856691704510833,0.12303229266393831,0.20155065843838357,0.2092808331506646,0.12645381030815986,0.215786975461647,0.13526311555140655,0.09430704209124552,0.11832538222300036,,,,,,,,,,,,,,
58,1,120.0,300.0,False,,,0.05718048329830196,0.08341859125756293,0.19331614550673523,0.12089537480053235,0.08838321723959625,0.11721345970626508,0.08004930973775443,0.3321133909835363,0.3488213498665241,0.1297336202245086,0.3162713395645612,0.3357718200782063,0.15064997643982342,0.27628149655779716,0.290438158150364,0.3256187971121502,0.35474512079137294,0.06811367472824344,,,,,,,,,,,,,,
59,1,120.0,330.0,False,,,0.0655281302603488,0.04572618295534983,0.22366291549135933,0.19196914610204388,0.052058364528223516,0.09749189825929891,0.05394880085420363,0.4776232867136877,0.4371922271013829,0.057018134699868175,0.44087290490784914,0.399767857284698,0.10686684214033829,0.391037809308724,0.35019157935781325,0.48439410757126933,0.4444291656230653,0.051502654544959295,,,,,,,,,,,,,,
60,1,150.0,0.0,False,,,0.08789292397113613,0.06226538067283026,0.1115742086870823,0.0462022096948295,0.056090246667497845,0.1299034229986989,0.06278679543423678,0.1788922762248439,0.1301983021101341,0.08794112523571021,0.20185914362385296,0.1424539827672093,0.1598937676030877,0.275986692362173,0.21530092775118004,0.14133193774606007,0.08837075679147316,0.07957687745746309,,,,,,,,,,,,,,
61,1,150.0,30.0,False,,,0.11951978926265637,0.03226274988868225,0.10183056691366477,0.038380252099520853,0.061287770834761626,0.1607018660397277,0.1333164079465214,0.0803569031247403,0.0734898866225728,0.12728280272768142,0.11395789137469478,0.0772964740050113,0.23765876849321874,0.20643319508602448,0.14272688837588665,0.10825116548456439,0.17458520867793703,0.08481718795531565,,,,,,,,,,,,,,
62,1,150.0,60.0,False,,,0.19818908759127152,0.0652746694656227,0.171970480000753,0.05847357373480123,0.06094886339430218,0.21356269482788728,0.22390622152043005,0.17097700426726997,0.19045761599387548,0.2172481676304007,0.18740414838379205,0.20651047225573538,0.04694671598800393,0.26343033913995206,0.2649378057457836,0.2819121524922434,0.28352526803072925,0.03153864406162863,,,,,,,,,,,,,,
63,1,150.0,90.0,False,,,0.3156592722023017,0.21593904756813276,0.3578565750186011,0.27736471398629814,0.07371592848513678,0.29823330116996327,0.05619697397134435,0.7038148958604595,0.6573217756061014,0.10500755506886708,0.7364579088145771,0.6952934606769685,0.26177686882048173,0.4306439201048149,0.3902161482217534,0.6720173449822848,0.6267907099787915,0.0788820009926827,,,,,,,,,,,,,,
64,1,150.0,120.0,False,,,0.060408768025453904,0.13725815899148258,0.26942972615167593,0.1945979989397839,0.13292133032568437,0.14666862184224436,0.13161998692116206,0.29795524391941175,0.637983447749877,0.14993153779145124,0.34685747769379216,0.703022327767246,0.14255874523176176,0.36382945583498966,0.7073260741254038,0.3024454595530797,0.5857635853584875,0.4781642369105218,,,,,,,,,,,,,,
65,1,150.0,150.0,True,,,0.26484060070381027,0.032152399042700903,0.2111001012305045,0.08406112972097866,0.12600916182278063,0.18166429146843718,0.12909402753841415,0.2850060792624265,0.333726946060464,0.21383988043756544,0.35966116755369837,0.44372390458836664,0.06751296851947022,0.16165675291573267,0.2039374372820114,0.2135534653700168,0.2536146779315224,0.1191392130364255,,,,,,,,,,,,,,
66,1,150.0,180.0,False,,,0.09424444642187213,0.08027347278053215,0.2162809981080053,0.1085072687549753,0.127034232466937,0.16069276384903797,0.10455775687896149,0.37935201227977833,0.30976822506531154,0.05504265676829671,0.2891892506149648,0.2141748849214219,0.07166548052479427,0.25980884706929275,0.18897179122043223,0.3078285252886851,0.23288729785789852,0.0804922974395969,,,,,,,,,,,,,,
67,1,150.0,210.0,False,,,0.09477673320053608,0.05818173813297261,0.09869677362471534,0.031028270115826137,0.0403746012085369,0.10222758380598156,0.10080029537573038,0.1269637441571499,0.12311764357617797,0.08229960007265419,0.14470636324025232,0.1432374198169733,0.11608588673494795,0.10210984222679115,0.10916386650093075,0.19770681736954404,0.20025568004561062,0.03908132732412234,,,,,,,,,,,,,,
68,1,150.0,240.0,False,,,0.12002240940142804,0.0457417118426014,0.0596059090797517,0.013821579616634166,0.07090901251519097,0.07980757317084153,0.05662363819821051,0.046696065421071395,0.04399325609344404,0.05852688366349905,0.0797828352750909,0.07580669987126856,0.09321543829090304,0.06296059477032169,0.07218639766829418,0.07529701600512256,0.06774318290742608,0.04771937303800414,,,,,,,,,,,,,,
69,1,150.0,270.0,False,,,0.07197115505353457,0.06739585680439725,0.1207984687229996,0.03270408347234303,0.1632862747450507,0.13809977489069708,0.07615665204777242,0.08939601018564178,0.13705363174583593,0.1984558254526238,0.16628676562502104,0.18164189152172133,0.18105325877979295,0.14949552308307917,0.1674087032034448,0.06648989893221674,0.10595468914223852,0.06804128936458295,,,,,,,,,,,,,,
70,1,150.0,300.0,False,,,0.32218297665273565,0.07888836095681107,0.5402167240941853,0.5000082440273157,0.06432600001198996,0.3007652141237156,0.05097787057424856,1.1163370603967286,1.1686774753642442,0.0832238757116225,1.1348319969377765,1.188156540275377,0.27636462008864376,0.8934318424014897,0.9429904309385255,1.0860911578350705,1.1384300878681253,0.07224411359439684,,,,,,,,,,,,,,
71,1,150.0,330.0,False,,,0.12106720610481538,0.06565469909351088,0.4818433130929547,0.380556667880205,0.16753983242490478,0.27043941878593425,0.08850249362675924,0.8989598004953936,0.9837750201317819,0.0995346037040365,0.7440482710744132,0.8288967967085545,0.19794384986697156,0.6671248912973916,0.7525405340294864,0.8232919082308292,0.9080921962298779,0.08980017444964355,,,,,,,,,,,,,,
72,1,180.0,0.0,False,,,0.2243972600159057,0.08123383402365741,0.17170473208346787,0.07785749628222455,0.07948213433481238,0.1828095492652855,0.09136174503683393,0.2855322368359128,0.21933799494449469,0.11360713120911808,0.23620518248002592,0.24939904424495357,0.12291779595337489,0.4509551180304373,0.09325178619577779,0.33536532658926255,0.15550753846180626,0.4682273043188727,,,,,,,,,,,,,,
73,1,180.0,30.0,False,,,0.06735789685033984,0.0352407021575546,0.15828618907236636,0.07595082292615819,0.07634302195936987,0.06765110501952531,0.24226153529494407,0.16427223822734566,0.2409030448606468,0.1905437492212973,0.21635861747308271,0.2955839997101863,0.21860092168571782,0.17928276015358904,0.2614501906022933,0.357950962429798,0.4538467430264125,0.11267434513676965,,,,,,,,,,,,,,
74,1,180.0,60.0,False,,,0.12483982620674276,0.07473270002501797,0.3272714961897316,0.20373125304086573,0.14053880995639584,0.08419227180947153,0.2880202493207196,0.5936207481664478,0.5299854016956235,0.20218306922754553,0.7275263943861757,0.6646860686943583,0.2888573501455345,0.6220760451681586,0.5598949355007755,0.8463467896658707,0.7810946909576708,0.08003605913188866,,,,,,,,,,,,,,
75,1,180.0,90.0,False,,,0.056770596724734314,0.16416208826935214,0.39911301466447063,0.354342277013742,0.14883736709715684,0.1445268062995122,0.04474261591634683,0.8817470441276792,0.775711239881658,0.1507478913014167,0.7728619957257625,0.6676698214260766,0.15643118020259003,0.7496524360175969,0.6439554071157494,0.895326994073842,0.7878881388897627,0.12335948432591877,,,,,,,,,,,,,,
76,1,180.0,120.0,False,,,0.2577011995737398,0.058791930328820394,0.20880371704395612,0.11702726751608497,0.050664842506777996,0.2788041855786164,0.08353319550861117,0.3227382822741924,0.3082780793515827,0.05953546482067411,0.3259126693073061,0.31443520471331476,0.21533346133682846,0.32610018921967865,0.3306195686723048,0.31440668181312137,0.3106751605425872,0.048346328735108385,,,,,,,,,,,,,,
77,1,180.0,150.0,False,,,0.12439966262897639,0.042965021652726185,0.15031788707850943,0.07947749699100962,0.07253169065613049,0.10938922505231205,0.09007025404265037,0.28570093531846286,0.19389733032299133,0.061953286935778104,0.30136444521496475,0.2203245139041573,0.10042214083321738,0.19048031694265732,0.11259054514287253,0.2477779423905861,0.1819752299325525,0.11314459529878201,,,,,,,,,,,,,,
78,1,180.0,180.0,True,,,0.11013963231074594,0.04066097688181924,0.12825455055651108,0.0741206100915661,0.11446012274934496,0.07216392020543848,0.10603421983582564,0.27278931118676886,0.07582517880517764,0.03057394456573995,0.16964385570119445,0.06801945633370002,0.09561543740499556,0.2503291350115856,0.09171178698195025,0.18022621086251925,0.06846529052160812,0.22691541625055606,,,,,,,,,,,,,,
79,1,180.0,210.0,False,,,0.0856434106930676,0.039110213076801334,0.07957184635447252,0.02041224780889144,0.07849049536894158,0.09100491919168982,0.0670671886532551,0.0507089522453517,0.11058767631312436,0.05972696280616069,0.05273116843519955,0.1585968893941949,0.06580913505312622,0.09700358770715115,0.14735403096404262,0.054586785013745864,0.1489216130665082,0.13329254267370935,,,,,,,,,,,,,,
80,1,180.0,240.0,False,,,0.049553598076186645,0.047706876796705835,0.08026686741772329,0.033905247545536026,0.07031946199482825,0.04516607971409732,0.049242380483260004,0.13504787478114266,0.1015585401152882,0.04225136290468001,0.18359988181260337,0.1437270023390665,0.032879098041042595,0.1574511416149049,0.11722194285555682,0.1593140302758767,0.11969032715878375,0.060736796763197216,,,,,,,,,,,,,,
81,1,180.0,270.0,False,,,0.08361762065476154,0.024957489049312095,0.17819791042228073,0.12454234160245686,0.05662146996251777,0.06670187288174875,0.11085252755839055,0.30995513577301437,0.3468585459357322,0.10756313142201836,0.350141976047438,0.3838099094553141,0.05870520627056516,0.3235396881170284,0.3453368184638299,0.36482048662529465,0.38817991158976345,0.07053159695262394,,,,,,,,,,,,,,
82,1,180.0,300.0,False,,,0.08835560779945698,0.07810768802724555,0.5516737775001523,0.42977556027794006,0.201050658938825,0.272145804275021,0.13454273036094608,1.0696380418642633,1.0809916520617062,0.08494461746110815,1.0082304117020708,1.020150900894608,0.14845075396326712,0.9785392897738596,0.99073317266594,1.031512239701583,1.043412484800729,0.033781622143883,,,,,,,,,,,,,,
83,1,180.0,330.0,False,,,0.060659561630063585,0.02999781943792792,0.23327526572063614,0.18794007412697852,0.0651471624382849,0.04866100907253561,0.13205307171696024,0.4822806415840364,0.43823444379136367,0.16156612281937116,0.44349825078757726,0.39689414210624785,0.16761090503889042,0.48379331052223123,0.4333486267897708,0.37348772258017815,0.3360992279540639,0.06318189299542787,,,,,,,,,,,,,,
84,1,210.0,0.0,False,,,0.1708432829406316,0.12931533829652248,0.12146050441579721,0.04674549943233691,0.05103026808695621,0.19045915016644774,0.1481740563308594,0.09956548028802335,0.11807356720669931,0.13713687660044244,0.11190745525907753,0.11101356637868698,0.3013495032843031,0.2599146742912196,0.09215889661414284,0.14096969084108105,0.24089978839846507,0.17449774001787455,,,,,,,,,,,,,,
85,1,210.0,30.0,False,,,0.044789018512562645,0.036514966195477,0.4609942128374997,0.46287236648121455,0.09811704467480928,0.08194051986334538,0.06939785846568197,1.02058432696,1.034931314223662,0.13600880683614847,0.9795989146966544,0.9860034799118973,0.11594388211342449,1.0126313234008437,1.017790695128228,1.081707105493063,1.092859316199874,0.033034174015321646,,,,,,,,,,,,,,
86,1,210.0,60.0,False,,,0.07651434633177748,0.0511044499595623,0.6306898634735859,0.6676481581321132,0.061266321690119765,0.06015876861475788,0.14271414431875573,1.3557098588145,1.5336002239297961,0.17973624364559088,1.3600602397556916,1.535948896354466,0.1889986255456075,1.3016410141365047,1.4797707049884252,1.478042238623854,1.6565198884274412,0.1835083610963463,,,,,,,,,,,,,,
87,1,210.0,90.0,False,,,0.23132280699010999,0.18771638469697555,0.5627486947020091,0.4829431349613212,0.08844368834095176,0.26881023527146897,0.15875463977522425,1.1964263771137809,1.1013085330086194,0.135878205404301,1.1502087086795005,1.0627579611616125,0.12828038244098006,0.9305108407505529,0.840166519160257,1.0494501195091326,0.9549071512766617,0.10093587089908873,,,,,,,,,,,,,,
88,1,210.0,120.0,False,,,0.12233064992633053,0.14376772093803233,0.1593481175124714,0.06404696693149452,0.1513025822004398,0.0477168352954397,0.2447401890913339,0.18371088752580841,0.16927009344933525,0.12482718759917477,0.27151155870349464,0.260116325279403,0.22571282658769637,0.20547484854491127,0.18806723805721354,0.30912323957041843,0.313762804736798,0.057033629352968504,,,,,,,,,,,,,,
89,1,210.0,150.0,False,,,0.0630218961161806,0.06648952475347078,0.07014475000564335,0.014753560835931658,0.07255260116287136,0.05370449444289582,0.05717932616056497,0.0718175393234039,0.09546978893848067,0.043991870752700904,0.08949621060933599,0.1301535679965683,0.059645345642329366,0.0871856299865581,0.11382790427864445,0.058735492859567265,0.10233939704823983,0.07547312672282858,,,,,,,,,,,,,,
90,1,210.0,180.0,False,,,0.05857385487137923,0.04457805207367235,0.06586578534626879,0.0215117249423006,0.06715625865920957,0.0433353871068379,0.09112565443011604,0.08792183103248008,0.03978979550270035,0.06306702432231198,0.055703558613223264,0.07249859067845132,0.07646200599220183,0.09277159400625073,0.03384135928157418,0.09241875813122935,0.0797214079327714,0.10258316979261553,,,,,,,,,,,,,,
91,1,210.0,210.0,True,,,0.11331754622973482,0.04920893859199078,0.14639477997964923,0.048010217081721845,0.15004060494296373,0.05464905194172562,0.1872122347671325,0.18249502685691615,0.15757698138950807,0.07148645032954536,0.3080311600143674,0.29028090118601263,0.1479037870154809,0.2125911235882067,0.18236676619987152,0.3373488746910446,0.3166038538193673,0.1036845703202913,,,,,,,,,,,,,,
92,1,210.0,240.0,False,,,0.10622326865890482,0.03156012861083428,0.24480489099589003,0.12954839045453198,0.15533440549071942,0.0772625543521352,0.19954075689113795,0.38873212703233984,0.4031546112131176,0.11947131108080779,0.5344782619786282,0.5476656127285853,0.13418169996598045,0.43565033607297743,0.4525578144219296,0.5334819185869097,0.5493567278022483,0.05666870029549455,,,,,,,,,,,,,,
93,1,210.0,270.0,False,,,0.07607179749751833,0.02182659690952788,0.23613357809836874,0.2236985463076012,0.0497157773564221,0.04847069096694104,0.06265839526805594,0.4990974570499517,0.5207255698504729,0.07469208073911394,0.5392336718178141,0.5613643083051435,0.04443720129989121,0.5002498638340174,0.5222106212856406,0.5195564623686293,0.5414566966276196,0.028183081991143423,,,,,,,,,,,,,,
94,1,210.0,300.0,False,,,0.054747848787824266,0.04515213643653966,0.22436133828221663,0.22581457191529022,0.04032230452138783,0.04593983704694045,0.035014108804603886,0.5243300144946232,0.4762004265435276,0.04394532566158422,0.5222704748332102,0.4767649819491022,0.057922865277235926,0.4942983052901402,0.45696010739580395,0.5443164954891266,0.5011698755828325,0.06641852429266806,,,,,,,,,,,,,,
95,1,210.0,330.0,False,,,0.04538921229065162,0.041344130432907494,0.17541196226077682,0.13121982431074675,0.06514437077944797,0.057812698631981324,0.10683722402197901,0.39934068145806423,0.24792483641241153,0.08739432473642939,0.4084906226691083,0.24713043379330388,0.08951732744536776,0.41653162214336714,0.25394837150154137,0.48700821841062664,0.32731873901573244,0.18539523427846943,,,,,,,,,,,,,,
96,1,240.0,0.0,False,,,0.12538010504704958,0.1664944184697057,0.09828159097572926,0.044063750071293074,0.058802595554863585,0.11680160119869124,0.17667519709146895,0.07196877358293266,0.06715978745068987,0.14606563728447539,0.08720740374655578,0.05095579029428737,0.26186488178476686,0.08918566406812006,0.15419436072738485,0.20123299418134788,0.1573601935195492,0.08210499470011604,,,,,,,,,,,,,,
97,1,240.0,30.0,False,,,0.19264089187993744,0.21759986489778405,0.48095253204549515,0.38598101853062344,0.07700037220824434,0.22882758321420543,0.21638340578095663,0.8308880855641005,1.0516632134599688,0.27576716264070084,0.7862576230796714,0.9993605725831758,0.43123651885653086,0.6074787811680533,0.8281020871020863,1.033228685356921,1.2538770198660265,0.2231121107822006,,,,,,,,,,,,,,
98,1,240.0,60.0,False,,,0.213955015280008,0.02213205401264547,0.7247333562011674,0.7121870008633391,0.08844456178596513,0.28964329216207085,0.06627937266046229,1.6676316603729442,1.5116678940243946,0.05126694485494991,1.589684465945011,1.4359512254389293,0.2373763902272074,1.432904906889246,1.2791061230907979,1.639308014062911,1.48456815424042,0.1587790900335649,,,,,,,,,,,,,,
99,1,240.0,90.0,False,,,0.18900494582598085,0.04900803747080627,0.36214657186809307,0.1908942327225592,0.15369092825888012,0.3114610381584964,0.19902456517950617,0.6743186864445976,0.4722376412989849,0.11398306143282985,0.8166815428352627,0.6108039074002778,0.16612967487855584,0.9701546995023724,0.7603435754501232,0.8434687995700627,0.6332629886564886,0.21625184321292576,,,,,,,,,,,,,,
100,1,240.0,120.0,False,,,0.06346483866910778,0.09179236465087334,0.09904360208003868,0.0411211810861444,0.08735729038797178,0.062090569225194896,0.13022036481008126,0.16175729630326283,0.053792489673682685,0.11712873720365473,0.13986770938895193,0.10610556204022398,0.09526717815901833,0.17607558073478427,0.07630824711610298,0.25355101618092624,0.1420230143638248,0.1575610044588676,,,,,,,,,,,,,,
101,1,240.0,150.0,False,,,0.03668341601781623,0.05793702722232283,0.06368599239634418,0.018454852235351208,0.057508651974881406,0.06760990290861854,0.08304433121665096,0.07888555901733381,0.03138151686423619,0.03634540290676931,0.06992974945367512,0.053143521248198,0.042651564896983796,0.05584617261592859,0.06757760385109204,0.08097738621721272,0.07959489005903055,0.08913907252724018,,,,,,,,,,,,,,
102,1,240.0,180.0,False,,,0.07462648818399124,0.10466372363539171,0.12155921376778196,0.05516162693695214,0.06952336961713487,0.1328619174992179,0.060578397880296064,0.21417155614815275,0.13066082769410817,0.0454646931005943,0.15897986925702234,0.07115900987547795,0.0878103611969114,0.10208996899924203,0.052038938927796444,0.164928144702026,0.08033135115702116,0.10117978196174779,,,,,,,,,,,,,,
103,1,240.0,210.0,False,,,0.09854560914945476,0.03227342346004988,0.23355068161887224,0.04146249186551366,0.2538658203320462,0.16353423610296275,0.20974070243708282,0.2727367528331319,0.26787589638913745,0.11405146848852495,0.4967240352413573,0.49142876218843823,0.11819611399149693,0.40634253965876865,0.40168375991237776,0.4772038059552113,0.46852853161917135,0.025465313477674462,,,,,,,,,,,,,,
104,1,240.0,240.0,True,,,0.11995565554945112,0.032764219400528774,0.22978122466755532,0.09819103977430596,0.15529777203905343,0.15418730203849285,0.1402522388991085,0.3389982776757712,0.3601705326853507,0.03343353765801287,0.4757133441489203,0.49728108335313836,0.11953185837321345,0.47952991493937736,0.5022352944721142,0.45851535547141287,0.4804089988086705,0.05868568986867351,,,,,,,,,,,,,,
105,1,240.0,270.0,False,,,0.07440433033225016,0.03196783181126955,0.16916685284676655,0.08783995895261444,0.07696502095347993,0.12022679582141074,0.09809059604860246,0.28278858141681823,0.2677632699935215,0.046386061972136156,0.33254345407675173,0.3151265459884496,0.030433105445702654,0.3995761101353855,0.383680831719588,0.37297721089693303,0.3565506770389259,0.033742986822196466,,,,,,,,,,,,,,
106,1,240.0,300.0,False,,,0.06564194624550762,0.04448799965670112,0.20322636859429472,0.161328218738772,0.05176600367866728,0.062068926202424615,0.10433748773447321,0.4196019206896701,0.3783575046662385,0.10785382144131594,0.40131381309745984,0.3567562395737115,0.05156175959295574,0.45846702788385874,0.41581764980687763,0.5018830576201885,0.4598239145593066,0.06470480405228171,,,,,,,,,,,,,,
107,1,240.0,330.0,False,,,0.05534394749827323,0.06863440803936022,0.2068992073720878,0.11319932102688497,0.11159733131979087,0.1193872526946965,0.12583704303221577,0.2843243773350298,0.39335003247870615,0.07716206262248743,0.18223791449271542,0.29120092621241705,0.09854619836093548,0.17490453573125703,0.28547908612358475,0.18802415000080822,0.30218881425640964,0.12559532950507696,,,,,,,,,,,,,,
108,1,270.0,0.0,False,,,0.06827222452371878,0.09267861520171236,0.18213877875078807,0.09644427568525327,0.11655308129729133,0.16155469664634775,0.049494451311652546,0.30268089182433233,0.28041077267431647,0.10532186954400366,0.352402844551295,0.3301117709448073,0.15770852900311583,0.4165559815205024,0.3942398004807048,0.28389938418850547,0.26261967911996514,0.027672973542366086,,,,,,,,,,,,,,
109,1,270.0,30.0,False,,,0.10479216391902907,0.10821772650002895,0.06553670113565238,0.010499806747855382,0.06338693816904739,0.0821494457587398,0.06544598064001962,0.04920355551367221,0.0674975855967829,0.026641722550182684,0.0791746849540299,0.03936145918849791,0.10446243156930048,0.06328940227747168,0.12414777896638393,0.0774357714035771,0.045096321337832077,0.07689017395322048,,,,,,,,,,,,,,
110,1,270.0,60.0,False,,,0.14293094190237263,0.3394744452266968,0.21944123153186287,0.17983696442106317,0.08300383350555765,0.09759028666114507,0.03971687197273903,0.43566879350625776,0.44122637201361503,0.07322349811968878,0.4991536241113024,0.49464586753049944,0.094699692867899,0.41139902906549464,0.41223539112173047,0.44597611338195275,0.4517575676400447,0.04211078927074552,,,,,,,,,,,,,,
111,1,270.0,90.0,False,,,0.14876751736096444,0.07219673866007012,0.22543336899794314,0.12577733851803358,0.11474778882836975,0.08561560355907621,0.18317940600588484,0.3353389443524209,0.408285102243964,0.2576329730176411,0.2503726078993407,0.3205281290805492,0.14035830226754994,0.3693333084359707,0.4403453565988456,0.4682267306831787,0.5340918448217726,0.08640379087514719,,,,,,,,,,,,,,
112,1,270.0,120.0,False,,,0.09483589337564158,0.05745732020008967,0.0978493075157271,0.024083787101317415,0.08553947014046069,0.11368617764233294,0.12864100664452477,0.058772037479615735,0.10260784567170136,0.19593479250290002,0.12106170101597458,0.16138563142394396,0.22009219347406467,0.14330810717028258,0.1985116007769946,0.08350331015229834,0.07472773424292548,0.06631438114436627,,,,,,,,,,,,,,
113,1,270.0,150.0,False,,,0.2091080374962998,0.04867038641759307,0.09550465541133803,0.02157223211147057,0.13581234143820298,0.08888855757617167,0.07638599786282094,0.09787778293127106,0.0785585972482235,0.1898967932749724,0.217737905035815,0.18835852697175431,0.07210327015125763,0.059941969832671776,0.07656319773319517,0.07677963273249244,0.06448704410221168,0.04365019557806833,,,,,,,,,,,,,,
114,1,270.0,180.0,False,,,0.13351439599491766,0.11760670226891162,0.17911781819030367,0.10042912255670851,0.08572590318364204,0.14881083987920024,0.06612691978636959,0.29506389248298126,0.29986153561932527,0.11591183781729433,0.29491684864571466,0.28932049878906757,0.14861761173088767,0.18608023158243792,0.2172113029865022,0.25572968634482396,0.2642665555939553,0.07657047107862136,,,,,,,,,,,,,,
115,1,270.0,210.0,False,,,0.07856247873834578,0.027344421639009516,0.18825625797216033,0.12860303107060328,0.06456238202636834,0.08851753052916148,0.09829073974274895,0.35597175007945664,0.33393888748306616,0.0803031977076987,0.41671610758490774,0.39307496229401545,0.02980358345265837,0.4119261557610839,0.40101070207874595,0.4234103766531774,0.4124970802535822,0.05517004278695831,,,,,,,,,,,,,,
116,1,270.0,240.0,False,,,0.0474897522893864,0.015520942235632903,0.1631616407439374,0.12482653354517766,0.06120381959230244,0.05149823336678176,0.07155858593811319,0.32178012593863065,0.30976743888385905,0.03353402544416792,0.3748616443158518,0.3596743366955537,0.04078740136356425,0.36633098060784336,0.3543358144129647,0.390707834508915,0.37708809797765463,0.04456060425564885,,,,,,,,,,,,,,
117,1,270.0,270.0,True,,,0.07943460586549611,0.018363235843375972,0.152310539198726,0.06320141185625379,0.08554022036960048,0.09050652047598115,0.13314544053161775,0.21180478197305186,0.2405557326433788,0.06378765102521286,0.2881435407825643,0.31348295893153355,0.09357987377953382,0.25875420399078225,0.2912889694954262,0.34162262182568137,0.3682678290038277,0.04955635672764004,,,,,,,,,,,,,,
118,1,270.0,300.0,False,,,0.0869102374656901,0.02183369019053067,0.13545527519714073,0.08328846446132744,0.0503751995969194,0.0735659093208002,0.07985524804908851,0.2348202620494017,0.23865975696949376,0.08929524938514649,0.19219929372454808,0.1994336780289683,0.03263784288774835,0.25748960915809893,0.26220740096551404,0.257996925359413,0.26429138349094394,0.035419458396427406,,,,,,,,,,,,,,
119,1,270.0,330.0,False,,,0.11534177508168464,0.06209902589962564,0.20314712493865245,0.14421849251909305,0.06603297008884938,0.14071554492628274,0.06458856528378505,0.3224944291719821,0.42190411522236293,0.05787441012374096,0.3063852241054521,0.41072483934401005,0.11716689077168524,0.275445307114241,0.3871841028831973,0.2985850149632738,0.4033131198980462,0.12038887761569615,,,,,,,,,,,,,,
120,1,300.0,0.0,False,,,0.22681071079937012,0.019754469699137314,0.177457645250285,0.04635146676209643,0.12373615335358229,0.13655507242346543,0.16556972626692007,0.24430682004932158,0.2171204541581357,0.050986653751829904,0.3326340057925763,0.3109022241343201,0.2602835704464158,0.17297554849124458,0.1372358838200316,0.36794724680899715,0.3486073047780257,0.054056061887294254,,,,,,,,,,,,,,
121,1,300.0,30.0,False,,,0.29558961629568625,0.048349904359716006,0.24526104662310644,0.16646475382071416,0.03970083391761471,0.3093134528948757,0.06573269838362739,0.47071110914786574,0.3408471387715487,0.05741604835997237,0.46764452087120556,0.34136198164829246,0.3472768134718627,0.757522459268732,0.6301434920527604,0.42084821259187244,0.2971988743684029,0.1362294284525853,,,,,,,,,,,,,,
122,1,300.0,60.0,False,,,0.0724364764463751,0.10058861103581197,0.159091872040692,0.06472980191212437,0.19788718824042414,0.25144353617174675,0.06095037498112052,0.16181665550615792,0.12336160530401061,0.24240363179051527,0.3386319611275597,0.3021548819030782,0.29410875163713746,0.37636495935447534,0.3462865767474902,0.10997793536414738,0.07638422630049974,0.05347052312963232,,,,,,,,,,,,,,
123,1,300.0,90.0,False,,,0.0755792960127988,0.03380708579717551,0.08511670819251868,0.021264261114233095,0.07128293736823156,0.09987272470341668,0.09799044824323122,0.050015586321412044,0.10642184432630192,0.07923844232674179,0.0948859825588377,0.14861893431136464,0.055323705708065385,0.10531394468958488,0.15396423159287154,0.09186879438519432,0.11971200808796933,0.06645656498027103,,,,,,,,,,,,,,
124,1,300.0,120.0,False,,,0.08893759923490832,0.022805989979817594,0.1193350553496227,0.050688412366460406,0.060071899165218656,0.08485924925551817,0.09170951230782114,0.17701475491198765,0.18301986110756785,0.059000603040568006,0.12260114626482492,0.13019772249420822,0.09894808666548771,0.18467178858088096,0.18288393921948048,0.11973978408923872,0.11485322342826683,0.05298962160729275,,,,,,,,,,,,,,
125,1,300.0,150.0,False,,,0.15657910590603413,0.055974823933170464,0.26399218663787105,0.18876532383693342,0.14591926006847167,0.10890578738984619,0.07840681015602738,0.4774987367014972,0.5092303388735129,0.10052153827372852,0.4069912619009168,0.4336234717463866,0.10249156534771738,0.4564276524684601,0.4891771665913417,0.4448586173460004,0.47602601123889876,0.0448915605372491,,,,,,,,,,,,,,
126,1,300.0,180.0,False,,,0.10218692186052254,0.027433363996785715,0.3477417075876986,0.28902829772261157,0.10403777631055042,0.08823904479722591,0.14546670777118675,0.6761285407717633,0.7248364682877667,0.11378350509695453,0.6446170154985569,0.6900731805094443,0.07719269034803855,0.707890900574512,0.7566718259029015,0.7284359049012209,0.7728473660198334,0.06383621848323923,,,,,,,,,,,,,,
127,1,300.0,210.0,False,,,0.05875865580569231,0.027955238962341318,0.2381800211976295,0.21135724883619608,0.04996687464336205,0.08633873793571609,0.06133271278411757,0.49430760018821146,0.49895418043674034,0.06450642886387861,0.4779699308105651,0.48151781152161344,0.07757738398976138,0.49954725046654125,0.48973144868342205,0.533617774511931,0.5229245085836067,0.030584304146512302,,,,,,,,,,,,,,
128,1,300.0,240.0,False,,,0.02428036622395613,0.01194517526631053,0.14278433866421653,0.1357517739050776,0.025827705452135606,0.03284982923268598,0.03795820416772568,0.3222733793839101,0.29501257508462514,0.03689340318125962,0.31665125934843835,0.2892236060298489,0.05336383320618852,0.30543666783794193,0.277334338984371,0.3389053790901674,0.31385847418289586,0.03984873163233012,,,,,,,,,,,,,,
129,1,300.0,270.0,False,,,0.043134228392640014,0.01752105015065954,0.11090195146268425,0.06699694148461612,0.06079299652592776,0.04463685652008939,0.06395651049687351,0.19207272018619215,0.1930506735843384,0.054221568852597345,0.19826893272933258,0.1936483333659174,0.07640685814700347,0.1663818380730163,0.1635627513329388,0.2400987726663079,0.23754251556943728,0.04153772739908305,,,,,,,,,,,,,,
130,1,300.0,300.0,True,,,0.12813241874957196,0.04426513540071102,0.17017669913843858,0.069760263234213,0.13028474200858886,0.1934069316214221,0.09856290037113564,0.13314599561190027,0.29548292607914606,0.08491858055999982,0.07442214906978106,0.20577960612388577,0.12155950107940994,0.10481465617252642,0.1240574272119078,0.04856201790148761,0.23378360176529714,0.20550876298625737,,,,,,,,,,,,,,
131,1,300.0,330.0,False,,,0.1318915995048259,0.0452123495399521,0.4057465164041944,0.0554354237126107,0.3763911386309168,0.3488562872842099,0.47605064981750556,0.35805102382111176,0.46938348246722794,0.24039300610757985,0.13236144103429756,0.20477164728132802,0.16455158123160935,0.22632726992334182,0.3129585282060199,0.3568926813750546,0.4250278934142122,0.11745137273616599,,,,,,,,,,,,,,
132,1,330.0,0.0,False,,,0.05852168320816299,0.027218569290179163,0.24946835675697915,0.15098880496379447,0.08663775388189023,0.08132572231396445,0.24736679735339268,0.3728286853101863,0.45918282492546203,0.18596823941487212,0.29795367175208903,0.3842459719198194,0.18240693804776398,0.31857611520642615,0.40528008134988885,0.2586468215834399,0.29455857021976595,0.1805461182870679,,,,,,,,,,,,,,
133,1,330.0,30.0,False,,,0.05849074270237928,0.027466603243395477,0.22367758129429482,0.19762774247286122,0.07359113133334817,0.06767119810044617,0.04644893249529637,0.45509460465091983,0.4755820398914635,0.060404209699994896,0.505164996705604,0.5281396739968945,0.06048892470896426,0.48177851152085094,0.5022325307302574,0.46840677846339396,0.4908008056746137,0.04164435767913546,,,,,,,,,,,,,,
134,1,330.0,60.0,False,,,0.048813399496994064,0.01939532580735258,0.12048096932386006,0.04007459937937115,0.10369586824613544,0.1417996256320897,0.05538985659775751,0.12602939211719333,0.1754901040261243,0.07551378103139465,0.21064133053239265,0.25843280896480747,0.11832011171890719,0.25113814881417873,0.30164745735251447,0.15563070811449586,0.19820033788703267,0.06349165362129074,,,,,,,,,,,,,,
135,1,330.0,90.0,False,,,0.022378902910404057,0.023759124418804976,0.044526960002666295,0.011071551903605106,0.034868303631300335,0.03763587469265596,0.04409809227921421,0.0658185905081535,0.04021393890200746,0.03850335022761099,0.06440609317501575,0.03545285506106123,0.04270035560034295,0.06742732488246733,0.03559732809781743,0.08821983602723607,0.06245624765893673,0.03420543733470681,,,,,,,,,,,,,,
136,1,330.0,120.0,False,,,0.05576335276972951,0.02335727979611238,0.18252464058534748,0.14167933402245955,0.0721365986945208,0.05774320049507642,0.07156607322536054,0.36964433885825726,0.34153299165352236,0.06145086354169423,0.33504246620770217,0.3079676331015432,0.038687288960083395,0.3755498679320529,0.34752813301569707,0.3927495995303369,0.36567461736465556,0.035865207572882446,,,,,,,,,,,,,,
137,1,330.0,150.0,False,,,0.06277670072480017,0.042775630316985516,0.25015950699045025,0.23496194132330947,0.046486521795803246,0.06908168670700798,0.061105068971596656,0.5634808549428152,0.5106434025350282,0.03914437908229498,0.5626970943818853,0.5054415863105886,0.08665630775155879,0.5077508266129448,0.4534201472044836,0.587587189610882,0.530438863559261,0.12069143052624062,,,,,,,,,,,,,,
138,1,330.0,180.0,False,,,0.05112632812025028,0.03849038811728547,0.22379848203412206,0.17156787747546592,0.08620009835842873,0.10004987124904209,0.06578659989128163,0.4374754479678855,0.4294803927039724,0.08638063498859536,0.4091411492484905,0.3977621861344355,0.09566519544116471,0.4156648455493912,0.3999866444738238,0.4764837009197128,0.46732199048318723,0.06323661491475813,,,,,,,,,,,,,,
139,1,330.0,210.0,False,,,0.0587939497386862,0.031300608068042746,0.12289116742225144,0.06993187955504496,0.05250677263547588,0.07174665954458674,0.08134802722915069,0.23492749292317772,0.17392688477886611,0.10322425595190668,0.21651004745822655,0.14835197544515813,0.12006954168503899,0.24485363142774189,0.17207359907984854,0.2997975444222645,0.23804669753793778,0.093331161556851,,,,,,,,,,,,,,
140,1,330.0,240.0,False,,,0.06243610292277113,0.03450140675139549,0.111245448824875,0.04344144407953407,0.05923145342746985,0.10035165215258458,0.07351246504374973,0.15370441676138727,0.16942725673918357,0.04013706660097726,0.11181805521472468,0.12888308985593183,0.08405852238060366,0.059479280255753525,0.07982943269016994,0.12555906308726342,0.1446447215559225,0.038289853477529945,,,,,,,,,,,,,,
141,1,330.0,270.0,False,,,0.07048726282285123,0.036442892281526224,0.07875012594523376,0.025711137978293372,0.04376104379268258,0.05835726160768422,0.08470026108337905,0.11774980213177132,0.08918226111065158,0.09443820186856783,0.14366613872852455,0.11899267884920026,0.07740880262338232,0.12901371212857185,0.09639715880752914,0.14190689605343046,0.12450527249357504,0.05557737926034311,,,,,,,,,,,,,,
142,1,330.0,300.0,False,,,0.1345859676713607,0.03936017911409455,0.27102405110487127,0.06787967558604074,0.2099423197632983,0.18568939455580857,0.27729477259286994,0.308191380035624,0.3740023885767555,0.13914408859843438,0.13231879901460003,0.19360665615540723,0.2598221740401676,0.22798480931266027,0.2853686754823573,0.11589377891284383,0.15100336789990002,0.06936656612711989,,,,,,,,,,,,,,
143,1,330.0,330.0,True,,,0.15744153263470922,0.03935580344983447,0.16146108747720622,0.056796469812250686,0.12570210766299053,0.11592643642531791,0.10599016455818486,0.2166564208954725,0.24303030784406526,0.1015498088985965,0.2636565540456626,0.22187362402878066,0.07879396400791447,0.1747434341819864,0.2520091250617789,0.1695889086805749,0.19562605984502235,0.09177698401650747,,,,,,,,,,,,,,
144,2,0.0,0.0,True,,,0.04982185038686662,0.026248679725009265,0.19501732567233748,0.11616768802766145,0.07816187829641354,0.09408344976816965,0.13326581905997006,0.35411426985450933,0.31546121138262473,0.08170437543984002,0.29340325383010263,0.25386398662854553,0.12659666398500846,0.3313091729247732,0.28871118423510084,0.2278034177954261,0.19459843769728025,0.08385753747613721,,,,,,,,,,,,,,
145,2,0.0,30.0,False,,,0.04801823259381684,0.06630824816316451,0.10973485120648116,0.020004776198387787,0.11216593887084172,0.13071821387840898,0.08511651079903318,0.13210783546181054,0.0885657570223114,0.034016718209882085,0.07113800432183592,0.13218020341121606,0.07040333556989907,0.09368960637895526,0.15356512058923344,0.07004184222750376,0.11270722492932941,0.07660075584289777,,,,,,,,,,,,,,
146,2,0.0,60.0,False,,,0.15021881167531886,0.06398639571870984,0.12189096429482035,0.06131117925859584,0.08343839567437333,0.21854120050234493,0.16879873257818367,0.08055252894553687,0.05812396377366301,0.09519067455254823,0.05058975444949448,0.10822071033969935,0.08013181659095232,0.17805684509050207,0.2407647811326495,0.13655239600513935,0.19400273065313164,0.07931463173229969,,,,,,,,,,,,,,
147,2,0.0,90.0,False,,,0.02365282297420816,0.024214775643481512,0.03960178484885436,0.007359489333893384,0.04264151783984185,0.03257867443321125,0.03208038102406158,0.05204352702724961,0.03866482391990753,0.03747441593185232,0.048356181520871754,0.027928831800272856,0.03277529704866928,0.048809567689224814,0.03768584780067742,0.06046809354035956,0.03905275368381158,0.04154491713840718,,,,,,,,,,,,,,
148,2,0.0,120.0,False,,,0.05602528405343289,0.028359751281090365,0.12130133749684495,0.04190620750537507,0.0746956951980304,0.1125006552514002,0.09955588682496341,0.12062133127403162,0.19913311893579913,0.07384474529206647,0.12816140056695186,0.22155087043351007,0.051905610165822645,0.1580291669245349,0.25783203423784684,0.1924306115914558,0.2820893689236965,0.13055018407836896,,,,,,,,,,,,,,
149,2,0.0,150.0,False,,,0.06915842584105888,0.050094473658661,0.1809107977260572,0.1379548119295786,0.06481307442655859,0.1041064425334167,0.040034655459343316,0.3370755770233468,0.35852423918762066,0.05017825396608876,0.3580128942235896,0.38470006471656115,0.06982866026583306,0.4152490882575769,0.43790803644031157,0.36799774682333,0.38775687647707374,0.053561646802699994,,,,,,,,,,,,,,
150,2,0.0,180.0,False,,,0.107742801615896,0.07774981926609956,0.14107894810164012,0.057543285034179645,0.07736241258736,0.11696333968361747,0.09530225229333832,0.22902127098725142,0.1867454649566334,0.08641513512267265,0.21992781535178876,0.1792717791644555,0.07378680407769113,0.3027146661954227,0.23971926156595424,0.29060396847287207,0.25208744486948403,0.08079011869423139,,,,,,,,,,,,,,
151,2,0.0,210.0,False,,,0.16574574600155406,0.051400350706570695,0.27165466359841134,0.10743595138217572,0.20280897113657717,0.09605943072512327,0.3292189862078377,0.33897860580808903,0.3912073241144295,0.1363934454644573,0.18991310916704773,0.21461773071270684,0.29678314684772356,0.2900050725888934,0.3326560035675416,0.12477773728499995,0.1483506593375791,0.08597979631083971,,,,,,,,,,,,,,
152,2,0.0,240.0,False,,,0.0836056036649543,0.03515002159182474,0.2887868599426119,0.25832757138833234,0.11822406269678137,0.06702700169609341,0.05093167552421681,0.5924866523822985,0.6152649074136693,0.1359457069398799,0.6987446567690541,0.7196133084747152,0.07429848870096475,0.6250497078019828,0.6457274672489153,0.5805149565186254,0.6062960684211015,0.05548689219023057,,,,,,,,,,,,,,
153,2,0.0,270.0,False,,,0.08486229978184881,0.040774298215310485,0.16274907843028547,0.10656541876024794,0.05830380287578148,0.12946014344284335,0.05793641891889363,0.23731176566110834,0.33073326125280045,0.04820319400819264,0.21322481919634761,0.30869285417028025,0.12141556879567628,0.28005692552583916,0.37598401324066955,0.21477539472637383,0.30811395492245464,0.11054705737918778,,,,,,,,,,,,,,
154,2,0.0,300.0,False,,,0.03422343982821243,0.06364941556717545,0.19157834473903387,0.16430058189805066,0.04680385977679845,0.07043585252259235,0.05588990169895338,0.40428569248497215,0.3804764172118531,0.043601840551391866,0.39648407461105606,0.3742502619136496,0.07039161791828859,0.3759391279727933,0.354307245105123,0.434244986501497,0.41165292088129635,0.05557106310539646,,,,,,,,,,,,,,
155,2,0.0,330.0,False,,,0.10579714791974726,0.09135656785931419,0.36870783669064155,0.2996056471322327,0.16354751779358115,0.076738144843194,0.1363793498492206,0.7603562785621326,0.7065178924050795,0.03963758292545504,0.608003830298123,0.5551369389744324,0.09264042139374401,0.6934785992658126,0.6390926831503396,0.6439021350092117,0.5909568630716107,0.06266185140023438,,,,,,,,,,,,,,
156,2,30.0,0.0,False,,,0.08985296548776137,0.02236232711438363,0.13939332131049054,0.0625227069027331,0.061963370985016177,0.09621948518240964,0.11420457748264831,0.22684745889627508,0.1977317140061034,0.06035947400844617,0.17879789883591707,0.14952850618374242,0.10000585040670248,0.1795387020382408,0.14858924784029803,0.12607158844438965,0.10208592982111565,0.037705935753192324,,,,,,,,,,,,,,
157,2,30.0,30.0,True,,,0.09805230965693794,0.03579477130445563,0.21232411503694354,0.04895057382017868,0.16785801730650857,0.2447321879696303,0.2765205661796669,0.22792554055559905,0.14458426317331274,0.1267784420579115,0.08363540309134584,0.10037798458000771,0.05525588082786737,0.09827277748952912,0.16961939615025987,0.14589758258091534,0.21887736834624835,0.09326730382587037,,,,,,,,,,,,,,
158,2,30.0,60.0,False,,,0.1687445018194019,0.04501490036083057,0.18556718657030058,0.06276728584538116,0.12813047299473992,0.28261388704991625,0.23779061652707828,0.14398913340502645,0.13531182287474192,0.12444643796538502,0.06213010711511669,0.03626595715910039,0.0625316504419199,0.19130908207411507,0.16871559887034615,0.15272515365027312,0.13032357658895674,0.058256525600839985,,,,,,,,,,,,,,
159,2,30.0,90.0,False,,,0.06119008568847939,0.03200787056531439,0.09372304193931036,0.017135791108200054,0.09203551712591536,0.11741216854177919,0.09951550435850698,0.09538792812713356,0.06426409154321663,0.03411972614983443,0.029249860285593725,0.04447574895360944,0.03922106641016189,0.07804172958539433,0.09705549559803514,0.05095377999188064,0.06966270177132353,0.03807873780830838,,,,,,,,,,,,,,
160,2,30.0,120.0,False,,,0.05695412820163419,0.08163075596940916,0.06283992900065125,0.02302050022068142,0.041973910332366623,0.050325122410530436,0.041223438682716856,0.0840903462752236,0.09658682730241874,0.03505112046386781,0.0705236731633669,0.07552061587486851,0.051728786862266535,0.10837917112377007,0.11412852593797879,0.0794574594652312,0.08278550422791602,0.030934911155466278,,,,,,,,,,,,,,
161,2,30.0,150.0,False,,,0.13024830833661588,0.11320436979163206,0.16617369473180738,0.08969755884145976,0.061341775600438825,0.14904028856564697,0.08703851640531327,0.2316391014730379,0.30180879161459984,0.09237707070748188,0.21300849927724808,0.2830051324264864,0.21237224026768167,0.12697706224026192,0.19922113329764954,0.29330955581104523,0.3643430372357547,0.08905814856065389,,,,,,,,,,,,,,
162,2,30.0,180.0,False,,,0.07697842461275578,0.1562620757911965,0.2848872257440299,0.25465534916148397,0.07602188897334887,0.08004395055504426,0.10293718662283642,0.46407674567865365,0.7013563568902665,0.06520158182230607,0.42177162266147167,0.6498965729497419,0.110484563796938,0.4472632042382084,0.6751582380229386,0.4001533296580563,0.636420412665754,0.24692155776939434,,,,,,,,,,,,,,
163,2,30.0,210.0,False,,,0.30224863534831214,0.04270312358216753,0.21679291551158925,0.10223277057493015,0.10837305904280178,0.38871963722313574,0.2623584299516266,0.20046291542342476,0.12405053591695739,0.17349416518682698,0.13580402623676596,0.21447253024750712,0.16001493823616586,0.24382418032876252,0.46651521122635353,0.1310920585186955,0.3661101932545995,0.2513753211420291,,,,,,,,,,,,,,
164,2,30.0,240.0,False,,,0.2540764848229648,0.035112217526406315,0.13766681878362536,0.07239463878299647,0.06496324976016679,0.22982815347492677,0.042111566908224304,0.18984316248421002,0.16158796129059882,0.03856218896871119,0.23816439319895544,0.2025354509376628,0.2511622423008047,0.11675053038813545,0.14310974344344332,0.21256464399367234,0.18742479219477148,0.04990002664314946,,,,,,,,,,,,,,
165,2,30.0,270.0,False,,,0.1374246769591102,0.09441752499388226,0.3748741189893809,0.27451098240889127,0.03862384360805835,0.13585951893387832,0.3222531165666781,0.6309384656847058,0.746695650153584,0.33254210628910663,0.6488628277483487,0.7661611692183192,0.213216116396716,0.5300943498503422,0.6471691209472938,0.334598694728945,0.4556638163753695,0.12977210744589013,,,,,,,,,,,,,,
166,2,30.0,300.0,False,,,0.12593479397553192,0.034930197391284196,0.5272555749412191,0.47237726444138983,0.08962181737288479,0.20328592289810457,0.14036691367201193,1.172289688264721,1.0307135324983738,0.07341372689568347,1.2452043017656411,1.1054672397364846,0.1119957226431755,1.3565285674311491,1.216478395078883,1.2839773757297943,1.1467044906224375,0.14390399039459337,,,,,,,,,,,,,,
167,2,30.0,330.0,False,,,0.061180951065396186,0.03155264026490558,0.3207931544504656,0.3237081888666607,0.04000445004505019,0.0773535844204916,0.052688890899231816,0.7117385323269768,0.7221803145605774,0.02612550694335248,0.6899897997098045,0.702614415528342,0.05460554288831843,0.6499967982450897,0.6624693524717391,0.6777976888462998,0.6909683996567839,0.04239909627787038,,,,,,,,,,,,,,
168,2,60.0,0.0,False,,,0.06652544623097925,0.024221935615456304,0.04682383917737347,0.009982333397402308,0.03451981811742498,0.05708299632920728,0.034865757953317235,0.05435385588843055,0.053296767598487324,0.042781256352042815,0.03737318194785417,0.04092119731277365,0.065545531919922,0.08382149625779466,0.0863366629264072,0.07391198023552153,0.07636570503560455,0.02527562092040842,,,,,,,,,,,,,,
169,2,60.0,30.0,False,,,0.059622426413725275,0.033877220349530474,0.07513863483877099,0.018352302646510263,0.05692118875765721,0.08821536438048877,0.09234123451334675,0.08926315055913336,0.04895223598322887,0.04486805472407594,0.09087780170747724,0.0896255075371063,0.06126807361018888,0.0757096776129121,0.10378764685114147,0.09716790814208182,0.12476099016722411,0.05948476394955545,,,,,,,,,,,,,,
170,2,60.0,60.0,True,,,0.07355212545245711,0.0626670790985827,0.09153140892268878,0.015257724197472441,0.07382057781334173,0.07734231612229675,0.08780484067341415,0.10983253954493731,0.108856770459454,0.05033654026837295,0.04959136877814206,0.08236893729366004,0.10864132445180932,0.08576795561843198,0.13545788202467304,0.0678377290697584,0.08296443852988235,0.07250189067606291,,,,,,,,,,,,,,
171,2,60.0,90.0,False,,,0.07909540024820698,0.03127301204261687,0.12597712608226436,0.02160225047763523,0.10944455666748348,0.1081747335934993,0.10753948515357248,0.15466719515745164,0.1500596598393149,0.04341460021579052,0.09002648483459896,0.10062442302594019,0.0722568675839397,0.1268164744030503,0.13770415175582595,0.07215124199053081,0.0832364846310846,0.035572161415784856,,,,,,,,,,,,,,
172,2,60.0,120.0,False,,,0.06509441425297585,0.060663255090079755,0.12387869199469699,0.08816493720409672,0.06924381175567315,0.055216127240319046,0.04418772909254372,0.2712693358118776,0.17947645607307144,0.05113179656062887,0.2876873409852851,0.19884727309874978,0.052255140110800874,0.25092661276702916,0.16545785710322458,0.2803398006054548,0.18923411457182215,0.11826900922416944,,,,,,,,,,,,,,
173,2,60.0,150.0,False,,,0.19234114809226627,0.06807227640700536,0.5455953663280579,0.342053844209962,0.15537341911861488,0.32326982567100476,0.33635352822776077,0.9260651001117444,0.9869149585111652,0.2264771600817333,0.8253815804013127,0.8860808010467764,0.14607924500024597,0.7113763196046556,0.7714290313662913,0.6054860568442132,0.6651981915686573,0.07325954660063233,,,,,,,,,,,,,,
174,2,60.0,180.0,False,,,0.08352309127300825,0.030803793576812462,0.45981449468016844,0.3952154091842241,0.1578214057466285,0.2069839413500787,0.054141239187856426,0.9416517011424412,0.9384741859738374,0.13901875530221738,1.0734255883681754,1.0685305401657497,0.18582616773579264,1.1375626710431572,1.1338722372857704,0.962099818184987,0.9587035192393275,0.03475987621579153,,,,,,,,,,,,,,
175,2,60.0,210.0,False,,,0.03382871568637399,0.060686192828201695,0.5261730281141797,0.4434083729131827,0.15612762261413798,0.15475864500943282,0.19030910204754609,0.9780739789043682,1.151595791995413,0.0739410120165633,1.103998874446365,1.2754952164280646,0.05262672834102638,1.112692446624909,1.2853911186890552,1.1262047345539319,1.3007239640595132,0.17951959949449867,,,,,,,,,,,,,,
176,2,60.0,240.0,False,,,0.15702174353078188,0.10466226960831757,0.37699580966228574,0.36869548948604025,0.07858376025085063,0.09668460250963655,0.053530517483747674,0.8129935320739721,0.8431866359932219,0.07833692151380217,0.8776739531018702,0.9016053298196978,0.13557466409042157,0.7381956712365869,0.7678254437860197,0.8427542724156689,0.8747672932344506,0.04628012723636207,,,,,,,,,,,,,,
177,2,60.0,270.0,False,,,0.18366934844023078,0.06171739252303867,0.3180476288700152,0.13511885922954028,0.09512985673317056,0.2636086272078454,0.4827466047839174,0.32359291735710954,0.425160138268033,0.40643923309423113,0.2716525934582557,0.37319834544558284,0.24289857609282756,0.16486050760347598,0.25805899089685,0.207746006174148,0.10899771495132653,0.11221580041709286,,,,,,,,,,,,,,
178,2,60.0,300.0,False,,,0.029892103430199487,0.06445794434216756,0.25664337551524835,0.18629381491280406,0.14062070772226182,0.1368391773424501,0.04417144104121151,0.48721118111230377,0.4743743703580146,0.11043432890879301,0.6138066275089641,0.6027144398094897,0.11176954584088225,0.5971493434418784,0.5861325071891754,0.5190091562656549,0.5063381721033349,0.041586322109038225,,,,,,,,,,,,,,
179,2,60.0,330.0,False,,,0.03205365396236747,0.022847235869371176,0.11983983315282806,0.10305868037411603,0.02939418793135805,0.03876722050823815,0.04292705785329065,0.21596878161505434,0.2721419178561991,0.03725276700802099,0.20806443053766366,0.2639525990207129,0.041779071672579375,0.19379348298870375,0.25074967105711743,0.18793146456896673,0.24130378373544498,0.060304691263724924,,,,,,,,,,,,,,
180,2,90.0,0.0,False,,,0.041249034353751345,0.02304374276334112,0.05714135736557875,0.02310654421360214,0.05209127838850682,0.0346276261262249,0.03411605771026281,0.09523038557037633,0.0696414390325229,0.028392014471296037,0.07324786069132884,0.06894182333776303,0.028247865407452194,0.06928483694020258,0.056689457912279445,0.08371012884820088,0.06620532634878479,0.039321999284810644,,,,,,,,,,,,,,
181,2,90.0,30.0,False,,,0.039590192923546444,0.016494630417631623,0.057764156042865625,0.004818752825665549,0.059435542885519485,0.06624100474577152,0.05222950925209615,0.05516030917279771,0.05575441415814325,0.02063881854237154,0.03736586984768314,0.0361574315237283,0.031448428799345396,0.07246742146991753,0.057486973235133326,0.046002421555168566,0.029547093218348433,0.03520553863607794,,,,,,,,,,,,,,
182,2,90.0,60.0,False,,,0.09101652816328945,0.027322017324627558,0.10805280606963427,0.020746546224388762,0.08776670026957323,0.12288264304832548,0.12401661830879757,0.12740186155917152,0.0781962071623036,0.07212966459786728,0.09506701815208969,0.08789666613870653,0.11250226590346198,0.07533820303228256,0.1161368957034365,0.07987336987092392,0.0840644631831646,0.06852351212895677,,,,,,,,,,,,,,
183,2,90.0,90.0,True,,,0.14927042185164158,0.06763548853556955,0.24054783285825804,0.09222790366209406,0.22623066738381126,0.12844489385840094,0.1904582853942446,0.25241192139462465,0.4051933962602086,0.13181906326525825,0.32061292710193234,0.43706633876624146,0.12285104479805298,0.21981621270923166,0.3539253258353767,0.2389111062390832,0.35287672036028117,0.17042351527527058,,,,,,,,,,,,,,
184,2,90.0,120.0,False,,,0.36706692241551303,0.10166837077414173,0.5097897355709036,0.401937745054824,0.07076114461345806,0.3750058976124022,0.1459743012596961,1.0902331719152372,0.866974162453724,0.14621422171822201,1.091350851699283,0.8719828161722767,0.23904809969310656,0.750420575328114,0.5274279072383949,0.9676637565340298,0.7476659165618675,0.2839087632918782,,,,,,,,,,,,,,
185,2,90.0,150.0,False,,,0.09226369892546656,0.13488224573119334,0.6255672395269504,0.4926966344228128,0.256668407059251,0.25285591720432876,0.16826360453377046,1.1511118985242585,1.2989363703131431,0.13663474079463322,1.3812908680026799,1.5276597333558666,0.10103373577898289,1.3925952936150785,1.5390520324690087,1.3025657921172762,1.4498982024307954,0.16460299093664493,,,,,,,,,,,,,,
186,2,90.0,180.0,False,,,0.12370229313599329,0.04827703665316721,0.5943554120275698,0.5623851416533682,0.16194624217304673,0.06627081779426064,0.18267580664124716,1.2323576217051655,1.328526571824129,0.054876808336198644,1.3604674235071135,1.4550506901253826,0.16648180461972845,1.2692786256346307,1.3635927742129303,1.3641596293319744,1.4605603482814458,0.10146906746824816,,,,,,,,,,,,,,
187,2,90.0,210.0,False,,,0.14927716551563025,0.14091455383821555,0.5082459833963023,0.4682872478704748,0.10192474808861895,0.08158858742798691,0.19860712602286798,1.097825854051892,1.0612836013901457,0.12091674984835,1.1613528331709453,1.1223224198030288,0.2535448394339967,1.058531996470719,1.0153902260423995,1.2761354896310202,1.2363746201826453,0.05435305504397276,,,,,,,,,,,,,,
188,2,90.0,240.0,False,,,0.04786704084680317,0.04169914926408838,0.4038088867909947,0.35371462230287914,0.14048701811677577,0.13895350558948424,0.0697361971156742,0.8719564818520441,0.7979112312809951,0.1442730983881247,0.7583667657933237,0.6858330811041008,0.13170949536939408,0.7737748614983826,0.7003329860634836,0.8927924540002872,0.8199643245704895,0.08355703077254145,,,,,,,,,,,,,,
189,2,90.0,270.0,False,,,0.14320802550538564,0.04076184440511607,0.15696525304396092,0.05100055441201682,0.1572404089061134,0.08652043560425127,0.24107335325339577,0.1708697274621853,0.12912233999385875,0.3589806914443178,0.13537775974703548,0.16573162805175928,0.2801114779304095,0.1955874021810602,0.15091068103828637,0.3154739328171531,0.28532652400856084,0.08555307918920774,,,,,,,,,,,,,,
190,2,90.0,300.0,False,,,0.028624342683674444,0.04702864140477067,0.13072993768449398,0.11387717721386897,0.031564706250920636,0.03385142622592133,0.06014370372224627,0.21358365561821613,0.31450619660516543,0.052355327140647605,0.20465976756810625,0.3105915872825259,0.04674940284932452,0.19999353625286165,0.3014069017375398,0.18538201377767233,0.28006475945552467,0.11278816301593221,,,,,,,,,,,,,,
191,2,90.0,330.0,False,,,0.028854201374607036,0.013344507968849973,0.03730269591790754,0.011412588771098138,0.037875413839424096,0.017234514710732757,0.03522506036912658,0.050451462871209295,0.04572702779904497,0.029307152862284087,0.05184104095194461,0.06907212487292125,0.032738256202794726,0.040683254364585184,0.04504631095228705,0.06717379767889377,0.07108703502062869,0.039205817462355186,,,,,,,,,,,,,,
192,2,120.0,0.0,False,,,0.03515350786789019,0.035151027668306606,0.1013689715953339,0.07861053399205539,0.03586350852502602,0.03761494889387117,0.05211076057100211,0.23635463806492935,0.14490100192184077,0.027693221646176533,0.22992228931881303,0.13852690715475796,0.0360113622848184,0.20830297732651584,0.11892604750044089,0.21328073508450762,0.12421012588692246,0.10543098153312941,,,,,,,,,,,,,,
193,2,120.0,30.0,False,,,0.07083718488007623,0.01631501892843962,0.06529670817325503,0.016329505519289578,0.03986568891972054,0.08209135520795213,0.06129546523981691,0.08403731593793112,0.05919371556085454,0.04745290293660501,0.07282576905465582,0.06227732795022576,0.03165842482549211,0.027856880748658462,0.08054759949669679,0.03992135864424959,0.055254786318819395,0.07310267421410144,,,,,,,,,,,,,,
194,2,120.0,60.0,False,,,0.040545432296055034,0.032047925088338106,0.10280840701199476,0.06759528589119648,0.05717523188458388,0.03792699547502429,0.05261345773582032,0.15949548884302228,0.20683086112152305,0.07500178020855042,0.1337862877925574,0.18389133269723432,0.06256675404678909,0.13856419392101055,0.188423850700353,0.19246313484580635,0.2427981316376031,0.059552490743169116,,,,,,,,,,,,,,
195,2,120.0,90.0,False,,,0.2395135039355514,0.09195642742748539,0.36966005170802274,0.1630207046385166,0.33990198015462214,0.13105113888416825,0.2776495994133842,0.578633512878212,0.5210640272097271,0.10329587420271355,0.8268893542366772,0.7786857359086825,0.17356101647639285,0.6349736197083578,0.5823546149303422,0.7581363132689648,0.7099935737077268,0.18225897178820055,,,,,,,,,,,,,,
196,2,120.0,120.0,True,,,0.37356803915660447,0.0709059777953239,0.4387350962064348,0.21448860453362162,0.46929427157124237,0.1574741444490329,0.27249568908701605,0.514108532737714,0.7803028431871684,0.22868086984806554,0.749152488351122,0.9614110706037262,0.1527724473016159,0.49154351385352446,0.7456549809602958,0.5716096901079308,0.8133272115060477,0.36861843434476715,,,,,,,,,,,,,,
197,2,120.0,150.0,False,,,0.27537675022954267,0.05268425557342632,0.25722205473536935,0.15827765741106747,0.11663934185845365,0.19854008038892193,0.13876893721826752,0.5531002406582743,0.27906167355292955,0.21369269960200338,0.6156187038976453,0.32542739860664993,0.2547326632687517,0.3821538816723491,0.33703109568183426,0.6274929772999,0.4029635990232887,0.37616253803862243,,,,,,,,,,,,,,
198,2,120.0,180.0,False,,,0.14010196708896366,0.08462631261744324,0.27299391775122517,0.1947519773487826,0.11193851634321292,0.07702857767119263,0.1586479044586987,0.5324689644697288,0.48488562581329303,0.15860409998424524,0.4598462166873464,0.4142649005238319,0.15022126195616053,0.5439142844988135,0.5008387517570093,0.6141348454894993,0.5672524221806903,0.0983416658501452,,,,,,,,,,,,,,
199,2,120.0,210.0,False,,,0.06374928545470296,0.19189935402611563,0.1604979855852854,0.07447651131062591,0.12258576616656644,0.09766189219634153,0.08271867393888378,0.2632222027946719,0.23630139282996337,0.13414394555403747,0.19667482501658134,0.1663632241943517,0.1336835002059158,0.20023878245064125,0.1687457435551341,0.29718292217498815,0.26948930653682107,0.04799115779212733,,,,,,,,,,,,,,
200,2,120.0,240.0,False,,,0.1509650882013695,0.06075571209384753,0.10264064931745802,0.0190007116651112,0.10976313856655326,0.11438326378714754,0.12647718821840914,0.08955483385235043,0.07302482216282971,0.06299359050738201,0.12336681991692217,0.08409387617276468,0.19866281236660077,0.07038366637373114,0.10875603259711905,0.1471868927344879,0.1005613759835662,0.06289640386358501,,,,,,,,,,,,,,
201,2,120.0,270.0,False,,,0.05324986002367352,0.02695300411657775,0.12056121682605439,0.07664642964854386,0.04482930992637985,0.05426784828602407,0.0849129802978936,0.17631846057631526,0.24247748504365918,0.09225821560266598,0.19055210977658382,0.26272204796993515,0.09981581545083319,0.18807563028631286,0.2548732120305931,0.1504712744031459,0.20834334636768542,0.07686701571404955,,,,,,,,,,,,,,
202,2,120.0,300.0,False,,,0.04224492930099305,0.02265656247910506,0.1267011881220744,0.09542097847092045,0.04119725123870176,0.05788440556198116,0.051776853267754636,0.21313826278301867,0.26950916775891576,0.0478165097122768,0.21784105647915397,0.2712902639011803,0.05068814576302155,0.20225684385273662,0.25465173784585093,0.19690127673522195,0.25120807073348383,0.061643355099032945,,,,,,,,,,,,,,
203,2,120.0,330.0,False,,,0.03919811052076252,0.024936334219039985,0.2615897896264799,0.22278794286379716,0.08453283313297946,0.08074565722771843,0.07494599124818013,0.5113001327137517,0.5564243338097696,0.03042961202983136,0.47007267651452145,0.5009365582892149,0.04776540237906676,0.4886996292656013,0.5095312259853464,0.4693328616394705,0.5119196795550662,0.07466809586830661,,,,,,,,,,,,,,
204,2,150.0,0.0,False,,,0.07616604699582379,0.06454195421707938,0.1180969133174576,0.0697480992388728,0.06198829315137068,0.07106337675293528,0.05114047297804911,0.20576581611178638,0.2005266075931465,0.05402279930146394,0.18113325905975022,0.1716444007127359,0.05819147011569914,0.24083797902424475,0.22985974478887,0.1908276715694769,0.18046747586761,0.07881215032131798,,,,,,,,,,,,,,
205,2,150.0,30.0,False,,,0.03958175513092339,0.04766474878516561,0.0965476275870079,0.0448679070719026,0.07724328329488023,0.0586244474431282,0.06159742194071892,0.17995228210131375,0.10532070315499843,0.03751227037778883,0.1522331602327155,0.08602539691293774,0.027596142505206516,0.15288745274940033,0.08081105313284051,0.14845118072295466,0.08012788754926205,0.10355378783496053,,,,,,,,,,,,,,
206,2,150.0,60.0,False,,,0.05827439437436793,0.047396028776840654,0.2614425434448072,0.15301288762835857,0.16819267549511832,0.18368902400008136,0.08390426310372051,0.36478001709758223,0.5066467375275336,0.0954244964573586,0.5209927875081173,0.6619299840967717,0.10907089890507704,0.544704217198682,0.6857144389410744,0.44336124371159674,0.5846305832823904,0.14793603945608264,,,,,,,,,,,,,,
207,2,150.0,90.0,False,,,0.08153052307879463,0.08620654872720122,0.6502313909733536,0.7044293179138928,0.0720565009080276,0.0963528244964614,0.05738132128089114,1.4912547006252947,1.5341116075560932,0.08211237525132528,1.4604756383120971,1.5051632311626288,0.11543523251002599,1.4196759291023424,1.4624788430278803,1.529297835584586,1.5722634000281237,0.06242314610741892,,,,,,,,,,,,,,
208,2,150.0,120.0,False,,,0.33842317665789357,0.059933072039942636,0.36652790954402537,0.0742417050114333,0.28511839858191634,0.4227941895468553,0.4016217368430868,0.27076531276821186,0.45233990998005646,0.3271364514878005,0.305267892074098,0.3816671142376628,0.07319005624136195,0.6278437025887786,0.7081131852872533,0.6054127008185752,0.6875714092792355,0.26312504755808086,,,,,,,,,,,,,,
209,2,150.0,150.0,True,,,0.2837053053633004,0.08019833667085052,0.20281553947605654,0.08916352434629625,0.2976499439634726,0.0731254727233008,0.128037051679225,0.2234569871293053,0.2918082418849791,0.37201494565933657,0.12007745357155762,0.18340555936511588,0.11481179405596759,0.2209464577269406,0.32411639383320356,0.3116803098515086,0.3106469531228445,0.2654288557282241,,,,,,,,,,,,,,
210,2,150.0,180.0,False,,,0.12739228407352354,0.07546466493777639,0.11585909204904725,0.026714099250282664,0.12020155425648207,0.09742029911587546,0.10945213040399812,0.16456933788635353,0.08765213858252709,0.12952049062282614,0.14559144210793096,0.10498840374398569,0.05470403249478928,0.2266865902719398,0.13001312701334097,0.2262364330060038,0.12216696115976003,0.11577864110765063,,,,,,,,,,,,,,
211,2,150.0,210.0,False,,,0.06540978433863104,0.06697350911303213,0.10416311194539558,0.025418834452795615,0.09591069164855916,0.06329183278039492,0.10053909695663613,0.13715994617633498,0.12391399216505275,0.055207581180464975,0.12393327726858092,0.1092941024391457,0.08607302488791099,0.09073714334043592,0.09270103361828594,0.15301840944383088,0.1338856987999113,0.05367558327434199,,,,,,,,,,,,,,
212,2,150.0,240.0,False,,,0.08107510725362961,0.038592971334043394,0.06436489411277033,0.009298371758453624,0.05988976274722814,0.05355530191327169,0.07985833868880002,0.06952151714046627,0.058999550074085534,0.10374862267342207,0.09924204790833015,0.08214047483962655,0.03661542552064536,0.047431894831366284,0.03305239695267268,0.04133511696634018,0.03192150696497026,0.03789308618473217,,,,,,,,,,,,,,
213,2,150.0,270.0,False,,,0.08735240610632307,0.04646777627048417,0.1551722837917342,0.0953943589309568,0.08605541542909757,0.06384924825927302,0.08268297523635028,0.2722162892236451,0.2710574908103051,0.15225115578952308,0.35076410412855785,0.3449815873025799,0.10286969923827093,0.29633361513096335,0.292578684500157,0.21011613934068923,0.21091096107695856,0.04012494238113056,,,,,,,,,,,,,,
214,2,150.0,300.0,False,,,0.04084495953017706,0.05007991384645617,0.39780542552889947,0.39713466337698955,0.0695951034250914,0.06545795096868301,0.08577015891227135,0.8899416451918312,0.8782622691466204,0.0865030775769417,0.8522316028479817,0.839976290284852,0.07149204636578205,0.8359859976628147,0.8247203911559664,0.8830521170523377,0.8724954959325741,0.05520156993146927,,,,,,,,,,,,,,
215,2,150.0,330.0,False,,,0.11203819927447681,0.08999423418325897,0.307414447599514,0.2602527356525633,0.06559071792714706,0.16735563591774527,0.0600571208193,0.5955278525263872,0.6485409108069905,0.07593591712045494,0.5719844295988312,0.6263547931058112,0.150932343046527,0.494595093498843,0.545608948092582,0.6117497504665071,0.6640652833371186,0.06237061954492368,,,,,,,,,,,,,,
216,2,180.0,0.0,False,,,0.03726129291473175,0.0489942061657766,0.08269447510211787,0.00911294291148899,0.07530042583658421,0.0916210253522286,0.08875759142621743,0.06852205084232457,0.08927128205323451,0.09715016331325117,0.0706572438940465,0.04153275909993205,0.11328987396398298,0.0853132280965666,0.05642980037233669,0.06304264949933354,0.10802393147147035,0.07445518618800503,,,,,,,,,,,,,,
217,2,180.0,30.0,False,,,0.04139993307138123,0.03014852660323211,0.21701694319021275,0.10301767694516985,0.21197782645785718,0.23510491478167986,0.3998686884755959,0.12567565513806317,0.11245763109786754,0.20152354114088533,0.23348518131814336,0.2957392870796608,0.18654631858803913,0.24314707381201323,0.30672945648075256,0.4031055451106269,0.4696612151079212,0.07526301406546254,,,,,,,,,,,,,,
218,2,180.0,60.0,False,,,0.22662208699551295,0.08663594109797737,0.8422568566151897,0.8902538623933596,0.23552504276615188,0.03976449707905037,0.07705057817556286,1.9521400445678458,1.9068041204873374,0.16670177794978916,2.1707443994407574,2.1254362314531265,0.08674876209101332,1.9549831529834494,1.9089640495969247,2.0194001004884004,1.973670278662339,0.06433461907914775,,,,,,,,,,,,,,
219,2,180.0,90.0,False,,,0.07990002106450544,0.09157033214036396,0.8182510594058835,0.8865151442290884,0.12384246957134573,0.0747569631223084,0.08507803801785035,1.8930371519039109,1.9145406744140023,0.18982145208003626,1.7852923452070701,1.8062221309585313,0.13176957788210525,1.838623252016799,1.8590582251688026,1.9585607024466725,1.9792883392384673,0.036005212873332186,,,,,,,,,,,,,,
220,2,180.0,120.0,False,,,0.24702674477490333,0.05080053120066359,0.3386786004304042,0.2537176838078902,0.15446582102992557,0.11761953510864584,0.12425303071619975,0.6253854705137136,0.6716691447835361,0.14009380289802287,0.7620041038682289,0.8102562331440748,0.19538887504200553,0.527129482238182,0.5748571909928268,0.7157092268941208,0.7626510898376424,0.07955944412568204,,,,,,,,,,,,,,
221,2,180.0,150.0,False,,,0.10621742871997719,0.05075666079317545,0.1530139072957641,0.0895569651243853,0.11055961613268753,0.0773943001102356,0.058930887737685456,0.28383771637192123,0.2343470161262907,0.1277816339295385,0.18728248298320055,0.1548924307363277,0.08791890115791196,0.24297278612047177,0.19923705337208256,0.2967403843428896,0.24590022388067806,0.07351762870480785,,,,,,,,,,,,,,
222,2,180.0,180.0,True,,,0.25493970797968457,0.03835370326316404,0.17797560264496437,0.06517101079830896,0.20404687557957393,0.11951628307383054,0.144374916324077,0.29413497788732845,0.127804960360012,0.08020311343047257,0.12042613944077357,0.09602780467809066,0.18292590245579754,0.3257253292545992,0.19398482117828159,0.16138353474236095,0.06176316388450656,0.19720393355623028,,,,,,,,,,,,,,
223,2,180.0,210.0,False,,,0.12340288712124012,0.05807742033940606,0.09394675194135974,0.010040157764825915,0.09599570389025777,0.10029290286657466,0.10784721849905217,0.08578081442079713,0.07981712003011684,0.07493134748226099,0.048793639759715825,0.13662409726773872,0.07188925551423622,0.12409281950816227,0.13708730218921436,0.0979900640357928,0.15937701660817744,0.09680877025271437,,,,,,,,,,,,,,
224,2,180.0,240.0,False,,,0.056249881483982876,0.03463534475495024,0.10271583449505546,0.05258102854269504,0.08250385240315558,0.05416945452579153,0.06373767871737518,0.19980256353424355,0.11336562329471145,0.03567724517193542,0.24695157122788206,0.15943760382874905,0.04093375466883979,0.2139524539976887,0.12476372997227608,0.21948547813373315,0.13037068599973856,0.09815314144995402,,,,,,,,,,,,,,
225,2,180.0,270.0,False,,,0.05792172866047258,0.04519237567660562,0.21779153852678887,0.1863467839173963,0.08437136256128677,0.07341200568196254,0.042782736640541254,0.4744726175636892,0.4139189701864646,0.059785221022551016,0.5033809355839525,0.4378788163444078,0.05449186199615666,0.45668944747275053,0.3968240754900376,0.4649919112863982,0.39911759857571505,0.07323836284378993,,,,,,,,,,,,,,
226,2,180.0,300.0,False,,,0.07355952046132702,0.03801713182247987,0.5556397652984076,0.569217737426601,0.12057008489678342,0.08016184836656559,0.07279896729200512,1.2326052990841245,1.2720626268525592,0.08416320906201552,1.184313958802389,1.223617977605905,0.06380278958338245,1.189447568190307,1.2289254770233182,1.242834466946714,1.2821728510124886,0.04700774980812641,,,,,,,,,,,,,,
227,2,180.0,330.0,False,,,0.07343106889566886,0.03217700570684488,0.22251018250093385,0.18898197221726332,0.06250045209392231,0.07999743658566794,0.06645135302386221,0.491519642471862,0.4120820283293548,0.06967716196842555,0.4627367018590797,0.3792723355379488,0.05915065068801133,0.4253239829984399,0.34278191783167883,0.4693896024130212,0.38666715965973086,0.13097627072486562,,,,,,,,,,,,,,
228,2,210.0,0.0,False,,,0.18578668916613114,0.06840176250771632,0.09671098374857785,0.046136155907233786,0.17914562090667832,0.1051574916313361,0.064163458895474,0.0900737599193625,0.0450145873900383,0.14161335330739408,0.11431783933768745,0.1691918305711931,0.09964930405169456,0.15178605519103933,0.08570398955260433,0.0656226663132005,0.05311615463428195,0.0869220846212799,,,,,,,,,,,,,,
229,2,210.0,30.0,False,,,0.06307846123486405,0.13010017798478668,0.6601816523113154,0.56689493032628,0.1738974573710691,0.13351941758669023,0.2925920059077722,1.3007415139149798,1.4001578667760657,0.14277366503178837,1.441242086383932,1.5379463040216141,0.19332471181104335,1.3969107057778385,1.4946253027274539,1.5708040425745393,1.6718803599083514,0.1197213301991813,,,,,,,,,,,,,,
230,2,210.0,60.0,False,,,0.04700586965239397,0.022045061846723786,1.153018409521798,1.2030505395472686,0.1380678956844756,0.10051558245965349,0.277725157808671,2.5873159296975583,2.6614674819586313,0.16964007589671654,2.6748920165486973,2.749356746809718,0.18487587112190432,2.6574778274014124,2.7320594329612606,2.8321951318389376,2.9065272354232654,0.08622847269502104,,,,,,,,,,,,,,
231,2,210.0,90.0,False,,,0.07214322370808515,0.05073584619632193,0.7186932019450707,0.7937101073448773,0.052042482639473114,0.08635435553325382,0.07389964475759721,1.6719041793652747,1.7092653474297541,0.07977572089577054,1.6430198099658126,1.6811116743641779,0.11503647496908945,1.6156513600258022,1.652362955995173,1.7170714105059752,1.7539150812239952,0.05054090177091287,,,,,,,,,,,,,,
232,2,210.0,120.0,False,,,0.11118313920395552,0.0990505586409898,0.3127994636005025,0.2272224425047668,0.06297306908841416,0.13506410012752965,0.19307894447730564,0.5916921232606115,0.5811890810486515,0.17281972941262314,0.6135025813812138,0.602053293449699,0.07942113030125664,0.7121887710151928,0.7003131101207036,0.7800594898219568,0.7704553957993566,0.06821668347832294,,,,,,,,,,,,,,
233,2,210.0,150.0,False,,,0.08100073646717101,0.042377536404554744,0.06565526338666566,0.018169781248141833,0.05025312156105781,0.09809517613050861,0.05181870984405,0.054983912416614204,0.07312539698109766,0.0329043112400525,0.049491500113022516,0.06535929984543064,0.06879694544796335,0.07010008381545157,0.07605453447254237,0.0387334630128847,0.05914219325367831,0.0342846957259607,,,,,,,,,,,,,,
234,2,210.0,180.0,False,,,0.11558563228448451,0.03592332379739816,0.08929323114291128,0.016402126179260994,0.09520339548019705,0.10718257419286376,0.09825937136645777,0.08656699140096658,0.05925382327407122,0.03461730606677706,0.03395673487674879,0.14171416976495635,0.10606047754999048,0.11270494589555208,0.12933162581521956,0.031243406056735396,0.14722901595314658,0.1307228908195966,,,,,,,,,,,,,,
235,2,210.0,210.0,True,,,0.08692121316320868,0.032522392625196475,0.27523758308645924,0.13890750241869845,0.133989397631609,0.1861725902744067,0.16786048758185362,0.4393053167465327,0.44886012319789415,0.05995281897645481,0.33479146319644293,0.3617564249778815,0.10674515018695678,0.25814810205750416,0.2834551979356329,0.3329016299221176,0.36312122694517657,0.08571415167486635,,,,,,,,,,,,,,
236,2,210.0,240.0,False,,,0.04879544534090122,0.024741861197633094,0.2844098816049592,0.2656873783661803,0.03514689739570089,0.05770112702107264,0.11300522243222431,0.6237882511705841,0.592407910005214,0.10669791100889411,0.6139665756509739,0.5813960819412387,0.11335733227447789,0.580157655182177,0.5486572786359076,0.6253542997385612,0.5901586320584237,0.08056824457541095,,,,,,,,,,,,,,
237,2,210.0,270.0,False,,,0.04768863332858162,0.034553562998903775,0.23636967946390364,0.1840913335753423,0.10750252671475555,0.07337600346088743,0.07842238359386697,0.470312305055846,0.4522351784941624,0.060891051492850984,0.5141241418159088,0.49289852613193397,0.03688411965955342,0.502341561574911,0.4830658113534333,0.5180755138477653,0.49985379751266984,0.037701948490884596,,,,,,,,,,,,,,
238,2,210.0,300.0,False,,,0.06610067627418142,0.01842144973602103,0.2573031039129365,0.23610171463315133,0.08394358515899088,0.05644511962919099,0.05481581061648391,0.5683196882171107,0.522991315942906,0.058248562336530134,0.5929135527803285,0.5323664284873153,0.07703726038014541,0.5484850269696331,0.4999864386715887,0.6036922135655334,0.5499198860292951,0.07076683299984385,,,,,,,,,,,,,,
239,2,210.0,330.0,False,,,0.10942779559160704,0.03219714552809514,0.1574348704593994,0.10202442051110264,0.056862339172393264,0.1135772877551386,0.05971074283727751,0.3023578169784913,0.25466616555369637,0.08577047033660767,0.2815604665684595,0.22817307463444503,0.12054843166354882,0.22438680694212082,0.19603789631849947,0.3187448020245909,0.2732866823699821,0.0820480897481202,,,,,,,,,,,,,,
240,2,240.0,0.0,False,,,0.041333043554194086,0.024833576907262785,0.07791789829888027,0.02644572173120148,0.07902537546052715,0.07386560459241108,0.12044977220774108,0.03706842573036451,0.07918031350335754,0.16428699298559463,0.07177860534582936,0.06279180023625573,0.14837999133456073,0.07368865091164567,0.06696138376398002,0.12696782497458464,0.18544005665597652,0.06318167294578024,,,,,,,,,,,,,,
241,2,240.0,30.0,False,,,0.03595543869379742,0.15972984727052114,0.45219001862614244,0.4322550076131509,0.09606321817348593,0.11224931516005668,0.08978508399601481,0.9688427182915976,0.9940097575095573,0.1644641486773133,0.8922675285917501,0.9156956298813623,0.18642980868799416,0.8742262098148712,0.8985769077683735,1.029736352909797,1.0529598580922142,0.03172714288582915,,,,,,,,,,,,,,
242,2,240.0,60.0,False,,,0.30657698631292934,0.06486518731638333,1.0300631339773205,1.0423621165708536,0.0959749481201635,0.37654004393758944,0.07832425629276063,2.260852161894248,2.3386242596418403,0.13627268042123974,2.1884899784109693,2.2665699395677916,0.4368732036962359,1.890947656895688,1.9686578458770327,2.3217799290839256,2.3999426443230885,0.08041947826685449,,,,,,,,,,,,,,
243,2,240.0,90.0,False,,,0.13962688704917375,0.04742580829364529,0.6141287641148756,0.48667212804495924,0.2226671372618693,0.1353119026829892,0.3066920962962303,1.1201696475581944,1.285803036775095,0.11555441774179331,1.3169314898859281,1.4829477816854753,0.19381466402509898,1.2406406347002599,1.4072344537447012,1.415346827918873,1.581192742203589,0.17033746007874795,,,,,,,,,,,,,,
244,2,240.0,120.0,False,,,0.09648080674410903,0.11888044012437005,0.15660461772114673,0.10621308895980526,0.07338051019860206,0.06564115839267157,0.0871826343972809,0.33634591017529936,0.2204728754418798,0.136447318850159,0.2821935974657285,0.17047370334271805,0.09361718402329744,0.3266790426613743,0.21992725028385118,0.4104237735436259,0.297419057230437,0.11920052718421037,,,,,,,,,,,,,,
245,2,240.0,150.0,False,,,0.10330579636475437,0.056770245285901993,0.06732077757809309,0.020993170785937813,0.04804033793621591,0.09470378573627561,0.038603534371918866,0.07289318377170723,0.08236304607434779,0.039756814555544556,0.07837236959040944,0.08839499960984896,0.09584453198333422,0.050525436607188466,0.054921400449956755,0.06510257732989032,0.08615751744686798,0.0641130080226417,,,,,,,,,,,,,,
246,2,240.0,180.0,False,,,0.04608043807188048,0.0634215608237119,0.08796821452460517,0.03155170993150126,0.052725219566706755,0.057543490922154446,0.08126627243509126,0.1327034711272329,0.1156026185718405,0.08506506225655769,0.09811439296996836,0.07833201165702673,0.06461300940087866,0.1251901593956934,0.10176686260865281,0.1765308015749676,0.13966980504220036,0.06652694401867029,,,,,,,,,,,,,,
247,2,240.0,210.0,False,,,0.12102834102135734,0.025366768617827495,0.2688710692883367,0.21244843017511825,0.043249052810906574,0.11270699288456527,0.13657763072975665,0.5451296816522146,0.5066919883642405,0.10763696412014578,0.5767099521518836,0.5361143348850138,0.15809654001742632,0.46655455852009375,0.42826625870097357,0.6146030557897111,0.5757478169178432,0.06329215807982742,,,,,,,,,,,,,,
248,2,240.0,240.0,True,,,0.07589122951241226,0.031518327600086694,0.2585767857949043,0.1347427056397754,0.1671390630961538,0.1434126206418334,0.13739084283119013,0.40315907568180076,0.44178232672354345,0.052911400282252316,0.5516637384943767,0.5928515438801855,0.031185132452192742,0.5448571266711753,0.5842307760158844,0.5334438326273983,0.5734549588181085,0.06315019127309837,,,,,,,,,,,,,,
249,2,240.0,270.0,False,,,0.07484926116903753,0.01642099295803299,0.19324341576456097,0.1058582183102519,0.08099025996586656,0.1295666568468566,0.11302044936701557,0.3294265731960274,0.3132131394470387,0.04481431660869302,0.3900858663959353,0.37345680521585467,0.03628128984274469,0.4536193363701746,0.43673748626763337,0.4299597705745909,0.4125181317086163,0.024194739422328887,,,,,,,,,,,,,,
250,2,240.0,300.0,False,,,0.030008915698493534,0.022592385600893158,0.13978678041918616,0.11671083863786068,0.04312826078137453,0.034016765440183575,0.060897954107491624,0.3103098049563059,0.25058111681057516,0.048717259120627666,0.2961514688791595,0.2360532008600696,0.047092404315573606,0.3108180606608703,0.25159412201339626,0.3287091499263455,0.27134427577505693,0.06790059452290848,,,,,,,,,,,,,,
251,2,240.0,330.0,False,,,0.07365059034474321,0.03850591151622701,0.15992648434086335,0.08461566342022049,0.06442748423467554,0.12466859811834648,0.09201754991000381,0.23591204611862876,0.2826067433226621,0.08587167729284766,0.1854042544645229,0.22901056326750355,0.123174488287465,0.12184920434301094,0.16855851271922412,0.21746862540237297,0.27223056077882113,0.07976343160449269,,,,,,,,,,,,,,
252,2,270.0,0.0,False,,,0.04468509256630673,0.023801485283090073,0.08484687001042421,0.011380492883097535,0.06359656907100301,0.08344004843690606,0.08951310793377618,0.09156043655923245,0.0961241880512033,0.04538323811693289,0.041191360143478704,0.048224662567662585,0.05824094994338611,0.04043188439667776,0.05520491670049346,0.06497585227154516,0.0703609366544117,0.03854024162254323,,,,,,,,,,,,,,
253,2,270.0,30.0,False,,,0.04528167413923381,0.048310755369485175,0.21588405594069265,0.09233329509241413,0.23208086142218617,0.2520438952411948,0.0437348442469729,0.22969978060734544,0.32186089818576413,0.2167767968093681,0.028971750047097726,0.09914959501926764,0.24104214895121506,0.06416226057452198,0.07845831159966357,0.2161575726570169,0.3112816195057847,0.10157508111620901,,,,,,,,,,,,,,
254,2,270.0,60.0,False,,,0.03479789823651766,0.11856724921989514,0.3690120027900457,0.3496247302761895,0.0738359253098653,0.07559821400787584,0.10347002644300475,0.8327081606313014,0.7594476875581813,0.05194289385974416,0.8779983077009403,0.79753952845022,0.037863311463765904,0.8940036184240309,0.815149275764932,0.919621307915383,0.8403783809872696,0.08761161272221421,,,,,,,,,,,,,,
255,2,270.0,90.0,False,,,0.13375278541014135,0.037058200541726476,0.22490490846987887,0.08528080858137181,0.08587852651918179,0.1818729033064937,0.31199942475788517,0.23308372653707154,0.31168996122876214,0.2513499922818264,0.2917481132264782,0.3675186197086884,0.15741147041257042,0.406659993913672,0.4829325707668626,0.5373332868383236,0.6105657511059809,0.08499136371525531,,,,,,,,,,,,,,
256,2,270.0,120.0,False,,,0.11655001261714976,0.040058888757516564,0.08369279820124749,0.019687060771883497,0.11357144667996386,0.07314626994967859,0.06164680307186653,0.0999532663811237,0.07014620492360482,0.07438925226847667,0.0556939813313605,0.16166260949622707,0.06052992875189251,0.12029681758107377,0.12753717575115886,0.08206624019978909,0.11172913896317713,0.11779567316528927,,,,,,,,,,,,,,
257,2,270.0,150.0,False,,,0.06978658732984022,0.05327181897173269,0.10335684378168879,0.013246559694337913,0.10672945268518658,0.09015943928216637,0.08784046864303224,0.1079662450612954,0.12408861323676337,0.16687083966127825,0.1086442439516846,0.1441966971409834,0.14765100395164737,0.06928407236179052,0.10474971805749744,0.1206280246299215,0.11177141259378066,0.05909297183527398,,,,,,,,,,,,,,
258,2,270.0,180.0,False,,,0.12490313833872693,0.03558195755491597,0.20514414808757656,0.12653805657563508,0.12586669832213798,0.06611552939842481,0.11816051135573563,0.34598915220163795,0.3695888491599465,0.11416108520125504,0.4411512605042408,0.4534094508928799,0.09005658989087512,0.3350913167384362,0.35563745346404463,0.4034017812219796,0.4290752104228051,0.09400185829892146,,,,,,,,,,,,,,
259,2,270.0,210.0,False,,,0.10129124245311039,0.04065865936015184,0.3243412284828978,0.2801512989490221,0.06604562692562346,0.13188650398243354,0.09136947886992684,0.6481116852015907,0.6842928474349147,0.08354006030053718,0.6662425936693832,0.7018023435446197,0.1219029733301066,0.6068014904062453,0.6409564313470659,0.6949582089321704,0.7340034326714314,0.05342247539962289,,,,,,,,,,,,,,
260,2,270.0,240.0,False,,,0.09578970553790475,0.021173874272719093,0.2208537757225896,0.2112272659136053,0.07590235643958823,0.03023736504928217,0.040461637194518146,0.47210356031614226,0.48556395961341703,0.04743214613412748,0.46865091849043006,0.4783595770990966,0.06012203941071138,0.4840084068841247,0.4992159095690145,0.4848480662643009,0.4966200753747435,0.03209507942866875,,,,,,,,,,,,,,
261,2,270.0,270.0,True,,,0.06487576852439508,0.018561802918432756,0.1703383194509738,0.10727574705275014,0.06744734727423975,0.05949519843821193,0.129064878330893,0.2828460591636833,0.312838114047841,0.08199174105690676,0.32616096317981097,0.3557125166510019,0.08678791092293411,0.33502857890942184,0.3658936306770493,0.4053156615960406,0.4356070844866169,0.03298269248582619,,,,,,,,,,,,,,
262,2,270.0,300.0,False,,,0.043119481591926356,0.024029258054946045,0.14099239025412677,0.10020209450536913,0.06182068247933124,0.07365987001234067,0.04323833195379319,0.2657253758428581,0.2605176909823107,0.06549155477005249,0.22363050827476663,0.21359763295807555,0.05599848978418075,0.24809552877454605,0.23710348391267944,0.26490079002661415,0.26364212997078174,0.04375476797267698,,,,,,,,,,,,,,
263,2,270.0,330.0,False,,,0.08377960610512185,0.07926772370977726,0.2167627561394862,0.07295237570528133,0.1518828268429553,0.14388518426269734,0.18380488600028047,0.27536591234984253,0.32887497124165543,0.08680308174215734,0.15702482997534428,0.20656177022516614,0.15901945939918205,0.1420134592688157,0.1958254521937528,0.21025420778457823,0.2467356988086761,0.0738270467878499,,,,,,,,,,,,,,
264,2,300.0,0.0,False,,,0.06815048558390252,0.051984749648710096,0.14571318414066664,0.05599147523063725,0.06708550702107835,0.12141632302312365,0.12094270600252394,0.21780666808605847,0.2013147165705489,0.08049848384675336,0.1663903947377155,0.14583272076062104,0.044771555157877174,0.1121971616798233,0.08833132242371082,0.14440745363737173,0.11232553822092248,0.07914910221171248,,,,,,,,,,,,,,
265,2,300.0,30.0,False,,,0.0719121514359326,0.046516686264253516,0.09331836307927577,0.047875232609411,0.06147263302637161,0.04754748020690698,0.06098626726593804,0.17340587683943365,0.12317955805772854,0.033647975814272583,0.12522267430839298,0.08221264304434701,0.0669549430267215,0.17631474329705837,0.13876789691575797,0.1277982417429481,0.09669307893097995,0.05633878034142758,,,,,,,,,,,,,,
266,2,300.0,60.0,False,,,0.0962863886738501,0.023499630719826817,0.08180763770895884,0.03720493299125846,0.05018795746139601,0.0808931621730542,0.14886050388202252,0.08490187193289817,0.04419469309542327,0.16348694546415696,0.10007101259516016,0.06483004747092852,0.08601666320077561,0.03736604502118668,0.05638264689822934,0.09873995611898995,0.12859968438940397,0.052355789465725555,,,,,,,,,,,,,,
267,2,300.0,90.0,False,,,0.07240338794054771,0.028657759479824404,0.08086736807781919,0.022524632073016783,0.04279066671270687,0.0785324233191266,0.11181760946044363,0.09187626942458302,0.07931987147223579,0.11464477154875624,0.10151051380022638,0.09369654200596655,0.1416174347464006,0.14792461003477012,0.1321495509342866,0.13636534995698035,0.1344666583554903,0.04802833910474018,,,,,,,,,,,,,,
268,2,300.0,120.0,False,,,0.11370229499770407,0.05664829335046076,0.08602164026063082,0.034191884167131155,0.03706225849328533,0.09472861056918382,0.05831439975989007,0.10784325921589069,0.1321596732649042,0.08055258257506595,0.11961082525103753,0.12873996958156717,0.08017644452247055,0.12105677381970763,0.13897919820789228,0.11483407602959515,0.1236854685269165,0.057511635675816464,,,,,,,,,,,,,,
269,2,300.0,150.0,False,,,0.11589472622724664,0.07895525606471877,0.2559066205039683,0.2065603665239075,0.12689057422494535,0.06845359092199854,0.07161722726323212,0.47304398427464805,0.5395277258350173,0.1176465155959946,0.4184194426969612,0.4943819746988316,0.046625198633232334,0.45557537633203327,0.5218903677285696,0.47859473076420095,0.545208860793475,0.14109928882017475,,,,,,,,,,,,,,
270,2,300.0,180.0,False,,,0.07139558272439754,0.05098619497796329,0.3731798926090903,0.36094463339457455,0.06793003115642957,0.10336527058634716,0.0717315038636054,0.7392587870397658,0.8836138703993037,0.08292383647914583,0.714138700480649,0.8536909988445769,0.0858963763191649,0.6563022461532608,0.798203531582389,0.7217471442810601,0.8609247181854387,0.1608815829537574,,,,,,,,,,,,,,
271,2,300.0,210.0,False,,,0.07270546645012319,0.046583655500927496,0.2530117516574527,0.2375700955664869,0.04209814526756624,0.08405419291439256,0.0521403679115151,0.553033898424482,0.5337321537693074,0.07346851424898537,0.54771138783422,0.5332795513280545,0.07651217756916354,0.5606506684714792,0.5654720912740778,0.5744070484767847,0.5586974886573653,0.06920710609271426,,,,,,,,,,,,,,
272,2,300.0,240.0,False,,,0.06578793485557485,0.02572336133721021,0.23181541232572692,0.23139959390949713,0.03831158630454094,0.04818104628259519,0.043954648801657704,0.5431243751089851,0.4855054051308557,0.05693062328197997,0.5649365542857229,0.5037365275468886,0.0385315079521424,0.5260104832762115,0.46881271258236745,0.5599538419122444,0.5009959177751308,0.0722562598894988,,,,,,,,,,,,,,
273,2,300.0,270.0,False,,,0.03617417561820928,0.02932690236428048,0.16106640556502186,0.14239387353442,0.02488305917314971,0.049726341633558484,0.06303257434481722,0.3575307475061923,0.31015930516739154,0.05295028680321049,0.3641510343140632,0.31752193743666335,0.0397439355057039,0.37641843889388327,0.33141596897054204,0.40699275820989234,0.3632812578417646,0.0703469107336136,,,,,,,,,,,,,,
274,2,300.0,300.0,True,,,0.14459005638917188,0.024331862730069227,0.17444012755617344,0.05041398842509269,0.10948249115380719,0.15664090882268877,0.17354347890473726,0.16793580195627517,0.26459795694335886,0.07933078663351803,0.14768600651462926,0.2841887472466613,0.20233952352904205,0.07184609098153591,0.1531394723854204,0.1865995182350043,0.3501466056963141,0.18371407574712514,,,,,,,,,,,,,,
275,2,300.0,330.0,False,,,0.14911847037385945,0.048334785577244604,0.23500641577967513,0.03865686404061149,0.2327721272264952,0.17561431112949505,0.2928214766725878,0.21974369304552904,0.2540804708242685,0.0922908394133012,0.2597999656767953,0.2502989413431797,0.17911433819712932,0.1450651452056822,0.1610896442372942,0.31186336205646875,0.3100851968441263,0.06264462211347299,,,,,,,,,,,,,,
276,2,330.0,0.0,False,,,0.12426598078910547,0.08124137849407163,0.15320643387860772,0.08942939726374911,0.06436773201275388,0.08705885731578482,0.09542047891261293,0.28913100345716625,0.23005409769472074,0.10871505501962811,0.23870142807052358,0.19749570413051784,0.11129821663642558,0.3583776462930408,0.2644647831153527,0.2943812099228481,0.28046355263384376,0.12991522205446415,,,,,,,,,,,,,,
277,2,330.0,30.0,False,,,0.039659301715179465,0.08396404924369283,0.10727775367656678,0.053360096577464156,0.05568989963455291,0.0685099638596701,0.07187977297532536,0.1915116167724859,0.14879751514079967,0.08917738482708268,0.21694518205306562,0.17517332081889875,0.0854063325776683,0.23004867811947577,0.18749422829888157,0.16537614087394828,0.1250109851744407,0.04993854403653931,,,,,,,,,,,,,,
278,2,330.0,60.0,False,,,0.030767682852155226,0.10553657916414672,0.10798352741363211,0.04115475739929639,0.14826143057808588,0.15776432294516374,0.11105027464042114,0.058062686066405814,0.06477892283808402,0.06530993587293299,0.1642755701997178,0.11370817585166963,0.07389911730900717,0.17152049091365726,0.12341647510520684,0.12306630370836313,0.07864557049295649,0.07765064409509487,,,,,,,,,,,,,,
279,2,330.0,90.0,False,,,0.03218838454169631,0.021489699135942442,0.05812057787563148,0.00988109946072675,0.05700581385556518,0.039340601530058625,0.06499741645757048,0.06568466622205463,0.06357439131290843,0.051351512828058006,0.05440636943199465,0.028329997292405207,0.04415458318731378,0.044565505225046986,0.03778305439111921,0.05840631864293859,0.057554447379466765,0.03153383415682456,,,,,,,,,,,,,,
280,2,330.0,120.0,False,,,0.057105188442778926,0.04320177230233754,0.21222628011003292,0.160995567789155,0.07167095293372594,0.05927619888751795,0.11466468327234382,0.39253857342510023,0.42298099203147665,0.09333499936140131,0.4248827623306074,0.4567211212090063,0.11293132738073408,0.38198635307172246,0.4090073639151024,0.48377458962133674,0.5161184438800939,0.08341141303028521,,,,,,,,,,,,,,
281,2,330.0,150.0,False,,,0.19880495596249637,0.06245223293124277,0.2743164819699969,0.14654877950680892,0.07568563515132917,0.2649567096051518,0.15929297881520077,0.4008847585648546,0.47076232771344834,0.10826789939653955,0.40503157458618083,0.4333491952944838,0.14011412427248726,0.5471292455304988,0.4718051104401013,0.49286258439106745,0.4295252297280612,0.10479762422102923,,,,,,,,,,,,,,
282,2,330.0,180.0,False,,,0.07475844754725197,0.0545166431556328,0.2256315180868981,0.1277231735090989,0.13749897718922077,0.1409593330311747,0.08949035519654688,0.39372658090350987,0.3664823441140382,0.09446602180572787,0.47041588412118296,0.4305499512162497,0.09712911695648369,0.4716416597652406,0.4267030039838612,0.46596494546096834,0.4331589091332323,0.10519897011435406,,,,,,,,,,,,,,
283,2,330.0,210.0,False,,,0.04022932247458223,0.04032198031926741,0.18468775077968064,0.11799595950228671,0.10302012857208236,0.09966528000353131,0.09681941258222226,0.4002731636049651,0.2236607691356022,0.07488847331421551,0.4529494460425404,0.2676050061510563,0.08993169034264056,0.4318750069598435,0.24630767406103987,0.460087002247119,0.2894865729139343,0.23748907193598487,,,,,,,,,,,,,,
284,2,330.0,240.0,False,,,0.06582971134185628,0.04353330258280627,0.21805194961682278,0.15143246006427874,0.09347847463193065,0.1260265618183587,0.06900332151862557,0.3725279455491719,0.42922344456602707,0.07324278268329318,0.31925847527446544,0.3588515289247241,0.11707790187356716,0.29614405371355584,0.3362234385985005,0.37648088291477566,0.4265743358801624,0.0660739096846748,,,,,,,,,,,,,,
285,2,330.0,270.0,False,,,0.1353549732193751,0.033933131171321115,0.22923395140087183,0.13201381542167218,0.07297669519692594,0.16388279716325022,0.13561481835346959,0.3857546369709564,0.38794080931975683,0.11373730870752005,0.40612738254669906,0.4228490000011628,0.07304361351305555,0.3468810974038468,0.38139390845688736,0.31402127156938775,0.34500749035248135,0.06060787937116875,,,,,,,,,,,,,,
286,2,330.0,300.0,False,,,0.07378299519209011,0.03479270759874392,0.32757579418212246,0.07912230864435778,0.250473304948126,0.23689793022935596,0.33709792286036144,0.359160579634494,0.4542492332382751,0.10686393383831433,0.1510471012484001,0.2573171684017752,0.12798529327287975,0.19117651420367465,0.28755514548913064,0.1420207488086942,0.2612294824192995,0.12362178940457223,,,,,,,,,,,,,,
287,2,330.0,330.0,True,,,0.22755368449366276,0.03756596025653635,0.19635480660854943,0.045879481322608835,0.22008423854782122,0.10662793856492253,0.20097236217129139,0.22871366210379665,0.22537583165491532,0.05428018413760431,0.3075847672987192,0.29801006321722956,0.19241079864643912,0.1394324601263622,0.13920739224047532,0.2722745283536391,0.2641553333124987,0.054954145617635425,,,,,,,,,,,,,,
0,1,0.0,0.0,True,,,,0.03459956380924208,,,,,,,,,,,,,,,,,0.14670275821998413,,,,,,,,,,,,,
1,1,0.0,30.0,False,,,,0.02561032177517278,,,,,,,,,,,,,,,,,0.04868789971398565,,,,,,,,,,,,,
2,1,0.0,60.0,False,,,,0.05745375341229463,,,,,,,,,,,,,,,,,0.09080038675653243,,,,,,,,,,,,,
3,1,0.0,90.0,False,,,,0.03834023610504013,,,,,,,,,,,,,,,,,0.07178079002020228,,,,,,,,,,,,,
4,1,0.0,120.0,False,,,,0.04886676438939625,,,,,,,,,,,,,,,,,0.14583334456931238,,,,,,,,,,,,,
5,1,0.0,150.0,False,,,,0.03438620752512485,,,,,,,,,,,,,,,,,0.12417521642831761,,,,,,,,,,,,,
6,1,0.0,180.0,False,,,,0.0332208125444593,,,,,,,,,,,,,,,,,0.0765492125569627,,,,,,,,,,,,,
7,1,0.0,210.0,False,,,,0.10725767297873456,,,,,,,,,,,,,,,,,0.08398887370996272,,,,,,,,,,,,,
8,1,0.0,240.0,False,,,,0.06351935629419785,,,,,,,,,,,,,,,,,0.06850643731116175,,,,,,,,,,,,,
9,1,0.0,270.0,False,,,,0.07578424938157649,,,,,,,,,,,,,,,,,0.09753906278962798,,,,,,,,,,,,,
10,1,0.0,300.0,False,,,,106.5148171839854,,,,,,,,,,,,,,,,,178.44969909089943,,,,,,,,,,,,,
11,1,0.0,330.0,False,,,,0.021060089357298185,,,,,,,,,,,,,,,,,0.09455229161548931,,,,,,,,,,,,,
12,1,30.0,0.0,False,,,,0.02947924605168791,,,,,,,,,,,,,,,,,0.16531638607471089,,,,,,,,,,,,,
13,1,30.0,30.0,True,,,,0.025031493559716733,,,,,,,,,,,,,,,,,0.2498538118884257,,,,,,,,,,,,,
14,1,30.0,60.0,False,,,,0.030804390481747462,,,,,,,,,,,,,,,,,0.05001423833143514,,,,,,,,,,,,,
15,1,30.0,90.0,False,,,,0.022010496792698443,,,,,,,,,,,,,,,,,0.1010736414839501,,,,,,,,,,,,,
16,1,30.0,120.0,False,,,,0.032951974607814044,,,,,,,,,,,,,,,,,0.03348393402480214,,,,,,,,,,,,,
17,1,30.0,150.0,False,,,,0.04427942463680065,,,,,,,,,,,,,,,,,0.08967858539396423,,,,,,,,,,,,,
18,1,30.0,180.0,False,,,,0.08729010365603873,,,,,,,,,,,,,,,,,0.0719249270394536,,,,,,,,,,,,,
19,1,30.0,210.0,False,,,,0.10270876142650573,,,,,,,,,,,,,,,,,0.11351922676382938,,,,,,,,,,,,,
20,1,30.0,240.0,False,,,,0.03608891571794924,,,,,,,,,,,,,,,,,0.06678542113474537,,,,,,,,,,,,,
21,1,30.0,270.0,False,,,,0.040710221444230574,,,,,,,,,,,,,,,,,0.07986479910159339,,,,,,,,,,,,,
22,1,30.0,300.0,False,,,,0.016911315149297876,,,,,,,,,,,,,,,,,0.10832681532720209,,,,,,,,,,,,,
23,1,30.0,330.0,False,,,,0.06343422878841853,,,,,,,,,,,,,,,,,0.08416892642121301,,,,,,,,,,,,,
24,1,60.0,0.0,False,,,,0.029044812269833672,,,,,,,,,,,,,,,,,0.0938463160534854,,,,,,,,,,,,,
25,1,60.0,30.0,False,,,,0.03747554694396897,,,,,,,,,,,,,,,,,0.14087849183768705,,,,,,,,,,,,,
26,1,60.0,60.0,True,,,,0.029022459129735403,,,,,,,,,,,,,,,,,0.07342660543866183,,,,,,,,,,,,,
27,1,60.0,90.0,False,,,,0.02477721259780228,,,,,,,,,,,,,,,,,0.10876160923088146,,,,,,,,,,,,,
28,1,60.0,120.0,False,,,,0.021483526103866404,,,,,,,,,,,,,,,,,0.09963240256116915,,,,,,,,,,,,,
29,1,60.0,150.0,False,,,,0.02602753231166348,,,,,,,,,,,,,,,,,0.03626643222666066,,,,,,,,,,,,,
30,1,60.0,180.0,False,,,,0.04601247111043212,,,,,,,,,,,,,,,,,0.0675026152706378,,,,,,,,,,,,,
31,1,60.0,210.0,False,,,,0.033674056077996034,,,,,,,,,,,,,,,,,0.0611027595601801,,,,,,,,,,,,,
32,1,60.0,240.0,False,,,,0.0383159966301021,,,,,,,,,,,,,,,,,0.06899319645105915,,,,,,,,,,,,,
33,1,60.0,270.0,False,,,,0.025908077037255558,,,,,,,,,,,,,,,,,0.05842697716250119,,,,,,,,,,,,,
34,1,60.0,300.0,False,,,,0.01641280860720811,,,,,,,,,,,,,,,,,0.18037323980229691,,,,,,,,,,,,,
35,1,60.0,330.0,False,,,,0.045203123317315186,,,,,,,,,,,,,,,,,0.1422334795600959,,,,,,,,,,,,,
36,1,90.0,0.0,False,,,,0.05763760151666765,,,,,,,,,,,,,,,,,0.13293760203240823,,,,,,,,,,,,,
37,1,90.0,30.0,False,,,,0.025466598848255133,,,,,,,,,,,,,,,,,0.05133038217304191,,,,,,,,,,,,,
38,1,90.0,60.0,False,,,,0.040751718053038566,,,,,,,,,,,,,,,,,0.10936636239181657,,,,,,,,,,,,,
39,1,90.0,90.0,True,,,,0.040746930034433256,,,,,,,,,,,,,,,,,0.13366381519414172,,,,,,,,,,,,,
40,1,90.0,120.0,False,,,,0.027700985267274658,,,,,,,,,,,,,,,,,0.11178908091995828,,,,,,,,,,,,,
41,1,90.0,150.0,False,,,,0.03450001582763007,,,,,,,,,,,,,,,,,0.07087652562984062,,,,,,,,,,,,,
42,1,90.0,180.0,False,,,,0.02871649182755711,,,,,,,,,,,,,,,,,0.13270761499110087,,,,,,,,,,,,,
43,1,90.0,210.0,False,,,,0.01820776749944862,,,,,,,,,,,,,,,,,0.06471321134904115,,,,,,,,,,,,,
44,1,90.0,240.0,False,,,,0.025945265837168916,,,,,,,,,,,,,,,,,0.12899349420791878,,,,,,,,,,,,,
45,1,90.0,270.0,False,,,,0.04663329301594133,,,,,,,,,,,,,,,,,0.24678213865939913,,,,,,,,,,,,,
46,1,90.0,300.0,False,,,,0.0707674126013041,,,,,,,,,,,,,,,,,0.08239470277250088,,,,,,,,,,,,,
47,1,90.0,330.0,False,,,,0.05215450512943971,,,,,,,,,,,,,,,,,0.1305120047304073,,,,,,,,,,,,,
48,1,120.0,0.0,False,,,,0.06381127211551615,,,,,,,,,,,,,,,,,0.139054894007264,,,,,,,,,,,,,
49,1,120.0,30.0,False,,,,0.07703248307371396,,,,,,,,,,,,,,,,,0.15222894303471068,,,,,,,,,,,,,
50,1,120.0,60.0,False,,,,0.037995263848652275,,,,,,,,,,,,,,,,,0.052825515253780424,,,,,,,,,,,,,
51,1,120.0,90.0,False,,,,0.06065708769480349,,,,,,,,,,,,,,,,,0.1337869745451597,,,,,,,,,,,,,
52,1,120.0,120.0,True,,,,0.05523942273834411,,,,,,,,,,,,,,,,,0.42995328693474194,,,,,,,,,,,,,
53,1,120.0,150.0,False,,,,0.07973947513194549,,,,,,,,,,,,,,,,,0.26849404570636537,,,,,,,,,,,,,
54,1,120.0,180.0,False,,,,0.07649846515366035,,,,,,,,,,,,,,,,,0.12264557164952092,,,,,,,,,,,,,
55,1,120.0,210.0,False,,,,0.027502935352138443,,,,,,,,,,,,,,,,,0.05165357807344171,,,,,,,,,,,,,
56,1,120.0,240.0,False,,,,0.011486738659219037,,,,,,,,,,,,,,,,,0.059564652306108246,,,,,,,,,,,,,
57,1,120.0,270.0,False,,,,0.06986786867560757,,,,,,,,,,,,,,,,,0.03885193156124389,,,,,,,,,,,,,
58,1,120.0,300.0,False,,,,0.08507286564351008,,,,,,,,,,,,,,,,,0.12418971025429448,,,,,,,,,,,,,
59,1,120.0,330.0,False,,,,0.2458744782572339,,,,,,,,,,,,,,,,,0.2595392838993311,,,,,,,,,,,,,
60,1,150.0,0.0,False,,,,0.02856826087813116,,,,,,,,,,,,,,,,,0.063607910472678,,,,,,,,,,,,,
61,1,150.0,30.0,False,,,,0.05622078094070704,,,,,,,,,,,,,,,,,0.21881680524620006,,,,,,,,,,,,,
62,1,150.0,60.0,False,,,,0.049878798756006065,,,,,,,,,,,,,,,,,0.03780924710705462,,,,,,,,,,,,,
63,1,150.0,90.0,False,,,,0.05852843382964411,,,,,,,,,,,,,,,,,0.10145493730852219,,,,,,,,,,,,,
64,1,150.0,120.0,False,,,,0.0868762372322267,,,,,,,,,,,,,,,,,0.08999996530294455,,,,,,,,,,,,,
65,1,150.0,150.0,True,,,,0.03521538857383873,,,,,,,,,,,,,,,,,0.17864852437350928,,,,,,,,,,,,,
66,1,150.0,180.0,False,,,,0.023583059691019585,,,,,,,,,,,,,,,,,0.020718372526427838,,,,,,,,,,,,,
67,1,150.0,210.0,False,,,,0.006136436575373329,,,,,,,,,,,,,,,,,0.0766407586806945,,,,,,,,,,,,,
68,1,150.0,240.0,False,,,,0.012167578317441346,,,,,,,,,,,,,,,,,0.020972343651734247,,,,,,,,,,,,,
69,1,150.0,270.0,False,,,,0.011955617066267295,,,,,,,,,,,,,,,,,0.09758311136397749,,,,,,,,,,,,,
70,1,150.0,300.0,False,,,,0.05527772898403967,,,,,,,,,,,,,,,,,0.05431246619882146,,,,,,,,,,,,,
71,1,150.0,330.0,False,,,,0.021543697183376703,,,,,,,,,,,,,,,,,0.1558685226577973,,,,,,,,,,,,,
72,1,180.0,0.0,False,,,,0.1669405078597163,,,,,,,,,,,,,,,,,0.19313977739071447,,,,,,,,,,,,,
73,1,180.0,30.0,False,,,,0.02455882544141056,,,,,,,,,,,,,,,,,0.06787618258854164,,,,,,,,,,,,,
74,1,180.0,60.0,False,,,,0.04304414227820575,,,,,,,,,,,,,,,,,0.18377365980049626,,,,,,,,,,,,,
75,1,180.0,90.0,False,,,,0.03438360348469092,,,,,,,,,,,,,,,,,0.11482439064913001,,,,,,,,,,,,,
76,1,180.0,120.0,False,,,,0.026155719042129835,,,,,,,,,,,,,,,,,0.33815974601226645,,,,,,,,,,,,,
77,1,180.0,150.0,False,,,,0.02986579000910173,,,,,,,,,,,,,,,,,0.05395488179598272,,,,,,,,,,,,,
78,1,180.0,180.0,True,,,,0.013056626738470588,,,,,,,,,,,,,,,,,0.08750131049069695,,,,,,,,,,,,,
79,1,180.0,210.0,False,,,,0.007888012037335693,,,,,,,,,,,,,,,,,0.06984691113896838,,,,,,,,,,,,,
80,1,180.0,240.0,False,,,,0.027884041463144084,,,,,,,,,,,,,,,,,0.10379797924359269,,,,,,,,,,,,,
81,1,180.0,270.0,False,,,,0.025427597726584667,,,,,,,,,,,,,,,,,0.14984865390784985,,,,,,,,,,,,,
82,1,180.0,300.0,False,,,,0.02303597814398355,,,,,,,,,,,,,,,,,0.04087500516463516,,,,,,,,,,,,,
83,1,180.0,330.0,False,,,,0.05931508068135125,,,,,,,,,,,,,,,,,0.22023210735482568,,,,,,,,,,,,,
84,1,210.0,0.0,False,,,,0.10721558872855527,,,,,,,,,,,,,,,,,0.21606244563831423,,,,,,,,,,,,,
85,1,210.0,30.0,False,,,,0.05089417974908922,,,,,,,,,,,,,,,,,0.1938121399158306,,,,,,,,,,,,,
86,1,210.0,60.0,False,,,,0.09644444763404156,,,,,,,,,,,,,,,,,0.12911727637317164,,,,,,,,,,,,,
87,1,210.0,90.0,False,,,,0.0851346905546925,,,,,,,,,,,,,,,,,0.07884432166801791,,,,,,,,,,,,,
88,1,210.0,120.0,False,,,,0.015350336761136407,,,,,,,,,,,,,,,,,0.04632687065867008,,,,,,,,,,,,,
89,1,210.0,150.0,False,,,,0.03734148497510022,,,,,,,,,,,,,,,,,0.051577055196211,,,,,,,,,,,,,
90,1,210.0,180.0,False,,,,0.012863126133849854,,,,,,,,,,,,,,,,,0.046755348782028146,,,,,,,,,,,,,
91,1,210.0,210.0,True,,,,0.014570624543262993,,,,,,,,,,,,,,,,,0.11150391435947234,,,,,,,,,,,,,
92,1,210.0,240.0,False,,,,0.03463475833399773,,,,,,,,,,,,,,,,,0.2864487069258533,,,,,,,,,,,,,
93,1,210.0,270.0,False,,,,0.04113900199790316,,,,,,,,,,,,,,,,,0.1903839396926314,,,,,,,,,,,,,
94,1,210.0,300.0,False,,,,0.14721301125101244,,,,,,,,,,,,,,,,,0.07083642332069477,,,,,,,,,,,,,
95,1,210.0,330.0,False,,,,0.024980660313490576,,,,,,,,,,,,,,,,,0.2848916778430727,,,,,,,,,,,,,
96,1,240.0,0.0,False,,,,0.055015444923650916,,,,,,,,,,,,,,,,,0.19770771780948637,,,,,,,,,,,,,
97,1,240.0,30.0,False,,,,0.06947680623609069,,,,,,,,,,,,,,,,,0.16708400041034868,,,,,,,,,,,,,
98,1,240.0,60.0,False,,,,0.06400741446928926,,,,,,,,,,,,,,,,,0.07699490096921566,,,,,,,,,,,,,
99,1,240.0,90.0,False,,,,0.0348267706335205,,,,,,,,,,,,,,,,,0.040557913955676886,,,,,,,,,,,,,
100,1,240.0,120.0,False,,,,0.06470551633745057,,,,,,,,,,,,,,,,,0.0771133608702734,,,,,,,,,,,,,
101,1,240.0,150.0,False,,,,0.03645009397778022,,,,,,,,,,,,,,,,,0.03718834536380282,,,,,,,,,,,,,
102,1,240.0,180.0,False,,,,0.023851892678376424,,,,,,,,,,,,,,,,,0.04049304480224201,,,,,,,,,,,,,
103,1,240.0,210.0,False,,,,0.025625239186082886,,,,,,,,,,,,,,,,,0.1893208935142058,,,,,,,,,,,,,
104,1,240.0,240.0,True,,,,0.028763889862861967,,,,,,,,,,,,,,,,,0.2818286005729611,,,,,,,,,,,,,
105,1,240.0,270.0,False,,,,0.05088779474219639,,,,,,,,,,,,,,,,,0.2146502062512628,,,,,,,,,,,,,
106,1,240.0,300.0,False,,,,0.059728203678126264,,,,,,,,,,,,,,,,,0.1524569548900379,,,,,,,,,,,,,
107,1,240.0,330.0,False,,,,0.027457422134560268,,,,,,,,,,,,,,,,,0.10336098404355831,,,,,,,,,,,,,
108,1,270.0,0.0,False,,,,0.029606949880904537,,,,,,,,,,,,,,,,,0.16419399159713963,,,,,,,,,,,,,
109,1,270.0,30.0,False,,,,0.0856468835086949,,,,,,,,,,,,,,,,,0.07558034599977703,,,,,,,,,,,,,
110,1,270.0,60.0,False,,,,0.04005082423007689,,,,,,,,,,,,,,,,,0.10924894856892867,,,,,,,,,,,,,
111,1,270.0,90.0,False,,,,0.020911600406811354,,,,,,,,,,,,,,,,,0.24313524768648315,,,,,,,,,,,,,
112,1,270.0,120.0,False,,,,0.07871822858219447,,,,,,,,,,,,,,,,,0.24331944106386563,,,,,,,,,,,,,
113,1,270.0,150.0,False,,,,0.07648812926397672,,,,,,,,,,,,,,,,,0.05246241006132254,,,,,,,,,,,,,
114,1,270.0,180.0,False,,,,0.03245414835145066,,,,,,,,,,,,,,,,,0.4567279168069811,,,,,,,,,,,,,
115,1,270.0,210.0,False,,,,0.08696502694665931,,,,,,,,,,,,,,,,,0.15807674429143412,,,,,,,,,,,,,
116,1,270.0,240.0,False,,,,0.08679366626101251,,,,,,,,,,,,,,,,,0.2858933839227197,,,,,,,,,,,,,
117,1,270.0,270.0,True,,,,0.04607419781004516,,,,,,,,,,,,,,,,,0.21323876909932368,,,,,,,,,,,,,
118,1,270.0,300.0,False,,,,0.023185744771322375,,,,,,,,,,,,,,,,,0.16500235770161853,,,,,,,,,,,,,
119,1,270.0,330.0,False,,,,0.028167974858064763,,,,,,,,,,,,,,,,,0.08351838430432115,,,,,,,,,,,,,
120,1,300.0,0.0,False,,,,183.2293956204656,,,,,,,,,,,,,,,,,0.07697158771310796,,,,,,,,,,,,,
121,1,300.0,30.0,False,,,,0.06313152003314158,,,,,,,,,,,,,,,,,0.09683977201944188,,,,,,,,,,,,,
122,1,300.0,60.0,False,,,,0.11565134629078896,,,,,,,,,,,,,,,,,0.11371899516246761,,,,,,,,,,,,,
123,1,300.0,90.0,False,,,,0.038676360030683817,,,,,,,,,,,,,,,,,0.24279393526597048,,,,,,,,,,,,,
124,1,300.0,120.0,False,,,,0.026147930039939968,,,,,,,,,,,,,,,,,0.3793882564824387,,,,,,,,,,,,,
125,1,300.0,150.0,False,,,,0.09030318569630133,,,,,,,,,,,,,,,,,0.40258393691476024,,,,,,,,,,,,,
126,1,300.0,180.0,False,,,,0.06235015449442011,,,,,,,,,,,,,,,,,0.25705313349146375,,,,,,,,,,,,,
127,1,300.0,210.0,False,,,,0.017023406937604138,,,,,,,,,,,,,,,,,0.1985228455885466,,,,,,,,,,,,,
128,1,300.0,240.0,False,,,,0.03276363177147109,,,,,,,,,,,,,,,,,0.22408608045917158,,,,,,,,,,,,,
129,1,300.0,270.0,False,,,,0.017613977231393792,,,,,,,,,,,,,,,,,0.1476293708056139,,,,,,,,,,,,,
130,1,300.0,300.0,True,,,,0.021099873576592175,,,,,,,,,,,,,,,,,0.2274552049746416,,,,,,,,,,,,,
131,1,300.0,330.0,False,,,,0.017827013575310316,,,,,,,,,,,,,,,,,0.14356164610224495,,,,,,,,,,,,,
132,1,330.0,0.0,False,,,,0.04443821570065122,,,,,,,,,,,,,,,,,0.08106020211513888,,,,,,,,,,,,,
133,1,330.0,30.0,False,,,,0.048355872382962184,,,,,,,,,,,,,,,,,0.08911635546253441,,,,,,,,,,,,,
134,1,330.0,60.0,False,,,,0.023372274746757474,,,,,,,,,,,,,,,,,0.06764547511930535,,,,,,,,,,,,,
135,1,330.0,90.0,False,,,,0.0347176043058683,,,,,,,,,,,,,,,,,0.11480826052510829,,,,,,,,,,,,,
136,1,330.0,120.0,False,,,,0.022538068271939556,,,,,,,,,,,,,,,,,0.05755952812202318,,,,,,,,,,,,,
137,1,330.0,150.0,False,,,,0.026037602632600684,,,,,,,,,,,,,,,,,0.18055762588061042,,,,,,,,,,,,,
138,1,330.0,180.0,False,,,,0.12817632056175338,,,,,,,,,,,,,,,,,0.05252218988548736,,,,,,,,,,,,,
139,1,330.0,210.0,False,,,,0.05820206079190634,,,,,,,,,,,,,,,,,0.2706369124284722,,,,,,,,,,,,,
140,1,330.0,240.0,False,,,,0.029143097762490928,,,,,,,,,,,,,,,,,0.0997070012317489,,,,,,,,,,,,,
141,1,330.0,270.0,False,,,,0.018037104498989338,,,,,,,,,,,,,,,,,0.12132776496580779,,,,,,,,,,,,,
142,1,330.0,300.0,False,,,,0.021369532506025947,,,,,,,,,,,,,,,,,0.09995743300610893,,,,,,,,,,,,,
143,1,330.0,330.0,True,,,,367.8665043686895,,,,,,,,,,,,,,,,,0.0650936471660766,,,,,,,,,,,,,
144,2,0.0,0.0,True,,,,0.024195883048730833,,,,,,,,,,,,,,,,,0.178205178470356,,,,,,,,,,,,,
145,2,0.0,30.0,False,,,,0.026485827228095817,,,,,,,,,,,,,,,,,0.09001129918072062,,,,,,,,,,,,,
146,2,0.0,60.0,False,,,,0.0309810542850282,,,,,,,,,,,,,,,,,0.21693881663169268,,,,,,,,,,,,,
147,2,0.0,90.0,False,,,,0.08354848612595153,,,,,,,,,,,,,,,,,0.09630205803613798,,,,,,,,,,,,,
148,2,0.0,120.0,False,,,,0.06238600143682095,,,,,,,,,,,,,,,,,0.11698316733321248,,,,,,,,,,,,,
149,2,0.0,150.0,False,,,,0.0636269945729713,,,,,,,,,,,,,,,,,0.16714579177094271,,,,,,,,,,,,,
150,2,0.0,180.0,False,,,,0.03245641904935051,,,,,,,,,,,,,,,,,0.19071290442684932,,,,,,,,,,,,,
151,2,0.0,210.0,False,,,,0.04539295591050741,,,,,,,,,,,,,,,,,0.25104059158310094,,,,,,,,,,,,,
152,2,0.0,240.0,False,,,,0.08427971488582547,,,,,,,,,,,,,,,,,0.27879891657447253,,,,,,,,,,,,,
153,2,0.0,270.0,False,,,,0.0709762375360403,,,,,,,,,,,,,,,,,0.07632504499041204,,,,,,,,,,,,,
154,2,0.0,300.0,False,,,,27.30132667308277,,,,,,,,,,,,,,,,,0.1219351106079614,,,,,,,,,,,,,
155,2,0.0,330.0,False,,,,274.90304591517,,,,,,,,,,,,,,,,,17.147885650047215,,,,,,,,,,,,,
156,2,30.0,0.0,False,,,,0.02526019235417959,,,,,,,,,,,,,,,,,0.19127681882963532,,,,,,,,,,,,,
157,2,30.0,30.0,True,,,,0.01993943179848879,,,,,,,,,,,,,,,,,0.10138336058564372,,,,,,,,,,,,,
158,2,30.0,60.0,False,,,,0.03504767244786537,,,,,,,,,,,,,,,,,0.08326171185327486,,,,,,,,,,,,,
159,2,30.0,90.0,False,,,,0.04028170573103762,,,,,,,,,,,,,,,,,0.05161661119759785,,,,,,,,,,,,,
160,2,30.0,120.0,False,,,,0.04277670547895443,,,,,,,,,,,,,,,,,0.049905616795185945,,,,,,,,,,,,,
161,2,30.0,150.0,False,,,,0.062070906077002275,,,,,,,,,,,,,,,,,0.06667949486529208,,,,,,,,,,,,,
162,2,30.0,180.0,False,,,,0.09693209166636847,,,,,,,,,,,,,,,,,0.06941246038316529,,,,,,,,,,,,,
163,2,30.0,210.0,False,,,,0.04367809861180794,,,,,,,,,,,,,,,,,0.15665211084314612,,,,,,,,,,,,,
164,2,30.0,240.0,False,,,,0.03329998202362322,,,,,,,,,,,,,,,,,0.08023492806726382,,,,,,,,,,,,,
165,2,30.0,270.0,False,,,,0.03730240074478314,,,,,,,,,,,,,,,,,0.07047301487088753,,,,,,,,,,,,,
166,2,30.0,300.0,False,,,,0.09090992173104503,,,,,,,,,,,,,,,,,0.18121474992293968,,,,,,,,,,,,,
167,2,30.0,330.0,False,,,,0.052968582096953175,,,,,,,,,,,,,,,,,0.17300725470816714,,,,,,,,,,,,,
168,2,60.0,0.0,False,,,,0.05817315044462727,,,,,,,,,,,,,,,,,0.12118041789138631,,,,,,,,,,,,,
169,2,60.0,30.0,False,,,,0.03253081427619221,,,,,,,,,,,,,,,,,0.07067216703531322,,,,,,,,,,,,,
170,2,60.0,60.0,True,,,,0.02393738057216924,,,,,,,,,,,,,,,,,0.1309693608935394,,,,,,,,,,,,,
171,2,60.0,90.0,False,,,,0.02778093402603913,,,,,,,,,,,,,,,,,0.11431440331696321,,,,,,,,,,,,,
172,2,60.0,120.0,False,,,,0.04486288591171633,,,,,,,,,,,,,,,,,0.06025395017737639,,,,,,,,,,,,,
173,2,60.0,150.0,False,,,,0.020748662358220607,,,,,,,,,,,,,,,,,0.08718982154247254,,,,,,,,,,,,,
174,2,60.0,180.0,False,,,,0.06786354712984466,,,,,,,,,,,,,,,,,0.0895278252982336,,,,,,,,,,,,,
175,2,60.0,210.0,False,,,,0.03156044093091322,,,,,,,,,,,,,,,,,0.05300569073639254,,,,,,,,,,,,,
176,2,60.0,240.0,False,,,,0.11271519064744423,,,,,,,,,,,,,,,,,0.2322527811247676,,,,,,,,,,,,,
177,2,60.0,270.0,False,,,,0.05682134580995209,,,,,,,,,,,,,,,,,0.1331607764960061,,,,,,,,,,,,,
178,2,60.0,300.0,False,,,,0.07049786308203707,,,,,,,,,,,,,,,,,0.14037963964496275,,,,,,,,,,,,,
179,2,60.0,330.0,False,,,,0.044187455294843345,,,,,,,,,,,,,,,,,0.10837568370331296,,,,,,,,,,,,,
180,2,90.0,0.0,False,,,,0.0657632682546371,,,,,,,,,,,,,,,,,0.09819695773634896,,,,,,,,,,,,,
181,2,90.0,30.0,False,,,,0.06012648580763219,,,,,,,,,,,,,,,,,0.06427506913976153,,,,,,,,,,,,,
182,2,90.0,60.0,False,,,,0.019525513428552865,,,,,,,,,,,,,,,,,0.13876850260114643,,,,,,,,,,,,,
183,2,90.0,90.0,True,,,,0.02231817715306306,,,,,,,,,,,,,,,,,0.17517654099950516,,,,,,,,,,,,,
184,2,90.0,120.0,False,,,,0.027751775459089703,,,,,,,,,,,,,,,,,0.09960946113620779,,,,,,,,,,,,,
185,2,90.0,150.0,False,,,,0.028100712827052374,,,,,,,,,,,,,,,,,0.08076937500179583,,,,,,,,,,,,,
186,2,90.0,180.0,False,,,,0.04661601662031297,,,,,,,,,,,,,,,,,0.11426362113226218,,,,,,,,,,,,,
187,2,90.0,210.0,False,,,,0.056264484870807145,,,,,,,,,,,,,,,,,0.15021506815354013,,,,,,,,,,,,,
188,2,90.0,240.0,False,,,,0.07160313701173934,,,,,,,,,,,,,,,,,0.31407085844595695,,,,,,,,,,,,,
189,2,90.0,270.0,False,,,,0.1435584495792286,,,,,,,,,,,,,,,,,0.17360412619170013,,,,,,,,,,,,,
190,2,90.0,300.0,False,,,,0.02811545117936093,,,,,,,,,,,,,,,,,0.05665997471672003,,,,,,,,,,,,,
191,2,90.0,330.0,False,,,,0.04688217077260834,,,,,,,,,,,,,,,,,0.09994148424602137,,,,,,,,,,,,,
192,2,120.0,0.0,False,,,,0.07251398381137822,,,,,,,,,,,,,,,,,0.0878111422910188,,,,,,,,,,,,,
193,2,120.0,30.0,False,,,,0.018964845684146123,,,,,,,,,,,,,,,,,0.07424221691581759,,,,,,,,,,,,,
194,2,120.0,60.0,False,,,,0.053865624664086904,,,,,,,,,,,,,,,,,0.06301425396309483,,,,,,,,,,,,,
195,2,120.0,90.0,False,,,,0.02508131326070869,,,,,,,,,,,,,,,,,0.4372175466416023,,,,,,,,,,,,,
196,2,120.0,120.0,True,,,,0.047511265113450586,,,,,,,,,,,,,,,,,0.4834321931555505,,,,,,,,,,,,,
197,2,120.0,150.0,False,,,,0.050762375855836456,,,,,,,,,,,,,,,,,0.11341058057348352,,,,,,,,,,,,,
198,2,120.0,180.0,False,,,,0.022451033107093468,,,,,,,,,,,,,,,,,0.08759933664480235,,,,,,,,,,,,,
199,2,120.0,210.0,False,,,,0.08938483694254684,,,,,,,,,,,,,,,,,0.11854890124262134,,,,,,,,,,,,,
200,2,120.0,240.0,False,,,,0.08160372984453981,,,,,,,,,,,,,,,,,0.05132814325528987,,,,,,,,,,,,,
201,2,120.0,270.0,False,,,,0.0913988391882887,,,,,,,,,,,,,,,,,0.12531821571985774,,,,,,,,,,,,,
202,2,120.0,300.0,False,,,,0.09607661473406492,,,,,,,,,,,,,,,,,0.26057851140613586,,,,,,,,,,,,,
203,2,120.0,330.0,False,,,,0.1326989360168632,,,,,,,,,,,,,,,,,0.19426957827113206,,,,,,,,,,,,,
204,2,150.0,0.0,False,,,,0.04956492048688214,,,,,,,,,,,,,,,,,0.06885085702706825,,,,,,,,,,,,,
205,2,150.0,30.0,False,,,,0.023211955066081737,,,,,,,,,,,,,,,,,0.06430626667377758,,,,,,,,,,,,,
206,2,150.0,60.0,False,,,,0.034109143676393214,,,,,,,,,,,,,,,,,0.055316539119705244,,,,,,,,,,,,,
207,2,150.0,90.0,False,,,,0.03936203563246509,,,,,,,,,,,,,,,,,0.2218121614375479,,,,,,,,,,,,,
208,2,150.0,120.0,False,,,,0.06429619152871396,,,,,,,,,,,,,,,,,0.29119840059921365,,,,,,,,,,,,,
209,2,150.0,150.0,True,,,,0.02048800243452814,,,,,,,,,,,,,,,,,0.11365815063547746,,,,,,,,,,,,,
210,2,150.0,180.0,False,,,,0.03137877407086887,,,,,,,,,,,,,,,,,0.08602902943970583,,,,,,,,,,,,,
211,2,150.0,210.0,False,,,,0.027826953427811496,,,,,,,,,,,,,,,,,0.055482792446106696,,,,,,,,,,,,,
212,2,150.0,240.0,False,,,,0.02947419166911284,,,,,,,,,,,,,,,,,0.048871935584824,,,,,,,,,,,,,
213,2,150.0,270.0,False,,,,0.02905078269279148,,,,,,,,,,,,,,,,,0.1439987756995965,,,,,,,,,,,,,
214,2,150.0,300.0,False,,,,0.08209341018881264,,,,,,,,,,,,,,,,,0.2151440768359968,,,,,,,,,,,,,
215,2,150.0,330.0,False,,,,0.08756519787043818,,,,,,,,,,,,,,,,,0.20002380003991954,,,,,,,,,,,,,
216,2,180.0,0.0,False,,,,0.02745990204711272,,,,,,,,,,,,,,,,,0.15655672661148146,,,,,,,,,,,,,
217,2,180.0,30.0,False,,,,0.04342248783029519,,,,,,,,,,,,,,,,,0.08518457465694444,,,,,,,,,,,,,
218,2,180.0,60.0,False,,,,0.04149489555726306,,,,,,,,,,,,,,,,,0.10535236591395039,,,,,,,,,,,,,
219,2,180.0,90.0,False,,,,0.04766068582139468,,,,,,,,,,,,,,,,,0.1865241104173473,,,,,,,,,,,,,
220,2,180.0,120.0,False,,,,0.0203859847954109,,,,,,,,,,,,,,,,,0.13454794164846504,,,,,,,,,,,,,
221,2,180.0,150.0,False,,,,48.92834774292795,,,,,,,,,,,,,,,,,77.4711620397432,,,,,,,,,,,,,
222,2,180.0,180.0,True,,,,0.012785659739831323,,,,,,,,,,,,,,,,,0.04123031702135056,,,,,,,,,,,,,
223,2,180.0,210.0,False,,,,0.029825983756773353,,,,,,,,,,,,,,,,,0.06491501359059135,,,,,,,,,,,,,
224,2,180.0,240.0,False,,,,0.03013052531257807,,,,,,,,,,,,,,,,,0.09840953172538533,,,,,,,,,,,,,
225,2,180.0,270.0,False,,,,0.05696715116627787,,,,,,,,,,,,,,,,,0.14605324421571625,,,,,,,,,,,,,
226,2,180.0,300.0,False,,,,0.01934726823633223,,,,,,,,,,,,,,,,,0.09681773131938226,,,,,,,,,,,,,
227,2,180.0,330.0,False,,,,0.09777822151562181,,,,,,,,,,,,,,,,,0.14534977042338793,,,,,,,,,,,,,
228,2,210.0,0.0,False,,,,0.052379659647885546,,,,,,,,,,,,,,,,,0.09068084259927547,,,,,,,,,,,,,
229,2,210.0,30.0,False,,,,0.07366074894564523,,,,,,,,,,,,,,,,,0.04763862729834646,,,,,,,,,,,,,
230,2,210.0,60.0,False,,,,0.04486114183949881,,,,,,,,,,,,,,,,,0.04462939868151253,,,,,,,,,,,,,
231,2,210.0,90.0,False,,,,0.05664869106949204,,,,,,,,,,,,,,,,,0.05151435913021752,,,,,,,,,,,,,
232,2,210.0,120.0,False,,,,0.028391142926178472,,,,,,,,,,,,,,,,,0.03285722939031091,,,,,,,,,,,,,
233,2,210.0,150.0,False,,,,17.356392401923262,,,,,,,,,,,,,,,,,35.042469571675,,,,,,,,,,,,,
234,2,210.0,180.0,False,,,,0.013908499395179802,,,,,,,,,,,,,,,,,0.01874797701233651,,,,,,,,,,,,,
235,2,210.0,210.0,True,,,,0.028626361483377744,,,,,,,,,,,,,,,,,0.10320127011890914,,,,,,,,,,,,,
236,2,210.0,240.0,False,,,,0.0757074515846129,,,,,,,,,,,,,,,,,0.14860411972725668,,,,,,,,,,,,,
237,2,210.0,270.0,False,,,,0.07457679259261786,,,,,,,,,,,,,,,,,0.17570422693989507,,,,,,,,,,,,,
238,2,210.0,300.0,False,,,,0.1630221461313757,,,,,,,,,,,,,,,,,0.3682278381215662,,,,,,,,,,,,,
239,2,210.0,330.0,False,,,,0.07793163656608662,,,,,,,,,,,,,,,,,0.1328171889712074,,,,,,,,,,,,,
240,2,240.0,0.0,False,,,,0.055180296256003424,,,,,,,,,,,,,,,,,0.1638941493123797,,,,,,,,,,,,,
241,2,240.0,30.0,False,,,,0.02460066546882033,,,,,,,,,,,,,,,,,0.07615278551504057,,,,,,,,,,,,,
242,2,240.0,60.0,False,,,,0.019366335334562466,,,,,,,,,,,,,,,,,0.09865267399622557,,,,,,,,,,,,,
243,2,240.0,90.0,False,,,,0.013424228628205807,,,,,,,,,,,,,,,,,0.10836089512691557,,,,,,,,,,,,,
244,2,240.0,120.0,False,,,,0.015290183976672608,,,,,,,,,,,,,,,,,0.09119546596055025,,,,,,,,,,,,,
245,2,240.0,150.0,False,,,,0.007725750790368818,,,,,,,,,,,,,,,,,0.07616458333841636,,,,,,,,,,,,,
246,2,240.0,180.0,False,,,,0.03101731458659777,,,,,,,,,,,,,,,,,0.036281740930774846,,,,,,,,,,,,,
247,2,240.0,210.0,False,,,,0.04845333432771146,,,,,,,,,,,,,,,,,0.22290980577915498,,,,,,,,,,,,,
248,2,240.0,240.0,True,,,,0.05077248270329699,,,,,,,,,,,,,,,,,0.14095892267058235,,,,,,,,,,,,,
249,2,240.0,270.0,False,,,,0.023959926337584828,,,,,,,,,,,,,,,,,0.13346615910320253,,,,,,,,,,,,,
250,2,240.0,300.0,False,,,,0.017243860637512435,,,,,,,,,,,,,,,,,0.07131269068629904,,,,,,,,,,,,,
251,2,240.0,330.0,False,,,,0.04453122196067306,,,,,,,,,,,,,,,,,0.036935739676514895,,,,,,,,,,,,,
252,2,270.0,0.0,False,,,,0.049101181498449324,,,,,,,,,,,,,,,,,0.06531812914856702,,,,,,,,,,,,,
253,2,270.0,30.0,False,,,,0.015046524702121651,,,,,,,,,,,,,,,,,0.09358852557203698,,,,,,,,,,,,,
254,2,270.0,60.0,False,,,,0.026450666150086594,,,,,,,,,,,,,,,,,0.07780186510790447,,,,,,,,,,,,,
255,2,270.0,90.0,False,,,,0.05723245889713632,,,,,,,,,,,,,,,,,0.10896183049998781,,,,,,,,,,,,,
256,2,270.0,120.0,False,,,,0.026362643794373912,,,,,,,,,,,,,,,,,0.08105642271960885,,,,,,,,,,,,,
257,2,270.0,150.0,False,,,,0.015001978870622306,,,,,,,,,,,,,,,,,0.03910168900591902,,,,,,,,,,,,,
258,2,270.0,180.0,False,,,,0.017909478503348272,,,,,,,,,,,,,,,,,0.06738232838977101,,,,,,,,,,,,,
259,2,270.0,210.0,False,,,,0.0390692792915281,,,,,,,,,,,,,,,,,0.03965282285974166,,,,,,,,,,,,,
260,2,270.0,240.0,False,,,,0.06963211028122535,,,,,,,,,,,,,,,,,0.39413880756507813,,,,,,,,,,,,,
261,2,270.0,270.0,True,,,,0.05679277790969909,,,,,,,,,,,,,,,,,0.8479034229124556,,,,,,,,,,,,,
262,2,270.0,300.0,False,,,,0.024946822315543734,,,,,,,,,,,,,,,,,0.13570460584089988,,,,,,,,,,,,,
263,2,270.0,330.0,False,,,,0.018562425282216015,,,,,,,,,,,,,,,,,0.037611425024099365,,,,,,,,,,,,,
264,2,300.0,0.0,False,,,,0.03425966197643804,,,,,,,,,,,,,,,,,0.08491138015090646,,,,,,,,,,,,,
265,2,300.0,30.0,False,,,,0.03218772236826266,,,,,,,,,,,,,,,,,0.1113471514384494,,,,,,,,,,,,,
266,2,300.0,60.0,False,,,,0.021334970384253707,,,,,,,,,,,,,,,,,0.2216399373629736,,,,,,,,,,,,,
267,2,300.0,90.0,False,,,,0.027826040699042542,,,,,,,,,,,,,,,,,0.40556117803997344,,,,,,,,,,,,,
268,2,300.0,120.0,False,,,,0.03259066485042225,,,,,,,,,,,,,,,,,0.23519794025766633,,,,,,,,,,,,,
269,2,300.0,150.0,False,,,,0.017565808075587466,,,,,,,,,,,,,,,,,0.10119353594477218,,,,,,,,,,,,,
270,2,300.0,180.0,False,,,,0.024511632074061936,,,,,,,,,,,,,,,,,0.12422185517628752,,,,,,,,,,,,,
271,2,300.0,210.0,False,,,,0.030274382376861513,,,,,,,,,,,,,,,,,0.09954652376446398,,,,,,,,,,,,,
272,2,300.0,240.0,False,,,,0.13815072669953435,,,,,,,,,,,,,,,,,0.5705026775076578,,,,,,,,,,,,,
273,2,300.0,270.0,False,,,,0.03377713172758755,,,,,,,,,,,,,,,,,0.17041316370237924,,,,,,,,,,,,,
274,2,300.0,300.0,True,,,,0.019960368037203437,,,,,,,,,,,,,,,,,0.17640438257326685,,,,,,,,,,,,,
275,2,300.0,330.0,False,,,,0.02309707059745992,,,,,,,,,,,,,,,,,0.11651585638130138,,,,,,,,,,,,,
276,2,330.0,0.0,False,,,,0.04056338243449457,,,,,,,,,,,,,,,,,0.06499143257973986,,,,,,,,,,,,,
277,2,330.0,30.0,False,,,,0.0449070839974123,,,,,,,,,,,,,,,,,0.05949808482496288,,,,,,,,,,,,,
278,2,330.0,60.0,False,,,,0.03830732545035205,,,,,,,,,,,,,,,,,0.3504671712889767,,,,,,,,,,,,,
279,2,330.0,90.0,False,,,,0.057224573345318656,,,,,,,,,,,,,,,,,0.05293646338962986,,,,,,,,,,,,,
280,2,330.0,120.0,False,,,,0.06073881295827263,,,,,,,,,,,,,,,,,0.08569776897087031,,,,,,,,,,,,,
281,2,330.0,150.0,False,,,,0.026184675257072233,,,,,,,,,,,,,,,,,0.10289511441034631,,,,,,,,,,,,,
282,2,330.0,180.0,False,,,,0.10198590167044447,,,,,,,,,,,,,,,,,0.05350713683264006,,,,,,,,,,,,,
283,2,330.0,210.0,False,,,,0.10817667533515068,,,,,,,,,,,,,,,,,0.05727237084549962,,,,,,,,,,,,,
284,2,330.0,240.0,False,,,,0.048519428549430546,,,,,,,,,,,,,,,,,0.1715889121345365,,,,,,,,,,,,,
285,2,330.0,270.0,False,,,,0.0193557341151591,,,,,,,,,,,,,,,,,0.03212172500610618,,,,,,,,,,,,,
286,2,330.0,300.0,False,,,,0.018899323858755306,,,,,,,,,,,,,,,,,0.08661047805808086,,,,,,,,,,,,,
287,2,330.0,330.0,True,,,,0.024676709369467243,,,,,,,,,,,,,,,,,0.08170623905880325,,,,,,,,,,,,,
0,1,0.0,0.0,True,,,3044.5397126249295,51774.81896109355,289669.52564188855,478.59103537508054,,,,,,,,,,,,,,,,289190.9346065135,290148.11667726364,,,,,,,,,,,
1,1,0.0,30.0,False,,,2934.424510895055,49123.321172036674,182336.79966244288,956.4528242274246,,,,,,,,,,,,,,,,181380.34683821545,183293.2524866703,,,,,,,,,,,
2,1,0.0,60.0,False,,,2862.093210391603,28003.41868228976,155500.32777381234,737.3637694030913,,,,,,,,,,,,,,,,154762.96400440924,156237.69154321542,,,,,,,,,,,
3,1,0.0,90.0,False,,,3110.5619577547177,9165.201521069512,85700.38238401045,851.6998965807361,,,,,,,,,,,,,,,,84848.68248742972,86552.08228059119,,,,,,,,,,,
4,1,0.0,120.0,False,,,3119.61848533415,23845.44858291689,21766.483851081124,1381.2740868661494,,,,,,,,,,,,,,,,20385.209764214975,23147.757937947274,,,,,,,,,,,
5,1,0.0,150.0,False,,,2996.190345971646,23822.837726719576,34896.071576501025,1385.6800093385864,,,,,,,,,,,,,,,,33510.391567162435,36281.75158583961,,,,,,,,,,,
6,1,0.0,180.0,False,,,3159.123207983291,69542.09047764071,105076.88501170752,1438.9034827052747,,,,,,,,,,,,,,,,103637.98152900224,106515.78849441279,,,,,,,,,,,
7,1,0.0,210.0,False,,,2896.3507249383733,75978.6292092767,244336.5716652061,1160.903699386472,,,,,,,,,,,,,,,,243175.66796581965,245497.4753645926,,,,,,,,,,,
8,1,0.0,240.0,False,,,3211.136161528192,55482.28809893404,272230.91077508737,1206.6887714529294,,,,,,,,,,,,,,,,271024.22200363444,273437.5995465403,,,,,,,,,,,
9,1,0.0,270.0,False,,,3080.3867349069887,226937.86583697097,280469.0496022961,1201.4780107912666,,,,,,,,,,,,,,,,279267.5715915048,281670.5276130873,,,,,,,,,,,
10,1,0.0,300.0,False,,,2806.234171712711,156164.40867024084,443933.85746768164,890.8879519206239,,,,,,,,,,,,,,,,443042.969515761,444824.74541960226,,,,,,,,,,,
11,1,0.0,330.0,False,,,2710.4287426219853,63007.23485911373,251881.0459261538,956.1064977124042,,,,,,,,,,,,,,,,250924.9394284414,252837.1524238662,,,,,,,,,,,
12,1,30.0,0.0,False,,,2918.2333787589705,37503.86372613032,84455.88062374596,1051.1231440091287,,,,,,,,,,,,,,,,83404.75747973684,85507.0037677551,,,,,,,,,,,
13,1,30.0,30.0,True,,,2902.6386442902876,28144.938061585886,93308.71871691018,952.0433804156928,,,,,,,,,,,,,,,,92356.67533649449,94260.76209732587,,,,,,,,,,,
14,1,30.0,60.0,False,,,2907.497578315092,18840.107801963135,144591.18134953146,409.7758482352074,,,,,,,,,,,,,,,,144181.40550129625,145000.95719776666,,,,,,,,,,,
15,1,30.0,90.0,False,,,3057.4919131708107,37787.20717301783,98802.98073395145,813.2529320862086,,,,,,,,,,,,,,,,97989.72780186524,99616.23366603766,,,,,,,,,,,
16,1,30.0,120.0,False,,,3074.219094275819,716.2672238157552,2534.3462309165498,1491.165865982678,,,,,,,,,,,,,,,,1043.1803649338715,4025.512096899228,,,,,,,,,,,
17,1,30.0,150.0,False,,,3093.881851085353,624.9659838831676,2549.7390611385754,1513.9787433788129,,,,,,,,,,,,,,,,1035.7603177597625,4063.7178045173882,,,,,,,,,,,
18,1,30.0,180.0,False,,,3046.278084083725,8446.940972902583,10867.583518106781,1427.5085244342408,,,,,,,,,,,,,,,,9440.07499367254,12295.092042541022,,,,,,,,,,,
19,1,30.0,210.0,False,,,3032.3738823253193,8399.936834081574,17525.479045361273,1483.174357507649,,,,,,,,,,,,,,,,16042.304687853622,19008.65340286892,,,,,,,,,,,
20,1,30.0,240.0,False,,,2939.611669522682,28477.026120525712,24204.20188826391,1401.4064647993018,,,,,,,,,,,,,,,,22802.79542346461,25605.608353063213,,,,,,,,,,,
21,1,30.0,270.0,False,,,2840.9473755127487,10929.85894035566,54729.229580485975,1263.868881391969,,,,,,,,,,,,,,,,53465.36069909401,55993.09846187795,,,,,,,,,,,
22,1,30.0,300.0,False,,,2795.3006249860446,72182.35930114417,87584.37236530465,1209.4569926719341,,,,,,,,,,,,,,,,86374.91537263272,88793.82935797659,,,,,,,,,,,
23,1,30.0,330.0,False,,,2841.2381637866174,21579.798936664218,132446.01479894173,1078.1173218551849,,,,,,,,,,,,,,,,131367.89747708655,133524.13212079692,,,,,,,,,,,
24,1,60.0,0.0,False,,,3081.3618424405468,28776.188099479376,123746.61758238927,693.0070458804039,,,,,,,,,,,,,,,,123053.61053650886,124439.62462826967,,,,,,,,,,,
25,1,60.0,30.0,False,,,3123.161554741603,9358.80268121451,212015.56922662735,454.57952907354047,,,,,,,,,,,,,,,,211560.98969755383,212470.1487557009,,,,,,,,,,,
26,1,60.0,60.0,True,,,3160.771028236043,13215.646770269897,365837.37242114794,263.5440279140021,,,,,,,,,,,,,,,,366100.91644906194,365573.82839323394,,,,,,,,,,,
27,1,60.0,90.0,False,,,2851.2933898325173,16322.66005421179,201555.50415540172,53.2444013881468,,,,,,,,,,,,,,,,201502.2597540136,201608.74855678988,,,,,,,,,,,
28,1,60.0,120.0,False,,,2979.2492055818284,2112.2859572591647,6876.151440091069,807.3657502142887,,,,,,,,,,,,,,,,6068.78568987678,7683.517190305358,,,,,,,,,,,
29,1,60.0,150.0,False,,,2937.5244661781744,2781.5084152025147,2004.053821775175,1229.6346567188589,,,,,,,,,,,,,,,,774.4191650563164,3233.688478494034,,,,,,,,,,,
30,1,60.0,180.0,False,,,3165.212148440948,886.2506405389965,5959.796698645241,1447.0316355804862,,,,,,,,,,,,,,,,4512.765063064755,7406.828334225727,,,,,,,,,,,
31,1,60.0,210.0,False,,,2815.3070161262567,6464.551024711771,4158.913940043811,1332.0323866464107,,,,,,,,,,,,,,,,2826.8815533974,5490.946326690221,,,,,,,,,,,
32,1,60.0,240.0,False,,,3063.447296207242,785.0043853895838,8096.1230447305215,1471.6772336735767,,,,,,,,,,,,,,,,6624.445811056945,9567.800278404098,,,,,,,,,,,
33,1,60.0,270.0,False,,,2898.4554051023633,37347.70244154418,2928.892930175738,1409.7343543128736,,,,,,,,,,,,,,,,1519.1585758628644,4338.627284488612,,,,,,,,,,,
34,1,60.0,300.0,False,,,2991.6342465586154,20266.034585058853,29596.922002940537,1320.8362997032636,,,,,,,,,,,,,,,,28276.085703237273,30917.7583026438,,,,,,,,,,,
35,1,60.0,330.0,False,,,2883.5688490490697,11277.996716512598,89642.05370720463,758.8400638971798,,,,,,,,,,,,,,,,88883.21364330745,90400.89377110181,,,,,,,,,,,
36,1,90.0,0.0,False,,,2804.1927706581846,31191.88581078511,149738.64092838604,646.472480158176,,,,,,,,,,,,,,,,149092.16844822787,150385.11340854422,,,,,,,,,,,
37,1,90.0,30.0,False,,,2762.8694219953154,25680.07626573513,266676.98396497004,167.902827422251,,,,,,,,,,,,,,,,266509.0811375478,266844.8867923923,,,,,,,,,,,
38,1,90.0,60.0,False,,,3015.1423929062403,28082.06612050993,401698.7550510842,158.4282320915081,,,,,,,,,,,,,,,,401857.1832831757,401540.3268189927,,,,,,,,,,,
39,1,90.0,90.0,True,,,2995.278084061121,23339.55597957664,368651.8019152916,346.5249305732723,,,,,,,,,,,,,,,,368998.3268458649,368305.27698471834,,,,,,,,,,,
40,1,90.0,120.0,False,,,2942.5616458463574,2686.1171144519285,42268.3717980138,275.1041940788891,,,,,,,,,,,,,,,,42543.47599209269,41993.26760393491,,,,,,,,,,,
41,1,90.0,150.0,False,,,2908.215680320762,3250.426761561981,12310.324218769703,675.4441025687274,,,,,,,,,,,,,,,,11634.880116200977,12985.768321338432,,,,,,,,,,,
42,1,90.0,180.0,False,,,3075.416143935354,1634.2138493820116,8705.141914067775,1049.600286201775,,,,,,,,,,,,,,,,7655.5416278659995,9754.74220026955,,,,,,,,,,,
43,1,90.0,210.0,False,,,3014.3516313942164,1939.441435051599,8796.005372614683,1220.4305417296937,,,,,,,,,,,,,,,,7575.574830884989,10016.435914344376,,,,,,,,,,,
44,1,90.0,240.0,False,,,2814.881633919904,6173.512041039222,5119.973337081556,1218.5464317755125,,,,,,,,,,,,,,,,3901.426905306043,6338.519768857068,,,,,,,,,,,
45,1,90.0,270.0,False,,,3025.78259620664,17914.922116337402,24886.25930987568,1327.670577308727,,,,,,,,,,,,,,,,23558.588732566954,26213.929887184408,,,,,,,,,,,
46,1,90.0,300.0,False,,,3178.8570316611294,11895.951178132584,42936.8354017823,1181.7273697092605,,,,,,,,,,,,,,,,41755.10803207304,44118.56277149156,,,,,,,,,,,
47,1,90.0,330.0,False,,,2947.4814359901334,45938.473634404174,185464.11728851765,490.9111603296478,,,,,,,,,,,,,,,,184973.206128188,185955.0284488473,,,,,,,,,,,
48,1,120.0,0.0,False,,,2959.496757704701,52823.41485296682,155150.18720413357,864.5039367478166,,,,,,,,,,,,,,,,154285.68326738576,156014.6911408814,,,,,,,,,,,
49,1,120.0,30.0,False,,,2906.662359390666,11454.379993080294,106985.83427294836,824.7747718804094,,,,,,,,,,,,,,,,106161.05950106795,107810.60904482877,,,,,,,,,,,
50,1,120.0,60.0,False,,,2913.88619389659,52480.67864406455,216605.46320228247,444.9778300963517,,,,,,,,,,,,,,,,216160.4853721861,217050.44103237882,,,,,,,,,,,
51,1,120.0,90.0,False,,,3081.1279497186065,22349.047213089623,235914.09940082964,344.7088097596279,,,,,,,,,,,,,,,,236258.80821058925,235569.39059107,,,,,,,,,,,
52,1,120.0,120.0,True,,,3048.3397491257774,2680.9549932287546,83090.96058570874,772.5359947520337,,,,,,,,,,,,,,,,83863.49658046078,82318.42459095671,,,,,,,,,,,
53,1,120.0,150.0,False,,,3309.0821047377094,2208.8263716560296,32450.433743504873,36.20113620182747,,,,,,,,,,,,,,,,32414.232607303045,32486.6348797067,,,,,,,,,,,
54,1,120.0,180.0,False,,,2994.4046794405676,2659.126668431097,24152.486530711823,532.7992205861101,,,,,,,,,,,,,,,,23619.687310125715,24685.285751297935,,,,,,,,,,,
55,1,120.0,210.0,False,,,3125.1786348065107,2407.75502629224,30714.601664083704,515.3171355485592,,,,,,,,,,,,,,,,30199.284528535147,31229.918799632265,,,,,,,,,,,
56,1,120.0,240.0,False,,,2947.565933609044,44675.35746690125,62602.42064488711,586.7605941386173,,,,,,,,,,,,,,,,62015.66005074849,63189.181239025726,,,,,,,,,,,
57,1,120.0,270.0,False,,,3072.226429441618,12060.315697003076,36384.96095584794,1018.5019662577288,,,,,,,,,,,,,,,,35366.45898959021,37403.46292210567,,,,,,,,,,,
58,1,120.0,300.0,False,,,2785.677719349772,23239.852080801145,244749.4280707707,510.83410670619924,,,,,,,,,,,,,,,,244238.5939640645,245260.2621774769,,,,,,,,,,,
59,1,120.0,330.0,False,,,2957.7838629024404,42116.52407466067,271250.1493465025,625.8728952388046,,,,,,,,,,,,,,,,270624.2764512637,271876.0222417413,,,,,,,,,,,
60,1,150.0,0.0,False,,,2914.2936402645328,24071.17046337687,237236.56505927895,938.3663829485595,,,,,,,,,,,,,,,,236298.1986763304,238174.9314422275,,,,,,,,,,,
61,1,150.0,30.0,False,,,2812.9655034179923,23973.71211522241,77575.51768753267,1069.759537514794,,,,,,,,,,,,,,,,76505.75815001788,78645.27722504747,,,,,,,,,,,
62,1,150.0,60.0,False,,,3201.641317061334,3878.6618929468123,38340.64337480361,770.4512905909796,,,,,,,,,,,,,,,,37570.19208421263,39111.09466539459,,,,,,,,,,,
63,1,150.0,90.0,False,,,2767.2968890805587,6963.28734874689,33114.42509087802,412.74800377809515,,,,,,,,,,,,,,,,32701.67708709993,33527.17309465612,,,,,,,,,,,
64,1,150.0,120.0,False,,,3016.8716951894216,4222.142681589779,54685.93203114267,402.273204558398,,,,,,,,,,,,,,,,55088.20523570107,54283.65882658427,,,,,,,,,,,
65,1,150.0,150.0,True,,,3099.9577084878797,2870.4214086833963,45578.43325502645,192.87241833419466,,,,,,,,,,,,,,,,45771.30567336064,45385.56083669225,,,,,,,,,,,
66,1,150.0,180.0,False,,,3088.4624556894782,8459.19422445292,54134.89637013441,8.96170133461419,,,,,,,,,,,,,,,,54125.9346687998,54143.858071469025,,,,,,,,,,,
67,1,150.0,210.0,False,,,3323.5770063684085,5072.308840472417,65874.54447156088,257.3550456896337,,,,,,,,,,,,,,,,66131.89951725051,65617.18942587124,,,,,,,,,,,
68,1,150.0,240.0,False,,,3018.556422168319,38014.73008710408,82467.24068127904,34.07183596942923,,,,,,,,,,,,,,,,82501.31251724847,82433.16884530961,,,,,,,,,,,
69,1,150.0,270.0,False,,,2746.002577161834,51721.85516025848,443704.3624411339,53.57599485776154,,,,,,,,,,,,,,,,443757.93843599164,443650.7864462761,,,,,,,,,,,
70,1,150.0,300.0,False,,,2764.7932451400693,61936.701573112485,744655.8604492021,181.74126548267668,,,,,,,,,,,,,,,,744837.6017146849,744474.1191837195,,,,,,,,,,,
71,1,150.0,330.0,False,,,2845.2478886178596,44380.784268586154,464532.85713859263,493.3466128206055,,,,,,,,,,,,,,,,464039.510525772,465026.2037514132,,,,,,,,,,,
72,1,180.0,0.0,False,,,3107.8471924490336,67902.03877472074,584786.447397793,568.237272874685,,,,,,,,,,,,,,,,584218.2101249183,585354.6846706676,,,,,,,,,,,
73,1,180.0,30.0,False,,,3113.123105795238,28809.185696043776,241346.17948323832,845.4375785524608,,,,,,,,,,,,,,,,240500.74190468586,242191.61706179078,,,,,,,,,,,
74,1,180.0,60.0,False,,,2914.4124709737735,25265.175365390867,96398.13523210994,870.1295104108431,,,,,,,,,,,,,,,,95528.0057216991,97268.26474252078,,,,,,,,,,,
75,1,180.0,90.0,False,,,2975.8214989464213,31340.07037271264,49035.094441420995,819.9321754873927,,,,,,,,,,,,,,,,48215.1622659336,49855.026616908384,,,,,,,,,,,
76,1,180.0,120.0,False,,,3212.0564068869453,2919.869927299107,32301.391844109206,484.6500174416324,,,,,,,,,,,,,,,,31816.741826667574,32786.04186155084,,,,,,,,,,,
77,1,180.0,150.0,False,,,2923.29539599404,4519.436555139886,46666.82303777005,44.820098526921356,,,,,,,,,,,,,,,,46711.643136296974,46622.00293924313,,,,,,,,,,,
78,1,180.0,180.0,True,,,2955.1719054874084,12397.814348110001,73259.13199473405,376.98087578773266,,,,,,,,,,,,,,,,73636.11287052179,72882.15111894632,,,,,,,,,,,
79,1,180.0,210.0,False,,,2826.6793522536955,9936.239447545253,66590.43693001424,11.279664540008525,,,,,,,,,,,,,,,,66601.71659455425,66579.15726547423,,,,,,,,,,,
80,1,180.0,240.0,False,,,3141.8689773352653,46096.39348501655,308253.3798325302,314.19784463074757,,,,,,,,,,,,,,,,307939.1819878995,308567.57767716097,,,,,,,,,,,
81,1,180.0,270.0,False,,,3007.7324873048237,166681.1067539591,1377922.8648556946,740.8044400502695,,,,,,,,,,,,,,,,1378663.669295745,1377182.0604156444,,,,,,,,,,,
82,1,180.0,300.0,False,,,2967.440669360448,171599.48472620797,1629198.8004424756,812.6880132972728,,,,,,,,,,,,,,,,1630011.4884557729,1628386.1124291783,,,,,,,,,,,
83,1,180.0,330.0,False,,,3030.025847413781,79705.81274067535,1100895.4926455277,65.46675182727631,,,,,,,,,,,,,,,,1100960.9593973549,1100830.0258937003,,,,,,,,,,,
84,1,210.0,0.0,False,,,3115.636482623791,137814.4608366772,1317895.3459060318,113.40781915455591,,,,,,,,,,,,,,,,1318008.7537251865,1317781.9380868773,,,,,,,,,,,
85,1,210.0,30.0,False,,,2874.810812164705,90251.10465022396,691581.6230031922,256.29517414298607,,,,,,,,,,,,,,,,691325.3278290492,691837.9181773352,,,,,,,,,,,
86,1,210.0,60.0,False,,,3119.03777877419,58789.12083716652,275123.98517359584,804.6159980965313,,,,,,,,,,,,,,,,274319.3691754993,275928.60117169237,,,,,,,,,,,
87,1,210.0,90.0,False,,,3124.9642177460646,28039.85179171204,144392.00958249083,922.5171329086734,,,,,,,,,,,,,,,,143469.49244958218,145314.52671539952,,,,,,,,,,,
88,1,210.0,120.0,False,,,2890.6500592325556,11897.68073388496,58436.65096959162,1034.6955416095443,,,,,,,,,,,,,,,,57401.95542798207,59471.34651120116,,,,,,,,,,,
89,1,210.0,150.0,False,,,3109.198487131671,39984.01545450726,121693.59332385767,625.6188808431252,,,,,,,,,,,,,,,,121067.97444301454,122319.21220470079,,,,,,,,,,,
90,1,210.0,180.0,False,,,2838.02134532701,23026.567006041703,198502.28504532657,478.44075708516175,,,,,,,,,,,,,,,,198023.8442882414,198980.72580241173,,,,,,,,,,,
91,1,210.0,210.0,True,,,3024.189806643405,221007.66419524356,628986.7391534429,157.8920650340151,,,,,,,,,,,,,,,,629144.6312184769,628828.8470884089,,,,,,,,,,,
92,1,210.0,240.0,False,,,3216.9121836637282,132869.76877252798,1869812.1507977596,1099.528234303114,,,,,,,,,,,,,,,,1870911.6790320629,1868712.6225634567,,,,,,,,,,,
93,1,210.0,270.0,False,,,2701.270311746468,181468.10392543187,2089305.9846526599,1191.9444038739894,,,,,,,,,,,,,,,,2090497.9290565338,2088114.0402487859,,,,,,,,,,,
94,1,210.0,300.0,False,,,3151.045767452708,111870.10548480695,2750389.5620557657,1483.4512134494726,,,,,,,,,,,,,,,,2751873.013269215,2748906.110842316,,,,,,,,,,,
95,1,210.0,330.0,False,,,3051.6183078318863,65085.658336718036,2073424.7392281434,887.1280756188789,,,,,,,,,,,,,,,,2074311.8673037624,2072537.6111525246,,,,,,,,,,,
96,1,240.0,0.0,False,,,2778.653304892174,141714.54854215792,1633298.6660016347,594.1354939128505,,,,,,,,,,,,,,,,1633892.8014955474,1632704.5305077217,,,,,,,,,,,
97,1,240.0,30.0,False,,,3031.4769450362082,125004.86194950656,1297640.8641736545,116.14541482785717,,,,,,,,,,,,,,,,1297757.0095884823,1297524.7187588266,,,,,,,,,,,
98,1,240.0,60.0,False,,,3040.9670367305807,105313.6338538792,673016.0569659545,368.7632537455065,,,,,,,,,,,,,,,,672647.293712209,673384.8202197,,,,,,,,,,,
99,1,240.0,90.0,False,,,2978.7772400627173,68697.71616873564,396571.78547973395,719.6952348555496,,,,,,,,,,,,,,,,395852.0902448784,397291.4807145895,,,,,,,,,,,
100,1,240.0,120.0,False,,,3049.1203379012654,54736.65591747916,372997.7560381427,686.9065794891212,,,,,,,,,,,,,,,,372310.8494586536,373684.66261763184,,,,,,,,,,,
101,1,240.0,150.0,False,,,2798.238785460315,72657.07850122926,643753.1861604007,461.4125346192159,,,,,,,,,,,,,,,,643291.7736257815,644214.59869502,,,,,,,,,,,
102,1,240.0,180.0,False,,,2916.9525126161907,191596.18085928255,1292212.7763815834,506.85026702843606,,,,,,,,,,,,,,,,1292719.6266486119,1291705.926114555,,,,,,,,,,,
103,1,240.0,210.0,False,,,2871.650724474008,196487.62248485524,1743130.3679221084,1250.9854106025305,,,,,,,,,,,,,,,,1744381.353332711,1741879.3825115059,,,,,,,,,,,
104,1,240.0,240.0,True,,,3121.8475893824657,88512.89166078372,2356687.899738331,1314.413550476078,,,,,,,,,,,,,,,,2358002.313288807,2355373.486187855,,,,,,,,,,,
105,1,240.0,270.0,False,,,3137.89312054505,97741.21762343442,2506484.3602810875,1330.8279843607452,,,,,,,,,,,,,,,,2507815.1882654484,2505153.532296727,,,,,,,,,,,
106,1,240.0,300.0,False,,,3253.993319209989,158136.86005553044,2982736.079945134,1505.953816354042,,,,,,,,,,,,,,,,2984242.0337614883,2981230.12612878,,,,,,,,,,,
107,1,240.0,330.0,False,,,2980.3781421110752,179235.60650912498,2650113.0384619078,1232.7096248238813,,,,,,,,,,,,,,,,2651345.748086732,2648880.328837084,,,,,,,,,,,
108,1,270.0,0.0,False,,,3137.096596543116,109218.85955544401,1441305.5896800417,53.52383892785292,,,,,,,,,,,,,,,,1441359.1135189694,1441252.0658411137,,,,,,,,,,,
109,1,270.0,30.0,False,,,3063.2169692469324,160847.2259066028,1102673.206063678,67.62647794897202,,,,,,,,,,,,,,,,1102605.579585729,1102740.8325416269,,,,,,,,,,,
110,1,270.0,60.0,False,,,3110.5955014770157,87391.74247535637,896291.0621202064,104.7528052853304,,,,,,,,,,,,,,,,896186.309314921,896395.8149254917,,,,,,,,,,,
111,1,270.0,90.0,False,,,3195.3080304711766,61889.06525070974,637359.861340116,419.44511451065773,,,,,,,,,,,,,,,,636940.4162256053,637779.3064546266,,,,,,,,,,,
112,1,270.0,120.0,False,,,3080.4418928883683,180093.77473448345,775047.3169341714,405.0939796657767,,,,,,,,,,,,,,,,774642.2229545056,775452.4109138371,,,,,,,,,,,
113,1,270.0,150.0,False,,,3139.2243319650206,117174.65974791249,1180143.2095517307,161.9780908743851,,,,,,,,,,,,,,,,1180305.187642605,1179981.2314608563,,,,,,,,,,,
114,1,270.0,180.0,False,,,2964.9955103748507,223343.0292869046,1637027.2056940414,967.8111792118289,,,,,,,,,,,,,,,,1637995.0168732533,1636059.3945148296,,,,,,,,,,,
115,1,270.0,210.0,False,,,2960.8768147923156,142982.68995057937,2142476.154796337,1137.8275400963612,,,,,,,,,,,,,,,,2143613.982336433,2141338.3272562404,,,,,,,,,,,
116,1,270.0,240.0,False,,,3004.8170402118362,139707.72400968923,2183102.314642472,1094.050499604782,,,,,,,,,,,,,,,,2184196.3651420767,2182008.264142867,,,,,,,,,,,
117,1,270.0,270.0,True,,,3217.1761549893563,403901.2841898093,2208006.8088632463,1034.4264959157445,,,,,,,,,,,,,,,,2209041.235359162,2206972.3823673306,,,,,,,,,,,
118,1,270.0,300.0,False,,,3071.4610107584767,243701.99501097068,2618285.917192328,1221.39413178619,,,,,,,,,,,,,,,,2619507.311324114,2617064.5230605416,,,,,,,,,,,
119,1,270.0,330.0,False,,,2813.902787078039,175006.01936056642,1821336.7394113974,694.6525965445908,,,,,,,,,,,,,,,,1822031.392007942,1820642.086814853,,,,,,,,,,,
120,1,300.0,0.0,False,,,2976.9859762985498,90903.12745860202,805233.4645349401,568.4406220848905,,,,,,,,,,,,,,,,804665.0239128552,805801.905157025,,,,,,,,,,,
121,1,300.0,30.0,False,,,3075.959726539357,166581.4039576326,596328.4796519028,733.7396037343424,,,,,,,,,,,,,,,,595594.7400481685,597062.2192556371,,,,,,,,,,,
122,1,300.0,60.0,False,,,3009.5183484956915,177587.89171680575,835157.6360562262,353.8146903429297,,,,,,,,,,,,,,,,834803.8213658833,835511.4507465692,,,,,,,,,,,
123,1,300.0,90.0,False,,,3163.7156948039456,74905.1724787768,651730.9289680461,501.88479050132446,,,,,,,,,,,,,,,,651229.0441775448,652232.8137585474,,,,,,,,,,,
124,1,300.0,120.0,False,,,3126.8982016376663,99935.12431107837,599032.6102420408,611.0849119937047,,,,,,,,,,,,,,,,598421.5253300471,599643.6951540345,,,,,,,,,,,
125,1,300.0,150.0,False,,,2928.984601170119,68540.8522567715,938090.38644622,5.098222755244933,,,,,,,,,,,,,,,,938095.4846689752,938085.2882234647,,,,,,,,,,,
126,1,300.0,180.0,False,,,2970.8646627700423,172331.09967773725,1317073.796286233,351.3906160972547,,,,,,,,,,,,,,,,1317425.1869023303,1316722.4056701357,,,,,,,,,,,
127,1,300.0,210.0,False,,,3168.30055625442,86649.6347770513,1875585.4404170935,667.244992322987,,,,,,,,,,,,,,,,1876252.6854094164,1874918.1954247705,,,,,,,,,,,
128,1,300.0,240.0,False,,,2889.40772784313,148200.28619641715,1784721.111984111,539.8636711994186,,,,,,,,,,,,,,,,1785260.9756553103,1784181.2483129115,,,,,,,,,,,
129,1,300.0,270.0,False,,,2959.6194772236095,126715.38397000422,1776883.4852701956,362.8616430386901,,,,,,,,,,,,,,,,1777246.3469132343,1776520.623627157,,,,,,,,,,,
130,1,300.0,300.0,True,,,3036.5944754805505,200960.02976663082,1587392.2502670023,154.74894376355223,,,,,,,,,,,,,,,,1587546.9992107658,1587237.5013232387,,,,,,,,,,,
131,1,300.0,330.0,False,,,3030.882221746569,237638.28403950235,1173149.8418109217,346.2148622799432,,,,,,,,,,,,,,,,1172803.6269486416,1173496.0566732015,,,,,,,,,,,
132,1,330.0,0.0,False,,,2716.5903701615844,87526.33917451199,392181.0828588908,843.2357944271644,,,,,,,,,,,,,,,,391337.84706446365,393024.318653318,,,,,,,,,,,
133,1,330.0,30.0,False,,,3120.8974671000256,142499.00439483143,515985.10607686837,781.8560085675854,,,,,,,,,,,,,,,,515203.2500683008,516766.962085436,,,,,,,,,,,
134,1,330.0,60.0,False,,,3237.754520758638,58843.704235656165,455027.62227653083,754.5624688916432,,,,,,,,,,,,,,,,454273.05980763916,455782.18474542245,,,,,,,,,,,
135,1,330.0,90.0,False,,,2971.1918412617206,38702.32995244798,242050.05082862746,780.2180072901829,,,,,,,,,,,,,,,,241269.83282133727,242830.26883591764,,,,,,,,,,,
136,1,330.0,120.0,False,,,2851.2403396997406,70837.00254093316,222121.44991312327,1004.1107735700207,,,,,,,,,,,,,,,,221117.33913955325,223125.5606866933,,,,,,,,,,,
137,1,330.0,150.0,False,,,2857.485490252412,78836.56088297584,308909.70193302666,965.211465086526,,,,,,,,,,,,,,,,307944.4904679401,309874.91339811316,,,,,,,,,,,
138,1,330.0,180.0,False,,,3001.0406337430586,44472.69003601811,574840.2725349329,796.5632134336047,,,,,,,,,,,,,,,,574043.7093214993,575636.8357483665,,,,,,,,,,,
139,1,330.0,210.0,False,,,3136.3861505064615,152583.78051929927,807490.5680262129,530.7563919698587,,,,,,,,,,,,,,,,806959.811634243,808021.3244181827,,,,,,,,,,,
140,1,330.0,240.0,False,,,2871.7599001019407,171975.39226256806,994898.8508441981,480.4557609905023,,,,,,,,,,,,,,,,994418.3950832076,995379.3066051886,,,,,,,,,,,
141,1,330.0,270.0,False,,,3076.7935219687206,101854.53258157111,814668.5339515684,738.6781571961474,,,,,,,,,,,,,,,,813929.8557943723,815407.2121087646,,,,,,,,,,,
142,1,330.0,300.0,False,,,3225.4650923476215,48971.20224317756,845565.9752677488,846.2157278974191,,,,,,,,,,,,,,,,844719.7595398515,846412.1909956463,,,,,,,,,,,
143,1,330.0,330.0,True,,,2777.3895657348785,91604.87674729823,572438.9571317462,647.0513255188707,,,,,,,,,,,,,,,,571791.9058062274,573086.0084572651,,,,,,,,,,,
144,2,0.0,0.0,True,,,3012.6671556093024,0.03113761208924997,1521.3545989386864,1506.149768218997,,,,,,,,,,,,,,,,15.2048307196895,3027.504367157683,,,,,,,,,,,
145,2,0.0,30.0,False,,,2952.91150808108,0.025201865989396874,1487.28899618451,1476.2991110763348,,,,,,,,,,,,,,,,10.989885108175411,2963.588107260845,,,,,,,,,,,
146,2,0.0,60.0,False,,,2956.497864430312,0.02692715473138004,1497.2331294659657,1477.9775333130651,,,,,,,,,,,,,,,,19.25559615290058,2975.210662779031,,,,,,,,,,,
147,2,0.0,90.0,False,,,2761.4746101465694,0.036376569571772065,1403.0161488362617,1380.3312567125824,,,,,,,,,,,,,,,,22.68489212367939,2783.347405548844,,,,,,,,,,,
148,2,0.0,120.0,False,,,2903.086218101051,0.015324087112364833,1476.245771070294,1451.0977260865923,,,,,,,,,,,,,,,,25.14804498370158,2927.3434971568863,,,,,,,,,,,
149,2,0.0,150.0,False,,,3138.454903355072,0.018702322742126673,1596.9480592562459,1568.7591260693914,,,,,,,,,,,,,,,,28.188933186854403,3165.7071853256375,,,,,,,,,,,
150,2,0.0,180.0,False,,,2789.251309047285,0.10348564427233015,1416.831554133795,1394.2697793251098,,,,,,,,,,,,,,,,22.561774808684966,2811.1013334589047,,,,,,,,,,,
151,2,0.0,210.0,False,,,2918.885545850331,0.07569600423450229,1480.5740870949617,1458.6807160175977,,,,,,,,,,,,,,,,21.893371077364193,2939.2548031125593,,,,,,,,,,,
152,2,0.0,240.0,False,,,2980.0976363797436,0.04753509653991922,1507.3411576564674,1489.6250148759598,,,,,,,,,,,,,,,,17.71614278050769,2996.966172532427,,,,,,,,,,,
153,2,0.0,270.0,False,,,3130.0919490712195,0.062321720367566925,1579.4276529791064,1564.7485908681701,,,,,,,,,,,,,,,,14.67906211093618,3144.1762438472765,,,,,,,,,,,
154,2,0.0,300.0,False,,,3116.822351540187,0.02521820017120275,1569.2336213794788,1558.1884008590466,,,,,,,,,,,,,,,,11.045220520432109,3127.4220222385256,,,,,,,,,,,
155,2,0.0,330.0,False,,,2848.0409640935886,0.0143465371556972,1433.719233327261,1423.7556093969347,,,,,,,,,,,,,,,,9.963623930326317,2857.4748427241957,,,,,,,,,,,
156,2,30.0,0.0,False,,,3221.920290482334,0.052704457908639604,1631.1789875759184,1610.7824107793476,,,,,,,,,,,,,,,,20.39657679657076,3241.9613983552663,,,,,,,,,,,
157,2,30.0,30.0,True,,,2795.2687389323996,0.0436506609210435,1415.5380212541731,1397.3963687159267,,,,,,,,,,,,,,,,18.141652538246433,2812.9343899701,,,,,,,,,,,
158,2,30.0,60.0,False,,,2901.861994205615,0.025601235136052312,1472.6212229271694,1450.6474886639096,,,,,,,,,,,,,,,,21.973734263259956,2923.268711591079,,,,,,,,,,,
159,2,30.0,90.0,False,,,2683.2189181676276,0.018877841296785693,1364.5401076316782,1341.0339270561542,,,,,,,,,,,,,,,,23.506180575524112,2705.5740346878324,,,,,,,,,,,
160,2,30.0,120.0,False,,,2872.597523512088,0.009693377767244264,1461.5697999151848,1435.7491135941514,,,,,,,,,,,,,,,,25.82068632103362,2897.318913509336,,,,,,,,,,,
161,2,30.0,150.0,False,,,3173.978383464019,0.031116340732714992,1615.1599670975545,1586.6509820696974,,,,,,,,,,,,,,,,28.50898502785705,3201.810949167252,,,,,,,,,,,
162,2,30.0,180.0,False,,,2764.6473715316406,0.03255401281537136,1414.9200635374834,1381.4808574396031,,,,,,,,,,,,,,,,33.43920609788029,2796.4009209770866,,,,,,,,,,,
163,2,30.0,210.0,False,,,2912.2474649542764,0.1313218324392119,1486.0181507266248,1455.5865962114558,,,,,,,,,,,,,,,,30.4315545151691,2941.6047469380806,,,,,,,,,,,
164,2,30.0,240.0,False,,,2974.312380928537,0.0459538526548508,1517.273560549138,1486.7041350853078,,,,,,,,,,,,,,,,30.56942546383026,3003.977695634446,,,,,,,,,,,
165,2,30.0,270.0,False,,,3045.7729749019118,0.03617068700819276,1541.8859435977008,1522.518215209442,,,,,,,,,,,,,,,,19.36772838825886,3064.4041588071427,,,,,,,,,,,
166,2,30.0,300.0,False,,,2921.7444915468295,0.033897158489164796,1473.5864757475988,1460.6365315785497,,,,,,,,,,,,,,,,12.949944169049061,2934.2230073261485,,,,,,,,,,,
167,2,30.0,330.0,False,,,3130.64676947958,0.030262511599420727,1583.1862780882047,1565.1979428546183,,,,,,,,,,,,,,,,17.988335233586376,3148.384220942823,,,,,,,,,,,
168,2,60.0,0.0,False,,,2951.1392177226357,0.043752340234022136,1497.7706907194888,1475.2805835987665,,,,,,,,,,,,,,,,22.490107120722172,2973.0512743182553,,,,,,,,,,,
169,2,60.0,30.0,False,,,3070.9780880110457,0.02975469366408886,1560.9219266886291,1535.1574613362372,,,,,,,,,,,,,,,,25.764465352391767,3096.0793880248666,,,,,,,,,,,
170,2,60.0,60.0,True,,,2801.613735036054,0.028955470670911025,1429.5714851878447,1400.2804064992602,,,,,,,,,,,,,,,,29.291078688584548,2829.851891687105,,,,,,,,,,,
171,2,60.0,90.0,False,,,3000.592586828968,0.029801517675715233,1534.2976624276464,1499.7192338221255,,,,,,,,,,,,,,,,34.57842860552084,3034.016896249772,,,,,,,,,,,
172,2,60.0,120.0,False,,,2802.0029321881843,0.017389187681589886,1438.1841383831868,1400.244620683046,,,,,,,,,,,,,,,,37.93951770014092,2838.4287590662325,,,,,,,,,,,
173,2,60.0,150.0,False,,,2959.3915720934065,0.05008280901090781,1515.4066129001112,1479.1395338139228,,,,,,,,,,,,,,,,36.26707908618835,2994.546146714034,,,,,,,,,,,
174,2,60.0,180.0,False,,,3273.415316564141,0.04809094380684441,1669.9904490055274,1636.350167297442,,,,,,,,,,,,,,,,33.64028170808502,3306.3406163029695,,,,,,,,,,,
175,2,60.0,210.0,False,,,3148.96324305785,0.0376638221134586,1604.605431261439,1574.0869597192827,,,,,,,,,,,,,,,,30.51847154215622,3178.692390980722,,,,,,,,,,,
176,2,60.0,240.0,False,,,2637.51806671905,0.0245498218857206,1346.001361916509,1318.0121450180143,,,,,,,,,,,,,,,,27.989216898494654,2664.0135069345233,,,,,,,,,,,
177,2,60.0,270.0,False,,,2979.2892396207367,0.03084511635732766,1516.3759666531573,1489.0405936226448,,,,,,,,,,,,,,,,27.3353730305124,3005.416560275802,,,,,,,,,,,
178,2,60.0,300.0,False,,,2869.0876690297655,0.014231526676253207,1457.0251328462934,1434.0657551421791,,,,,,,,,,,,,,,,22.9593777041143,2891.090887988473,,,,,,,,,,,
179,2,60.0,330.0,False,,,2856.1450380075507,0.028491056577123107,1445.094932702081,1427.6575066232315,,,,,,,,,,,,,,,,17.437426078849473,2872.7524393253125,,,,,,,,,,,
180,2,90.0,0.0,False,,,2874.800623357963,0.07820541795097866,1460.953210964663,1436.9927995389462,,,,,,,,,,,,,,,,23.960411425716643,2897.946010503609,,,,,,,,,,,
181,2,90.0,30.0,False,,,2867.0818417705987,0.03598409352732809,1461.0560534414262,1433.1428899619114,,,,,,,,,,,,,,,,27.91316347951492,2894.1989434033376,,,,,,,,,,,
182,2,90.0,60.0,False,,,2810.964467630974,0.02774378432181762,1441.9791787498937,1405.1000518964,,,,,,,,,,,,,,,,36.87912685349378,2847.0792306462936,,,,,,,,,,,
183,2,90.0,90.0,True,,,2897.235450588586,0.018372065760394383,1489.78913750024,1448.0456364061008,,,,,,,,,,,,,,,,41.743501094139134,2937.834773906341,,,,,,,,,,,
184,2,90.0,120.0,False,,,2962.0185605175984,0.01993036365972396,1531.320267367307,1480.4156871388457,,,,,,,,,,,,,,,,50.90458022846123,3011.7359545061527,,,,,,,,,,,
185,2,90.0,150.0,False,,,3062.1637392589037,0.03861256559455542,1575.2069346354237,1530.289962605093,,,,,,,,,,,,,,,,44.91697203033071,3105.496897240517,,,,,,,,,,,
186,2,90.0,180.0,False,,,3191.00006176624,0.04149073314269089,1636.8496481847046,1594.9558832488888,,,,,,,,,,,,,,,,41.89376493581569,3231.8055314335934,,,,,,,,,,,
187,2,90.0,210.0,False,,,2864.5079771854,0.031994942620736204,1463.1099990964847,1431.5527089506743,,,,,,,,,,,,,,,,31.557290145810462,2894.662708047159,,,,,,,,,,,
188,2,90.0,240.0,False,,,2608.945660513371,0.02340721789073436,1332.089908074918,1303.3423542904354,,,,,,,,,,,,,,,,28.747553784482545,2635.4322623653534,,,,,,,,,,,
189,2,90.0,270.0,False,,,2952.907095481365,0.009322367799577213,1502.6250630315421,1475.7667412205205,,,,,,,,,,,,,,,,26.85832181102173,2978.3918042520627,,,,,,,,,,,
190,2,90.0,300.0,False,,,2986.402314777782,0.029716276024017926,1521.9862978064714,1492.66207345291,,,,,,,,,,,,,,,,29.324224353561544,3014.6483712593813,,,,,,,,,,,
191,2,90.0,330.0,False,,,2950.3792025251387,0.02763360206414305,1494.7989405676763,1474.7335265135616,,,,,,,,,,,,,,,,20.06541405411467,2969.532467081238,,,,,,,,,,,
192,2,120.0,0.0,False,,,3001.6067039544073,0.01676453056809634,1529.596014841329,1500.442265305912,,,,,,,,,,,,,,,,29.153749535416825,3030.038280147241,,,,,,,,,,,
193,2,120.0,30.0,False,,,2953.94205563577,0.011139674992329825,1511.3680251499247,1476.5490669825706,,,,,,,,,,,,,,,,34.81895816735408,2987.9170921324953,,,,,,,,,,,
194,2,120.0,60.0,False,,,2942.245332392582,0.031016674212447234,1513.9748366960307,1470.4376981108976,,,,,,,,,,,,,,,,43.53713858513309,2984.4125348069283,,,,,,,,,,,
195,2,120.0,90.0,False,,,2964.709838757376,0.026998006491337052,1529.6808784337127,1481.6422319312433,,,,,,,,,,,,,,,,48.0386465024695,3011.323110364956,,,,,,,,,,,
196,2,120.0,120.0,True,,,3061.6565829041033,0.025959238517167242,1578.6581586527623,1530.221804826224,,,,,,,,,,,,,,,,48.43635382653841,3108.879963478986,,,,,,,,,,,
197,2,120.0,150.0,False,,,2900.8370731407695,0.018631698406286132,1503.2146581808465,1449.2360810192295,,,,,,,,,,,,,,,,53.978577161616954,2952.450739200076,,,,,,,,,,,
198,2,120.0,180.0,False,,,2921.601390307955,0.016086689859755483,1499.4790104390393,1460.0251274120913,,,,,,,,,,,,,,,,39.45388302694795,2959.5041378511305,,,,,,,,,,,
199,2,120.0,210.0,False,,,2976.9548780676278,0.02060848889982645,1522.3085565149174,1487.449068872899,,,,,,,,,,,,,,,,34.85948764201831,3009.7576253878165,,,,,,,,,,,
200,2,120.0,240.0,False,,,2938.116246447358,0.02599909073850707,1502.313109052582,1468.1694918642027,,,,,,,,,,,,,,,,34.14361718837938,2970.4826009167846,,,,,,,,,,,
201,2,120.0,270.0,False,,,2901.006494606757,0.019773096676721072,1485.266777617206,1449.595252526018,,,,,,,,,,,,,,,,35.671525091187945,2934.862030143224,,,,,,,,,,,
202,2,120.0,300.0,False,,,2952.746948508547,0.039216399697272614,1503.3306182516967,1475.871106163932,,,,,,,,,,,,,,,,27.45951208776488,2979.2017244156286,,,,,,,,,,,
203,2,120.0,330.0,False,,,3034.211413022806,0.024503640481971123,1540.6997244447393,1516.6282897600727,,,,,,,,,,,,,,,,24.07143468466686,3057.328014204812,,,,,,,,,,,
204,2,150.0,0.0,False,,,3052.41614010993,0.01594088786600644,1547.9845021104088,1525.7525623568495,,,,,,,,,,,,,,,,22.231939753559445,3073.7370644672583,,,,,,,,,,,
205,2,150.0,30.0,False,,,3064.887790832839,0.009474675009072706,1566.3961944764562,1531.9040043157972,,,,,,,,,,,,,,,,34.49219016065895,3098.3001987922535,,,,,,,,,,,
206,2,150.0,60.0,False,,,2995.730438353383,0.01464665583499002,1549.1067752279987,1497.1734373955683,,,,,,,,,,,,,,,,51.933337832430354,3046.280212623567,,,,,,,,,,,
207,2,150.0,90.0,False,,,2886.655811489377,0.030249565357626566,1499.4379578074575,1442.3460918380408,,,,,,,,,,,,,,,,57.09186596941656,2941.7840496454983,,,,,,,,,,,
208,2,150.0,120.0,False,,,3049.8662840154275,0.02596961023080928,1580.9645647002721,1524.0606220612208,,,,,,,,,,,,,,,,56.9039426390513,3105.025186761493,,,,,,,,,,,
209,2,150.0,150.0,True,,,3158.5216221156006,0.047551538557277645,1629.878520644361,1578.354406381595,,,,,,,,,,,,,,,,51.52411426276596,3208.232927025956,,,,,,,,,,,
210,2,150.0,180.0,False,,,2712.4645261170594,0.012244682093169795,1404.0943671945747,1355.4148789764454,,,,,,,,,,,,,,,,48.67948821812945,2759.50924617102,,,,,,,,,,,
211,2,150.0,210.0,False,,,2808.5053230006565,0.008369193744706252,1442.6209377682535,1402.8102857042277,,,,,,,,,,,,,,,,39.8106520640259,2845.431223472481,,,,,,,,,,,
212,2,150.0,240.0,False,,,2867.164366864704,0.01012530401726888,1471.8482903309055,1432.3515297951433,,,,,,,,,,,,,,,,39.49676053576225,2904.1998201260485,,,,,,,,,,,
213,2,150.0,270.0,False,,,2901.60268938643,0.032428688936185834,1481.1747069961368,1449.8380906125901,,,,,,,,,,,,,,,,31.336616383546527,2931.012797608727,,,,,,,,,,,
214,2,150.0,300.0,False,,,3218.0656529417874,0.026386447390861992,1636.8813050248398,1608.5731763076762,,,,,,,,,,,,,,,,28.30812871716347,3245.454481332516,,,,,,,,,,,
215,2,150.0,330.0,False,,,3014.7602283097367,0.023487661552519024,1529.919890436378,1507.0234320431705,,,,,,,,,,,,,,,,22.896458393207364,3036.9433224795484,,,,,,,,,,,
216,2,180.0,0.0,False,,,3039.3977693523375,0.05781787953233011,1538.548250199262,1519.4342957241488,,,,,,,,,,,,,,,,19.113954475113278,3057.9825459234107,,,,,,,,,,,
217,2,180.0,30.0,False,,,3075.5803705106064,0.010453020845499114,1561.1977032091095,1537.348024017388,,,,,,,,,,,,,,,,23.8496791917212,3098.5457272264975,,,,,,,,,,,
218,2,180.0,60.0,False,,,2832.6301402082067,0.013450761367397876,1453.4610512734514,1415.7798854345456,,,,,,,,,,,,,,,,37.68116583890577,2869.240936707997,,,,,,,,,,,
219,2,180.0,90.0,False,,,2801.3184864007944,0.03254131432698887,1455.6255504991552,1399.4060374324406,,,,,,,,,,,,,,,,56.21951306671469,2855.031587931596,,,,,,,,,,,
220,2,180.0,120.0,False,,,2821.6759685934217,0.0750215978704383,1462.6621720780115,1409.8292852210045,,,,,,,,,,,,,,,,52.832886857007004,2872.491457299016,,,,,,,,,,,
221,2,180.0,150.0,False,,,3048.7645887245358,0.01563192390998465,1572.7809875364273,1523.4104414984554,,,,,,,,,,,,,,,,49.370546037971806,3096.1914290348827,,,,,,,,,,,
222,2,180.0,180.0,True,,,2877.9005436158795,0.014641172512126842,1485.966752391894,1437.787327659251,,,,,,,,,,,,,,,,48.179424732642886,2923.754080051145,,,,,,,,,,,
223,2,180.0,210.0,False,,,3068.701798737555,0.01849759882412258,1578.8761472918186,1533.0450397530158,,,,,,,,,,,,,,,,45.8311075388029,3111.9211870448344,,,,,,,,,,,
224,2,180.0,240.0,False,,,3202.397861630393,0.03340027828318115,1645.5130412287958,1600.4219743031042,,,,,,,,,,,,,,,,45.091066925691635,3245.9350155319,,,,,,,,,,,
225,2,180.0,270.0,False,,,2767.336659115515,0.021095418681911383,1412.2816035355552,1382.6284335032858,,,,,,,,,,,,,,,,29.653170032269337,2794.910037038841,,,,,,,,,,,
226,2,180.0,300.0,False,,,3319.3617573123947,0.014405020897669603,1685.3731249609802,1659.1978256714235,,,,,,,,,,,,,,,,26.175299289556694,3344.5709506324038,,,,,,,,,,,
227,2,180.0,330.0,False,,,2965.294071911012,0.0339974656760383,1507.1697596455253,1482.0397687396437,,,,,,,,,,,,,,,,25.129990905881566,2989.209528385169,,,,,,,,,,,
228,2,210.0,0.0,False,,,2666.2510274755896,0.054601995715063065,1347.0276894381516,1332.7727366090578,,,,,,,,,,,,,,,,14.254952829093643,2679.8004260472094,,,,,,,,,,,
229,2,210.0,30.0,False,,,2865.184308040625,0.016543108373250105,1454.6150038665967,1432.0773433427323,,,,,,,,,,,,,,,,22.53766052386445,2886.692347209329,,,,,,,,,,,
230,2,210.0,60.0,False,,,3168.7361621478503,0.00892572381714398,1609.3955530898509,1583.9664624470026,,,,,,,,,,,,,,,,25.429090642848003,3193.3620155368535,,,,,,,,,,,
231,2,210.0,90.0,False,,,2963.648618009068,0.04546263284818346,1514.5719587358624,1481.2901216654493,,,,,,,,,,,,,,,,33.28183707041327,2995.8620804013117,,,,,,,,,,,
232,2,210.0,120.0,False,,,2955.4848420724147,0.034080202762110316,1528.1566285551796,1476.812436536645,,,,,,,,,,,,,,,,51.344192018534514,3004.9690650918246,,,,,,,,,,,
233,2,210.0,150.0,False,,,3102.8172988133592,0.02715200861790078,1599.375194648113,1550.6604884487365,,,,,,,,,,,,,,,,48.71470619937652,3150.0356830968494,,,,,,,,,,,
234,2,210.0,180.0,False,,,2943.885992282602,0.024644028037389878,1514.7817631996177,1470.4727857761427,,,,,,,,,,,,,,,,44.30897742347492,2985.2545489757604,,,,,,,,,,,
235,2,210.0,210.0,True,,,2988.125298576908,0.022846533313607656,1523.7548556786537,1492.9512632551227,,,,,,,,,,,,,,,,30.803592423530823,3016.7061189337765,,,,,,,,,,,
236,2,210.0,240.0,False,,,2938.6786625512464,0.021837782795756405,1501.3541803808284,1468.5282542982773,,,,,,,,,,,,,,,,32.825926082551206,2969.8824346791057,,,,,,,,,,,
237,2,210.0,270.0,False,,,2794.7220957188574,0.02364704636643731,1417.8752414304695,1396.56626538942,,,,,,,,,,,,,,,,21.308976041049462,2814.4415068198896,,,,,,,,,,,
238,2,210.0,300.0,False,,,2863.595008643568,0.011259251138046938,1449.2246670480024,1431.2987502101546,,,,,,,,,,,,,,,,17.92591683784779,2880.523417258157,,,,,,,,,,,
239,2,210.0,330.0,False,,,2838.179686370851,0.028822067402485163,1433.0006056444734,1418.6042695767972,,,,,,,,,,,,,,,,14.396336067676131,2851.6048752212705,,,,,,,,,,,
240,2,240.0,0.0,False,,,2891.8665125986154,0.038905236393227974,1458.9162367183578,1445.663404497872,,,,,,,,,,,,,,,,13.252832220485681,2904.57964121623,,,,,,,,,,,
241,2,240.0,30.0,False,,,3028.360357453867,0.02226049142486069,1527.0753156624253,1513.9171369261476,,,,,,,,,,,,,,,,13.158178736277726,3040.9924525885726,,,,,,,,,,,
242,2,240.0,60.0,False,,,2625.2200585082314,0.011461652250197456,1328.3433971538655,1312.1077218803787,,,,,,,,,,,,,,,,16.235675273486684,2640.451119034244,,,,,,,,,,,
243,2,240.0,90.0,False,,,2860.4443336757586,0.022751193014808338,1458.9109765559479,1429.6631696303612,,,,,,,,,,,,,,,,29.24780692558669,2888.574146186309,,,,,,,,,,,
244,2,240.0,120.0,False,,,3064.9552589353416,0.06750302607697706,1560.8186840011565,1531.8876256041965,,,,,,,,,,,,,,,,28.931058396959862,3092.706309605353,,,,,,,,,,,
245,2,240.0,150.0,False,,,3028.243494831404,0.03405379445264227,1552.8540171600914,1513.1985679406023,,,,,,,,,,,,,,,,39.65544921948918,3066.0525851006937,,,,,,,,,,,
246,2,240.0,180.0,False,,,2757.4161830277703,0.02357227183420562,1416.4541671675315,1377.861597548782,,,,,,,,,,,,,,,,38.59256961874972,2794.3157647163134,,,,,,,,,,,
247,2,240.0,210.0,False,,,2942.224503535476,0.015846633978517956,1498.6998813506332,1470.3655268765795,,,,,,,,,,,,,,,,28.33435447405366,2969.0654082272126,,,,,,,,,,,
248,2,240.0,240.0,True,,,3017.182860062855,0.017045413005071917,1531.5250043904623,1508.0112251399094,,,,,,,,,,,,,,,,23.513779250553,3039.5362295303717,,,,,,,,,,,
249,2,240.0,270.0,False,,,3007.3980022941373,0.027819646052168218,1522.0490952063828,1502.9833252081573,,,,,,,,,,,,,,,,19.06576999822559,3025.03242041454,,,,,,,,,,,
250,2,240.0,300.0,False,,,2933.8604685632195,0.011998075256143673,1478.246277976394,1466.4273564096,,,,,,,,,,,,,,,,11.818921566794053,2944.673634385994,,,,,,,,,,,
251,2,240.0,330.0,False,,,2964.616560981549,0.03713001042077235,1494.3389832286573,1482.1200671206536,,,,,,,,,,,,,,,,12.218916108003878,2976.459050349311,,,,,,,,,,,
252,2,270.0,0.0,False,,,2835.340795816792,0.022584039406751216,1425.6762078389727,1417.4060014733707,,,,,,,,,,,,,,,,8.270206365601933,2843.0822093123434,,,,,,,,,,,
253,2,270.0,30.0,False,,,2989.7279779571754,0.010651141784408236,1508.4287385314924,1494.6280876169303,,,,,,,,,,,,,,,,13.800650914562269,3003.0568261484227,,,,,,,,,,,
254,2,270.0,60.0,False,,,2835.3752137990473,0.02051794140238916,1431.5316818985082,1417.3776669479707,,,,,,,,,,,,,,,,14.154014950537459,2848.9093488464787,,,,,,,,,,,
255,2,270.0,90.0,False,,,2914.267881790426,0.034019988782071645,1480.9738767385636,1456.6710777584663,,,,,,,,,,,,,,,,24.30279898009738,2937.6449544970296,,,,,,,,,,,
256,2,270.0,120.0,False,,,2712.0436724748806,0.042186377099056885,1379.008854352811,1355.48830066782,,,,,,,,,,,,,,,,23.520553684990933,2734.4971550206315,,,,,,,,,,,
257,2,270.0,150.0,False,,,3009.036033481494,0.03262100636917817,1526.2314249470649,1503.7414161668478,,,,,,,,,,,,,,,,22.490008780216975,3029.9728411139126,,,,,,,,,,,
258,2,270.0,180.0,False,,,2889.501701990346,0.02157019386972979,1468.6835774605083,1443.3956365486754,,,,,,,,,,,,,,,,25.287940911832877,2912.079214009184,,,,,,,,,,,
259,2,270.0,210.0,False,,,2967.8983969994724,0.026068291292987534,1505.4324506659966,1483.0919493746399,,,,,,,,,,,,,,,,22.340501291356617,2988.5244000406365,,,,,,,,,,,
260,2,270.0,240.0,False,,,3108.210637066427,0.012811008001828604,1576.6675845565032,1553.4240790265476,,,,,,,,,,,,,,,,23.24350552995573,3130.091663583051,,,,,,,,,,,
261,2,270.0,270.0,True,,,2904.6413614800576,0.017110689634105322,1468.9704679383537,1451.7725305420774,,,,,,,,,,,,,,,,17.19793739627633,2920.742998480431,,,,,,,,,,,
262,2,270.0,300.0,False,,,2920.97199325171,0.047657594000035344,1467.6089531656212,1460.153826438373,,,,,,,,,,,,,,,,7.455126727248338,2927.762779603994,,,,,,,,,,,
263,2,270.0,330.0,False,,,2964.3016427128578,0.027796627623153176,1488.4272198161254,1481.8998636749855,,,,,,,,,,,,,,,,6.527356141140148,2970.327083491111,,,,,,,,,,,
264,2,300.0,0.0,False,,,3000.653748021193,0.009556171704819944,1506.9524128944495,1500.0926202252322,,,,,,,,,,,,,,,,6.859792669217439,3007.0450331196816,,,,,,,,,,,
265,2,300.0,30.0,False,,,2793.2643131658874,0.011432349580761442,1408.8745617319619,1396.2692309962886,,,,,,,,,,,,,,,,12.60533073567353,2805.1437927282504,,,,,,,,,,,
266,2,300.0,60.0,False,,,2907.7269695479536,0.048767389083089654,1466.0985378687344,1453.55313865531,,,,,,,,,,,,,,,,12.545399213424503,2919.6516765240444,,,,,,,,,,,
267,2,300.0,90.0,False,,,3109.3355436465986,0.03289305313349743,1572.8606844457956,1554.3920164816143,,,,,,,,,,,,,,,,18.468667964181556,3127.25270092741,,,,,,,,,,,
268,2,300.0,120.0,False,,,2798.019451889427,0.013558170431876427,1416.7849244220247,1398.5750916709349,,,,,,,,,,,,,,,,18.20983275108999,2815.3600160929595,,,,,,,,,,,
269,2,300.0,150.0,False,,,3119.8311359498357,0.02377037328102563,1585.7532509314465,1559.546716431441,,,,,,,,,,,,,,,,26.206534500005375,3145.2999673628874,,,,,,,,,,,
270,2,300.0,180.0,False,,,3036.559512072648,0.026897807778065462,1535.8153025809568,1517.5144688309895,,,,,,,,,,,,,,,,18.30083374996742,3053.3297714119462,,,,,,,,,,,
271,2,300.0,210.0,False,,,3139.722772384735,0.013297547151476326,1597.8004968272783,1569.2947152686045,,,,,,,,,,,,,,,,28.50578155867374,3167.0952120958827,,,,,,,,,,,
272,2,300.0,240.0,False,,,3135.654209187462,0.02361650062531942,1589.3228187691323,1567.2403282528123,,,,,,,,,,,,,,,,22.082490516319908,3156.5631470219446,,,,,,,,,,,
273,2,300.0,270.0,False,,,3049.2553567971445,0.03147028207086189,1536.7081311844445,1524.076842095296,,,,,,,,,,,,,,,,12.631289089148549,3060.7849732797404,,,,,,,,,,,
274,2,300.0,300.0,True,,,2578.1617746107972,0.075546139130461,1295.774258395157,1288.7432844223547,,,,,,,,,,,,,,,,7.0309739728021725,2584.5175428175116,,,,,,,,,,,
275,2,300.0,330.0,False,,,2824.904214900869,0.01720663128385903,1421.2221415774357,1412.1724696686936,,,,,,,,,,,,,,,,9.049671908742102,2833.394611246129,,,,,,,,,,,
276,2,330.0,0.0,False,,,2975.2885478643866,0.011412233007544185,1501.3111098141464,1487.4185040664577,,,,,,,,,,,,,,,,13.892605747688863,2988.729613880604,,,,,,,,,,,
277,2,330.0,30.0,False,,,2859.1399606949935,0.011603460338496087,1442.2685440789776,1429.2926642614295,,,,,,,,,,,,,,,,12.975879817547932,2871.561208340407,,,,,,,,,,,
278,2,330.0,60.0,False,,,2787.1001085606513,0.03236714922037581,1408.6189553589027,1393.3405734081955,,,,,,,,,,,,,,,,15.278381950707033,2801.959528767098,,,,,,,,,,,
279,2,330.0,90.0,False,,,3071.949765559355,0.0460697924847811,1555.707346935842,1535.7598152983664,,,,,,,,,,,,,,,,19.947531637475542,3091.4671622342084,,,,,,,,,,,
280,2,330.0,120.0,False,,,3230.272067202128,0.026931169539807315,1639.7797360159195,1614.7784226466854,,,,,,,,,,,,,,,,25.001313369234275,3254.558158662605,,,,,,,,,,,
281,2,330.0,150.0,False,,,2997.683951871287,0.012925995524676714,1527.6198924779706,1498.2189517704605,,,,,,,,,,,,,,,,29.400940707510244,3025.838844248431,,,,,,,,,,,
282,2,330.0,180.0,False,,,2816.5687224181784,0.06439539539522936,1430.6586113649853,1407.8459068002019,,,,,,,,,,,,,,,,22.812704564783473,2838.504518165187,,,,,,,,,,,
283,2,330.0,210.0,False,,,2872.2086715619666,0.026367930943554115,1460.0433102405111,1435.3371319045611,,,,,,,,,,,,,,,,24.706178335949993,2895.3804421450723,,,,,,,,,,,
284,2,330.0,240.0,False,,,2931.493391549353,0.038423595978593836,1484.1945876160419,1465.1419561902574,,,,,,,,,,,,,,,,19.052631425784657,2949.3365438062992,,,,,,,,,,,
285,2,330.0,270.0,False,,,2844.5071874953505,0.06998310383781983,1434.0603831646724,1421.9881357195507,,,,,,,,,,,,,,,,12.07224744512174,2856.048518884223,,,,,,,,,,,
286,2,330.0,300.0,False,,,3118.744893706292,0.025533332389359786,1569.600555732399,1559.1891739365972,,,,,,,,,,,,,,,,10.411381795801859,3128.789729668996,,,,,,,,,,,
287,2,330.0,330.0,True,,,3053.838254151085,0.023884563709794776,1534.9684004480723,1526.6900982745974,,,,,,,,,,,,,,,,8.278302173474856,3061.6584987226697,,,,,,,,,,,
0,1,0.0,0.0,True,,,0.05923506184414998,0.02977411409144981,0.08217447062639335,0.01267209077583007,,,,,,,,,,,,,,,,,,0.06950237985056329,0.09484656140222343,,,,,,,,,
1,1,0.0,30.0,False,,,0.06626453386017545,0.01675401707512881,0.05147992292508439,0.0024737684932069903,,,,,,,,,,,,,,,,,,0.05395369141829138,0.0490061544318774,,,,,,,,,
2,1,0.0,60.0,False,,,0.03263770570172078,0.023731411802121995,0.04570618483234719,0.006427117094818149,,,,,,,,,,,,,,,,,,0.03927906773752904,0.05213330192716534,,,,,,,,,
3,1,0.0,90.0,False,,,0.07263287773583016,0.02578390706039775,0.08646537601077771,0.005354501448111129,,,,,,,,,,,,,,,,,,0.08111087456266658,0.09181987745888884,,,,,,,,,
4,1,0.0,120.0,False,,,0.06487025931520984,0.06421661561944594,0.12705906453832014,0.002786110247730421,,,,,,,,,,,,,,,,,,0.12984517478605057,0.12427295429058972,,,,,,,,,
5,1,0.0,150.0,False,,,0.04810404036447139,0.04806712980285552,0.05403754856377716,0.014008892618319994,,,,,,,,,,,,,,,,,,0.04002865594545717,0.06804644118209716,,,,,,,,,
6,1,0.0,180.0,False,,,0.0181515041127532,0.014400353499840712,0.03239419493858714,0.0020214307046767695,,,,,,,,,,,,,,,,,,0.034415625643263906,0.030372764233910367,,,,,,,,,
7,1,0.0,210.0,False,,,0.008914005972275962,0.00878905448137111,0.03224190568683866,0.00028590427822833275,,,,,,,,,,,,,,,,,,0.031956001408610324,0.03252780996506699,,,,,,,,,
8,1,0.0,240.0,False,,,0.03237806468481887,0.015769482741722518,0.04113862889202721,0.010198362061532467,,,,,,,,,,,,,,,,,,0.030940266830494747,0.05133699095355968,,,,,,,,,
9,1,0.0,270.0,False,,,0.03620926034515054,0.028315114781409634,0.0759487200216584,0.005420937348872057,,,,,,,,,,,,,,,,,,0.07052778267278634,0.08136965737053045,,,,,,,,,
10,1,0.0,300.0,False,,,0.03343632628346062,0.012654460688799211,0.04582019439011284,0.005024208639152591,,,,,,,,,,,,,,,,,,0.04079598575096025,0.050844403029265434,,,,,,,,,
11,1,0.0,330.0,False,,,0.11707260585557126,0.07014441481207215,0.42714608790906977,0.04113892843496331,,,,,,,,,,,,,,,,,,0.4682850163440331,0.38600715947410646,,,,,,,,,
12,1,30.0,0.0,False,,,0.06832334183240271,0.04937376073571666,0.07826600214370089,0.00025302754086165,,,,,,,,,,,,,,,,,,0.07851902968456254,0.07801297460283924,,,,,,,,,
13,1,30.0,30.0,True,,,0.07100729694452688,0.03878528309341038,0.10330927480675506,0.01987563604225636,,,,,,,,,,,,,,,,,,0.12318491084901141,0.08343363876449869,,,,,,,,,
14,1,30.0,60.0,False,,,0.0880215974246108,0.05111568711628642,0.0972300093328244,0.0038613308655333217,,,,,,,,,,,,,,,,,,0.10109134019835772,0.09336867846729108,,,,,,,,,
15,1,30.0,90.0,False,,,0.07632190877626974,0.02178796441050675,0.05482413723202572,0.0011833600738831093,,,,,,,,,,,,,,,,,,0.05364077715814261,0.05600749730590883,,,,,,,,,
16,1,30.0,120.0,False,,,0.026446197254096297,0.011546770124224226,0.02699692333348721,0.0014668803609015485,,,,,,,,,,,,,,,,,,0.028463803694388758,0.02553004297258566,,,,,,,,,
17,1,30.0,150.0,False,,,0.016102780930317015,0.008838059320770388,0.024962930260263156,0.0006742657369182593,,,,,,,,,,,,,,,,,,0.025637195997181415,0.024288664523344897,,,,,,,,,
18,1,30.0,180.0,False,,,0.01916676010080992,0.010552111197372354,0.040902843170849995,0.002673134528795182,,,,,,,,,,,,,,,,,,0.03822970864205481,0.04357597769964518,,,,,,,,,
19,1,30.0,210.0,False,,,0.016229119625559014,0.03001754055628892,0.04737641790631527,0.002833557100925921,,,,,,,,,,,,,,,,,,0.04454286080538935,0.05020997500724119,,,,,,,,,
20,1,30.0,240.0,False,,,0.043034999423993164,0.03276923595224392,0.047782043930536734,0.013768942182500153,,,,,,,,,,,,,,,,,,0.03401310174803658,0.06155098611303689,,,,,,,,,
21,1,30.0,270.0,False,,,0.04621874295386712,0.032050155645677224,0.09341509372452782,0.002415714427560514,,,,,,,,,,,,,,,,,,0.0909993792969673,0.09583080815208833,,,,,,,,,
22,1,30.0,300.0,False,,,0.050303914731884364,0.027010559978510776,0.07652766657560929,0.012072451236358597,,,,,,,,,,,,,,,,,,0.0644552153392507,0.08860011781196789,,,,,,,,,
23,1,30.0,330.0,False,,,0.03736761168546705,0.05388006111304472,0.10044490454348359,0.009181913846080865,,,,,,,,,,,,,,,,,,0.09126299069740272,0.10962681838956445,,,,,,,,,
24,1,60.0,0.0,False,,,0.09509606368501419,0.05425127369588359,0.09593880255358306,0.03918318443055404,,,,,,,,,,,,,,,,,,0.056755618123029025,0.1351219869841371,,,,,,,,,
25,1,60.0,30.0,False,,,0.17499452166063864,0.04646207842981168,0.1390038851184658,0.02857142471671152,,,,,,,,,,,,,,,,,,0.16757530983517732,0.11043246040175428,,,,,,,,,
26,1,60.0,60.0,True,,,0.059770388724006265,0.04773644934293898,0.056153605333896954,0.01832519132927405,,,,,,,,,,,,,,,,,,0.037828414004622904,0.074478796663171,,,,,,,,,
27,1,60.0,90.0,False,,,0.013427586793410745,0.009066429250865964,0.03889926600125892,0.000917312549932138,,,,,,,,,,,,,,,,,,0.03798195345132678,0.039816578551191056,,,,,,,,,
28,1,60.0,120.0,False,,,0.012352456955169544,0.007928206259783663,0.02931210641813379,0.0001531502640350433,,,,,,,,,,,,,,,,,,0.029158956154098744,0.02946525668216883,,,,,,,,,
29,1,60.0,150.0,False,,,0.013154001637963948,0.010082184199969889,0.027622655054468044,0.0027072780943034405,,,,,,,,,,,,,,,,,,0.024915376960164604,0.030329933148771485,,,,,,,,,
30,1,60.0,180.0,False,,,0.01227492667870303,0.007663728305510943,0.033965335723034826,0.0021818025345021336,,,,,,,,,,,,,,,,,,0.03178353318853269,0.03614713825753696,,,,,,,,,
31,1,60.0,210.0,False,,,0.017685286527915563,0.020740816252154008,0.04717480336017411,0.004412569319905482,,,,,,,,,,,,,,,,,,0.042762234040268625,0.05158737268007959,,,,,,,,,
32,1,60.0,240.0,False,,,0.03650180323055194,0.03986645485951447,0.05812689346457333,0.012025527610598476,,,,,,,,,,,,,,,,,,0.046101365853974854,0.0701524210751718,,,,,,,,,
33,1,60.0,270.0,False,,,0.02910513168056351,0.034638162612780264,0.05921225171617357,0.001699095876889909,,,,,,,,,,,,,,,,,,0.060911347593063485,0.05751315583928367,,,,,,,,,
34,1,60.0,300.0,False,,,0.0653464031583065,0.061460471376080114,0.08427178734278298,0.01146599510738907,,,,,,,,,,,,,,,,,,0.09573778245017205,0.0728057922353939,,,,,,,,,
35,1,60.0,330.0,False,,,0.03219211968247028,0.027059746404125777,0.04365731838495576,0.0031730804036778637,,,,,,,,,,,,,,,,,,0.046830398788633626,0.0404842379812779,,,,,,,,,
36,1,90.0,0.0,False,,,0.10809559116654274,0.046591993763671395,0.09110962051269066,0.04510182745077383,,,,,,,,,,,,,,,,,,0.04600779306191682,0.1362114479634645,,,,,,,,,
37,1,90.0,30.0,False,,,0.03777919368165787,0.06470851171988164,0.06437063817773245,0.013730612269559926,,,,,,,,,,,,,,,,,,0.07810125044729237,0.050640025908172515,,,,,,,,,
38,1,90.0,60.0,False,,,0.011492888304933809,0.011325991446013622,0.05330646744254497,0.0019233502461947737,,,,,,,,,,,,,,,,,,0.05522981768873974,0.05138311719635019,,,,,,,,,
39,1,90.0,90.0,True,,,0.03031553162309155,0.010226100524195165,0.048755260150115054,0.00920433454588963,,,,,,,,,,,,,,,,,,0.05795959469600469,0.03955092560422543,,,,,,,,,
40,1,90.0,120.0,False,,,0.03796617128389057,0.012281819936286341,0.03264281839502293,0.009315840251534625,,,,,,,,,,,,,,,,,,0.023326978143488303,0.04195865864655755,,,,,,,,,
41,1,90.0,150.0,False,,,0.013756753000176435,0.0065050786743982795,0.02545266487983487,0.0006301799993976079,,,,,,,,,,,,,,,,,,0.024822484880437264,0.02608284487923248,,,,,,,,,
42,1,90.0,180.0,False,,,0.009689149688668141,0.013616999325661325,0.03387926928190108,0.0022432727947386613,,,,,,,,,,,,,,,,,,0.036122542076639744,0.03163599648716242,,,,,,,,,
43,1,90.0,210.0,False,,,0.009524071180400146,0.017808812840348492,0.03131669482937232,0.001377143465179179,,,,,,,,,,,,,,,,,,0.02993955136419314,0.0326938382945515,,,,,,,,,
44,1,90.0,240.0,False,,,0.032108656275969524,0.03572134885045229,0.049723925429195105,0.006324904450189149,,,,,,,,,,,,,,,,,,0.056048829879384254,0.043399020979005956,,,,,,,,,
45,1,90.0,270.0,False,,,0.06411299012963391,0.06943158533595462,0.07611422104913806,0.011582416601233762,,,,,,,,,,,,,,,,,,0.08769663765037182,0.0645318044479043,,,,,,,,,
46,1,90.0,300.0,False,,,0.073067835736401,0.04267143605366033,0.06117134977034738,0.016763047763746708,,,,,,,,,,,,,,,,,,0.044408302006600675,0.07793439753409409,,,,,,,,,
47,1,90.0,330.0,False,,,0.03692929457497143,0.039128767973042974,0.049626615787141795,0.005728635763743287,,,,,,,,,,,,,,,,,,0.04389798002339851,0.05535525155088508,,,,,,,,,
48,1,120.0,0.0,False,,,0.07806064273542715,0.027410845538168756,0.0583942475060307,0.011563573204760813,,,,,,,,,,,,,,,,,,0.04683067430126989,0.06995782071079151,,,,,,,,,
49,1,120.0,30.0,False,,,0.030390016081911372,0.03353986665206109,0.043905785628394665,0.0031155650450923125,,,,,,,,,,,,,,,,,,0.04079022058330235,0.04702135067348698,,,,,,,,,
50,1,120.0,60.0,False,,,0.0072081741957073404,0.008153495665511368,0.02531141895009605,0.001533465759979185,,,,,,,,,,,,,,,,,,0.026844884710075234,0.023777953190116864,,,,,,,,,
51,1,120.0,90.0,False,,,0.029119627976570486,0.011477269433354932,0.02965463649200717,0.0026096006500183466,,,,,,,,,,,,,,,,,,0.03226423714202552,0.027045035841988824,,,,,,,,,
52,1,120.0,120.0,True,,,0.05549325244587452,0.008256911448130958,0.03852779870609395,0.0027253568715204617,,,,,,,,,,,,,,,,,,0.04125315557761441,0.035802441834573484,,,,,,,,,
53,1,120.0,150.0,False,,,0.03596735828928992,0.012925649456757051,0.03975404818859182,0.005867050342903482,,,,,,,,,,,,,,,,,,0.045621098531495305,0.03388699784568834,,,,,,,,,
54,1,120.0,180.0,False,,,0.013163146101477754,0.013085352621963108,0.03765974842251505,0.0032458975135543702,,,,,,,,,,,,,,,,,,0.03441385090896068,0.04090564593606942,,,,,,,,,
55,1,120.0,210.0,False,,,0.010993448916518185,0.01939468826107069,0.039775734243865074,7.588078308869498e-05,,,,,,,,,,,,,,,,,,0.039699853460776376,0.039851615026953766,,,,,,,,,
56,1,120.0,240.0,False,,,0.047693369699106716,0.08799098645784026,0.05135281898230678,0.004117390206867112,,,,,,,,,,,,,,,,,,0.04723542877543967,0.05547020918917389,,,,,,,,,
57,1,120.0,270.0,False,,,0.07047887294546437,0.03409291021177332,0.08440462565759618,0.024615644331526666,,,,,,,,,,,,,,,,,,0.059788981326069524,0.10902026998912286,,,,,,,,,
58,1,120.0,300.0,False,,,0.19074523580713787,0.03317749476223948,0.112447860487402,0.04594467118584662,,,,,,,,,,,,,,,,,,0.06650318930155538,0.15839253167324863,,,,,,,,,
59,1,120.0,330.0,False,,,0.16267708679477288,0.05062335164578117,0.09123744137386026,0.010960327622898738,,,,,,,,,,,,,,,,,,0.102197768996759,0.08027711375096153,,,,,,,,,
60,1,150.0,0.0,False,,,0.026756874870398226,0.02314984213161376,0.03694611522206972,0.003146981608675291,,,,,,,,,,,,,,,,,,0.04009309683074501,0.03379913361339443,,,,,,,,,
61,1,150.0,30.0,False,,,0.02528890244410907,0.026267180112076603,0.03575339437651819,0.0009581629363913449,,,,,,,,,,,,,,,,,,0.03479523144012685,0.03671155731290954,,,,,,,,,
62,1,150.0,60.0,False,,,0.01973100172247421,0.010533441311522312,0.026669747174783195,0.0025415465357310277,,,,,,,,,,,,,,,,,,0.024128200639052168,0.029211293710514223,,,,,,,,,
63,1,150.0,90.0,False,,,0.010984315630032934,0.008552819154845976,0.028067522083599254,0.0006244372710273692,,,,,,,,,,,,,,,,,,0.027443084812571884,0.028691959354626623,,,,,,,,,
64,1,150.0,120.0,False,,,0.01585731897343075,0.0091255871068694,0.02510766313747364,0.002087366373533633,,,,,,,,,,,,,,,,,,0.02719502951100727,0.023020296763940004,,,,,,,,,
65,1,150.0,150.0,True,,,0.03502755243001039,0.025521561125940766,0.057502715860601475,0.010659207092315982,,,,,,,,,,,,,,,,,,0.06816192295291745,0.04684350876828549,,,,,,,,,
66,1,150.0,180.0,False,,,0.04241393994097639,0.017493668307248238,0.040860041857693166,0.0011691408036359659,,,,,,,,,,,,,,,,,,0.04202918266132913,0.0396909010540572,,,,,,,,,
67,1,150.0,210.0,False,,,0.015459858857979115,0.029620854152348216,0.04379063342037953,0.0029374730610906598,,,,,,,,,,,,,,,,,,0.04672810648147019,0.04085316035928887,,,,,,,,,
68,1,150.0,240.0,False,,,0.014802647460202543,0.01994021622558388,0.03280646428552758,0.004221011882155578,,,,,,,,,,,,,,,,,,0.03702747616768316,0.028585452403372007,,,,,,,,,
69,1,150.0,270.0,False,,,0.08775855704528876,0.07948252688270831,0.07166134870700885,0.03249176164684368,,,,,,,,,,,,,,,,,,0.10415311035385252,0.03916958706016517,,,,,,,,,
70,1,150.0,300.0,False,,,0.03644464063485685,0.03831459082917709,0.05378916185297253,0.014487201106853073,,,,,,,,,,,,,,,,,,0.0682763629598256,0.039301960746119455,,,,,,,,,
71,1,150.0,330.0,False,,,0.01899082319217698,0.026947305120368567,0.0340012253245849,0.0003973147307526244,,,,,,,,,,,,,,,,,,0.03439854005533752,0.03360391059383227,,,,,,,,,
72,1,180.0,0.0,False,,,0.025682792966849506,0.019263171035367947,0.039140026806579215,0.0054224529117856135,,,,,,,,,,,,,,,,,,0.0337175738947936,0.04456247971836483,,,,,,,,,
73,1,180.0,30.0,False,,,0.022609680553014842,0.024700489468982654,0.0525302841062988,0.005883234721017809,,,,,,,,,,,,,,,,,,0.04664704938528099,0.05841351882731661,,,,,,,,,
74,1,180.0,60.0,False,,,0.034905270565493904,0.03465957069926271,0.04177744170309044,0.0017553090143649572,,,,,,,,,,,,,,,,,,0.04002213268872548,0.043532750717455396,,,,,,,,,
75,1,180.0,90.0,False,,,0.009737385844915035,0.009406036315021417,0.023053175032757715,0.0010746434853481368,,,,,,,,,,,,,,,,,,0.02197853154740958,0.024127818518105852,,,,,,,,,
76,1,180.0,120.0,False,,,0.018655613057173757,0.01025769052866041,0.03442183896322355,0.00314071731872978,,,,,,,,,,,,,,,,,,0.03128112164449377,0.03756255628195333,,,,,,,,,
77,1,180.0,150.0,False,,,0.04629859317584724,0.015262827988900919,0.0459479990757167,0.0014468907752485,,,,,,,,,,,,,,,,,,0.0473948898509652,0.044501108300468196,,,,,,,,,
78,1,180.0,180.0,True,,,0.03205676126062384,0.03544536450731651,0.05060629075651058,0.009110802586682017,,,,,,,,,,,,,,,,,,0.0597170933431926,0.041495488169828565,,,,,,,,,
79,1,180.0,210.0,False,,,0.044183825603828976,0.01248530205806557,0.0650960043191501,0.009634023407841266,,,,,,,,,,,,,,,,,,0.05546198091130883,0.07473002772699136,,,,,,,,,
80,1,180.0,240.0,False,,,0.01691983075864096,0.015453500911840435,0.04334337117152808,0.004445661479117187,,,,,,,,,,,,,,,,,,0.038897709692410895,0.04778903265064527,,,,,,,,,
81,1,180.0,270.0,False,,,0.029445677483570284,0.01821427539842418,0.03815800676787692,0.007996016137046012,,,,,,,,,,,,,,,,,,0.04615402290492293,0.030161990630830908,,,,,,,,,
82,1,180.0,300.0,False,,,0.02207911952262561,0.03322599806187558,0.03254999329984283,0.004681774640012612,,,,,,,,,,,,,,,,,,0.03723176793985544,0.02786821865983022,,,,,,,,,
83,1,180.0,330.0,False,,,0.05257360005941989,0.04367216753130662,0.11361790434627465,0.018577923243210073,,,,,,,,,,,,,,,,,,0.09503998110306458,0.13219582758948473,,,,,,,,,
84,1,210.0,0.0,False,,,0.057972511890056894,0.03991761519721518,0.09021513120025204,0.02167793550098813,,,,,,,,,,,,,,,,,,0.06853719569926392,0.11189306670124018,,,,,,,,,
85,1,210.0,30.0,False,,,0.04311111806078454,0.03198265193374499,0.0730935546428424,0.003476847607351119,,,,,,,,,,,,,,,,,,0.06961670703549128,0.07657040225019351,,,,,,,,,
86,1,210.0,60.0,False,,,0.03762477814778573,0.08143642802810107,0.08320546212810662,0.006673179008631645,,,,,,,,,,,,,,,,,,0.07653228311947496,0.08987864113673825,,,,,,,,,
87,1,210.0,90.0,False,,,0.04805641429887536,0.0466869042337701,0.08780876360542594,0.006693968616394118,,,,,,,,,,,,,,,,,,0.08111479498903183,0.09450273222182007,,,,,,,,,
88,1,210.0,120.0,False,,,0.014873575193407786,0.020137956553056044,0.029683101124871915,0.0006288187781348931,,,,,,,,,,,,,,,,,,0.030311919903006808,0.029054282346737022,,,,,,,,,
89,1,210.0,150.0,False,,,0.025673743905400028,0.012042845437729084,0.031897769870635834,0.0005138193615739917,,,,,,,,,,,,,,,,,,0.03138395050906184,0.032411589232209825,,,,,,,,,
90,1,210.0,180.0,False,,,0.05709143440806681,0.021354271335200882,0.07924819731754776,0.021641243604390167,,,,,,,,,,,,,,,,,,0.05760695371315759,0.10088944092193793,,,,,,,,,
91,1,210.0,210.0,True,,,0.0518151312285231,0.016831397037605365,0.0648691257061089,0.014862119567181652,,,,,,,,,,,,,,,,,,0.050007006138927244,0.07973124527329055,,,,,,,,,
92,1,210.0,240.0,False,,,0.03093296068464396,0.01742991299017717,0.04860933588826622,0.006432842381257443,,,,,,,,,,,,,,,,,,0.055042178269523664,0.04217649350700878,,,,,,,,,
93,1,210.0,270.0,False,,,0.017936918804439005,0.016099611536787573,0.05501925441285772,0.004710668997051991,,,,,,,,,,,,,,,,,,0.050308585415805726,0.05972992340990971,,,,,,,,,
94,1,210.0,300.0,False,,,0.0224972723248075,0.012632842632256665,0.03793948882150262,0.00389970620273326,,,,,,,,,,,,,,,,,,0.03403978261876936,0.04183919502423588,,,,,,,,,
95,1,210.0,330.0,False,,,0.023931294434545346,0.018792940837500223,0.03655247794468505,0.002420742736043216,,,,,,,,,,,,,,,,,,0.03897322068072827,0.034131735208641836,,,,,,,,,
96,1,240.0,0.0,False,,,0.03344846480001893,0.020670289938016034,0.030169858152399177,0.008195134474637399,,,,,,,,,,,,,,,,,,0.038364992627036576,0.02197472367776178,,,,,,,,,
97,1,240.0,30.0,False,,,0.05659343537068341,0.05752088124570335,0.05567007196653492,0.010742484671175445,,,,,,,,,,,,,,,,,,0.04492758729535948,0.06641255663771037,,,,,,,,,
98,1,240.0,60.0,False,,,0.15324202595698894,0.048364524516117474,0.13514975997893802,0.00898716025325523,,,,,,,,,,,,,,,,,,0.12616259972568278,0.14413692023219324,,,,,,,,,
99,1,240.0,90.0,False,,,0.05078247739827355,0.03968354887449678,0.12090085551729313,0.01799932413969573,,,,,,,,,,,,,,,,,,0.13890017965698886,0.1029015313775974,,,,,,,,,
100,1,240.0,120.0,False,,,0.09663596661096426,0.10644587701382197,0.09717633269891131,0.030910566838617023,,,,,,,,,,,,,,,,,,0.06626576586029428,0.12808689953752833,,,,,,,,,
101,1,240.0,150.0,False,,,0.015772580254326644,0.022344847397428327,0.05474734960606491,0.0016806187972659044,,,,,,,,,,,,,,,,,,0.053066730808799,0.05642796840333081,,,,,,,,,
102,1,240.0,180.0,False,,,0.03105289419939393,0.01653634287616388,0.034102300605722544,0.012331905158694065,,,,,,,,,,,,,,,,,,0.021770395447028475,0.046434205764416606,,,,,,,,,
103,1,240.0,210.0,False,,,0.018818556595671717,0.02753531530955561,0.0492009226676893,0.0038754776098937904,,,,,,,,,,,,,,,,,,0.05307640027758309,0.04532544505779551,,,,,,,,,
104,1,240.0,240.0,True,,,0.029961198975176496,0.010453312410514136,0.04487177403944061,0.004146624787758901,,,,,,,,,,,,,,,,,,0.040725149251681705,0.04901839882719951,,,,,,,,,
105,1,240.0,270.0,False,,,0.05605861741745321,0.012216360875966559,0.04223275760971238,0.0019409752903859281,,,,,,,,,,,,,,,,,,0.04029178231932645,0.04417373290009831,,,,,,,,,
106,1,240.0,300.0,False,,,0.014764093180980209,0.015304217976352973,0.036389939134079154,0.0005591750902229145,,,,,,,,,,,,,,,,,,0.03583076404385624,0.03694911422430207,,,,,,,,,
107,1,240.0,330.0,False,,,0.047955358238189645,0.015888120932567168,0.06325816757356169,0.01912161523698151,,,,,,,,,,,,,,,,,,0.04413655233658018,0.0823797828105432,,,,,,,,,
108,1,270.0,0.0,False,,,0.026565065019632825,0.02175763248012951,0.03329702340097551,8.582078103415783e-05,,,,,,,,,,,,,,,,,,0.033382844182009666,0.03321120261994135,,,,,,,,,
109,1,270.0,30.0,False,,,0.0795920622200688,0.049703096449859166,0.08390295847009223,0.009618617618190786,,,,,,,,,,,,,,,,,,0.07428434085190144,0.09352157608828301,,,,,,,,,
110,1,270.0,60.0,False,,,0.019073125759111395,0.07378626363259569,0.06451468419443024,0.0026891980639190925,,,,,,,,,,,,,,,,,,0.06720388225834933,0.06182548613051115,,,,,,,,,
111,1,270.0,90.0,False,,,0.05718954703694365,0.036490093020368014,0.06553058535473628,0.018384420603935914,,,,,,,,,,,,,,,,,,0.04714616475080037,0.0839150059586722,,,,,,,,,
112,1,270.0,120.0,False,,,0.08450000936938881,0.03197731558904849,0.19602519758362294,0.03406000420100955,,,,,,,,,,,,,,,,,,0.1619651933826134,0.2300852017846325,,,,,,,,,
113,1,270.0,150.0,False,,,0.030683293470853544,0.09678337149719356,0.08103266156884978,0.0013804684496714417,,,,,,,,,,,,,,,,,,0.08241313001852123,0.07965219311917834,,,,,,,,,
114,1,270.0,180.0,False,,,0.035545114029636206,0.02471318049595673,0.06057518451573277,0.0017880289233883975,,,,,,,,,,,,,,,,,,0.06236321343912117,0.058787155592344376,,,,,,,,,
115,1,270.0,210.0,False,,,0.021785230421496167,0.012225039752505412,0.037388097596652264,0.006443281530926603,,,,,,,,,,,,,,,,,,0.03094481606572566,0.04383137912757887,,,,,,,,,
116,1,270.0,240.0,False,,,0.02495199748179884,0.011228483412483822,0.0462363811394898,0.0029370340507706427,,,,,,,,,,,,,,,,,,0.04329934708871916,0.049173415190260444,,,,,,,,,
117,1,270.0,270.0,True,,,0.07100678000826624,0.01441597536744539,0.0776500847727297,0.03272232301859382,,,,,,,,,,,,,,,,,,0.044927761754135875,0.11037240779132351,,,,,,,,,
118,1,270.0,300.0,False,,,0.014706409774189962,0.01351874464908741,0.05321100475190986,0.00465435531602279,,,,,,,,,,,,,,,,,,0.04855664943588707,0.05786536006793265,,,,,,,,,
119,1,270.0,330.0,False,,,0.022193588752457583,0.020334922900427353,0.030292998768177645,0.00045998022268898403,,,,,,,,,,,,,,,,,,0.02983301854548866,0.03075297899086663,,,,,,,,,
120,1,300.0,0.0,False,,,0.3077711514671481,0.03630392513893033,0.16053604245574832,0.04548189459296359,,,,,,,,,,,,,,,,,,0.11505414786278473,0.2060179370487119,,,,,,,,,
121,1,300.0,30.0,False,,,0.05832653716737076,0.050308466694307045,0.06808233783821863,0.011330021754047983,,,,,,,,,,,,,,,,,,0.05675231608417065,0.07941235959226661,,,,,,,,,
122,1,300.0,60.0,False,,,0.03290426695751476,0.022040472335276992,0.10004418579321232,0.010282585479315362,,,,,,,,,,,,,,,,,,0.08976160031389696,0.11032677127252769,,,,,,,,,
123,1,300.0,90.0,False,,,0.18594717566241264,0.03202144268681746,0.1359447050459596,0.08646550776669293,,,,,,,,,,,,,,,,,,0.04947919727926667,0.22241021281265252,,,,,,,,,
124,1,300.0,120.0,False,,,0.19569235299383192,0.11320342075417342,0.1081425004686778,0.027315784734401636,,,,,,,,,,,,,,,,,,0.08082671573427615,0.13545828520307943,,,,,,,,,
125,1,300.0,150.0,False,,,0.05479391023456154,0.028067971583322526,0.07241566305819419,0.02323839607629798,,,,,,,,,,,,,,,,,,0.09565405913449217,0.04917726698189621,,,,,,,,,
126,1,300.0,180.0,False,,,0.0568499909026951,0.03926506550118928,0.04401297429487801,0.012780516087252173,,,,,,,,,,,,,,,,,,0.03123245820762583,0.05679349038213018,,,,,,,,,
127,1,300.0,210.0,False,,,0.015395669258957594,0.016477392922606818,0.028032926270957194,0.00260277252178949,,,,,,,,,,,,,,,,,,0.025430153749167704,0.030635698792746684,,,,,,,,,
128,1,300.0,240.0,False,,,0.008495558376940129,0.014092595802340156,0.026854279825171856,0.0015059863461774677,,,,,,,,,,,,,,,,,,0.028360266171349322,0.025348293478994387,,,,,,,,,
129,1,300.0,270.0,False,,,0.01828877120277156,0.009197731927969677,0.025990370173647963,0.000796945205814319,,,,,,,,,,,,,,,,,,0.025193424967833642,0.02678731537946228,,,,,,,,,
130,1,300.0,300.0,True,,,0.033371875736526765,0.014424202696123666,0.03443432377403759,0.007450753937521898,,,,,,,,,,,,,,,,,,0.02698356983651569,0.041885077711559485,,,,,,,,,
131,1,300.0,330.0,False,,,0.03280783185965337,0.015172208040508525,0.07430111741475741,0.005529604135698599,,,,,,,,,,,,,,,,,,0.07983072155045601,0.06877151327905881,,,,,,,,,
132,1,330.0,0.0,False,,,0.03589610162707996,0.017999486785515946,0.09631367446383075,0.012098579952376773,,,,,,,,,,,,,,,,,,0.08421509451145398,0.10841225441620753,,,,,,,,,
133,1,330.0,30.0,False,,,0.04080073209945073,0.02547048694207881,0.046543483186382004,0.007317502643559157,,,,,,,,,,,,,,,,,,0.03922598054282285,0.053860985829941165,,,,,,,,,
134,1,330.0,60.0,False,,,0.0413209766703347,0.016756770416587314,0.043995545288650045,0.007707975836089918,,,,,,,,,,,,,,,,,,0.03628756945256013,0.051703521124739964,,,,,,,,,
135,1,330.0,90.0,False,,,0.047867834799393945,0.02386225798981545,0.05856668919516125,0.00668084347512965,,,,,,,,,,,,,,,,,,0.051885845720031604,0.0652475326702909,,,,,,,,,
136,1,330.0,120.0,False,,,0.13191042977426853,0.0971106529810978,0.08311315394588364,0.033439174807104094,,,,,,,,,,,,,,,,,,0.04967397913877955,0.11655232875298774,,,,,,,,,
137,1,330.0,150.0,False,,,0.02780042631877292,0.02946387621714738,0.03618243876033016,0.00498558389911178,,,,,,,,,,,,,,,,,,0.04116802265944194,0.031196854861218377,,,,,,,,,
138,1,330.0,180.0,False,,,0.0205361622598585,0.013204696349900524,0.03587777338073644,0.0012092031829607566,,,,,,,,,,,,,,,,,,0.037086976563697194,0.03466857019777568,,,,,,,,,
139,1,330.0,210.0,False,,,0.007722531974333643,0.010654499840703234,0.02402854278093451,0.002893023258991708,,,,,,,,,,,,,,,,,,0.021135519521942803,0.02692156603992622,,,,,,,,,
140,1,330.0,240.0,False,,,0.011476789081227737,0.010106656320351043,0.02483110603262393,5.052785923015911e-05,,,,,,,,,,,,,,,,,,0.024881633891854087,0.02478057817339377,,,,,,,,,
141,1,330.0,270.0,False,,,0.01091601100878235,0.010913480448586397,0.028860191575997375,0.00041511789978823134,,,,,,,,,,,,,,,,,,0.028445073676209142,0.029275309475785605,,,,,,,,,
142,1,330.0,300.0,False,,,0.01931196999625954,0.020036629691701793,0.06288520716597937,0.003944669459059726,,,,,,,,,,,,,,,,,,0.058940537706919635,0.06682987662503909,,,,,,,,,
143,1,330.0,330.0,True,,,0.08386362961812856,0.03989010603728579,0.9133105639748913,0.024244908142108612,,,,,,,,,,,,,,,,,,0.937555472117,0.8890656558327827,,,,,,,,,
144,2,0.0,0.0,True,,,0.0781300421385822,0.028125413827720012,0.15918722058309528,0.03383650329476434,,,,,,,,,,,,,,,,,,0.12535071728833094,0.19302372387785963,,,,,,,,,
145,2,0.0,30.0,False,,,0.06655539710921576,0.01477377866385924,0.08812687752543494,0.028334765042874167,,,,,,,,,,,,,,,,,,0.1164616425683091,0.059792112482560764,,,,,,,,,
146,2,0.0,60.0,False,,,0.055071618532772246,0.022518569055771438,0.059828858072311385,0.011694068448358318,,,,,,,,,,,,,,,,,,0.04813478962395307,0.0715229265206697,,,,,,,,,
147,2,0.0,90.0,False,,,0.07537665061692465,0.031779602379426605,0.05705400227018897,0.01448136805598687,,,,,,,,,,,,,,,,,,0.0425726342142021,0.07153537032617584,,,,,,,,,
148,2,0.0,120.0,False,,,0.09811467837045078,0.12454096782263112,0.06924976596142113,0.011792894386819679,,,,,,,,,,,,,,,,,,0.057456871574601456,0.08104266034824081,,,,,,,,,
149,2,0.0,150.0,False,,,0.03207470671208429,0.09449464758134417,0.15265853736400217,0.009040572020583587,,,,,,,,,,,,,,,,,,0.16169910938458576,0.14361796534341859,,,,,,,,,
150,2,0.0,180.0,False,,,0.03383550901386782,0.024816412596632413,0.079681773999242,0.010099301814047335,,,,,,,,,,,,,,,,,,0.06958247218519467,0.08978107581328934,,,,,,,,,
151,2,0.0,210.0,False,,,0.015532819200529544,0.011702090940624367,0.03706200851522826,0.0019857939264171023,,,,,,,,,,,,,,,,,,0.039047802441645366,0.03507621458881116,,,,,,,,,
152,2,0.0,240.0,False,,,0.04285544812120294,0.03178690379203687,0.06973358592588924,0.010086130637331242,,,,,,,,,,,,,,,,,,0.07981971656322048,0.059647455288558,,,,,,,,,
153,2,0.0,270.0,False,,,0.026073346842861965,0.014792522757800458,0.03210140831215475,0.00397741239812794,,,,,,,,,,,,,,,,,,0.03607882071028269,0.02812399591402681,,,,,,,,,
154,2,0.0,300.0,False,,,0.027331524078322726,0.02029631191516347,0.025175071376066747,0.001704542184594036,,,,,,,,,,,,,,,,,,0.02347052919147271,0.026879613560660782,,,,,,,,,
155,2,0.0,330.0,False,,,0.057683135817487775,0.030766636381809244,0.18881457627533854,0.025153141154535055,,,,,,,,,,,,,,,,,,0.21396771742987358,0.16366143512080347,,,,,,,,,
156,2,30.0,0.0,False,,,0.09727031508431913,0.024311234295121973,0.07428344568828835,5.4232366492164286e-05,,,,,,,,,,,,,,,,,,0.07422921332179619,0.07433767805478052,,,,,,,,,
157,2,30.0,30.0,True,,,0.07533162071933991,0.037258706516946016,0.1329169829287471,0.033294575647349174,,,,,,,,,,,,,,,,,,0.16621155857609626,0.09962240728139792,,,,,,,,,
158,2,30.0,60.0,False,,,0.2125418046567199,0.06960815123154582,0.21149565135285972,0.0753504050198043,,,,,,,,,,,,,,,,,,0.13614524633305541,0.286846056372664,,,,,,,,,
159,2,30.0,90.0,False,,,0.12010365019514632,0.04775524446738235,0.07090523552334446,0.02504340627215465,,,,,,,,,,,,,,,,,,0.04586182925118981,0.09594864179549911,,,,,,,,,
160,2,30.0,120.0,False,,,0.023872668482657802,0.011962550091556069,0.037848859927978415,0.0013225806380780213,,,,,,,,,,,,,,,,,,0.03652627928990039,0.03917144056605643,,,,,,,,,
161,2,30.0,150.0,False,,,0.011921302441573443,0.00899733461346257,0.03077159358748758,0.0009794034135292753,,,,,,,,,,,,,,,,,,0.029792190173958306,0.031750997001016856,,,,,,,,,
162,2,30.0,180.0,False,,,0.00856281917955722,0.014168278504861662,0.03798371572865065,0.0010190022976993493,,,,,,,,,,,,,,,,,,0.0369647134309513,0.03900271802635,,,,,,,,,
163,2,30.0,210.0,False,,,0.037703731657098394,0.02339502582372068,0.0455904836833666,0.002454773090566381,,,,,,,,,,,,,,,,,,0.04313571059280022,0.04804525677393298,,,,,,,,,
164,2,30.0,240.0,False,,,0.03494963136658255,0.025616913408346736,0.06405491793797857,0.008712364112734374,,,,,,,,,,,,,,,,,,0.0553425538252442,0.07276728205071295,,,,,,,,,
165,2,30.0,270.0,False,,,0.03054121272977664,0.024779639764468772,0.05099127793786884,0.0034340378439149145,,,,,,,,,,,,,,,,,,0.05442531578178376,0.04755724009395393,,,,,,,,,
166,2,30.0,300.0,False,,,0.04869271056761662,0.020074644811155014,0.04735669666595286,0.002004557425063884,,,,,,,,,,,,,,,,,,0.045352139240888975,0.04936125409101674,,,,,,,,,
167,2,30.0,330.0,False,,,0.05932443131699214,0.13329574448288278,0.055066845333845815,0.013087766245553079,,,,,,,,,,,,,,,,,,0.04197907908829274,0.0681546115793989,,,,,,,,,
168,2,60.0,0.0,False,,,0.05599910672473545,0.0257089385705361,0.04940490849649929,0.01493978319117225,,,,,,,,,,,,,,,,,,0.03446512530532704,0.06434469168767154,,,,,,,,,
169,2,60.0,30.0,False,,,0.21368196404099965,0.04975204142473556,0.14252411046204788,0.038626327495723735,,,,,,,,,,,,,,,,,,0.10389778296632414,0.1811504379577716,,,,,,,,,
170,2,60.0,60.0,True,,,0.06495995004540948,0.023749149616057418,0.07916716936612486,0.021060519360416752,,,,,,,,,,,,,,,,,,0.05810665000570811,0.10022768872654161,,,,,,,,,
171,2,60.0,90.0,False,,,0.011579327340199761,0.014930834825460461,0.055932518509263666,0.0021008459393079895,,,,,,,,,,,,,,,,,,0.058033364448571656,0.05383167256995568,,,,,,,,,
172,2,60.0,120.0,False,,,0.007315546512030976,0.007016377051072313,0.027990592621493015,0.0021519805264338977,,,,,,,,,,,,,,,,,,0.030142573147926913,0.025838612095059117,,,,,,,,,
173,2,60.0,150.0,False,,,0.007167533260609214,0.010213744315556203,0.026490857358539885,0.0016188026501081018,,,,,,,,,,,,,,,,,,0.024872054708431783,0.028109660008647987,,,,,,,,,
174,2,60.0,180.0,False,,,0.01068175157882877,0.012203964149839049,0.03629961446777161,0.00022731588207954012,,,,,,,,,,,,,,,,,,0.03652693034985115,0.03607229858569207,,,,,,,,,
175,2,60.0,210.0,False,,,0.02727547830127814,0.017671932829724235,0.03724114414493247,0.004504447344819241,,,,,,,,,,,,,,,,,,0.032736696800113235,0.04174559148975172,,,,,,,,,
176,2,60.0,240.0,False,,,0.024031177120230132,0.025494909089586574,0.059890496150460784,0.004132810673270707,,,,,,,,,,,,,,,,,,0.06402330682373149,0.05575768547719007,,,,,,,,,
177,2,60.0,270.0,False,,,0.03719328002502427,0.02299252982797688,0.035398400108684766,0.00404061791180178,,,,,,,,,,,,,,,,,,0.03943901802048655,0.03135778219688299,,,,,,,,,
178,2,60.0,300.0,False,,,0.07646982789472481,0.0665848031011714,0.1199556231465884,0.018909483186145007,,,,,,,,,,,,,,,,,,0.1010461399604434,0.1388651063327334,,,,,,,,,
179,2,60.0,330.0,False,,,0.04833418812134804,0.02976721993570637,0.05387524067915579,0.007743741279871222,,,,,,,,,,,,,,,,,,0.061618981959027014,0.04613149939928457,,,,,,,,,
180,2,90.0,0.0,False,,,0.04480362657379869,0.08350531560144865,0.15339809431999088,0.004006467404811059,,,,,,,,,,,,,,,,,,0.15740456172480194,0.14939162691517982,,,,,,,,,
181,2,90.0,30.0,False,,,0.03960585349203603,0.027628731074579083,0.04810515654039417,0.008033460885017704,,,,,,,,,,,,,,,,,,0.056138617425411874,0.040071695655376466,,,,,,,,,
182,2,90.0,60.0,False,,,0.015925100426066936,0.014124879489539856,0.056524346911653346,0.0010926257139673087,,,,,,,,,,,,,,,,,,0.05543172119768604,0.057616972625620655,,,,,,,,,
183,2,90.0,90.0,True,,,0.06451177312110815,0.008879235982362755,0.04274440662701366,0.0014982077777245285,,,,,,,,,,,,,,,,,,0.04424261440473819,0.04124619884928913,,,,,,,,,
184,2,90.0,120.0,False,,,0.02579507999132781,0.010838699848149117,0.03673939929911443,0.003136466923421427,,,,,,,,,,,,,,,,,,0.039875866222535854,0.033602932375693,,,,,,,,,
185,2,90.0,150.0,False,,,0.011132558152631884,0.006632754142118351,0.02653317435431072,0.00047511446095212413,,,,,,,,,,,,,,,,,,0.02700828881526284,0.026058059893358593,,,,,,,,,
186,2,90.0,180.0,False,,,0.008376936900449744,0.006440060580167959,0.026655459374977875,0.0007004967042715336,,,,,,,,,,,,,,,,,,0.02595496267070634,0.027355956079249406,,,,,,,,,
187,2,90.0,210.0,False,,,0.010479789222543359,0.015620974841093123,0.0350068140662664,0.00010085020063178851,,,,,,,,,,,,,,,,,,0.03510766426689819,0.03490596386563461,,,,,,,,,
188,2,90.0,240.0,False,,,0.026578663604949183,0.047265950203800575,0.05506155915995682,0.006322323252179282,,,,,,,,,,,,,,,,,,0.061383882412136104,0.04873923590777754,,,,,,,,,
189,2,90.0,270.0,False,,,0.06049853719628265,0.07786371342943939,0.0712438064428478,0.013006495249002166,,,,,,,,,,,,,,,,,,0.08425030169184997,0.058237311193845634,,,,,,,,,
190,2,90.0,300.0,False,,,0.12737448465462103,0.08274342034720443,0.22461754535740364,0.03759194511059871,,,,,,,,,,,,,,,,,,0.18702560024680492,0.26220949046800235,,,,,,,,,
191,2,90.0,330.0,False,,,0.06966327447625245,0.06374152973883422,0.0661685420290808,0.011448038475641579,,,,,,,,,,,,,,,,,,0.05472050355343922,0.07761658050472238,,,,,,,,,
192,2,120.0,0.0,False,,,0.10399728627914462,0.07137396511307685,0.09364871103372016,0.038818359357671535,,,,,,,,,,,,,,,,,,0.05483035167604862,0.1324670703913917,,,,,,,,,
193,2,120.0,30.0,False,,,0.02374287236178848,0.01124729408260194,0.04237994952209893,0.004597348329580288,,,,,,,,,,,,,,,,,,0.046977297851679214,0.03778260119251864,,,,,,,,,
194,2,120.0,60.0,False,,,0.01077310174018447,0.00819900468031424,0.03139919210041956,0.00020292405290503295,,,,,,,,,,,,,,,,,,0.03119626804751453,0.031602116153324596,,,,,,,,,
195,2,120.0,90.0,False,,,0.012789578225380365,0.005956964919292631,0.0323227209801139,0.001909641684287186,,,,,,,,,,,,,,,,,,0.034232362664401085,0.030413079295826713,,,,,,,,,
196,2,120.0,120.0,True,,,0.010418920900469326,0.008538708974444103,0.04567342777017709,0.0031903492257292776,,,,,,,,,,,,,,,,,,0.04886377699590637,0.042483078544447814,,,,,,,,,
197,2,120.0,150.0,False,,,0.023334731544396206,0.014346288042487814,0.030271771959588793,0.0016577955820646793,,,,,,,,,,,,,,,,,,0.03192956754165347,0.028613976377524112,,,,,,,,,
198,2,120.0,180.0,False,,,0.01912778788486357,0.010497200724403211,0.034885055650518595,0.004467365400666081,,,,,,,,,,,,,,,,,,0.03041769024985251,0.03935242105118467,,,,,,,,,
199,2,120.0,210.0,False,,,0.019345163274093635,0.013237290239597261,0.023865137557126485,0.00022208162437635688,,,,,,,,,,,,,,,,,,0.023643055932750127,0.02408721918150284,,,,,,,,,
200,2,120.0,240.0,False,,,0.014910052632250651,0.022091246194287237,0.031095216554398748,0.0015516091553482193,,,,,,,,,,,,,,,,,,0.029543607399050528,0.03264682570974697,,,,,,,,,
201,2,120.0,270.0,False,,,0.09059829049854423,0.13990036800978545,0.09956820548207239,0.032154551651446525,,,,,,,,,,,,,,,,,,0.13172275713351891,0.06741365383062586,,,,,,,,,
202,2,120.0,300.0,False,,,0.13152622319516538,0.06926022078081731,0.08989228135368696,0.0073956308717928465,,,,,,,,,,,,,,,,,,0.0972879122254798,0.08249665048189411,,,,,,,,,
203,2,120.0,330.0,False,,,0.04378709722717587,0.14324768606444396,0.11611315598891685,0.01384828190676994,,,,,,,,,,,,,,,,,,0.1299614378956868,0.1022648740821469,,,,,,,,,
204,2,150.0,0.0,False,,,0.02994774273724579,0.023359445745676395,0.05456173740387115,0.005060713714743072,,,,,,,,,,,,,,,,,,0.04950102368912808,0.05962245111861422,,,,,,,,,
205,2,150.0,30.0,False,,,0.04411769358624509,0.016236741331578104,0.03981720276566983,0.0010994575520777983,,,,,,,,,,,,,,,,,,0.03871774521359203,0.04091666031774763,,,,,,,,,
206,2,150.0,60.0,False,,,0.01160647052566191,0.015626958496515433,0.031241281823931506,0.0010698073182713007,,,,,,,,,,,,,,,,,,0.030171474505660205,0.032311089142202806,,,,,,,,,
207,2,150.0,90.0,False,,,0.006554568695104586,0.007653833855802672,0.02882991364101229,0.00031995589157405267,,,,,,,,,,,,,,,,,,0.028509957749438236,0.02914986953258634,,,,,,,,,
208,2,150.0,120.0,False,,,0.015547962187236055,0.013826173052631252,0.03755510317974118,0.0021641456177907206,,,,,,,,,,,,,,,,,,0.0397192487975319,0.03539095756195046,,,,,,,,,
209,2,150.0,150.0,True,,,0.02007452060317622,0.0182908671986082,0.04064525242622173,0.0010681995624373213,,,,,,,,,,,,,,,,,,0.03957705286378441,0.04171345198865905,,,,,,,,,
210,2,150.0,180.0,False,,,0.053069728627059595,0.012022358439151577,0.04340032551590316,0.006890588917475696,,,,,,,,,,,,,,,,,,0.05029091443337885,0.03650973659842746,,,,,,,,,
211,2,150.0,210.0,False,,,0.02795425295341542,0.01751032756060218,0.04383073134911089,0.002795237774260953,,,,,,,,,,,,,,,,,,0.04103549357484994,0.046625969123371844,,,,,,,,,
212,2,150.0,240.0,False,,,0.015131749095615946,0.016525250174303806,0.0336588219499306,0.004686722401137851,,,,,,,,,,,,,,,,,,0.03834554435106845,0.028972099548792745,,,,,,,,,
213,2,150.0,270.0,False,,,0.029764863829298726,0.02724404094375082,0.05507437749704314,0.005097979127010922,,,,,,,,,,,,,,,,,,0.04997639837003222,0.06017235662405406,,,,,,,,,
214,2,150.0,300.0,False,,,0.023669858124752554,0.0144745246603393,0.04161869201184633,0.0031659237925027693,,,,,,,,,,,,,,,,,,0.03845276821934356,0.0447846158043491,,,,,,,,,
215,2,150.0,330.0,False,,,0.03617288795440324,0.028248137906443316,0.033068027848180005,0.0009071790708795532,,,,,,,,,,,,,,,,,,0.03397520691905956,0.03216084877730045,,,,,,,,,
216,2,180.0,0.0,False,,,0.06523873031311613,0.06973748918140193,0.09201542714257062,0.0072635322960078325,,,,,,,,,,,,,,,,,,0.08475189484656279,0.09927895943857845,,,,,,,,,
217,2,180.0,30.0,False,,,0.05326023372553761,0.044207703360015345,0.07963808750668196,0.022145854946663948,,,,,,,,,,,,,,,,,,0.05749223256001801,0.1017839424533459,,,,,,,,,
218,2,180.0,60.0,False,,,0.012859124414985415,0.015986584819354124,0.06053168337676932,0.0011170210387993276,,,,,,,,,,,,,,,,,,0.06164870441556865,0.05941466233796999,,,,,,,,,
219,2,180.0,90.0,False,,,0.009682080797061086,0.014296118266602716,0.02736535792338226,0.0002213235882982112,,,,,,,,,,,,,,,,,,0.027144034335084048,0.02758668151168047,,,,,,,,,
220,2,180.0,120.0,False,,,0.014647220583965129,0.013265739724526115,0.035654120242606,0.003743405735277903,,,,,,,,,,,,,,,,,,0.0319107145073281,0.03939752597788391,,,,,,,,,
221,2,180.0,150.0,False,,,0.029272728667831024,0.010820993876738258,0.038724605843662316,0.004771840736060583,,,,,,,,,,,,,,,,,,0.03395276510760173,0.043496446579722896,,,,,,,,,
222,2,180.0,180.0,True,,,0.04412494783796807,0.021765870094186145,0.08465296566827259,0.007446304065961265,,,,,,,,,,,,,,,,,,0.09209926973423385,0.07720666160231132,,,,,,,,,
223,2,180.0,210.0,False,,,0.05384733628575315,0.01678151420702436,0.05572557844503283,0.004916244010252976,,,,,,,,,,,,,,,,,,0.05080933443477985,0.0606418224552858,,,,,,,,,
224,2,180.0,240.0,False,,,0.011738184944698788,0.019089939664231573,0.019978043731778673,0.0007973129046369137,,,,,,,,,,,,,,,,,,0.02077535663641559,0.01918073082714176,,,,,,,,,
225,2,180.0,270.0,False,,,0.017153548051688464,0.013796937306683379,0.03247262043774611,0.002277088318688846,,,,,,,,,,,,,,,,,,0.03474970875643496,0.030195532119057268,,,,,,,,,
226,2,180.0,300.0,False,,,0.015019799611058707,0.010095830218013753,0.020530257524589028,0.0012115957004635875,,,,,,,,,,,,,,,,,,0.021741853225052617,0.019318661824125442,,,,,,,,,
227,2,180.0,330.0,False,,,0.033490362765946344,0.02260557761652167,0.03278385488013064,0.006789540848072017,,,,,,,,,,,,,,,,,,0.025994314032058628,0.03957339572820266,,,,,,,,,
228,2,210.0,0.0,False,,,0.043336361742745404,0.03112490055607443,0.08505582630771555,0.015954294623598347,,,,,,,,,,,,,,,,,,0.0691015316841172,0.1010101209313139,,,,,,,,,
229,2,210.0,30.0,False,,,0.03066090086496101,0.0352621910763026,0.07660237495924169,0.003171570780778246,,,,,,,,,,,,,,,,,,0.07343080417846344,0.07977394574001993,,,,,,,,,
230,2,210.0,60.0,False,,,0.07572627939095017,0.02608949400033684,0.0660924283693868,0.012524060469509365,,,,,,,,,,,,,,,,,,0.07861648883889616,0.05356836789987743,,,,,,,,,
231,2,210.0,90.0,False,,,0.07395890722870739,0.06995007048669963,0.07397117504990855,0.004170798823354499,,,,,,,,,,,,,,,,,,0.06980037622655405,0.07814197387326305,,,,,,,,,
232,2,210.0,120.0,False,,,0.0320596624507994,0.020923079851798407,0.04635197458421285,0.001067992540546403,,,,,,,,,,,,,,,,,,0.04741996712475925,0.045283982043666446,,,,,,,,,
233,2,210.0,150.0,False,,,0.019291157416831434,0.022731463082193773,0.0534827397415253,0.0015995170069404048,,,,,,,,,,,,,,,,,,0.05188322273458489,0.0550822567484657,,,,,,,,,
234,2,210.0,180.0,False,,,0.06888983304531886,0.008781415892688757,0.07374178404266687,0.024349320781536322,,,,,,,,,,,,,,,,,,0.049392463261130545,0.09809110482420319,,,,,,,,,
235,2,210.0,210.0,True,,,0.08411365331737256,0.013202911327114595,0.0750298775053439,0.019604908970002295,,,,,,,,,,,,,,,,,,0.0554249685353416,0.09463478647534619,,,,,,,,,
236,2,210.0,240.0,False,,,0.03025397076159144,0.016445003930730135,0.04780545329161764,0.008639414159429364,,,,,,,,,,,,,,,,,,0.056444867451047,0.039166039132188274,,,,,,,,,
237,2,210.0,270.0,False,,,0.020554867313646353,0.01429095335368175,0.03246314272789557,0.004675044991584297,,,,,,,,,,,,,,,,,,0.027788097736311274,0.03713818771947987,,,,,,,,,
238,2,210.0,300.0,False,,,0.012315418183340334,0.013879828113010133,0.0301119984447568,0.001513443569030607,,,,,,,,,,,,,,,,,,0.02859855487572619,0.031625442013787405,,,,,,,,,
239,2,210.0,330.0,False,,,0.025475654908616023,0.02928246684493072,0.024765610267820974,0.0034139797419016123,,,,,,,,,,,,,,,,,,0.028179590009722588,0.021351630525919364,,,,,,,,,
240,2,240.0,0.0,False,,,0.0209665785895068,0.03706050090162844,0.059578622629637396,0.007994154689688115,,,,,,,,,,,,,,,,,,0.05158446793994928,0.06757277731932551,,,,,,,,,
241,2,240.0,30.0,False,,,0.15049353164201013,0.06293221847096478,0.11486723123903911,0.05498238636987204,,,,,,,,,,,,,,,,,,0.05988484486916707,0.16984961760891115,,,,,,,,,
242,2,240.0,60.0,False,,,0.1282293021820374,0.13588863629376116,0.15163163678939995,0.010605408135074115,,,,,,,,,,,,,,,,,,0.16223704492447408,0.14102622865432585,,,,,,,,,
243,2,240.0,90.0,False,,,0.048299100251011015,0.06158422282214171,0.08671557646735856,0.011756298289531009,,,,,,,,,,,,,,,,,,0.09847187475688957,0.07495927817782755,,,,,,,,,
244,2,240.0,120.0,False,,,0.0911545704596525,0.03213952631598581,0.06694950090238888,0.022617604992661168,,,,,,,,,,,,,,,,,,0.04433189590972772,0.08956710589505006,,,,,,,,,
245,2,240.0,150.0,False,,,0.03255880308892818,0.02838361637818713,0.04309203400506741,0.0015162249880462317,,,,,,,,,,,,,,,,,,0.044608258993113645,0.04157580901702118,,,,,,,,,
246,2,240.0,180.0,False,,,0.07077650057461209,0.034090675854390184,0.0817585753990641,0.02403448875829184,,,,,,,,,,,,,,,,,,0.05772408664077226,0.10579306415735594,,,,,,,,,
247,2,240.0,210.0,False,,,0.07095076232398345,0.020297816191048937,0.05846008708924242,0.009291849655133626,,,,,,,,,,,,,,,,,,0.06775193674437605,0.049168237434108794,,,,,,,,,
248,2,240.0,240.0,True,,,0.019049384493986195,0.018096538539482017,0.027026159576995945,0.003232032316579564,,,,,,,,,,,,,,,,,,0.03025819189357551,0.02379412726041638,,,,,,,,,
249,2,240.0,270.0,False,,,0.045354310606461105,0.015957147502725595,0.06472103653156841,0.016926039353952635,,,,,,,,,,,,,,,,,,0.047794997177615775,0.08164707588552104,,,,,,,,,
250,2,240.0,300.0,False,,,0.01491240606721701,0.013157762475429408,0.028261314851268548,0.0017057399922781984,,,,,,,,,,,,,,,,,,0.02655557485899035,0.029967054843546746,,,,,,,,,
251,2,240.0,330.0,False,,,0.06186911373276104,0.026133174962736393,0.053306800954652345,0.02672379680307337,,,,,,,,,,,,,,,,,,0.026583004151578972,0.08003059775772571,,,,,,,,,
252,2,270.0,0.0,False,,,0.032649477617313585,0.01814623252005201,0.046499711745381374,0.00881570851640992,,,,,,,,,,,,,,,,,,0.037684003228971454,0.055315420261791294,,,,,,,,,
253,2,270.0,30.0,False,,,0.05573818340749373,0.07663560407921269,0.08206487369089584,0.013141003962648348,,,,,,,,,,,,,,,,,,0.09520587765354419,0.06892386972824749,,,,,,,,,
254,2,270.0,60.0,False,,,0.06194042170975622,0.02622697806172998,0.06246275801444512,0.0175188193157918,,,,,,,,,,,,,,,,,,0.04494393869865332,0.07998157733023692,,,,,,,,,
255,2,270.0,90.0,False,,,0.028575131814146674,0.04435698421629908,0.0410971444227204,0.004905341991465473,,,,,,,,,,,,,,,,,,0.046002486414185875,0.03619180243125493,,,,,,,,,
256,2,270.0,120.0,False,,,0.16847088162381035,0.09775712127475165,0.09406093984249847,0.03300010904147193,,,,,,,,,,,,,,,,,,0.06106083080102655,0.1270610488839704,,,,,,,,,
257,2,270.0,150.0,False,,,0.026061655646739804,0.0731790066275968,0.07233651384521758,0.006124834797914092,,,,,,,,,,,,,,,,,,0.06621167904730349,0.07846134864313167,,,,,,,,,
258,2,270.0,180.0,False,,,0.06330462268395999,0.038874299092618,0.05458598797614194,0.020750290209559437,,,,,,,,,,,,,,,,,,0.033835697766582504,0.07533627818570138,,,,,,,,,
259,2,270.0,210.0,False,,,0.027034018490317016,0.021353909222561862,0.05264199866392409,0.0013948382183724128,,,,,,,,,,,,,,,,,,0.05124716044555168,0.054036836882296505,,,,,,,,,
260,2,270.0,240.0,False,,,0.035245342000473454,0.018427364399059856,0.059748996026147236,0.006381296191730904,,,,,,,,,,,,,,,,,,0.05336769983441633,0.06613029221787814,,,,,,,,,
261,2,270.0,270.0,True,,,0.056416547879013,0.010816979053791208,0.0837598568051618,0.025546215287223336,,,,,,,,,,,,,,,,,,0.05821364151793847,0.10930607209238515,,,,,,,,,
262,2,270.0,300.0,False,,,0.01264704139749534,0.008759798354436674,0.029944567204863902,0.0009931686093716165,,,,,,,,,,,,,,,,,,0.028951398595492284,0.030937735814235517,,,,,,,,,
263,2,270.0,330.0,False,,,0.011509945258077286,0.01500796070024543,0.04272557657933984,0.0010200403505906223,,,,,,,,,,,,,,,,,,0.04170553622874922,0.04374561692993047,,,,,,,,,
264,2,300.0,0.0,False,,,0.1055429723360149,0.08503108789761368,0.10281016470113696,0.039173129937780216,,,,,,,,,,,,,,,,,,0.06363703476335675,0.14198329463891718,,,,,,,,,
265,2,300.0,30.0,False,,,0.026823297891416215,0.030763625605478302,0.06563876817033665,0.007547752852887994,,,,,,,,,,,,,,,,,,0.05809101531744866,0.07318652102322465,,,,,,,,,
266,2,300.0,60.0,False,,,0.02964800367198717,0.024576915596127694,0.06353768414634914,0.00615661657580191,,,,,,,,,,,,,,,,,,0.05738106757054723,0.06969430072215105,,,,,,,,,
267,2,300.0,90.0,False,,,0.026971514316434693,0.037070235302119246,0.06952442865218271,0.006925216246490659,,,,,,,,,,,,,,,,,,0.06259921240569205,0.07644964489867337,,,,,,,,,
268,2,300.0,120.0,False,,,0.04053746192136092,0.029089682492635837,0.05495850099652522,0.0014409996177519105,,,,,,,,,,,,,,,,,,0.05639950061427713,0.053517501378773306,,,,,,,,,
269,2,300.0,150.0,False,,,0.10979301560128155,0.16290971416135774,0.08331366868800222,0.04501748074290768,,,,,,,,,,,,,,,,,,0.03829618794509455,0.1283311494309099,,,,,,,,,
270,2,300.0,180.0,False,,,0.07364199876833306,0.04870480344161901,0.06705590957276993,0.033331911451853574,,,,,,,,,,,,,,,,,,0.1003878210246235,0.03372399812091635,,,,,,,,,
271,2,300.0,210.0,False,,,0.02228770525952481,0.017843688745570588,0.03534319701192444,0.002530014935708976,,,,,,,,,,,,,,,,,,0.03281318207621547,0.03787321194763342,,,,,,,,,
272,2,300.0,240.0,False,,,0.0075100109148155784,0.010349885349483433,0.044032393834451594,0.0019748422489772426,,,,,,,,,,,,,,,,,,0.04205755158547435,0.04600723608342883,,,,,,,,,
273,2,300.0,270.0,False,,,0.012084015710512378,0.022148850932516097,0.046533968438672794,0.00020665961270430883,,,,,,,,,,,,,,,,,,0.0467406280513771,0.046327308825968486,,,,,,,,,
274,2,300.0,300.0,True,,,0.03610165108401063,0.010711535782914268,0.03226188095812737,0.011048126046343414,,,,,,,,,,,,,,,,,,0.021213754911783955,0.04331000700447078,,,,,,,,,
275,2,300.0,330.0,False,,,0.012248705341180291,0.016865936525508128,0.050754405897585356,0.0028562791849407604,,,,,,,,,,,,,,,,,,0.047898126712644595,0.053610685082526116,,,,,,,,,
276,2,330.0,0.0,False,,,0.03942061866246245,0.02219550181937266,0.18781987927891433,0.0033326695536099737,,,,,,,,,,,,,,,,,,0.18448720972530436,0.1911525488325243,,,,,,,,,
277,2,330.0,30.0,False,,,0.03351462584112405,0.015389541923461035,0.04712913100296662,0.009573015510856198,,,,,,,,,,,,,,,,,,0.03755611549211042,0.05670214651382282,,,,,,,,,
278,2,330.0,60.0,False,,,0.04764972206471933,0.023268848762905702,0.05376814055551576,0.009484334124549736,,,,,,,,,,,,,,,,,,0.06325247468006549,0.04428380643096602,,,,,,,,,
279,2,330.0,90.0,False,,,0.06501328168546167,0.025742914015491128,0.05491883289685222,0.004036605383107333,,,,,,,,,,,,,,,,,,0.05088222751374488,0.05895543827995955,,,,,,,,,
280,2,330.0,120.0,False,,,0.04309434375651621,0.0673671063854524,0.06669762456532674,0.016287712030612553,,,,,,,,,,,,,,,,,,0.050409912534714184,0.08298533659593929,,,,,,,,,
281,2,330.0,150.0,False,,,0.057436629574501664,0.024091605224292198,0.05886465531160552,0.016574153829827538,,,,,,,,,,,,,,,,,,0.07543880914143306,0.04229050148177798,,,,,,,,,
282,2,330.0,180.0,False,,,0.11446227137531739,0.028245239521886716,0.11917660673479778,0.05273509053017804,,,,,,,,,,,,,,,,,,0.06644151620461974,0.17191169726497582,,,,,,,,,
283,2,330.0,210.0,False,,,0.007736942191511351,0.011422582740946048,0.02691383702860999,0.0016876219544297265,,,,,,,,,,,,,,,,,,0.028601458983039715,0.025226215074180262,,,,,,,,,
284,2,330.0,240.0,False,,,0.01732402690939315,0.015396069903148105,0.046795393615854844,0.003677571251379432,,,,,,,,,,,,,,,,,,0.043117822364475415,0.05047296486723428,,,,,,,,,
285,2,330.0,270.0,False,,,0.025326733016896252,0.018662163741382243,0.0733949578684483,0.008621559211474221,,,,,,,,,,,,,,,,,,0.06477339865697408,0.08201651707992252,,,,,,,,,
286,2,330.0,300.0,False,,,0.017576619409749812,0.018518966274229914,0.0252003993225757,0.0012911607889415835,,,,,,,,,,,,,,,,,,0.02390923853363412,0.026491560111517286,,,,,,,,,
287,2,330.0,330.0,True,,,0.04548978339302792,0.07120212141625452,0.737396376956502,0.015310918875933333,,,,,,,,,,,,,,,,,,0.7527072958324352,0.7220854580805686,,,,,,,,,
0,1,0.0,0.0,True,,,,0.04667140611718161,,,,,,,,,,,,,,,,,,,,,,0.3626064147290924,,,,,,,,
1,1,0.0,30.0,False,,,,0.03645831117698074,,,,,,,,,,,,,,,,,,,,,,0.20869396792390982,,,,,,,,
2,1,0.0,60.0,False,,,,0.09172722957486859,,,,,,,,,,,,,,,,,,,,,,0.13826903163256477,,,,,,,,
3,1,0.0,90.0,False,,,,0.05090684412700533,,,,,,,,,,,,,,,,,,,,,,0.047116880666675354,,,,,,,,
4,1,0.0,120.0,False,,,,0.034930744121701635,,,,,,,,,,,,,,,,,,,,,,0.05195747591305562,,,,,,,,
5,1,0.0,150.0,False,,,,0.03431169101634152,,,,,,,,,,,,,,,,,,,,,,0.04209853147730711,,,,,,,,
6,1,0.0,180.0,False,,,,0.043336172141455735,,,,,,,,,,,,,,,,,,,,,,0.0349270022470191,,,,,,,,
7,1,0.0,210.0,False,,,,0.10390011462766612,,,,,,,,,,,,,,,,,,,,,,0.05556058562864826,,,,,,,,
8,1,0.0,240.0,False,,,,0.05903723395179053,,,,,,,,,,,,,,,,,,,,,,0.17171344377780512,,,,,,,,
9,1,0.0,270.0,False,,,,0.13359223928408112,,,,,,,,,,,,,,,,,,,,,,0.11991924411603516,,,,,,,,
10,1,0.0,300.0,False,,,,0.05086145257272619,,,,,,,,,,,,,,,,,,,,,,0.10016459472727196,,,,,,,,
11,1,0.0,330.0,False,,,,0.049380705520289093,,,,,,,,,,,,,,,,,,,,,,0.10207325127693781,,,,,,,,
12,1,30.0,0.0,False,,,,0.03560203249407264,,,,,,,,,,,,,,,,,,,,,,0.16041743624162466,,,,,,,,
13,1,30.0,30.0,True,,,,0.034249316766455026,,,,,,,,,,,,,,,,,,,,,,0.045123862076959,,,,,,,,
14,1,30.0,60.0,False,,,,0.02501306866260953,,,,,,,,,,,,,,,,,,,,,,0.05264580634994899,,,,,,,,
15,1,30.0,90.0,False,,,,0.0361783041777399,,,,,,,,,,,,,,,,,,,,,,0.031204428378535903,,,,,,,,
16,1,30.0,120.0,False,,,,0.01640840636115134,,,,,,,,,,,,,,,,,,,,,,0.027584465839885823,,,,,,,,
17,1,30.0,150.0,False,,,,0.043549860471183685,,,,,,,,,,,,,,,,,,,,,,0.08490501440349055,,,,,,,,
18,1,30.0,180.0,False,,,,0.038591870590094446,,,,,,,,,,,,,,,,,,,,,,0.05317807758009564,,,,,,,,
19,1,30.0,210.0,False,,,,0.05436829451205476,,,,,,,,,,,,,,,,,,,,,,0.09593362944358781,,,,,,,,
20,1,30.0,240.0,False,,,,0.05740987521739691,,,,,,,,,,,,,,,,,,,,,,0.07559172341862508,,,,,,,,
21,1,30.0,270.0,False,,,,0.026871166950299286,,,,,,,,,,,,,,,,,,,,,,0.14930336496250754,,,,,,,,
22,1,30.0,300.0,False,,,,0.06482978150838899,,,,,,,,,,,,,,,,,,,,,,0.14884815349033456,,,,,,,,
23,1,30.0,330.0,False,,,,0.06438569306688559,,,,,,,,,,,,,,,,,,,,,,0.06878550638925648,,,,,,,,
24,1,60.0,0.0,False,,,,0.04074869535593372,,,,,,,,,,,,,,,,,,,,,,0.06467659398911663,,,,,,,,
25,1,60.0,30.0,False,,,,0.020984384099437463,,,,,,,,,,,,,,,,,,,,,,0.11029457743134252,,,,,,,,
26,1,60.0,60.0,True,,,,0.021538474538225112,,,,,,,,,,,,,,,,,,,,,,0.0712940210508575,,,,,,,,
27,1,60.0,90.0,False,,,,0.028582941467315357,,,,,,,,,,,,,,,,,,,,,,0.1920289178345015,,,,,,,,
28,1,60.0,120.0,False,,,,0.019297165859668515,,,,,,,,,,,,,,,,,,,,,,0.05473753409466048,,,,,,,,
29,1,60.0,150.0,False,,,,0.019312532661982004,,,,,,,,,,,,,,,,,,,,,,0.07917670529322045,,,,,,,,
30,1,60.0,180.0,False,,,,0.08139961224532338,,,,,,,,,,,,,,,,,,,,,,0.13981577640915574,,,,,,,,
31,1,60.0,210.0,False,,,,0.06215453366385945,,,,,,,,,,,,,,,,,,,,,,0.07860434649140378,,,,,,,,
32,1,60.0,240.0,False,,,,0.08712519196077664,,,,,,,,,,,,,,,,,,,,,,0.19992466140635082,,,,,,,,
33,1,60.0,270.0,False,,,,0.10164465843900411,,,,,,,,,,,,,,,,,,,,,,0.3676855958033762,,,,,,,,
34,1,60.0,300.0,False,,,,0.06142207370421836,,,,,,,,,,,,,,,,,,,,,,0.3456642458201602,,,,,,,,
35,1,60.0,330.0,False,,,,0.09147847899692199,,,,,,,,,,,,,,,,,,,,,,0.21873609575219624,,,,,,,,
36,1,90.0,0.0,False,,,,0.06116930065360775,,,,,,,,,,,,,,,,,,,,,,0.12130723578052821,,,,,,,,
37,1,90.0,30.0,False,,,,0.08427162323484665,,,,,,,,,,,,,,,,,,,,,,0.047799668991339445,,,,,,,,
38,1,90.0,60.0,False,,,,0.07351379471215228,,,,,,,,,,,,,,,,,,,,,,0.1334886748944635,,,,,,,,
39,1,90.0,90.0,True,,,,0.037849529040004645,,,,,,,,,,,,,,,,,,,,,,0.09003989519373515,,,,,,,,
40,1,90.0,120.0,False,,,,0.025272861798589,,,,,,,,,,,,,,,,,,,,,,0.11595289183582416,,,,,,,,
41,1,90.0,150.0,False,,,,0.06309686347638548,,,,,,,,,,,,,,,,,,,,,,0.10841126816955714,,,,,,,,
42,1,90.0,180.0,False,,,,0.0639236397110934,,,,,,,,,,,,,,,,,,,,,,0.16851185002340774,,,,,,,,
43,1,90.0,210.0,False,,,,0.04421613317363462,,,,,,,,,,,,,,,,,,,,,,0.19232438624910297,,,,,,,,
44,1,90.0,240.0,False,,,,0.05471971468813783,,,,,,,,,,,,,,,,,,,,,,0.22895639373766102,,,,,,,,
45,1,90.0,270.0,False,,,,0.10947902046455407,,,,,,,,,,,,,,,,,,,,,,0.12445644765331472,,,,,,,,
46,1,90.0,300.0,False,,,,0.07084765560076753,,,,,,,,,,,,,,,,,,,,,,0.06408069913827241,,,,,,,,
47,1,90.0,330.0,False,,,,0.07580251205439872,,,,,,,,,,,,,,,,,,,,,,0.03746283776585578,,,,,,,,
48,1,120.0,0.0,False,,,,0.07073280895002007,,,,,,,,,,,,,,,,,,,,,,0.05876738893588788,,,,,,,,
49,1,120.0,30.0,False,,,,0.04861552005702833,,,,,,,,,,,,,,,,,,,,,,0.07780209977192509,,,,,,,,
50,1,120.0,60.0,False,,,,0.03828889564910158,,,,,,,,,,,,,,,,,,,,,,0.06359373447286354,,,,,,,,
51,1,120.0,90.0,False,,,,0.021832211823365637,,,,,,,,,,,,,,,,,,,,,,0.10412957505586637,,,,,,,,
52,1,120.0,120.0,True,,,,0.034052462673325276,,,,,,,,,,,,,,,,,,,,,,0.1411983384267641,,,,,,,,
53,1,120.0,150.0,False,,,,0.059031467924892764,,,,,,,,,,,,,,,,,,,,,,0.0930922500932427,,,,,,,,
54,1,120.0,180.0,False,,,,0.0757064388010476,,,,,,,,,,,,,,,,,,,,,,0.3223229144077161,,,,,,,,
55,1,120.0,210.0,False,,,,0.06739010725837745,,,,,,,,,,,,,,,,,,,,,,0.0747204686541162,,,,,,,,
56,1,120.0,240.0,False,,,,0.042168357541262504,,,,,,,,,,,,,,,,,,,,,,0.11320648586835846,,,,,,,,
57,1,120.0,270.0,False,,,,0.11392753709880281,,,,,,,,,,,,,,,,,,,,,,0.049682073631681874,,,,,,,,
58,1,120.0,300.0,False,,,,0.18535576023330774,,,,,,,,,,,,,,,,,,,,,,0.05277363822497749,,,,,,,,
59,1,120.0,330.0,False,,,,0.04313294233036144,,,,,,,,,,,,,,,,,,,,,,0.10614536812648603,,,,,,,,
60,1,150.0,0.0,False,,,,0.07529385013812312,,,,,,,,,,,,,,,,,,,,,,0.041892008481271774,,,,,,,,
61,1,150.0,30.0,False,,,,0.06007772233433385,,,,,,,,,,,,,,,,,,,,,,0.2025628621144665,,,,,,,,
62,1,150.0,60.0,False,,,,0.0895267890522831,,,,,,,,,,,,,,,,,,,,,,0.08185062749770816,,,,,,,,
63,1,150.0,90.0,False,,,,0.020669574493630417,,,,,,,,,,,,,,,,,,,,,,0.04455931563011058,,,,,,,,
64,1,150.0,120.0,False,,,,0.027418243056694026,,,,,,,,,,,,,,,,,,,,,,0.1430064799742426,,,,,,,,
65,1,150.0,150.0,True,,,,0.04329963388393078,,,,,,,,,,,,,,,,,,,,,,0.4026397896590608,,,,,,,,
66,1,150.0,180.0,False,,,,0.07737921177845444,,,,,,,,,,,,,,,,,,,,,,0.07520016341225771,,,,,,,,
67,1,150.0,210.0,False,,,,0.023594668577938162,,,,,,,,,,,,,,,,,,,,,,0.1567150487000099,,,,,,,,
68,1,150.0,240.0,False,,,,0.14263614009399125,,,,,,,,,,,,,,,,,,,,,,0.10335253842425238,,,,,,,,
69,1,150.0,270.0,False,,,,0.026658431527702628,,,,,,,,,,,,,,,,,,,,,,0.053079192149374274,,,,,,,,
70,1,150.0,300.0,False,,,,0.16006859086139902,,,,,,,,,,,,,,,,,,,,,,0.13021646026468758,,,,,,,,
71,1,150.0,330.0,False,,,,0.024722897300197826,,,,,,,,,,,,,,,,,,,,,,0.09212101996585029,,,,,,,,
72,1,180.0,0.0,False,,,,0.04759569899751019,,,,,,,,,,,,,,,,,,,,,,0.214152185059626,,,,,,,,
73,1,180.0,30.0,False,,,,0.13397470706380576,,,,,,,,,,,,,,,,,,,,,,0.07096726613223758,,,,,,,,
74,1,180.0,60.0,False,,,,0.13903568326982746,,,,,,,,,,,,,,,,,,,,,,0.10910088104611548,,,,,,,,
75,1,180.0,90.0,False,,,,0.03748517756845646,,,,,,,,,,,,,,,,,,,,,,0.09592264537609113,,,,,,,,
76,1,180.0,120.0,False,,,,0.03282361678335606,,,,,,,,,,,,,,,,,,,,,,0.0975167012061497,,,,,,,,
77,1,180.0,150.0,False,,,,0.06806418432765218,,,,,,,,,,,,,,,,,,,,,,0.19935409290252773,,,,,,,,
78,1,180.0,180.0,True,,,,0.049118938581177746,,,,,,,,,,,,,,,,,,,,,,0.0956373400397782,,,,,,,,
79,1,180.0,210.0,False,,,,0.02578990255612758,,,,,,,,,,,,,,,,,,,,,,0.1490940829131671,,,,,,,,
80,1,180.0,240.0,False,,,,0.10266544391430012,,,,,,,,,,,,,,,,,,,,,,0.04774686066380575,,,,,,,,
81,1,180.0,270.0,False,,,,0.05537325244629259,,,,,,,,,,,,,,,,,,,,,,0.05750639291151169,,,,,,,,
82,1,180.0,300.0,False,,,,0.03428817146427535,,,,,,,,,,,,,,,,,,,,,,0.15695228169136888,,,,,,,,
83,1,180.0,330.0,False,,,,0.04608475792056378,,,,,,,,,,,,,,,,,,,,,,0.1158066976303474,,,,,,,,
84,1,210.0,0.0,False,,,,0.10539497111958296,,,,,,,,,,,,,,,,,,,,,,0.18173341780229052,,,,,,,,
85,1,210.0,30.0,False,,,,0.10198615263333034,,,,,,,,,,,,,,,,,,,,,,0.16883984229385893,,,,,,,,
86,1,210.0,60.0,False,,,,0.06625672754803334,,,,,,,,,,,,,,,,,,,,,,0.053163670508215015,,,,,,,,
87,1,210.0,90.0,False,,,,0.11872073570431319,,,,,,,,,,,,,,,,,,,,,,0.257836199137134,,,,,,,,
88,1,210.0,120.0,False,,,,0.072726405366291,,,,,,,,,,,,,,,,,,,,,,0.1097789191626458,,,,,,,,
89,1,210.0,150.0,False,,,,0.048652254880815864,,,,,,,,,,,,,,,,,,,,,,0.2131638727201062,,,,,,,,
90,1,210.0,180.0,False,,,,0.02810184212040378,,,,,,,,,,,,,,,,,,,,,,0.23421580794390157,,,,,,,,
91,1,210.0,210.0,True,,,,0.025607553885193663,,,,,,,,,,,,,,,,,,,,,,0.09389326809926926,,,,,,,,
92,1,210.0,240.0,False,,,,0.046957784632201974,,,,,,,,,,,,,,,,,,,,,,0.14342816431239588,,,,,,,,
93,1,210.0,270.0,False,,,,0.17012921910793086,,,,,,,,,,,,,,,,,,,,,,0.07427387435889449,,,,,,,,
94,1,210.0,300.0,False,,,,0.034591533131978144,,,,,,,,,,,,,,,,,,,,,,0.10602879280764185,,,,,,,,
95,1,210.0,330.0,False,,,,0.10620607354775938,,,,,,,,,,,,,,,,,,,,,,0.04951873153973661,,,,,,,,
96,1,240.0,0.0,False,,,,0.03456055685498148,,,,,,,,,,,,,,,,,,,,,,0.10896394238938906,,,,,,,,
97,1,240.0,30.0,False,,,,0.046424506445907926,,,,,,,,,,,,,,,,,,,,,,0.22262263424900913,,,,,,,,
98,1,240.0,60.0,False,,,,0.02626563441646851,,,,,,,,,,,,,,,,,,,,,,0.12828003866438364,,,,,,,,
99,1,240.0,90.0,False,,,,0.021154962305382715,,,,,,,,,,,,,,,,,,,,,,0.2596435137624758,,,,,,,,
100,1,240.0,120.0,False,,,,0.035813313774876565,,,,,,,,,,,,,,,,,,,,,,0.059377672000939116,,,,,,,,
101,1,240.0,150.0,False,,,,0.10431018157496424,,,,,,,,,,,,,,,,,,,,,,0.2474894824828108,,,,,,,,
102,1,240.0,180.0,False,,,,0.034208397707544774,,,,,,,,,,,,,,,,,,,,,,0.07868441235605617,,,,,,,,
103,1,240.0,210.0,False,,,,0.0423230539036001,,,,,,,,,,,,,,,,,,,,,,0.11476955667305422,,,,,,,,
104,1,240.0,240.0,True,,,,0.022103384471570356,,,,,,,,,,,,,,,,,,,,,,0.11581645005698461,,,,,,,,
105,1,240.0,270.0,False,,,,0.019044103968087353,,,,,,,,,,,,,,,,,,,,,,0.08855429748405409,,,,,,,,
106,1,240.0,300.0,False,,,,0.029636772739330818,,,,,,,,,,,,,,,,,,,,,,0.06967491299843734,,,,,,,,
107,1,240.0,330.0,False,,,,0.0538656782688193,,,,,,,,,,,,,,,,,,,,,,0.05701099795876782,,,,,,,,
108,1,270.0,0.0,False,,,,0.04017063963498461,,,,,,,,,,,,,,,,,,,,,,0.037642649887318275,,,,,,,,
109,1,270.0,30.0,False,,,,0.0871007118955468,,,,,,,,,,,,,,,,,,,,,,0.20336866707864862,,,,,,,,
110,1,270.0,60.0,False,,,,0.05161455872091766,,,,,,,,,,,,,,,,,,,,,,0.32803578484150725,,,,,,,,
111,1,270.0,90.0,False,,,,0.2059815292915571,,,,,,,,,,,,,,,,,,,,,,0.23973162357443065,,,,,,,,
112,1,270.0,120.0,False,,,,0.07882373137532989,,,,,,,,,,,,,,,,,,,,,,0.39122098083844226,,,,,,,,
113,1,270.0,150.0,False,,,,0.20396555497270477,,,,,,,,,,,,,,,,,,,,,,0.1341396692984908,,,,,,,,
114,1,270.0,180.0,False,,,,0.062082569715892294,,,,,,,,,,,,,,,,,,,,,,0.041036666747613776,,,,,,,,
115,1,270.0,210.0,False,,,,0.04952687576308182,,,,,,,,,,,,,,,,,,,,,,0.11763177067465011,,,,,,,,
116,1,270.0,240.0,False,,,,29.29388548705899,,,,,,,,,,,,,,,,,,,,,,28.017383474111018,,,,,,,,
117,1,270.0,270.0,True,,,,0.04424099088516659,,,,,,,,,,,,,,,,,,,,,,0.1382710774403157,,,,,,,,
118,1,270.0,300.0,False,,,,0.03769400353540393,,,,,,,,,,,,,,,,,,,,,,0.15677735652808028,,,,,,,,
119,1,270.0,330.0,False,,,,0.03879438880749325,,,,,,,,,,,,,,,,,,,,,,0.07856776715232255,,,,,,,,
120,1,300.0,0.0,False,,,,0.09451008300879515,,,,,,,,,,,,,,,,,,,,,,0.04880202228769388,,,,,,,,
121,1,300.0,30.0,False,,,,0.02588188357413295,,,,,,,,,,,,,,,,,,,,,,0.11529122052152696,,,,,,,,
122,1,300.0,60.0,False,,,,0.04761975759353655,,,,,,,,,,,,,,,,,,,,,,0.28122782759719916,,,,,,,,
123,1,300.0,90.0,False,,,,0.08537030495764268,,,,,,,,,,,,,,,,,,,,,,0.19943774293727173,,,,,,,,
124,1,300.0,120.0,False,,,,0.061749861665997136,,,,,,,,,,,,,,,,,,,,,,0.10172454076780002,,,,,,,,
125,1,300.0,150.0,False,,,,0.08472516061032792,,,,,,,,,,,,,,,,,,,,,,0.04823110987718826,,,,,,,,
126,1,300.0,180.0,False,,,,0.03311120633773905,,,,,,,,,,,,,,,,,,,,,,0.219107995173989,,,,,,,,
127,1,300.0,210.0,False,,,,0.07164033892363532,,,,,,,,,,,,,,,,,,,,,,0.107867702771139,,,,,,,,
128,1,300.0,240.0,False,,,,0.07848689485728876,,,,,,,,,,,,,,,,,,,,,,0.13527088421447978,,,,,,,,
129,1,300.0,270.0,False,,,,0.057479640509404246,,,,,,,,,,,,,,,,,,,,,,0.19636349747741044,,,,,,,,
130,1,300.0,300.0,True,,,,0.05690448275113455,,,,,,,,,,,,,,,,,,,,,,0.13015577893525335,,,,,,,,
131,1,300.0,330.0,False,,,,0.0672176876796804,,,,,,,,,,,,,,,,,,,,,,0.18579517097971499,,,,,,,,
132,1,330.0,0.0,False,,,,0.05015131293581121,,,,,,,,,,,,,,,,,,,,,,0.24605976387379652,,,,,,,,
133,1,330.0,30.0,False,,,,0.1159536799263326,,,,,,,,,,,,,,,,,,,,,,0.2194430436209504,,,,,,,,
134,1,330.0,60.0,False,,,,0.034497109667731465,,,,,,,,,,,,,,,,,,,,,,0.2184568703692794,,,,,,,,
135,1,330.0,90.0,False,,,,0.11173930603658455,,,,,,,,,,,,,,,,,,,,,,0.08749619074693571,,,,,,,,
136,1,330.0,120.0,False,,,,0.019189338377387535,,,,,,,,,,,,,,,,,,,,,,0.19681258843510277,,,,,,,,
137,1,330.0,150.0,False,,,,0.0220506891458555,,,,,,,,,,,,,,,,,,,,,,0.12393160040653178,,,,,,,,
138,1,330.0,180.0,False,,,,0.025980277005437487,,,,,,,,,,,,,,,,,,,,,,0.04092665964187288,,,,,,,,
139,1,330.0,210.0,False,,,,0.11925860080377644,,,,,,,,,,,,,,,,,,,,,,0.09201581706216239,,,,,,,,
140,1,330.0,240.0,False,,,,0.025573229933993868,,,,,,,,,,,,,,,,,,,,,,0.12987705165223382,,,,,,,,
141,1,330.0,270.0,False,,,,0.06079519576665778,,,,,,,,,,,,,,,,,,,,,,0.09352288661331992,,,,,,,,
142,1,330.0,300.0,False,,,,0.028502509598957476,,,,,,,,,,,,,,,,,,,,,,0.0862397632654395,,,,,,,,
143,1,330.0,330.0,True,,,,0.03509761308939479,,,,,,,,,,,,,,,,,,,,,,0.09766443813926771,,,,,,,,
144,2,0.0,0.0,True,,,,0.05011115054010225,,,,,,,,,,,,,,,,,,,,,,0.3348780078577177,,,,,,,,
145,2,0.0,30.0,False,,,,0.028554684522450337,,,,,,,,,,,,,,,,,,,,,,0.1209020059702312,,,,,,,,
146,2,0.0,60.0,False,,,,0.039667587533461904,,,,,,,,,,,,,,,,,,,,,,0.0301259743517163,,,,,,,,
147,2,0.0,90.0,False,,,,0.062359179065564214,,,,,,,,,,,,,,,,,,,,,,0.04924563770088401,,,,,,,,
148,2,0.0,120.0,False,,,,0.05917949883504939,,,,,,,,,,,,,,,,,,,,,,0.2128671593081654,,,,,,,,
149,2,0.0,150.0,False,,,,0.12230093882958867,,,,,,,,,,,,,,,,,,,,,,0.04072856811291296,,,,,,,,
150,2,0.0,180.0,False,,,,0.13874319573466615,,,,,,,,,,,,,,,,,,,,,,0.1885436864736588,,,,,,,,
151,2,0.0,210.0,False,,,,0.022193449820430186,,,,,,,,,,,,,,,,,,,,,,0.058101345065544444,,,,,,,,
152,2,0.0,240.0,False,,,,0.020146330471208174,,,,,,,,,,,,,,,,,,,,,,0.1190037630810402,,,,,,,,
153,2,0.0,270.0,False,,,,0.030249156761779875,,,,,,,,,,,,,,,,,,,,,,0.09438134478218421,,,,,,,,
154,2,0.0,300.0,False,,,,0.022441714123678416,,,,,,,,,,,,,,,,,,,,,,0.09495700860577444,,,,,,,,
155,2,0.0,330.0,False,,,,0.033341252665048685,,,,,,,,,,,,,,,,,,,,,,0.12854107563936953,,,,,,,,
156,2,30.0,0.0,False,,,,0.02638097720210851,,,,,,,,,,,,,,,,,,,,,,0.2503048485472841,,,,,,,,
157,2,30.0,30.0,True,,,,0.046936711346220274,,,,,,,,,,,,,,,,,,,,,,0.23191810530549437,,,,,,,,
158,2,30.0,60.0,False,,,,0.04182706030001569,,,,,,,,,,,,,,,,,,,,,,0.1344000551846251,,,,,,,,
159,2,30.0,90.0,False,,,,0.02990681177835201,,,,,,,,,,,,,,,,,,,,,,0.05434834665410987,,,,,,,,
160,2,30.0,120.0,False,,,,0.015997230424226596,,,,,,,,,,,,,,,,,,,,,,0.039963880982657914,,,,,,,,
161,2,30.0,150.0,False,,,,0.026409429897037102,,,,,,,,,,,,,,,,,,,,,,0.10573580181427072,,,,,,,,
162,2,30.0,180.0,False,,,,0.015216488473256424,,,,,,,,,,,,,,,,,,,,,,0.16307986291922177,,,,,,,,
163,2,30.0,210.0,False,,,,0.026898936554367234,,,,,,,,,,,,,,,,,,,,,,0.21511522734181415,,,,,,,,
164,2,30.0,240.0,False,,,,0.08584466396324969,,,,,,,,,,,,,,,,,,,,,,0.05076121869296939,,,,,,,,
165,2,30.0,270.0,False,,,,0.05090201986172603,,,,,,,,,,,,,,,,,,,,,,0.061980822390238305,,,,,,,,
166,2,30.0,300.0,False,,,,0.14345382925003958,,,,,,,,,,,,,,,,,,,,,,0.11046557073067681,,,,,,,,
167,2,30.0,330.0,False,,,,0.13922357958215997,,,,,,,,,,,,,,,,,,,,,,0.1727635168385203,,,,,,,,
168,2,60.0,0.0,False,,,,0.0318003240247909,,,,,,,,,,,,,,,,,,,,,,0.20959617053061314,,,,,,,,
169,2,60.0,30.0,False,,,,0.020053075577773555,,,,,,,,,,,,,,,,,,,,,,0.2423662104404183,,,,,,,,
170,2,60.0,60.0,True,,,,0.02374672985144036,,,,,,,,,,,,,,,,,,,,,,0.07949390655110795,,,,,,,,
171,2,60.0,90.0,False,,,,0.026828832438335212,,,,,,,,,,,,,,,,,,,,,,0.24575710062925787,,,,,,,,
172,2,60.0,120.0,False,,,,0.01486094013936743,,,,,,,,,,,,,,,,,,,,,,0.07817156178758297,,,,,,,,
173,2,60.0,150.0,False,,,,0.06182239115851719,,,,,,,,,,,,,,,,,,,,,,0.04945995978709568,,,,,,,,
174,2,60.0,180.0,False,,,,0.22387784893860366,,,,,,,,,,,,,,,,,,,,,,0.12665472502426306,,,,,,,,
175,2,60.0,210.0,False,,,,0.07696323370719547,,,,,,,,,,,,,,,,,,,,,,0.12334333311628556,,,,,,,,
176,2,60.0,240.0,False,,,,0.02188647662848201,,,,,,,,,,,,,,,,,,,,,,0.1433269087399549,,,,,,,,
177,2,60.0,270.0,False,,,,0.04723306821069716,,,,,,,,,,,,,,,,,,,,,,0.14651772282993641,,,,,,,,
178,2,60.0,300.0,False,,,,0.09997590212670937,,,,,,,,,,,,,,,,,,,,,,0.07938598164206753,,,,,,,,
179,2,60.0,330.0,False,,,,0.027272908726286165,,,,,,,,,,,,,,,,,,,,,,0.10586922246822436,,,,,,,,
180,2,90.0,0.0,False,,,,0.1765401702007244,,,,,,,,,,,,,,,,,,,,,,0.12687072209678588,,,,,,,,
181,2,90.0,30.0,False,,,,0.05545333802520995,,,,,,,,,,,,,,,,,,,,,,0.18465661649893844,,,,,,,,
182,2,90.0,60.0,False,,,,0.05769943855522571,,,,,,,,,,,,,,,,,,,,,,0.10920411503626318,,,,,,,,
183,2,90.0,90.0,True,,,,0.033222232551403,,,,,,,,,,,,,,,,,,,,,,0.3775539288549882,,,,,,,,
184,2,90.0,120.0,False,,,,0.03138527759768961,,,,,,,,,,,,,,,,,,,,,,0.16222218094334886,,,,,,,,
185,2,90.0,150.0,False,,,,0.0375774924713603,,,,,,,,,,,,,,,,,,,,,,0.0544772052371708,,,,,,,,
186,2,90.0,180.0,False,,,,0.06617832016200906,,,,,,,,,,,,,,,,,,,,,,0.17544144818852594,,,,,,,,
187,2,90.0,210.0,False,,,,0.08272519618119868,,,,,,,,,,,,,,,,,,,,,,0.09852995845624107,,,,,,,,
188,2,90.0,240.0,False,,,,0.052310273845000116,,,,,,,,,,,,,,,,,,,,,,0.132867138754186,,,,,,,,
189,2,90.0,270.0,False,,,,0.04035541190747262,,,,,,,,,,,,,,,,,,,,,,0.06420115954545735,,,,,,,,
190,2,90.0,300.0,False,,,,0.046015066284878406,,,,,,,,,,,,,,,,,,,,,,0.13153251422421663,,,,,,,,
191,2,90.0,330.0,False,,,,0.11317486473647823,,,,,,,,,,,,,,,,,,,,,,0.19708738462137654,,,,,,,,
192,2,120.0,0.0,False,,,,0.05843239601372787,,,,,,,,,,,,,,,,,,,,,,0.2760410491776367,,,,,,,,
193,2,120.0,30.0,False,,,,0.12111635544727616,,,,,,,,,,,,,,,,,,,,,,0.034339096669498054,,,,,,,,
194,2,120.0,60.0,False,,,,0.0273154713185135,,,,,,,,,,,,,,,,,,,,,,0.07788252326660934,,,,,,,,
195,2,120.0,90.0,False,,,,0.036645341971995524,,,,,,,,,,,,,,,,,,,,,,0.22781307400709805,,,,,,,,
196,2,120.0,120.0,True,,,,0.02292502171534758,,,,,,,,,,,,,,,,,,,,,,0.09997278021797884,,,,,,,,
197,2,120.0,150.0,False,,,,0.035604395917178705,,,,,,,,,,,,,,,,,,,,,,0.11686401169769767,,,,,,,,
198,2,120.0,180.0,False,,,,0.039708072525497615,,,,,,,,,,,,,,,,,,,,,,0.11737573763167303,,,,,,,,
199,2,120.0,210.0,False,,,,0.05657584626418962,,,,,,,,,,,,,,,,,,,,,,0.05581135782460693,,,,,,,,
200,2,120.0,240.0,False,,,,0.06779813474791425,,,,,,,,,,,,,,,,,,,,,,0.059652072344103774,,,,,,,,
201,2,120.0,270.0,False,,,,0.027778532497965257,,,,,,,,,,,,,,,,,,,,,,0.09270457770510093,,,,,,,,
202,2,120.0,300.0,False,,,,0.022527716164646078,,,,,,,,,,,,,,,,,,,,,,0.16323660440020316,,,,,,,,
203,2,120.0,330.0,False,,,,0.04470330891432876,,,,,,,,,,,,,,,,,,,,,,0.15810452450888782,,,,,,,,
204,2,150.0,0.0,False,,,,0.11809829532081949,,,,,,,,,,,,,,,,,,,,,,0.15779504844095768,,,,,,,,
205,2,150.0,30.0,False,,,,0.015500811593683926,,,,,,,,,,,,,,,,,,,,,,0.11275267205734067,,,,,,,,
206,2,150.0,60.0,False,,,,0.08224865170912218,,,,,,,,,,,,,,,,,,,,,,0.11635863912986169,,,,,,,,
207,2,150.0,90.0,False,,,,0.02588571775090494,,,,,,,,,,,,,,,,,,,,,,0.09557989450312196,,,,,,,,
208,2,150.0,120.0,False,,,,0.04402195993639838,,,,,,,,,,,,,,,,,,,,,,0.07666166595484528,,,,,,,,
209,2,150.0,150.0,True,,,,0.020249486023540063,,,,,,,,,,,,,,,,,,,,,,0.08696695705215707,,,,,,,,
210,2,150.0,180.0,False,,,,0.07491079294255729,,,,,,,,,,,,,,,,,,,,,,0.373438668544913,,,,,,,,
211,2,150.0,210.0,False,,,,0.05165274707534653,,,,,,,,,,,,,,,,,,,,,,0.0679949989793238,,,,,,,,
212,2,150.0,240.0,False,,,,0.07168179068462435,,,,,,,,,,,,,,,,,,,,,,0.0941469611674628,,,,,,,,
213,2,150.0,270.0,False,,,,0.08879850357857372,,,,,,,,,,,,,,,,,,,,,,0.06941792468297969,,,,,,,,
214,2,150.0,300.0,False,,,,0.020180602666503192,,,,,,,,,,,,,,,,,,,,,,0.11488469276372212,,,,,,,,
215,2,150.0,330.0,False,,,,0.035031453606095164,,,,,,,,,,,,,,,,,,,,,,0.14657603671194924,,,,,,,,
216,2,180.0,0.0,False,,,,0.12443829052753658,,,,,,,,,,,,,,,,,,,,,,0.06976454811115948,,,,,,,,
217,2,180.0,30.0,False,,,,0.04880961050934393,,,,,,,,,,,,,,,,,,,,,,0.21369211078822076,,,,,,,,
218,2,180.0,60.0,False,,,,0.03533756751896847,,,,,,,,,,,,,,,,,,,,,,0.13674987239587774,,,,,,,,
219,2,180.0,90.0,False,,,,0.026689624645918814,,,,,,,,,,,,,,,,,,,,,,0.13307481275904964,,,,,,,,
220,2,180.0,120.0,False,,,,0.06434564821851377,,,,,,,,,,,,,,,,,,,,,,0.06611462879110272,,,,,,,,
221,2,180.0,150.0,False,,,,0.05975842857962464,,,,,,,,,,,,,,,,,,,,,,0.2206137562098917,,,,,,,,
222,2,180.0,180.0,True,,,,0.11396124090774606,,,,,,,,,,,,,,,,,,,,,,0.20073635722163297,,,,,,,,
223,2,180.0,210.0,False,,,,0.021401777115528722,,,,,,,,,,,,,,,,,,,,,,0.19057424557917715,,,,,,,,
224,2,180.0,240.0,False,,,,0.056287156524182536,,,,,,,,,,,,,,,,,,,,,,0.037942395342341576,,,,,,,,
225,2,180.0,270.0,False,,,,0.06554881548187518,,,,,,,,,,,,,,,,,,,,,,0.14659864539267928,,,,,,,,
226,2,180.0,300.0,False,,,,0.12720497936198608,,,,,,,,,,,,,,,,,,,,,,0.058351519001553415,,,,,,,,
227,2,180.0,330.0,False,,,,0.02603209402041507,,,,,,,,,,,,,,,,,,,,,,0.08198846336562732,,,,,,,,
228,2,210.0,0.0,False,,,,0.04124944742931382,,,,,,,,,,,,,,,,,,,,,,0.07419449049994437,,,,,,,,
229,2,210.0,30.0,False,,,,0.02115337167095849,,,,,,,,,,,,,,,,,,,,,,0.08726487214745765,,,,,,,,
230,2,210.0,60.0,False,,,,0.027256164807406953,,,,,,,,,,,,,,,,,,,,,,0.09097673045358781,,,,,,,,
231,2,210.0,90.0,False,,,,0.02134685883854663,,,,,,,,,,,,,,,,,,,,,,0.06863929790624543,,,,,,,,
232,2,210.0,120.0,False,,,,0.13853429767923253,,,,,,,,,,,,,,,,,,,,,,0.09573384566066152,,,,,,,,
233,2,210.0,150.0,False,,,,0.029930374429190026,,,,,,,,,,,,,,,,,,,,,,0.05531364698958044,,,,,,,,
234,2,210.0,180.0,False,,,,0.02434244771825494,,,,,,,,,,,,,,,,,,,,,,0.165481448532755,,,,,,,,
235,2,210.0,210.0,True,,,,0.019812338021366734,,,,,,,,,,,,,,,,,,,,,,0.07448581481870556,,,,,,,,
236,2,210.0,240.0,False,,,,0.01602242445003947,,,,,,,,,,,,,,,,,,,,,,0.04839332948182373,,,,,,,,
237,2,210.0,270.0,False,,,,0.06645628500257501,,,,,,,,,,,,,,,,,,,,,,0.0820063249956295,,,,,,,,
238,2,210.0,300.0,False,,,,0.056401634303251,,,,,,,,,,,,,,,,,,,,,,0.054089951413284806,,,,,,,,
239,2,210.0,330.0,False,,,,0.0625244662954367,,,,,,,,,,,,,,,,,,,,,,0.04995298999146876,,,,,,,,
240,2,240.0,0.0,False,,,,0.07715855890010159,,,,,,,,,,,,,,,,,,,,,,0.10773348993251954,,,,,,,,
241,2,240.0,30.0,False,,,,0.0362700597454,,,,,,,,,,,,,,,,,,,,,,0.04733677329986671,,,,,,,,
242,2,240.0,60.0,False,,,,0.05813623338280263,,,,,,,,,,,,,,,,,,,,,,0.18351441995015955,,,,,,,,
243,2,240.0,90.0,False,,,,0.04543322873904776,,,,,,,,,,,,,,,,,,,,,,0.12354702558651266,,,,,,,,
244,2,240.0,120.0,False,,,,0.05926186656066312,,,,,,,,,,,,,,,,,,,,,,0.15050209949684756,,,,,,,,
245,2,240.0,150.0,False,,,,0.10284391629512002,,,,,,,,,,,,,,,,,,,,,,0.2441691774841054,,,,,,,,
246,2,240.0,180.0,False,,,,0.043735336520844305,,,,,,,,,,,,,,,,,,,,,,0.05723674616382199,,,,,,,,
247,2,240.0,210.0,False,,,,0.03816742311217203,,,,,,,,,,,,,,,,,,,,,,0.14320335390311584,,,,,,,,
248,2,240.0,240.0,True,,,,0.03586204090123654,,,,,,,,,,,,,,,,,,,,,,0.08958624187875351,,,,,,,,
249,2,240.0,270.0,False,,,,0.023899535876437422,,,,,,,,,,,,,,,,,,,,,,0.09690638816344943,,,,,,,,
250,2,240.0,300.0,False,,,,0.03363441290807585,,,,,,,,,,,,,,,,,,,,,,0.08295854745509758,,,,,,,,
251,2,240.0,330.0,False,,,,0.033017895291909766,,,,,,,,,,,,,,,,,,,,,,0.058863686230972545,,,,,,,,
252,2,270.0,0.0,False,,,,0.0297016318299069,,,,,,,,,,,,,,,,,,,,,,0.09219258041986847,,,,,,,,
253,2,270.0,30.0,False,,,,0.05960537909035851,,,,,,,,,,,,,,,,,,,,,,0.07219030732001558,,,,,,,,
254,2,270.0,60.0,False,,,,0.06696664787632403,,,,,,,,,,,,,,,,,,,,,,0.04094345330441968,,,,,,,,
255,2,270.0,90.0,False,,,,0.10500261244125908,,,,,,,,,,,,,,,,,,,,,,0.13393954077404566,,,,,,,,
256,2,270.0,120.0,False,,,,0.1427597992708693,,,,,,,,,,,,,,,,,,,,,,0.1402368132735967,,,,,,,,
257,2,270.0,150.0,False,,,,0.0637666814329298,,,,,,,,,,,,,,,,,,,,,,0.06689870406297393,,,,,,,,
258,2,270.0,180.0,False,,,,0.034772529914181935,,,,,,,,,,,,,,,,,,,,,,0.06807531607329326,,,,,,,,
259,2,270.0,210.0,False,,,,0.027446314006239574,,,,,,,,,,,,,,,,,,,,,,0.0732724366724829,,,,,,,,
260,2,270.0,240.0,False,,,,0.05000560065637629,,,,,,,,,,,,,,,,,,,,,,0.07626864659869514,,,,,,,,
261,2,270.0,270.0,True,,,,0.020234429395207896,,,,,,,,,,,,,,,,,,,,,,0.08008469218598536,,,,,,,,
262,2,270.0,300.0,False,,,,0.07754941266055686,,,,,,,,,,,,,,,,,,,,,,0.19638117814232814,,,,,,,,
263,2,270.0,330.0,False,,,,0.03292156649492913,,,,,,,,,,,,,,,,,,,,,,0.09817350736625804,,,,,,,,
264,2,300.0,0.0,False,,,,0.0399226524796092,,,,,,,,,,,,,,,,,,,,,,0.09705352035923615,,,,,,,,
265,2,300.0,30.0,False,,,,0.0869496136965068,,,,,,,,,,,,,,,,,,,,,,0.10310520917544268,,,,,,,,
266,2,300.0,60.0,False,,,,0.21010975469162257,,,,,,,,,,,,,,,,,,,,,,0.3244500928908923,,,,,,,,
267,2,300.0,90.0,False,,,,0.05500211765614613,,,,,,,,,,,,,,,,,,,,,,0.18375848871216613,,,,,,,,
268,2,300.0,120.0,False,,,,0.01845382033219798,,,,,,,,,,,,,,,,,,,,,,0.2222698522424987,,,,,,,,
269,2,300.0,150.0,False,,,,0.042207776237467035,,,,,,,,,,,,,,,,,,,,,,0.057631311230830734,,,,,,,,
270,2,300.0,180.0,False,,,,0.04875665183975905,,,,,,,,,,,,,,,,,,,,,,0.14143255245357964,,,,,,,,
271,2,300.0,210.0,False,,,,0.025172567025719267,,,,,,,,,,,,,,,,,,,,,,0.08830980925154594,,,,,,,,
272,2,300.0,240.0,False,,,,0.04664335050076185,,,,,,,,,,,,,,,,,,,,,,0.09868810029210921,,,,,,,,
273,2,300.0,270.0,False,,,,0.04697191367119381,,,,,,,,,,,,,,,,,,,,,,0.08970238597892669,,,,,,,,
274,2,300.0,300.0,True,,,,0.03326687503561139,,,,,,,,,,,,,,,,,,,,,,0.26215738224495033,,,,,,,,
275,2,300.0,330.0,False,,,,0.07945942166526149,,,,,,,,,,,,,,,,,,,,,,0.196583884510665,,,,,,,,
276,2,330.0,0.0,False,,,,0.060729292997691066,,,,,,,,,,,,,,,,,,,,,,0.20426782891374823,,,,,,,,
277,2,330.0,30.0,False,,,,0.035370416577548025,,,,,,,,,,,,,,,,,,,,,,0.0525347444367321,,,,,,,,
278,2,330.0,60.0,False,,,,0.0317514818991237,,,,,,,,,,,,,,,,,,,,,,0.21306568182211205,,,,,,,,
279,2,330.0,90.0,False,,,,0.05547220740539058,,,,,,,,,,,,,,,,,,,,,,0.0543540646417872,,,,,,,,
280,2,330.0,120.0,False,,,,0.09221941463443395,,,,,,,,,,,,,,,,,,,,,,0.09923575569353534,,,,,,,,
281,2,330.0,150.0,False,,,,0.04619078748855747,,,,,,,,,,,,,,,,,,,,,,0.11864465539742441,,,,,,,,
282,2,330.0,180.0,False,,,,0.25509083277001654,,,,,,,,,,,,,,,,,,,,,,0.058535989623892615,,,,,,,,
283,2,330.0,210.0,False,,,,0.07644248635493348,,,,,,,,,,,,,,,,,,,,,,0.041180671239068545,,,,,,,,
284,2,330.0,240.0,False,,,,0.07960309850985439,,,,,,,,,,,,,,,,,,,,,,0.11552293975057197,,,,,,,,
285,2,330.0,270.0,False,,,,0.05273929817833743,,,,,,,,,,,,,,,,,,,,,,0.06997703253064735,,,,,,,,
286,2,330.0,300.0,False,,,,0.03614594261451066,,,,,,,,,,,,,,,,,,,,,,0.11271611463184585,,,,,,,,
287,2,330.0,330.0,True,,,,0.04895389237819263,,,,,,,,,,,,,,,,,,,,,,0.15490151623146758,,,,,,,,
0,1,0.0,0.0,True,,,,0.0399894210701786,,,,,,,,,,,,,,,,,,,,,,,0.14217469788752019,,,,,,,
1,1,0.0,30.0,False,,,,0.0389028471905846,,,,,,,,,,,,,,,,,,,,,,,0.17570442599368996,,,,,,,
2,1,0.0,60.0,False,,,,0.07100442855986266,,,,,,,,,,,,,,,,,,,,,,,0.3914335458318005,,,,,,,
3,1,0.0,90.0,False,,,,0.0279321777704859,,,,,,,,,,,,,,,,,,,,,,,0.2069250009566241,,,,,,,
4,1,0.0,120.0,False,,,,0.15091859852148506,,,,,,,,,,,,,,,,,,,,,,,0.4341925816742187,,,,,,,
5,1,0.0,150.0,False,,,,0.034323825476275785,,,,,,,,,,,,,,,,,,,,,,,0.5732204944707808,,,,,,,
6,1,0.0,180.0,False,,,,0.059562472344496395,,,,,,,,,,,,,,,,,,,,,,,0.5570376671085819,,,,,,,
7,1,0.0,210.0,False,,,,0.03032723025504904,,,,,,,,,,,,,,,,,,,,,,,0.2978319707285043,,,,,,,
8,1,0.0,240.0,False,,,,0.06308906058499482,,,,,,,,,,,,,,,,,,,,,,,0.11694925752239733,,,,,,,
9,1,0.0,270.0,False,,,,0.0928782390701214,,,,,,,,,,,,,,,,,,,,,,,0.2520770974749862,,,,,,,
10,1,0.0,300.0,False,,,,0.03281535048234672,,,,,,,,,,,,,,,,,,,,,,,0.05574765810841435,,,,,,,
11,1,0.0,330.0,False,,,,0.02076796923221487,,,,,,,,,,,,,,,,,,,,,,,0.07155127522169671,,,,,,,
12,1,30.0,0.0,False,,,,0.040495086941027325,,,,,,,,,,,,,,,,,,,,,,,0.1895983765137134,,,,,,,
13,1,30.0,30.0,True,,,,0.06147317642764974,,,,,,,,,,,,,,,,,,,,,,,0.1401497192803144,,,,,,,
14,1,30.0,60.0,False,,,,0.026855219467618163,,,,,,,,,,,,,,,,,,,,,,,0.9029142687734053,,,,,,,
15,1,30.0,90.0,False,,,,0.0699854653493279,,,,,,,,,,,,,,,,,,,,,,,0.2733905889320041,,,,,,,
16,1,30.0,120.0,False,,,,0.03164705992975368,,,,,,,,,,,,,,,,,,,,,,,1.036371505737324,,,,,,,
17,1,30.0,150.0,False,,,,0.0746109444637118,,,,,,,,,,,,,,,,,,,,,,,0.7805127387088768,,,,,,,
18,1,30.0,180.0,False,,,,0.0929761254674469,,,,,,,,,,,,,,,,,,,,,,,0.509687409795665,,,,,,,
19,1,30.0,210.0,False,,,,0.016954438083207336,,,,,,,,,,,,,,,,,,,,,,,0.2873806941875895,,,,,,,
20,1,30.0,240.0,False,,,,0.06814880329589003,,,,,,,,,,,,,,,,,,,,,,,0.3078199480875628,,,,,,,
21,1,30.0,270.0,False,,,,0.16181212946474213,,,,,,,,,,,,,,,,,,,,,,,0.3927863537302918,,,,,,,
22,1,30.0,300.0,False,,,,0.06696123473022436,,,,,,,,,,,,,,,,,,,,,,,0.1757769155040133,,,,,,,
23,1,30.0,330.0,False,,,,0.029330584762624505,,,,,,,,,,,,,,,,,,,,,,,0.07128392533819766,,,,,,,
24,1,60.0,0.0,False,,,,0.03374220520122499,,,,,,,,,,,,,,,,,,,,,,,0.33252874414822664,,,,,,,
25,1,60.0,30.0,False,,,,0.03846595726677394,,,,,,,,,,,,,,,,,,,,,,,0.46830713706059546,,,,,,,
26,1,60.0,60.0,True,,,,0.018208310500140358,,,,,,,,,,,,,,,,,,,,,,,0.24543730338837544,,,,,,,
27,1,60.0,90.0,False,,,,0.01931668400715774,,,,,,,,,,,,,,,,,,,,,,,0.28761168647081137,,,,,,,
28,1,60.0,120.0,False,,,,0.011095832431320434,,,,,,,,,,,,,,,,,,,,,,,0.621002464213972,,,,,,,
29,1,60.0,150.0,False,,,,0.10950288074476172,,,,,,,,,,,,,,,,,,,,,,,0.33207467139617475,,,,,,,
30,1,60.0,180.0,False,,,,0.07542452882466888,,,,,,,,,,,,,,,,,,,,,,,0.30082118937994057,,,,,,,
31,1,60.0,210.0,False,,,,0.05959312117941694,,,,,,,,,,,,,,,,,,,,,,,0.21835014215867282,,,,,,,
32,1,60.0,240.0,False,,,,0.15527256106962295,,,,,,,,,,,,,,,,,,,,,,,0.29283919813046017,,,,,,,
33,1,60.0,270.0,False,,,,0.09571961264712266,,,,,,,,,,,,,,,,,,,,,,,0.9162839157417135,,,,,,,
34,1,60.0,300.0,False,,,,0.051024259333686206,,,,,,,,,,,,,,,,,,,,,,,0.2631926688828047,,,,,,,
35,1,60.0,330.0,False,,,,0.0449115521831711,,,,,,,,,,,,,,,,,,,,,,,0.04298992419255699,,,,,,,
36,1,90.0,0.0,False,,,,0.032825384076131545,,,,,,,,,,,,,,,,,,,,,,,0.15120727825230412,,,,,,,
37,1,90.0,30.0,False,,,,32.564436314770845,,,,,,,,,,,,,,,,,,,,,,,1792.0781453079376,,,,,,,
38,1,90.0,60.0,False,,,,54.85668361649308,,,,,,,,,,,,,,,,,,,,,,,1197.0352885387247,,,,,,,
39,1,90.0,90.0,True,,,,0.011402391965222376,,,,,,,,,,,,,,,,,,,,,,,0.3145694538286342,,,,,,,
40,1,90.0,120.0,False,,,,0.013042114362290993,,,,,,,,,,,,,,,,,,,,,,,0.34076310611589217,,,,,,,
41,1,90.0,150.0,False,,,,0.02456028739483238,,,,,,,,,,,,,,,,,,,,,,,0.3001507437289423,,,,,,,
42,1,90.0,180.0,False,,,,0.11827558658027457,,,,,,,,,,,,,,,,,,,,,,,0.05469299646948776,,,,,,,
43,1,90.0,210.0,False,,,,0.05922634915265193,,,,,,,,,,,,,,,,,,,,,,,0.3057411887653837,,,,,,,
44,1,90.0,240.0,False,,,,0.05687789756925064,,,,,,,,,,,,,,,,,,,,,,,0.7379399694312956,,,,,,,
45,1,90.0,270.0,False,,,,0.07467060611496737,,,,,,,,,,,,,,,,,,,,,,,0.68633921824236,,,,,,,
46,1,90.0,300.0,False,,,,0.03701234363717243,,,,,,,,,,,,,,,,,,,,,,,0.6432229499072275,,,,,,,
47,1,90.0,330.0,False,,,,0.024537311945240954,,,,,,,,,,,,,,,,,,,,,,,0.02932858428894372,,,,,,,
48,1,120.0,0.0,False,,,,0.03397861076169283,,,,,,,,,,,,,,,,,,,,,,,0.593524890045807,,,,,,,
49,1,120.0,30.0,False,,,,0.016457215880271457,,,,,,,,,,,,,,,,,,,,,,,0.7997424108028782,,,,,,,
50,1,120.0,60.0,False,,,,0.01027335114560343,,,,,,,,,,,,,,,,,,,,,,,0.6274006204788267,,,,,,,
51,1,120.0,90.0,False,,,,0.013533470186701266,,,,,,,,,,,,,,,,,,,,,,,0.37819739759820836,,,,,,,
52,1,120.0,120.0,True,,,,0.010480410870476048,,,,,,,,,,,,,,,,,,,,,,,0.20919014903829458,,,,,,,
53,1,120.0,150.0,False,,,,0.01855644612734422,,,,,,,,,,,,,,,,,,,,,,,0.041628474640110505,,,,,,,
54,1,120.0,180.0,False,,,,0.059560058533731405,,,,,,,,,,,,,,,,,,,,,,,0.1084242703570209,,,,,,,
55,1,120.0,210.0,False,,,,0.04978206701832244,,,,,,,,,,,,,,,,,,,,,,,0.5809351037779489,,,,,,,
56,1,120.0,240.0,False,,,,0.052200098751773796,,,,,,,,,,,,,,,,,,,,,,,0.8041607204259167,,,,,,,
57,1,120.0,270.0,False,,,,0.040349830735218875,,,,,,,,,,,,,,,,,,,,,,,1.5836852229972271,,,,,,,
58,1,120.0,300.0,False,,,,0.044323917005420176,,,,,,,,,,,,,,,,,,,,,,,0.3591148459304496,,,,,,,
59,1,120.0,330.0,False,,,,0.04330092667656707,,,,,,,,,,,,,,,,,,,,,,,0.20400182437074152,,,,,,,
60,1,150.0,0.0,False,,,,0.05795609695965967,,,,,,,,,,,,,,,,,,,,,,,0.4913034947663001,,,,,,,
61,1,150.0,30.0,False,,,,0.0408454266111095,,,,,,,,,,,,,,,,,,,,,,,0.6683590954821186,,,,,,,
62,1,150.0,60.0,False,,,,0.015920979821587702,,,,,,,,,,,,,,,,,,,,,,,0.5413379437072758,,,,,,,
63,1,150.0,90.0,False,,,,0.031074579723705965,,,,,,,,,,,,,,,,,,,,,,,0.1918908287619847,,,,,,,
64,1,150.0,120.0,False,,,,0.032269795258530506,,,,,,,,,,,,,,,,,,,,,,,0.035667570702734935,,,,,,,
65,1,150.0,150.0,True,,,,0.02788603349563574,,,,,,,,,,,,,,,,,,,,,,,0.0821874130010834,,,,,,,
66,1,150.0,180.0,False,,,,0.029175529908425202,,,,,,,,,,,,,,,,,,,,,,,0.31886672258230175,,,,,,,
67,1,150.0,210.0,False,,,,0.03423711784575613,,,,,,,,,,,,,,,,,,,,,,,0.7017636309231339,,,,,,,
68,1,150.0,240.0,False,,,,0.03585999131850874,,,,,,,,,,,,,,,,,,,,,,,2.0143702635324217,,,,,,,
69,1,150.0,270.0,False,,,,0.12901901800168813,,,,,,,,,,,,,,,,,,,,,,,2.051394787429981,,,,,,,
70,1,150.0,300.0,False,,,,0.05724022380756412,,,,,,,,,,,,,,,,,,,,,,,0.4662848948581061,,,,,,,
71,1,150.0,330.0,False,,,,0.02605841678016127,,,,,,,,,,,,,,,,,,,,,,,0.42609851494883755,,,,,,,
72,1,180.0,0.0,False,,,,0.10531943140423541,,,,,,,,,,,,,,,,,,,,,,,0.5995166255795401,,,,,,,
73,1,180.0,30.0,False,,,,0.021925833441437836,,,,,,,,,,,,,,,,,,,,,,,0.5185727498084014,,,,,,,
74,1,180.0,60.0,False,,,,0.06517497125775684,,,,,,,,,,,,,,,,,,,,,,,0.1041035943545151,,,,,,,
75,1,180.0,90.0,False,,,,0.02425616502972735,,,,,,,,,,,,,,,,,,,,,,,0.1307637764275589,,,,,,,
76,1,180.0,120.0,False,,,,0.047979056397117754,,,,,,,,,,,,,,,,,,,,,,,0.08254460963381605,,,,,,,
77,1,180.0,150.0,False,,,,0.033410953517754964,,,,,,,,,,,,,,,,,,,,,,,0.2856824922588062,,,,,,,
78,1,180.0,180.0,True,,,,0.04119677941006439,,,,,,,,,,,,,,,,,,,,,,,0.7237127033879918,,,,,,,
79,1,180.0,210.0,False,,,,0.06684282957312335,,,,,,,,,,,,,,,,,,,,,,,1.839320659316474,,,,,,,
80,1,180.0,240.0,False,,,,0.04059385389703073,,,,,,,,,,,,,,,,,,,,,,,2.544665597924822,,,,,,,
81,1,180.0,270.0,False,,,,0.09830781618942884,,,,,,,,,,,,,,,,,,,,,,,1.6669144234949953,,,,,,,
82,1,180.0,300.0,False,,,,0.026279218365599807,,,,,,,,,,,,,,,,,,,,,,,0.35328828147565206,,,,,,,
83,1,180.0,330.0,False,,,,0.18872603749740907,,,,,,,,,,,,,,,,,,,,,,,0.2617829011407886,,,,,,,
84,1,210.0,0.0,False,,,,0.031415805980072584,,,,,,,,,,,,,,,,,,,,,,,0.31677090900416444,,,,,,,
85,1,210.0,30.0,False,,,,0.07543473664849212,,,,,,,,,,,,,,,,,,,,,,,0.1935741451189391,,,,,,,
86,1,210.0,60.0,False,,,,0.09570157515309562,,,,,,,,,,,,,,,,,,,,,,,0.09571268007928234,,,,,,,
87,1,210.0,90.0,False,,,,0.0374139994843863,,,,,,,,,,,,,,,,,,,,,,,0.18139451156972253,,,,,,,
88,1,210.0,120.0,False,,,,0.0304791463568477,,,,,,,,,,,,,,,,,,,,,,,0.19655110107906043,,,,,,,
89,1,210.0,150.0,False,,,,0.018322060533726182,,,,,,,,,,,,,,,,,,,,,,,0.26015107235305357,,,,,,,
90,1,210.0,180.0,False,,,,0.04860646571094514,,,,,,,,,,,,,,,,,,,,,,,1.4747248444721466,,,,,,,
91,1,210.0,210.0,True,,,,0.13938467130410337,,,,,,,,,,,,,,,,,,,,,,,1.5143083254375234,,,,,,,
92,1,210.0,240.0,False,,,,0.10927615490162662,,,,,,,,,,,,,,,,,,,,,,,0.9215475424053596,,,,,,,
93,1,210.0,270.0,False,,,,0.16435969828154168,,,,,,,,,,,,,,,,,,,,,,,0.40096508414723264,,,,,,,
94,1,210.0,300.0,False,,,,0.046295558045191434,,,,,,,,,,,,,,,,,,,,,,,0.08632202508793083,,,,,,,
95,1,210.0,330.0,False,,,,0.0736157045772868,,,,,,,,,,,,,,,,,,,,,,,0.19959475791251907,,,,,,,
96,1,240.0,0.0,False,,,,0.027229925968657396,,,,,,,,,,,,,,,,,,,,,,,0.21826756285722532,,,,,,,
97,1,240.0,30.0,False,,,,0.07998057887541793,,,,,,,,,,,,,,,,,,,,,,,0.05047363272537833,,,,,,,
98,1,240.0,60.0,False,,,,0.05145536779690821,,,,,,,,,,,,,,,,,,,,,,,0.11706502571107405,,,,,,,
99,1,240.0,90.0,False,,,,0.025976099126103023,,,,,,,,,,,,,,,,,,,,,,,0.3376750444983,,,,,,,
100,1,240.0,120.0,False,,,,0.07610534187833101,,,,,,,,,,,,,,,,,,,,,,,0.25195705602207297,,,,,,,
101,1,240.0,150.0,False,,,,0.04600795570982821,,,,,,,,,,,,,,,,,,,,,,,0.7931108364251825,,,,,,,
102,1,240.0,180.0,False,,,,0.06981108059340242,,,,,,,,,,,,,,,,,,,,,,,2.1224890956370657,,,,,,,
103,1,240.0,210.0,False,,,,0.07712698835447554,,,,,,,,,,,,,,,,,,,,,,,0.9927566175812805,,,,,,,
104,1,240.0,240.0,True,,,,0.03017229989677876,,,,,,,,,,,,,,,,,,,,,,,0.46832585042544894,,,,,,,
105,1,240.0,270.0,False,,,,0.03110833257833403,,,,,,,,,,,,,,,,,,,,,,,0.4214154765480673,,,,,,,
106,1,240.0,300.0,False,,,,0.02596575453863374,,,,,,,,,,,,,,,,,,,,,,,0.17772266541773246,,,,,,,
107,1,240.0,330.0,False,,,,0.017290614556024656,,,,,,,,,,,,,,,,,,,,,,,0.16539192849145407,,,,,,,
108,1,270.0,0.0,False,,,,0.07544427860943213,,,,,,,,,,,,,,,,,,,,,,,0.15627908263189677,,,,,,,
109,1,270.0,30.0,False,,,,0.12140283600017847,,,,,,,,,,,,,,,,,,,,,,,0.26633086152327196,,,,,,,
110,1,270.0,60.0,False,,,,0.10249200685968869,,,,,,,,,,,,,,,,,,,,,,,0.33625100093421967,,,,,,,
111,1,270.0,90.0,False,,,,0.06265981727688062,,,,,,,,,,,,,,,,,,,,,,,0.8415044710010684,,,,,,,
112,1,270.0,120.0,False,,,,0.05302354744575591,,,,,,,,,,,,,,,,,,,,,,,0.9533609664763859,,,,,,,
113,1,270.0,150.0,False,,,,0.12889137587487523,,,,,,,,,,,,,,,,,,,,,,,1.6040531074213713,,,,,,,
114,1,270.0,180.0,False,,,,0.02930265321098588,,,,,,,,,,,,,,,,,,,,,,,0.8981089817554839,,,,,,,
115,1,270.0,210.0,False,,,,0.02442857692501306,,,,,,,,,,,,,,,,,,,,,,,0.5725470650179458,,,,,,,
116,1,270.0,240.0,False,,,,0.02993018346235883,,,,,,,,,,,,,,,,,,,,,,,0.407131944075257,,,,,,,
117,1,270.0,270.0,True,,,,0.03125288945613405,,,,,,,,,,,,,,,,,,,,,,,0.2344976302862235,,,,,,,
118,1,270.0,300.0,False,,,,0.021673520105387575,,,,,,,,,,,,,,,,,,,,,,,0.21672213778095875,,,,,,,
119,1,270.0,330.0,False,,,,0.06318960018245143,,,,,,,,,,,,,,,,,,,,,,,0.19159427902744874,,,,,,,
120,1,300.0,0.0,False,,,,0.023971300368916378,,,,,,,,,,,,,,,,,,,,,,,0.08505109558962126,,,,,,,
121,1,300.0,30.0,False,,,,0.022400260329957997,,,,,,,,,,,,,,,,,,,,,,,0.21103448772566566,,,,,,,
122,1,300.0,60.0,False,,,,0.0947846744567096,,,,,,,,,,,,,,,,,,,,,,,0.1408776169326135,,,,,,,
123,1,300.0,90.0,False,,,,0.029620579317133713,,,,,,,,,,,,,,,,,,,,,,,0.06599617784262911,,,,,,,
124,1,300.0,120.0,False,,,,0.30269741005464645,,,,,,,,,,,,,,,,,,,,,,,0.5311242959173385,,,,,,,
125,1,300.0,150.0,False,,,,0.12194846810054218,,,,,,,,,,,,,,,,,,,,,,,0.19231466777987827,,,,,,,
126,1,300.0,180.0,False,,,,0.04117526556015362,,,,,,,,,,,,,,,,,,,,,,,0.17188410071788213,,,,,,,
127,1,300.0,210.0,False,,,,0.09966738489195634,,,,,,,,,,,,,,,,,,,,,,,0.06608926562088638,,,,,,,
128,1,300.0,240.0,False,,,,0.033272520598761145,,,,,,,,,,,,,,,,,,,,,,,0.09582974875468316,,,,,,,
129,1,300.0,270.0,False,,,,0.025773881108776243,,,,,,,,,,,,,,,,,,,,,,,0.1326410153209142,,,,,,,
130,1,300.0,300.0,True,,,,0.035672592057091945,,,,,,,,,,,,,,,,,,,,,,,0.1496046056380607,,,,,,,
131,1,300.0,330.0,False,,,,0.02946697559583286,,,,,,,,,,,,,,,,,,,,,,,0.11828410861039355,,,,,,,
132,1,330.0,0.0,False,,,,0.026728050769144807,,,,,,,,,,,,,,,,,,,,,,,0.13969618298666392,,,,,,,
133,1,330.0,30.0,False,,,,0.04610477807086552,,,,,,,,,,,,,,,,,,,,,,,0.0755161387128146,,,,,,,
134,1,330.0,60.0,False,,,,0.04045303579268801,,,,,,,,,,,,,,,,,,,,,,,0.17495927443467266,,,,,,,
135,1,330.0,90.0,False,,,,0.02404195944208503,,,,,,,,,,,,,,,,,,,,,,,0.3370411780208248,,,,,,,
136,1,330.0,120.0,False,,,,0.02098758185261424,,,,,,,,,,,,,,,,,,,,,,,0.616387053246088,,,,,,,
137,1,330.0,150.0,False,,,,0.033265347942304735,,,,,,,,,,,,,,,,,,,,,,,0.39207887841645434,,,,,,,
138,1,330.0,180.0,False,,,,0.03079116423774235,,,,,,,,,,,,,,,,,,,,,,,0.6138302408367249,,,,,,,
139,1,330.0,210.0,False,,,,0.04026563627265825,,,,,,,,,,,,,,,,,,,,,,,0.2215974270678182,,,,,,,
140,1,330.0,240.0,False,,,,0.06669169396959304,,,,,,,,,,,,,,,,,,,,,,,0.08529985958982411,,,,,,,
141,1,330.0,270.0,False,,,,0.030091262971712978,,,,,,,,,,,,,,,,,,,,,,,0.143536220473794,,,,,,,
142,1,330.0,300.0,False,,,,0.026658785640902488,,,,,,,,,,,,,,,,,,,,,,,0.05721517103871147,,,,,,,
143,1,330.0,330.0,True,,,,0.018057379597111903,,,,,,,,,,,,,,,,,,,,,,,0.1524789855937244,,,,,,,
144,2,0.0,0.0,True,,,,0.02457713687892902,,,,,,,,,,,,,,,,,,,,,,,0.16659661581784585,,,,,,,
145,2,0.0,30.0,False,,,,0.05913735018439259,,,,,,,,,,,,,,,,,,,,,,,0.4386918244112871,,,,,,,
146,2,0.0,60.0,False,,,,0.03924820316549218,,,,,,,,,,,,,,,,,,,,,,,0.2775567259431675,,,,,,,
147,2,0.0,90.0,False,,,,10.98479659715856,,,,,,,,,,,,,,,,,,,,,,,49.29823796931714,,,,,,,
148,2,0.0,120.0,False,,,,0.08733579132119404,,,,,,,,,,,,,,,,,,,,,,,0.8611565033956452,,,,,,,
149,2,0.0,150.0,False,,,,0.0711429694518165,,,,,,,,,,,,,,,,,,,,,,,0.6123111484833021,,,,,,,
150,2,0.0,180.0,False,,,,0.059762187168068095,,,,,,,,,,,,,,,,,,,,,,,0.45008558054726305,,,,,,,
151,2,0.0,210.0,False,,,,0.029998321817501682,,,,,,,,,,,,,,,,,,,,,,,0.2368156400188027,,,,,,,
152,2,0.0,240.0,False,,,,0.07562211028430554,,,,,,,,,,,,,,,,,,,,,,,0.1594465811432565,,,,,,,
153,2,0.0,270.0,False,,,,0.04809177953365648,,,,,,,,,,,,,,,,,,,,,,,0.19842846715670445,,,,,,,
154,2,0.0,300.0,False,,,,0.057478641915735734,,,,,,,,,,,,,,,,,,,,,,,0.12297111202973797,,,,,,,
155,2,0.0,330.0,False,,,,0.01841838494019152,,,,,,,,,,,,,,,,,,,,,,,0.09124114332235808,,,,,,,
156,2,30.0,0.0,False,,,,0.018393399205772994,,,,,,,,,,,,,,,,,,,,,,,0.14383494355189602,,,,,,,
157,2,30.0,30.0,True,,,,0.03378012752009884,,,,,,,,,,,,,,,,,,,,,,,0.2821138046283369,,,,,,,
158,2,30.0,60.0,False,,,,0.051916226196189255,,,,,,,,,,,,,,,,,,,,,,,0.7790693666148891,,,,,,,
159,2,30.0,90.0,False,,,,50.471281678111524,,,,,,,,,,,,,,,,,,,,,,,335.7694089468179,,,,,,,
160,2,30.0,120.0,False,,,,0.0153860919556646,,,,,,,,,,,,,,,,,,,,,,,0.6750181997910709,,,,,,,
161,2,30.0,150.0,False,,,,0.03277431744789065,,,,,,,,,,,,,,,,,,,,,,,0.29526733728345783,,,,,,,
162,2,30.0,180.0,False,,,,0.0853277005388133,,,,,,,,,,,,,,,,,,,,,,,0.16757532925301827,,,,,,,
163,2,30.0,210.0,False,,,,0.1118706759759312,,,,,,,,,,,,,,,,,,,,,,,0.25541779589280045,,,,,,,
164,2,30.0,240.0,False,,,,0.0993832398568352,,,,,,,,,,,,,,,,,,,,,,,0.05110987530314904,,,,,,,
165,2,30.0,270.0,False,,,,0.1650122504513773,,,,,,,,,,,,,,,,,,,,,,,0.26493422033512926,,,,,,,
166,2,30.0,300.0,False,,,,0.0275080720733208,,,,,,,,,,,,,,,,,,,,,,,0.1483336700404758,,,,,,,
167,2,30.0,330.0,False,,,,0.023005594795019527,,,,,,,,,,,,,,,,,,,,,,,0.04923152821917639,,,,,,,
168,2,60.0,0.0,False,,,,0.05967427077385665,,,,,,,,,,,,,,,,,,,,,,,0.3620363928376179,,,,,,,
169,2,60.0,30.0,False,,,,0.025637201460841797,,,,,,,,,,,,,,,,,,,,,,,0.9851840361763993,,,,,,,
170,2,60.0,60.0,True,,,,0.027976657214177546,,,,,,,,,,,,,,,,,,,,,,,0.2797594729583703,,,,,,,
171,2,60.0,90.0,False,,,,0.019451507706267038,,,,,,,,,,,,,,,,,,,,,,,0.1744411523940832,,,,,,,
172,2,60.0,120.0,False,,,,0.013894820546769899,,,,,,,,,,,,,,,,,,,,,,,0.28771700974844594,,,,,,,
173,2,60.0,150.0,False,,,,0.041329223674587696,,,,,,,,,,,,,,,,,,,,,,,0.24772771479332223,,,,,,,
174,2,60.0,180.0,False,,,,0.08980916151736518,,,,,,,,,,,,,,,,,,,,,,,0.18242769688200142,,,,,,,
175,2,60.0,210.0,False,,,,0.1016792528073961,,,,,,,,,,,,,,,,,,,,,,,0.08581348096703692,,,,,,,
176,2,60.0,240.0,False,,,,0.08234280426409059,,,,,,,,,,,,,,,,,,,,,,,0.22934046309584172,,,,,,,
177,2,60.0,270.0,False,,,,0.03870573388901114,,,,,,,,,,,,,,,,,,,,,,,0.6516379171982729,,,,,,,
178,2,60.0,300.0,False,,,,0.045135046133649964,,,,,,,,,,,,,,,,,,,,,,,0.4360032950731757,,,,,,,
179,2,60.0,330.0,False,,,,0.03875416764545134,,,,,,,,,,,,,,,,,,,,,,,0.04644773122959886,,,,,,,
180,2,90.0,0.0,False,,,,0.03576747013829144,,,,,,,,,,,,,,,,,,,,,,,0.15103567905381482,,,,,,,
181,2,90.0,30.0,False,,,,3.5260935951921777,,,,,,,,,,,,,,,,,,,,,,,0.4124575600169442,,,,,,,
182,2,90.0,60.0,False,,,,15.327077512587161,,,,,,,,,,,,,,,,,,,,,,,27.75356551451084,,,,,,,
183,2,90.0,90.0,True,,,,0.006161623590597463,,,,,,,,,,,,,,,,,,,,,,,0.22592920589255175,,,,,,,
184,2,90.0,120.0,False,,,,0.011256814846729354,,,,,,,,,,,,,,,,,,,,,,,0.1426466589352186,,,,,,,
185,2,90.0,150.0,False,,,,0.03214153141515874,,,,,,,,,,,,,,,,,,,,,,,0.13462706743813185,,,,,,,
186,2,90.0,180.0,False,,,,0.040325395269048186,,,,,,,,,,,,,,,,,,,,,,,0.09622490389446767,,,,,,,
187,2,90.0,210.0,False,,,,0.09758299805459764,,,,,,,,,,,,,,,,,,,,,,,0.16957214742399535,,,,,,,
188,2,90.0,240.0,False,,,,0.025264907274084238,,,,,,,,,,,,,,,,,,,,,,,0.5195457223644606,,,,,,,
189,2,90.0,270.0,False,,,,0.06789231419110722,,,,,,,,,,,,,,,,,,,,,,,1.0309169656585713,,,,,,,
190,2,90.0,300.0,False,,,,0.06351319911610313,,,,,,,,,,,,,,,,,,,,,,,0.5876898863803957,,,,,,,
191,2,90.0,330.0,False,,,,0.140007551728059,,,,,,,,,,,,,,,,,,,,,,,0.06938199199526277,,,,,,,
192,2,120.0,0.0,False,,,,0.1559893663102117,,,,,,,,,,,,,,,,,,,,,,,0.7988527712080624,,,,,,,
193,2,120.0,30.0,False,,,,0.03356583945576233,,,,,,,,,,,,,,,,,,,,,,,1.1839366416042127,,,,,,,
194,2,120.0,60.0,False,,,,0.012100375614686968,,,,,,,,,,,,,,,,,,,,,,,0.7891272897127413,,,,,,,
195,2,120.0,90.0,False,,,,0.009597212253722008,,,,,,,,,,,,,,,,,,,,,,,0.368575980456461,,,,,,,
196,2,120.0,120.0,True,,,,0.017143063971307652,,,,,,,,,,,,,,,,,,,,,,,0.19574997493342733,,,,,,,
197,2,120.0,150.0,False,,,,0.015673905973689506,,,,,,,,,,,,,,,,,,,,,,,0.06208498142291171,,,,,,,
198,2,120.0,180.0,False,,,,0.030729780032637467,,,,,,,,,,,,,,,,,,,,,,,0.09029659859240872,,,,,,,
199,2,120.0,210.0,False,,,,0.05806608410815474,,,,,,,,,,,,,,,,,,,,,,,0.5249081307163358,,,,,,,
200,2,120.0,240.0,False,,,,0.024844507662008443,,,,,,,,,,,,,,,,,,,,,,,1.187732529889908,,,,,,,
201,2,120.0,270.0,False,,,,0.04625844431496539,,,,,,,,,,,,,,,,,,,,,,,2.459973643068717,,,,,,,
202,2,120.0,300.0,False,,,,0.0323916499745238,,,,,,,,,,,,,,,,,,,,,,,0.740632114431194,,,,,,,
203,2,120.0,330.0,False,,,,0.07170586612061391,,,,,,,,,,,,,,,,,,,,,,,0.410109243256937,,,,,,,
204,2,150.0,0.0,False,,,,0.041495415592100966,,,,,,,,,,,,,,,,,,,,,,,0.5059377984657158,,,,,,,
205,2,150.0,30.0,False,,,,0.05262580825921434,,,,,,,,,,,,,,,,,,,,,,,1.1288752361612007,,,,,,,
206,2,150.0,60.0,False,,,,0.05779581839216652,,,,,,,,,,,,,,,,,,,,,,,0.8115168590020085,,,,,,,
207,2,150.0,90.0,False,,,,0.02284963818491298,,,,,,,,,,,,,,,,,,,,,,,0.48965983263046964,,,,,,,
208,2,150.0,120.0,False,,,,0.01787714121195388,,,,,,,,,,,,,,,,,,,,,,,0.08781625412295505,,,,,,,
209,2,150.0,150.0,True,,,,0.014728127268097092,,,,,,,,,,,,,,,,,,,,,,,0.030865922802475663,,,,,,,
210,2,150.0,180.0,False,,,,0.039264400006042394,,,,,,,,,,,,,,,,,,,,,,,0.23224601455677735,,,,,,,
211,2,150.0,210.0,False,,,,0.04609358908517435,,,,,,,,,,,,,,,,,,,,,,,0.9346482879594521,,,,,,,
212,2,150.0,240.0,False,,,,0.0313261780830502,,,,,,,,,,,,,,,,,,,,,,,2.533662947146624,,,,,,,
213,2,150.0,270.0,False,,,,0.02276928270298751,,,,,,,,,,,,,,,,,,,,,,,2.991398214689082,,,,,,,
214,2,150.0,300.0,False,,,,0.051105974627591436,,,,,,,,,,,,,,,,,,,,,,,0.3890611402123839,,,,,,,
215,2,150.0,330.0,False,,,,0.05269932600064447,,,,,,,,,,,,,,,,,,,,,,,0.5255352733370903,,,,,,,
216,2,180.0,0.0,False,,,,0.13217798142046452,,,,,,,,,,,,,,,,,,,,,,,1.029163099370914,,,,,,,
217,2,180.0,30.0,False,,,,0.03761544404269142,,,,,,,,,,,,,,,,,,,,,,,1.0071358752152648,,,,,,,
218,2,180.0,60.0,False,,,,0.03480959326814498,,,,,,,,,,,,,,,,,,,,,,,0.23062479993767088,,,,,,,
219,2,180.0,90.0,False,,,,0.03077859347183079,,,,,,,,,,,,,,,,,,,,,,,0.12291679425214022,,,,,,,
220,2,180.0,120.0,False,,,,0.029869643183893936,,,,,,,,,,,,,,,,,,,,,,,0.06428029057688243,,,,,,,
221,2,180.0,150.0,False,,,,0.011798299492594568,,,,,,,,,,,,,,,,,,,,,,,0.013803647508059031,,,,,,,
222,2,180.0,180.0,True,,,,0.054854023754757994,,,,,,,,,,,,,,,,,,,,,,,0.5650403022516292,,,,,,,
223,2,180.0,210.0,False,,,,0.13178850819046745,,,,,,,,,,,,,,,,,,,,,,,1.813928848024407,,,,,,,
224,2,180.0,240.0,False,,,,0.0359585066055391,,,,,,,,,,,,,,,,,,,,,,,2.409726581042388,,,,,,,
225,2,180.0,270.0,False,,,,0.07546352384823032,,,,,,,,,,,,,,,,,,,,,,,1.419963251374542,,,,,,,
226,2,180.0,300.0,False,,,,0.06872073253330357,,,,,,,,,,,,,,,,,,,,,,,0.16142139399745029,,,,,,,
227,2,180.0,330.0,False,,,,0.07204166674131093,,,,,,,,,,,,,,,,,,,,,,,0.6248326074089978,,,,,,,
228,2,210.0,0.0,False,,,,0.10594163040476036,,,,,,,,,,,,,,,,,,,,,,,0.20155059013915777,,,,,,,
229,2,210.0,30.0,False,,,,0.07934284413149054,,,,,,,,,,,,,,,,,,,,,,,0.2515716433063215,,,,,,,
230,2,210.0,60.0,False,,,,0.08500373510867519,,,,,,,,,,,,,,,,,,,,,,,0.2907714541288961,,,,,,,
231,2,210.0,90.0,False,,,,0.06044078957853174,,,,,,,,,,,,,,,,,,,,,,,0.19635625565988196,,,,,,,
232,2,210.0,120.0,False,,,,0.03053972622503099,,,,,,,,,,,,,,,,,,,,,,,0.22961857372684502,,,,,,,
233,2,210.0,150.0,False,,,,0.006726439594853348,,,,,,,,,,,,,,,,,,,,,,,0.03285340792999951,,,,,,,
234,2,210.0,180.0,False,,,,0.13284433133273982,,,,,,,,,,,,,,,,,,,,,,,1.1893434251678372,,,,,,,
235,2,210.0,210.0,True,,,,0.12262084542723044,,,,,,,,,,,,,,,,,,,,,,,1.6259330096756344,,,,,,,
236,2,210.0,240.0,False,,,,0.09619583374460089,,,,,,,,,,,,,,,,,,,,,,,1.0736929107554818,,,,,,,
237,2,210.0,270.0,False,,,,0.057348612025587144,,,,,,,,,,,,,,,,,,,,,,,0.20714682318336003,,,,,,,
238,2,210.0,300.0,False,,,,0.09805795108001508,,,,,,,,,,,,,,,,,,,,,,,0.1215017342580657,,,,,,,
239,2,210.0,330.0,False,,,,0.052475309834964415,,,,,,,,,,,,,,,,,,,,,,,0.29663350571130576,,,,,,,
240,2,240.0,0.0,False,,,,0.2104357814443651,,,,,,,,,,,,,,,,,,,,,,,0.38928051310632855,,,,,,,
241,2,240.0,30.0,False,,,,0.07823893761979878,,,,,,,,,,,,,,,,,,,,,,,0.08148795098733222,,,,,,,
242,2,240.0,60.0,False,,,,0.034765964158257404,,,,,,,,,,,,,,,,,,,,,,,0.39232663434481024,,,,,,,
243,2,240.0,90.0,False,,,,0.05214296263894461,,,,,,,,,,,,,,,,,,,,,,,0.510483614014667,,,,,,,
244,2,240.0,120.0,False,,,,0.02217947747622688,,,,,,,,,,,,,,,,,,,,,,,0.1854627681205062,,,,,,,
245,2,240.0,150.0,False,,,,0.023223912539524355,,,,,,,,,,,,,,,,,,,,,,,0.19939482934980096,,,,,,,
246,2,240.0,180.0,False,,,,0.07290441834791189,,,,,,,,,,,,,,,,,,,,,,,1.7162786317804,,,,,,,
247,2,240.0,210.0,False,,,,0.02709135587599003,,,,,,,,,,,,,,,,,,,,,,,0.4055496334790846,,,,,,,
248,2,240.0,240.0,True,,,,0.03278025334261629,,,,,,,,,,,,,,,,,,,,,,,0.7604147152624232,,,,,,,
249,2,240.0,270.0,False,,,,0.046004700036567876,,,,,,,,,,,,,,,,,,,,,,,0.454882218798488,,,,,,,
250,2,240.0,300.0,False,,,,0.08671256745921946,,,,,,,,,,,,,,,,,,,,,,,0.1263471989458632,,,,,,,
251,2,240.0,330.0,False,,,,0.06529118611348853,,,,,,,,,,,,,,,,,,,,,,,0.22559116059583312,,,,,,,
252,2,270.0,0.0,False,,,,0.03732281443187826,,,,,,,,,,,,,,,,,,,,,,,0.09031425087551834,,,,,,,
253,2,270.0,30.0,False,,,,0.08415198134261137,,,,,,,,,,,,,,,,,,,,,,,0.15279131245504488,,,,,,,
254,2,270.0,60.0,False,,,,0.12749958945652123,,,,,,,,,,,,,,,,,,,,,,,0.38972876710375187,,,,,,,
255,2,270.0,90.0,False,,,,0.05060485001036971,,,,,,,,,,,,,,,,,,,,,,,0.2996289165337833,,,,,,,
256,2,270.0,120.0,False,,,,0.07707313412406633,,,,,,,,,,,,,,,,,,,,,,,0.19128389866458986,,,,,,,
257,2,270.0,150.0,False,,,,0.04615618688546465,,,,,,,,,,,,,,,,,,,,,,,0.6074980357493527,,,,,,,
258,2,270.0,180.0,False,,,,0.06399182006213591,,,,,,,,,,,,,,,,,,,,,,,0.30111970097657764,,,,,,,
259,2,270.0,210.0,False,,,,0.05757792316421968,,,,,,,,,,,,,,,,,,,,,,,0.5859686712932134,,,,,,,
260,2,270.0,240.0,False,,,,0.054498526519752816,,,,,,,,,,,,,,,,,,,,,,,0.7363672373033823,,,,,,,
261,2,270.0,270.0,True,,,,0.052835106361275544,,,,,,,,,,,,,,,,,,,,,,,0.38192098770584154,,,,,,,
262,2,270.0,300.0,False,,,,0.03961993587874351,,,,,,,,,,,,,,,,,,,,,,,0.09654169383426081,,,,,,,
263,2,270.0,330.0,False,,,,0.048265877411017594,,,,,,,,,,,,,,,,,,,,,,,0.14970325406205354,,,,,,,
264,2,300.0,0.0,False,,,,128.17310364999702,,,,,,,,,,,,,,,,,,,,,,,124.49513843819722,,,,,,,
265,2,300.0,30.0,False,,,,0.025630628235716678,,,,,,,,,,,,,,,,,,,,,,,0.1170166327728569,,,,,,,
266,2,300.0,60.0,False,,,,0.06261792356524756,,,,,,,,,,,,,,,,,,,,,,,0.16368937424727456,,,,,,,
267,2,300.0,90.0,False,,,,0.029597951908989714,,,,,,,,,,,,,,,,,,,,,,,0.22589978545555103,,,,,,,
268,2,300.0,120.0,False,,,,0.027830561157227283,,,,,,,,,,,,,,,,,,,,,,,0.4598920911589892,,,,,,,
269,2,300.0,150.0,False,,,,0.03293590198228771,,,,,,,,,,,,,,,,,,,,,,,0.08484309783944878,,,,,,,
270,2,300.0,180.0,False,,,,0.146984606478173,,,,,,,,,,,,,,,,,,,,,,,0.17409319169257756,,,,,,,
271,2,300.0,210.0,False,,,,0.08498972891331091,,,,,,,,,,,,,,,,,,,,,,,0.07032693249387705,,,,,,,
272,2,300.0,240.0,False,,,,0.07524128329888526,,,,,,,,,,,,,,,,,,,,,,,0.13655972357361368,,,,,,,
273,2,300.0,270.0,False,,,,0.02315098739100091,,,,,,,,,,,,,,,,,,,,,,,0.19422961561544755,,,,,,,
274,2,300.0,300.0,True,,,,0.03345228970896506,,,,,,,,,,,,,,,,,,,,,,,0.2505388381096605,,,,,,,
275,2,300.0,330.0,False,,,,0.02482961008976661,,,,,,,,,,,,,,,,,,,,,,,0.21857233135197685,,,,,,,
276,2,330.0,0.0,False,,,,0.01635959801765295,,,,,,,,,,,,,,,,,,,,,,,0.3015507205931754,,,,,,,
277,2,330.0,30.0,False,,,,0.022433974465693018,,,,,,,,,,,,,,,,,,,,,,,0.26325432273118476,,,,,,,
278,2,330.0,60.0,False,,,,0.09569756615666998,,,,,,,,,,,,,,,,,,,,,,,0.4015449044721882,,,,,,,
279,2,330.0,90.0,False,,,,0.09575605209589005,,,,,,,,,,,,,,,,,,,,,,,1.4789031145081522,,,,,,,
280,2,330.0,120.0,False,,,,0.06621033965636948,,,,,,,,,,,,,,,,,,,,,,,0.5831524444693796,,,,,,,
281,2,330.0,150.0,False,,,,0.25322302672545755,,,,,,,,,,,,,,,,,,,,,,,0.6381126912818829,,,,,,,
282,2,330.0,180.0,False,,,,0.06683051594684467,,,,,,,,,,,,,,,,,,,,,,,0.6690253216445667,,,,,,,
283,2,330.0,210.0,False,,,,0.16390061600828132,,,,,,,,,,,,,,,,,,,,,,,0.3661156643905803,,,,,,,
284,2,330.0,240.0,False,,,,0.06549811180354155,,,,,,,,,,,,,,,,,,,,,,,0.07954146556871093,,,,,,,
285,2,330.0,270.0,False,,,,0.022120537849169633,,,,,,,,,,,,,,,,,,,,,,,0.23373737324200006,,,,,,,
286,2,330.0,300.0,False,,,,0.03407027169785023,,,,,,,,,,,,,,,,,,,,,,,0.12413022746747432,,,,,,,
287,2,330.0,330.0,True,,,,0.033146239431688505,,,,,,,,,,,,,,,,,,,,,,,0.2607329175474796,,,,,,,
0,1,0.0,0.0,True,,,,0.024375564988195535,,,,,,,,,,,,,,,,,,,,,,,,9.826003250616381,,,,,,
1,1,0.0,30.0,False,,,,0.043704857552610894,,,,,,,,,,,,,,,,,,,,,,,,3.04934137899785,,,,,,
2,1,0.0,60.0,False,,,,0.04554063519591385,,,,,,,,,,,,,,,,,,,,,,,,0.875430210899756,,,,,,
3,1,0.0,90.0,False,,,,0.04361162006531569,,,,,,,,,,,,,,,,,,,,,,,,0.44369094065771264,,,,,,
4,1,0.0,120.0,False,,,,0.028932802501890648,,,,,,,,,,,,,,,,,,,,,,,,0.22406079039505408,,,,,,
5,1,0.0,150.0,False,,,,0.04523230928956783,,,,,,,,,,,,,,,,,,,,,,,,0.34145554690813507,,,,,,
6,1,0.0,180.0,False,,,,0.07065255749668098,,,,,,,,,,,,,,,,,,,,,,,,0.48049118333275825,,,,,,
7,1,0.0,210.0,False,,,,0.06870307327321429,,,,,,,,,,,,,,,,,,,,,,,,0.5697793229154213,,,,,,
8,1,0.0,240.0,False,,,,0.06084941523545307,,,,,,,,,,,,,,,,,,,,,,,,0.5663602161611572,,,,,,
9,1,0.0,270.0,False,,,,0.23000995341124653,,,,,,,,,,,,,,,,,,,,,,,,0.27970863692721537,,,,,,
10,1,0.0,300.0,False,,,,0.0838263636316646,,,,,,,,,,,,,,,,,,,,,,,,0.27064526763010877,,,,,,
11,1,0.0,330.0,False,,,,0.02775490272189258,,,,,,,,,,,,,,,,,,,,,,,,0.9720369504702461,,,,,,
12,1,30.0,0.0,False,,,,0.050871524820869214,,,,,,,,,,,,,,,,,,,,,,,,0.9199228280224413,,,,,,
13,1,30.0,30.0,True,,,,0.05379387884431598,,,,,,,,,,,,,,,,,,,,,,,,0.5956777463013702,,,,,,
14,1,30.0,60.0,False,,,,0.04128456259867469,,,,,,,,,,,,,,,,,,,,,,,,0.5971030528013986,,,,,,
15,1,30.0,90.0,False,,,,0.10358634629411431,,,,,,,,,,,,,,,,,,,,,,,,0.30884116764806363,,,,,,
16,1,30.0,120.0,False,,,,0.11993342359241645,,,,,,,,,,,,,,,,,,,,,,,,0.7514443348961094,,,,,,
17,1,30.0,150.0,False,,,,0.09243360200558298,,,,,,,,,,,,,,,,,,,,,,,,0.47364449825583116,,,,,,
18,1,30.0,180.0,False,,,,0.042431456735086415,,,,,,,,,,,,,,,,,,,,,,,,0.23329885066809203,,,,,,
19,1,30.0,210.0,False,,,,0.056862941301586575,,,,,,,,,,,,,,,,,,,,,,,,0.19161306947176224,,,,,,
20,1,30.0,240.0,False,,,,0.05641199436116752,,,,,,,,,,,,,,,,,,,,,,,,0.23969970738149887,,,,,,
21,1,30.0,270.0,False,,,,0.05059308909422939,,,,,,,,,,,,,,,,,,,,,,,,0.170982779390414,,,,,,
22,1,30.0,300.0,False,,,,0.0226777785384183,,,,,,,,,,,,,,,,,,,,,,,,0.19370597817364424,,,,,,
23,1,30.0,330.0,False,,,,0.033838660569014356,,,,,,,,,,,,,,,,,,,,,,,,0.4366558773820248,,,,,,
24,1,60.0,0.0,False,,,,0.04891866761383085,,,,,,,,,,,,,,,,,,,,,,,,0.3343284899286313,,,,,,
25,1,60.0,30.0,False,,,,0.05190003665379144,,,,,,,,,,,,,,,,,,,,,,,,0.3413340957970921,,,,,,
26,1,60.0,60.0,True,,,,0.07479623554553456,,,,,,,,,,,,,,,,,,,,,,,,0.3785711717688008,,,,,,
27,1,60.0,90.0,False,,,,0.14210709728307058,,,,,,,,,,,,,,,,,,,,,,,,0.7033827997394043,,,,,,
28,1,60.0,120.0,False,,,,0.0556598518320196,,,,,,,,,,,,,,,,,,,,,,,,0.61565814051439,,,,,,
29,1,60.0,150.0,False,,,,0.07870842441472478,,,,,,,,,,,,,,,,,,,,,,,,0.42385639729252383,,,,,,
30,1,60.0,180.0,False,,,,0.031166211791523728,,,,,,,,,,,,,,,,,,,,,,,,0.44697226416842495,,,,,,
31,1,60.0,210.0,False,,,,0.052015600213043585,,,,,,,,,,,,,,,,,,,,,,,,0.20625820500655428,,,,,,
32,1,60.0,240.0,False,,,,0.05817355797848767,,,,,,,,,,,,,,,,,,,,,,,,0.33999165294086475,,,,,,
33,1,60.0,270.0,False,,,,0.09532775017403522,,,,,,,,,,,,,,,,,,,,,,,,0.29605692788412447,,,,,,
34,1,60.0,300.0,False,,,,0.07790825844358952,,,,,,,,,,,,,,,,,,,,,,,,0.15732210027912422,,,,,,
35,1,60.0,330.0,False,,,,0.12447854202388474,,,,,,,,,,,,,,,,,,,,,,,,0.17574650668639732,,,,,,
36,1,90.0,0.0,False,,,,0.06035772434016233,,,,,,,,,,,,,,,,,,,,,,,,0.5771135497025836,,,,,,
37,1,90.0,30.0,False,,,,0.03721559620447081,,,,,,,,,,,,,,,,,,,,,,,,0.23061358461137976,,,,,,
38,1,90.0,60.0,False,,,,0.07636404437348418,,,,,,,,,,,,,,,,,,,,,,,,0.18959824123947794,,,,,,
39,1,90.0,90.0,True,,,,0.03932202595776016,,,,,,,,,,,,,,,,,,,,,,,,0.4161622278916482,,,,,,
40,1,90.0,120.0,False,,,,0.09310692792499176,,,,,,,,,,,,,,,,,,,,,,,,0.21467696529607933,,,,,,
41,1,90.0,150.0,False,,,,0.08651894150139709,,,,,,,,,,,,,,,,,,,,,,,,0.24650405912995244,,,,,,
42,1,90.0,180.0,False,,,,0.07518428964125737,,,,,,,,,,,,,,,,,,,,,,,,0.27015974508639706,,,,,,
43,1,90.0,210.0,False,,,,0.086985393550677,,,,,,,,,,,,,,,,,,,,,,,,0.3029110498083112,,,,,,
44,1,90.0,240.0,False,,,,0.06296314167811665,,,,,,,,,,,,,,,,,,,,,,,,0.26517251504238426,,,,,,
45,1,90.0,270.0,False,,,,0.06450811514788071,,,,,,,,,,,,,,,,,,,,,,,,0.6200031099191996,,,,,,
46,1,90.0,300.0,False,,,,0.1471770916075794,,,,,,,,,,,,,,,,,,,,,,,,0.3436372791169628,,,,,,
47,1,90.0,330.0,False,,,,0.0479825255094182,,,,,,,,,,,,,,,,,,,,,,,,0.5988203895105281,,,,,,
48,1,120.0,0.0,False,,,,0.032340695728876774,,,,,,,,,,,,,,,,,,,,,,,,0.18183625569328016,,,,,,
49,1,120.0,30.0,False,,,,0.015936514287834824,,,,,,,,,,,,,,,,,,,,,,,,0.23681873311023266,,,,,,
50,1,120.0,60.0,False,,,,0.0402529262150092,,,,,,,,,,,,,,,,,,,,,,,,0.18629338262741912,,,,,,
51,1,120.0,90.0,False,,,,0.038671829822376505,,,,,,,,,,,,,,,,,,,,,,,,0.15351333654564578,,,,,,
52,1,120.0,120.0,True,,,,0.02646344206433076,,,,,,,,,,,,,,,,,,,,,,,,0.16780429157309343,,,,,,
53,1,120.0,150.0,False,,,,0.030865609042824028,,,,,,,,,,,,,,,,,,,,,,,,0.19950023740154985,,,,,,
54,1,120.0,180.0,False,,,,0.03885325297561024,,,,,,,,,,,,,,,,,,,,,,,,0.14874924345371415,,,,,,
55,1,120.0,210.0,False,,,,0.03504588668866317,,,,,,,,,,,,,,,,,,,,,,,,0.35011504721375475,,,,,,
56,1,120.0,240.0,False,,,,0.06334412154147089,,,,,,,,,,,,,,,,,,,,,,,,0.5325026856667854,,,,,,
57,1,120.0,270.0,False,,,,0.09947886011166536,,,,,,,,,,,,,,,,,,,,,,,,0.5115968908862354,,,,,,
58,1,120.0,300.0,False,,,,0.03875609097028268,,,,,,,,,,,,,,,,,,,,,,,,0.23206145446283666,,,,,,
59,1,120.0,330.0,False,,,,0.09459216829053597,,,,,,,,,,,,,,,,,,,,,,,,0.41617813097284073,,,,,,
60,1,150.0,0.0,False,,,,0.03341327192157474,,,,,,,,,,,,,,,,,,,,,,,,0.2351893598214827,,,,,,
61,1,150.0,30.0,False,,,,0.029082988065745493,,,,,,,,,,,,,,,,,,,,,,,,0.08077311622205419,,,,,,
62,1,150.0,60.0,False,,,,0.05160159261885193,,,,,,,,,,,,,,,,,,,,,,,,0.12883050857426323,,,,,,
63,1,150.0,90.0,False,,,,0.04682499116563932,,,,,,,,,,,,,,,,,,,,,,,,0.08922864721913364,,,,,,
64,1,150.0,120.0,False,,,,0.06805462531825421,,,,,,,,,,,,,,,,,,,,,,,,0.21638474062198704,,,,,,
65,1,150.0,150.0,True,,,,0.04332040709415409,,,,,,,,,,,,,,,,,,,,,,,,0.30423129174202906,,,,,,
66,1,150.0,180.0,False,,,,0.045257131423996885,,,,,,,,,,,,,,,,,,,,,,,,0.19700449275623383,,,,,,
67,1,150.0,210.0,False,,,,0.052007603848950014,,,,,,,,,,,,,,,,,,,,,,,,0.23938723515813487,,,,,,
68,1,150.0,240.0,False,,,,0.07110653911904326,,,,,,,,,,,,,,,,,,,,,,,,0.611313554420295,,,,,,
69,1,150.0,270.0,False,,,,0.10371935397561924,,,,,,,,,,,,,,,,,,,,,,,,0.24763479714303394,,,,,,
70,1,150.0,300.0,False,,,,0.024217042080205975,,,,,,,,,,,,,,,,,,,,,,,,1.017044041039942,,,,,,
71,1,150.0,330.0,False,,,,0.05350681611009036,,,,,,,,,,,,,,,,,,,,,,,,0.43481341114576666,,,,,,
72,1,180.0,0.0,False,,,,0.0836861902649108,,,,,,,,,,,,,,,,,,,,,,,,0.23755751394494246,,,,,,
73,1,180.0,30.0,False,,,,0.03867525802433584,,,,,,,,,,,,,,,,,,,,,,,,0.11947000182330239,,,,,,
74,1,180.0,60.0,False,,,,0.0484274810634633,,,,,,,,,,,,,,,,,,,,,,,,0.10282180874298455,,,,,,
75,1,180.0,90.0,False,,,,0.05060584209091927,,,,,,,,,,,,,,,,,,,,,,,,0.15968381723501138,,,,,,
76,1,180.0,120.0,False,,,,0.029275838349678267,,,,,,,,,,,,,,,,,,,,,,,,0.16481000032973858,,,,,,
77,1,180.0,150.0,False,,,,0.023431105772218703,,,,,,,,,,,,,,,,,,,,,,,,0.26499324646190253,,,,,,
78,1,180.0,180.0,True,,,,0.05226444172814197,,,,,,,,,,,,,,,,,,,,,,,,0.22099944030728869,,,,,,
79,1,180.0,210.0,False,,,,0.06518031535685972,,,,,,,,,,,,,,,,,,,,,,,,0.28379884941774786,,,,,,
80,1,180.0,240.0,False,,,,0.02970868465843473,,,,,,,,,,,,,,,,,,,,,,,,0.19932272221455816,,,,,,
81,1,180.0,270.0,False,,,,0.13620269794745393,,,,,,,,,,,,,,,,,,,,,,,,0.3048308947227843,,,,,,
82,1,180.0,300.0,False,,,,0.08051833913236309,,,,,,,,,,,,,,,,,,,,,,,,0.5838754397648134,,,,,,
83,1,180.0,330.0,False,,,,0.10533985357716123,,,,,,,,,,,,,,,,,,,,,,,,0.1433598039165478,,,,,,
84,1,210.0,0.0,False,,,,0.058609184237104664,,,,,,,,,,,,,,,,,,,,,,,,0.40030617586338674,,,,,,
85,1,210.0,30.0,False,,,,0.09375004291954536,,,,,,,,,,,,,,,,,,,,,,,,0.27715425278314143,,,,,,
86,1,210.0,60.0,False,,,,0.049089471748703685,,,,,,,,,,,,,,,,,,,,,,,,0.3767306820818833,,,,,,
87,1,210.0,90.0,False,,,,0.03497943287146785,,,,,,,,,,,,,,,,,,,,,,,,0.4280727612056128,,,,,,
88,1,210.0,120.0,False,,,,0.0751609832457877,,,,,,,,,,,,,,,,,,,,,,,,0.14484784137590798,,,,,,
89,1,210.0,150.0,False,,,,0.057812791703559206,,,,,,,,,,,,,,,,,,,,,,,,0.10863498806196008,,,,,,
90,1,210.0,180.0,False,,,,0.04675690319258098,,,,,,,,,,,,,,,,,,,,,,,,0.2143758893326458,,,,,,
91,1,210.0,210.0,True,,,,0.08912282299504133,,,,,,,,,,,,,,,,,,,,,,,,0.18914491771917674,,,,,,
92,1,210.0,240.0,False,,,,0.028707353502440133,,,,,,,,,,,,,,,,,,,,,,,,0.3471612415662442,,,,,,
93,1,210.0,270.0,False,,,,0.04214533386911716,,,,,,,,,,,,,,,,,,,,,,,,0.5801705443548868,,,,,,
94,1,210.0,300.0,False,,,,0.03792229971265898,,,,,,,,,,,,,,,,,,,,,,,,0.5379407082043886,,,,,,
95,1,210.0,330.0,False,,,,0.08428874016013362,,,,,,,,,,,,,,,,,,,,,,,,0.5050121610725435,,,,,,
96,1,240.0,0.0,False,,,,0.04054093448503877,,,,,,,,,,,,,,,,,,,,,,,,0.4257041931032278,,,,,,
97,1,240.0,30.0,False,,,,0.04860162498905066,,,,,,,,,,,,,,,,,,,,,,,,0.2629235811014592,,,,,,
98,1,240.0,60.0,False,,,,0.07517119045690433,,,,,,,,,,,,,,,,,,,,,,,,0.12966699590866243,,,,,,
99,1,240.0,90.0,False,,,,0.034988920359574585,,,,,,,,,,,,,,,,,,,,,,,,0.21705359973300042,,,,,,
100,1,240.0,120.0,False,,,,0.03666568804811974,,,,,,,,,,,,,,,,,,,,,,,,0.20443447261972644,,,,,,
101,1,240.0,150.0,False,,,,0.031453268282431765,,,,,,,,,,,,,,,,,,,,,,,,0.16734181643616497,,,,,,
102,1,240.0,180.0,False,,,,0.034498076537566,,,,,,,,,,,,,,,,,,,,,,,,0.23709845827992942,,,,,,
103,1,240.0,210.0,False,,,,0.04385329347691366,,,,,,,,,,,,,,,,,,,,,,,,0.3247413721001785,,,,,,
104,1,240.0,240.0,True,,,,0.03780364288843167,,,,,,,,,,,,,,,,,,,,,,,,0.500619205034267,,,,,,
105,1,240.0,270.0,False,,,,0.06358102822948603,,,,,,,,,,,,,,,,,,,,,,,,0.5467903064655806,,,,,,
106,1,240.0,300.0,False,,,,0.07717592276071175,,,,,,,,,,,,,,,,,,,,,,,,0.31586116907475237,,,,,,
107,1,240.0,330.0,False,,,,0.08403272704514592,,,,,,,,,,,,,,,,,,,,,,,,0.4104620465751341,,,,,,
108,1,270.0,0.0,False,,,,0.07871696647690507,,,,,,,,,,,,,,,,,,,,,,,,0.4082395501442706,,,,,,
109,1,270.0,30.0,False,,,,0.09922506281663332,,,,,,,,,,,,,,,,,,,,,,,,0.2299440282060371,,,,,,
110,1,270.0,60.0,False,,,,0.08930409419701983,,,,,,,,,,,,,,,,,,,,,,,,0.18563725169817355,,,,,,
111,1,270.0,90.0,False,,,,0.13170250611387357,,,,,,,,,,,,,,,,,,,,,,,,0.13262464573319843,,,,,,
112,1,270.0,120.0,False,,,,0.05171108974494653,,,,,,,,,,,,,,,,,,,,,,,,0.13295120948844616,,,,,,
113,1,270.0,150.0,False,,,,0.046319982162399326,,,,,,,,,,,,,,,,,,,,,,,,0.44293408967984105,,,,,,
114,1,270.0,180.0,False,,,,0.020243597720000894,,,,,,,,,,,,,,,,,,,,,,,,0.12834298901011743,,,,,,
115,1,270.0,210.0,False,,,,0.04403853737462944,,,,,,,,,,,,,,,,,,,,,,,,0.29451138600713844,,,,,,
116,1,270.0,240.0,False,,,,0.037057076456619764,,,,,,,,,,,,,,,,,,,,,,,,0.401541722040187,,,,,,
117,1,270.0,270.0,True,,,,0.06015023925751066,,,,,,,,,,,,,,,,,,,,,,,,0.5304498466397297,,,,,,
118,1,270.0,300.0,False,,,,0.014909325721003074,,,,,,,,,,,,,,,,,,,,,,,,0.21988246327096292,,,,,,
119,1,270.0,330.0,False,,,,0.027418882814511467,,,,,,,,,,,,,,,,,,,,,,,,0.23797437108702846,,,,,,
120,1,300.0,0.0,False,,,,0.017507305705681993,,,,,,,,,,,,,,,,,,,,,,,,0.2639146841448798,,,,,,
121,1,300.0,30.0,False,,,,0.04010550421869959,,,,,,,,,,,,,,,,,,,,,,,,0.15390771521326302,,,,,,
122,1,300.0,60.0,False,,,,0.08361878908142627,,,,,,,,,,,,,,,,,,,,,,,,0.24383965917991735,,,,,,
123,1,300.0,90.0,False,,,,0.03887343278007149,,,,,,,,,,,,,,,,,,,,,,,,0.20070651607438939,,,,,,
124,1,300.0,120.0,False,,,,0.16061020104287727,,,,,,,,,,,,,,,,,,,,,,,,0.2560032913436707,,,,,,
125,1,300.0,150.0,False,,,,0.09368258452809494,,,,,,,,,,,,,,,,,,,,,,,,0.20731968466659723,,,,,,
126,1,300.0,180.0,False,,,,0.030882539979442528,,,,,,,,,,,,,,,,,,,,,,,,0.172798618923919,,,,,,
127,1,300.0,210.0,False,,,,0.031463393537726043,,,,,,,,,,,,,,,,,,,,,,,,0.19444263680654728,,,,,,
128,1,300.0,240.0,False,,,,0.0235922917530395,,,,,,,,,,,,,,,,,,,,,,,,0.3898333965627393,,,,,,
129,1,300.0,270.0,False,,,,0.02403058107361953,,,,,,,,,,,,,,,,,,,,,,,,0.18421029224801,,,,,,
130,1,300.0,300.0,True,,,,0.009037539106092403,,,,,,,,,,,,,,,,,,,,,,,,0.1545780306645257,,,,,,
131,1,300.0,330.0,False,,,,0.021646628492027642,,,,,,,,,,,,,,,,,,,,,,,,0.3699443112864168,,,,,,
132,1,330.0,0.0,False,,,,0.05181908371212611,,,,,,,,,,,,,,,,,,,,,,,,2.2787807934420106,,,,,,
133,1,330.0,30.0,False,,,,0.021726620163134383,,,,,,,,,,,,,,,,,,,,,,,,0.4987342464139304,,,,,,
134,1,330.0,60.0,False,,,,0.03257485593559364,,,,,,,,,,,,,,,,,,,,,,,,0.3192986393264414,,,,,,
135,1,330.0,90.0,False,,,,0.039648732585186364,,,,,,,,,,,,,,,,,,,,,,,,0.3815832788654785,,,,,,
136,1,330.0,120.0,False,,,,0.022267071153522285,,,,,,,,,,,,,,,,,,,,,,,,0.4045232830086398,,,,,,
137,1,330.0,150.0,False,,,,0.03461775300085394,,,,,,,,,,,,,,,,,,,,,,,,0.272663981571995,,,,,,
138,1,330.0,180.0,False,,,,0.11078245650128632,,,,,,,,,,,,,,,,,,,,,,,,0.18060950281736976,,,,,,
139,1,330.0,210.0,False,,,,0.03414910583406761,,,,,,,,,,,,,,,,,,,,,,,,0.21673824985296147,,,,,,
140,1,330.0,240.0,False,,,,0.022484264007582248,,,,,,,,,,,,,,,,,,,,,,,,0.358524623603802,,,,,,
141,1,330.0,270.0,False,,,,0.014238062039687471,,,,,,,,,,,,,,,,,,,,,,,,0.27727758732117863,,,,,,
142,1,330.0,300.0,False,,,,0.03132096484421916,,,,,,,,,,,,,,,,,,,,,,,,0.4266053423232674,,,,,,
143,1,330.0,330.0,True,,,,0.029327536855768506,,,,,,,,,,,,,,,,,,,,,,,,0.5342283084229023,,,,,,
144,2,0.0,0.0,True,,,,403.34214282710695,,,,,,,,,,,,,,,,,,,,,,,,553.0502126254414,,,,,,
145,2,0.0,30.0,False,,,,37.2955386722772,,,,,,,,,,,,,,,,,,,,,,,,64.73854820776057,,,,,,
146,2,0.0,60.0,False,,,,0.03944380562068096,,,,,,,,,,,,,,,,,,,,,,,,0.34153731160893563,,,,,,
147,2,0.0,90.0,False,,,,0.11205482853042459,,,,,,,,,,,,,,,,,,,,,,,,0.2597812630459614,,,,,,
148,2,0.0,120.0,False,,,,0.04126929992862645,,,,,,,,,,,,,,,,,,,,,,,,0.20991557750731096,,,,,,
149,2,0.0,150.0,False,,,,0.0336279647332431,,,,,,,,,,,,,,,,,,,,,,,,0.1695171021414183,,,,,,
150,2,0.0,180.0,False,,,,0.13484192577860518,,,,,,,,,,,,,,,,,,,,,,,,0.31390527937444895,,,,,,
151,2,0.0,210.0,False,,,,0.06905561407543587,,,,,,,,,,,,,,,,,,,,,,,,0.16247541091252193,,,,,,
152,2,0.0,240.0,False,,,,0.11407657576148561,,,,,,,,,,,,,,,,,,,,,,,,0.32533241635657595,,,,,,
153,2,0.0,270.0,False,,,,0.07193534537529911,,,,,,,,,,,,,,,,,,,,,,,,0.3831777139797279,,,,,,
154,2,0.0,300.0,False,,,,57.77974050008112,,,,,,,,,,,,,,,,,,,,,,,,34.65386022509622,,,,,,
155,2,0.0,330.0,False,,,,330.88604923868957,,,,,,,,,,,,,,,,,,,,,,,,602.4605113891178,,,,,,
156,2,30.0,0.0,False,,,,14.195454527379102,,,,,,,,,,,,,,,,,,,,,,,,35.02507562809779,,,,,,
157,2,30.0,30.0,True,,,,0.05898814289063224,,,,,,,,,,,,,,,,,,,,,,,,0.34419319813740756,,,,,,
158,2,30.0,60.0,False,,,,0.07298369505230068,,,,,,,,,,,,,,,,,,,,,,,,0.37430653842948186,,,,,,
159,2,30.0,90.0,False,,,,0.027359353814267136,,,,,,,,,,,,,,,,,,,,,,,,0.14776574977986645,,,,,,
160,2,30.0,120.0,False,,,,0.045089500017122974,,,,,,,,,,,,,,,,,,,,,,,,0.20051273895658955,,,,,,
161,2,30.0,150.0,False,,,,0.04790342029246687,,,,,,,,,,,,,,,,,,,,,,,,0.17514994344360424,,,,,,
162,2,30.0,180.0,False,,,,0.03260341102957108,,,,,,,,,,,,,,,,,,,,,,,,0.20082460987217077,,,,,,
163,2,30.0,210.0,False,,,,0.05985260267403988,,,,,,,,,,,,,,,,,,,,,,,,0.12424218329967639,,,,,,
164,2,30.0,240.0,False,,,,0.15289819117055242,,,,,,,,,,,,,,,,,,,,,,,,0.18252703859984215,,,,,,
165,2,30.0,270.0,False,,,,0.0328666558502179,,,,,,,,,,,,,,,,,,,,,,,,0.2261812908076627,,,,,,
166,2,30.0,300.0,False,,,,29.031119283194684,,,,,,,,,,,,,,,,,,,,,,,,26.52266939184722,,,,,,
167,2,30.0,330.0,False,,,,41.80205606184157,,,,,,,,,,,,,,,,,,,,,,,,17.335320678072897,,,,,,
168,2,60.0,0.0,False,,,,0.05476987251618114,,,,,,,,,,,,,,,,,,,,,,,,0.3041635801650833,,,,,,
169,2,60.0,30.0,False,,,,0.08967130801191606,,,,,,,,,,,,,,,,,,,,,,,,0.4965861530763489,,,,,,
170,2,60.0,60.0,True,,,,0.04562557956037941,,,,,,,,,,,,,,,,,,,,,,,,0.34220733801696024,,,,,,
171,2,60.0,90.0,False,,,,0.06334649425169661,,,,,,,,,,,,,,,,,,,,,,,,0.18717483624487197,,,,,,
172,2,60.0,120.0,False,,,,0.052288691605398896,,,,,,,,,,,,,,,,,,,,,,,,0.5855280247514149,,,,,,
173,2,60.0,150.0,False,,,,0.08042827409938931,,,,,,,,,,,,,,,,,,,,,,,,0.11614953311782078,,,,,,
174,2,60.0,180.0,False,,,,0.06159902126773509,,,,,,,,,,,,,,,,,,,,,,,,0.1804591921305213,,,,,,
175,2,60.0,210.0,False,,,,0.054801768098625026,,,,,,,,,,,,,,,,,,,,,,,,0.25095738990687244,,,,,,
176,2,60.0,240.0,False,,,,0.13396286351431408,,,,,,,,,,,,,,,,,,,,,,,,0.5239510560202305,,,,,,
177,2,60.0,270.0,False,,,,0.05213809232683561,,,,,,,,,,,,,,,,,,,,,,,,0.674743457852457,,,,,,
178,2,60.0,300.0,False,,,,0.30809145716702113,,,,,,,,,,,,,,,,,,,,,,,,0.4824240089279993,,,,,,
179,2,60.0,330.0,False,,,,0.03252744661610202,,,,,,,,,,,,,,,,,,,,,,,,0.23322843462731987,,,,,,
180,2,90.0,0.0,False,,,,0.02857584072144499,,,,,,,,,,,,,,,,,,,,,,,,0.32999371092471774,,,,,,
181,2,90.0,30.0,False,,,,0.022206791911390477,,,,,,,,,,,,,,,,,,,,,,,,0.12938097277689392,,,,,,
182,2,90.0,60.0,False,,,,0.04949817303634507,,,,,,,,,,,,,,,,,,,,,,,,0.11758800658251314,,,,,,
183,2,90.0,90.0,True,,,,0.09343324505076613,,,,,,,,,,,,,,,,,,,,,,,,0.42601969105840604,,,,,,
184,2,90.0,120.0,False,,,,0.027599458821800205,,,,,,,,,,,,,,,,,,,,,,,,0.20952904252326363,,,,,,
185,2,90.0,150.0,False,,,,0.031597692512317026,,,,,,,,,,,,,,,,,,,,,,,,0.13020226431910534,,,,,,
186,2,90.0,180.0,False,,,,0.043922616801927675,,,,,,,,,,,,,,,,,,,,,,,,0.32068477059597633,,,,,,
187,2,90.0,210.0,False,,,,0.09242896488522591,,,,,,,,,,,,,,,,,,,,,,,,0.46137567926125594,,,,,,
188,2,90.0,240.0,False,,,,0.0841577021599191,,,,,,,,,,,,,,,,,,,,,,,,0.5284261504445896,,,,,,
189,2,90.0,270.0,False,,,,0.05496192609402655,,,,,,,,,,,,,,,,,,,,,,,,0.22797765405811718,,,,,,
190,2,90.0,300.0,False,,,,0.07811397947317575,,,,,,,,,,,,,,,,,,,,,,,,0.32871995305805835,,,,,,
191,2,90.0,330.0,False,,,,0.08195065905658885,,,,,,,,,,,,,,,,,,,,,,,,0.46560068102319874,,,,,,
192,2,120.0,0.0,False,,,,0.01860753035404427,,,,,,,,,,,,,,,,,,,,,,,,0.39657325549395517,,,,,,
193,2,120.0,30.0,False,,,,0.04480314243099116,,,,,,,,,,,,,,,,,,,,,,,,0.12062391004577036,,,,,,
194,2,120.0,60.0,False,,,,0.05180428396426036,,,,,,,,,,,,,,,,,,,,,,,,0.09371548541437541,,,,,,
195,2,120.0,90.0,False,,,,0.06757271945853971,,,,,,,,,,,,,,,,,,,,,,,,0.20586032501759444,,,,,,
196,2,120.0,120.0,True,,,,0.05896943374684631,,,,,,,,,,,,,,,,,,,,,,,,0.12570628728798258,,,,,,
197,2,120.0,150.0,False,,,,0.028845477942697616,,,,,,,,,,,,,,,,,,,,,,,,0.10558720467923086,,,,,,
198,2,120.0,180.0,False,,,,0.030942837515535046,,,,,,,,,,,,,,,,,,,,,,,,0.1695111382984324,,,,,,
199,2,120.0,210.0,False,,,,0.12436708276623776,,,,,,,,,,,,,,,,,,,,,,,,0.2108178782424541,,,,,,
200,2,120.0,240.0,False,,,,0.1252371052342106,,,,,,,,,,,,,,,,,,,,,,,,0.15868557110976994,,,,,,
201,2,120.0,270.0,False,,,,0.17990998370025085,,,,,,,,,,,,,,,,,,,,,,,,0.23973394452447458,,,,,,
202,2,120.0,300.0,False,,,,0.15415308603321498,,,,,,,,,,,,,,,,,,,,,,,,0.5689845420333204,,,,,,
203,2,120.0,330.0,False,,,,0.03954211233653855,,,,,,,,,,,,,,,,,,,,,,,,0.34649594828485153,,,,,,
204,2,150.0,0.0,False,,,,0.05003158255676701,,,,,,,,,,,,,,,,,,,,,,,,0.5281218270282653,,,,,,
205,2,150.0,30.0,False,,,,0.11411315083476399,,,,,,,,,,,,,,,,,,,,,,,,0.09272761241397073,,,,,,
206,2,150.0,60.0,False,,,,0.04128016869143339,,,,,,,,,,,,,,,,,,,,,,,,0.14984244090420565,,,,,,
207,2,150.0,90.0,False,,,,0.06031981133997192,,,,,,,,,,,,,,,,,,,,,,,,0.13892719747948892,,,,,,
208,2,150.0,120.0,False,,,,0.03427752368547878,,,,,,,,,,,,,,,,,,,,,,,,0.10121548734980305,,,,,,
209,2,150.0,150.0,True,,,,0.02105045646349149,,,,,,,,,,,,,,,,,,,,,,,,0.20427317999404243,,,,,,
210,2,150.0,180.0,False,,,,0.03957910670753664,,,,,,,,,,,,,,,,,,,,,,,,0.20444398554291895,,,,,,
211,2,150.0,210.0,False,,,,0.028420443621935732,,,,,,,,,,,,,,,,,,,,,,,,0.1239573816003584,,,,,,
212,2,150.0,240.0,False,,,,0.03186540246974053,,,,,,,,,,,,,,,,,,,,,,,,0.3407178833085789,,,,,,
213,2,150.0,270.0,False,,,,0.048446353518067975,,,,,,,,,,,,,,,,,,,,,,,,0.2825551889811153,,,,,,
214,2,150.0,300.0,False,,,,0.08741053523622969,,,,,,,,,,,,,,,,,,,,,,,,0.4152692411522433,,,,,,
215,2,150.0,330.0,False,,,,0.14302664736104592,,,,,,,,,,,,,,,,,,,,,,,,0.42016801679729077,,,,,,
216,2,180.0,0.0,False,,,,0.08452113074894142,,,,,,,,,,,,,,,,,,,,,,,,0.7205814771036226,,,,,,
217,2,180.0,30.0,False,,,,0.028226349813362403,,,,,,,,,,,,,,,,,,,,,,,,0.21742672804104507,,,,,,
218,2,180.0,60.0,False,,,,0.06827232950103529,,,,,,,,,,,,,,,,,,,,,,,,0.2132296769717254,,,,,,
219,2,180.0,90.0,False,,,,0.06348254761092265,,,,,,,,,,,,,,,,,,,,,,,,0.1718595074945785,,,,,,
220,2,180.0,120.0,False,,,,0.018174297945861596,,,,,,,,,,,,,,,,,,,,,,,,0.22019806177219187,,,,,,
221,2,180.0,150.0,False,,,,0.04781035344303863,,,,,,,,,,,,,,,,,,,,,,,,0.1571567086481313,,,,,,
222,2,180.0,180.0,True,,,,0.028333263029112182,,,,,,,,,,,,,,,,,,,,,,,,0.22431338842887039,,,,,,
223,2,180.0,210.0,False,,,,0.03154038978368338,,,,,,,,,,,,,,,,,,,,,,,,0.12170054448030536,,,,,,
224,2,180.0,240.0,False,,,,0.06435775357483815,,,,,,,,,,,,,,,,,,,,,,,,0.14491882470559547,,,,,,
225,2,180.0,270.0,False,,,,51.51958619449337,,,,,,,,,,,,,,,,,,,,,,,,52.33485311176315,,,,,,
226,2,180.0,300.0,False,,,,0.07803121947127527,,,,,,,,,,,,,,,,,,,,,,,,0.426942430355466,,,,,,
227,2,180.0,330.0,False,,,,0.1982065466233025,,,,,,,,,,,,,,,,,,,,,,,,0.6071650349241071,,,,,,
228,2,210.0,0.0,False,,,,0.0984388591041885,,,,,,,,,,,,,,,,,,,,,,,,0.5840524252722751,,,,,,
229,2,210.0,30.0,False,,,,0.12422653505691848,,,,,,,,,,,,,,,,,,,,,,,,0.4706477083031521,,,,,,
230,2,210.0,60.0,False,,,,0.08215106726919516,,,,,,,,,,,,,,,,,,,,,,,,0.13484526025865962,,,,,,
231,2,210.0,90.0,False,,,,0.089544214151451,,,,,,,,,,,,,,,,,,,,,,,,0.3463802558736606,,,,,,
232,2,210.0,120.0,False,,,,0.02442282685404304,,,,,,,,,,,,,,,,,,,,,,,,0.12765961553910932,,,,,,
233,2,210.0,150.0,False,,,,0.030017355365562673,,,,,,,,,,,,,,,,,,,,,,,,0.14169026350504627,,,,,,
234,2,210.0,180.0,False,,,,0.027183130519190475,,,,,,,,,,,,,,,,,,,,,,,,0.3736653181561572,,,,,,
235,2,210.0,210.0,True,,,,0.09894312058669207,,,,,,,,,,,,,,,,,,,,,,,,0.10959482970024192,,,,,,
236,2,210.0,240.0,False,,,,73.06371779545806,,,,,,,,,,,,,,,,,,,,,,,,0.4854551986978364,,,,,,
237,2,210.0,270.0,False,,,,490.7284334753896,,,,,,,,,,,,,,,,,,,,,,,,163.67387056418312,,,,,,
238,2,210.0,300.0,False,,,,0.04965847188028492,,,,,,,,,,,,,,,,,,,,,,,,0.16481244238431159,,,,,,
239,2,210.0,330.0,False,,,,0.036386405479445424,,,,,,,,,,,,,,,,,,,,,,,,0.8769692065220941,,,,,,
240,2,240.0,0.0,False,,,,0.053968972290321465,,,,,,,,,,,,,,,,,,,,,,,,0.3900883185968805,,,,,,
241,2,240.0,30.0,False,,,,0.05580063623964944,,,,,,,,,,,,,,,,,,,,,,,,0.2115470833874849,,,,,,
242,2,240.0,60.0,False,,,,0.14760151716073341,,,,,,,,,,,,,,,,,,,,,,,,0.1412989269400307,,,,,,
243,2,240.0,90.0,False,,,,0.07022928722810332,,,,,,,,,,,,,,,,,,,,,,,,0.2850086895659793,,,,,,
244,2,240.0,120.0,False,,,,0.08427220204402519,,,,,,,,,,,,,,,,,,,,,,,,0.09789572872031188,,,,,,
245,2,240.0,150.0,False,,,,0.057092967995120605,,,,,,,,,,,,,,,,,,,,,,,,0.36151265272129535,,,,,,
246,2,240.0,180.0,False,,,,0.0833620882333603,,,,,,,,,,,,,,,,,,,,,,,,0.12574450018238542,,,,,,
247,2,240.0,210.0,False,,,,0.03272210534808245,,,,,,,,,,,,,,,,,,,,,,,,0.33791468427050797,,,,,,
248,2,240.0,240.0,True,,,,60.28437428993941,,,,,,,,,,,,,,,,,,,,,,,,99.3638612067434,,,,,,
249,2,240.0,270.0,False,,,,168.40263895986172,,,,,,,,,,,,,,,,,,,,,,,,327.55012356317945,,,,,,
250,2,240.0,300.0,False,,,,58.21299357430035,,,,,,,,,,,,,,,,,,,,,,,,63.97033436018407,,,,,,
251,2,240.0,330.0,False,,,,0.052127993776347956,,,,,,,,,,,,,,,,,,,,,,,,0.34763064708208746,,,,,,
252,2,270.0,0.0,False,,,,11.980574651922215,,,,,,,,,,,,,,,,,,,,,,,,13.498700994391978,,,,,,
253,2,270.0,30.0,False,,,,0.11951090730325412,,,,,,,,,,,,,,,,,,,,,,,,0.3330019599162555,,,,,,
254,2,270.0,60.0,False,,,,0.05892789083376784,,,,,,,,,,,,,,,,,,,,,,,,0.26158493391991033,,,,,,
255,2,270.0,90.0,False,,,,0.07043793593296094,,,,,,,,,,,,,,,,,,,,,,,,0.22062368341659394,,,,,,
256,2,270.0,120.0,False,,,,0.13466338437183628,,,,,,,,,,,,,,,,,,,,,,,,0.15396118426537053,,,,,,
257,2,270.0,150.0,False,,,,0.03176172929727741,,,,,,,,,,,,,,,,,,,,,,,,0.4095257840160063,,,,,,
258,2,270.0,180.0,False,,,,0.0517959971762601,,,,,,,,,,,,,,,,,,,,,,,,0.15914529217771542,,,,,,
259,2,270.0,210.0,False,,,,142.35760709866008,,,,,,,,,,,,,,,,,,,,,,,,0.24363999331596814,,,,,,
260,2,270.0,240.0,False,,,,282.7196511686727,,,,,,,,,,,,,,,,,,,,,,,,56.32916286491243,,,,,,
261,2,270.0,270.0,True,,,,228.0861471281965,,,,,,,,,,,,,,,,,,,,,,,,157.23511388289717,,,,,,
262,2,270.0,300.0,False,,,,0.015457571395822852,,,,,,,,,,,,,,,,,,,,,,,,0.15220617887852564,,,,,,
263,2,270.0,330.0,False,,,,0.026756744557738098,,,,,,,,,,,,,,,,,,,,,,,,0.3181065075139175,,,,,,
264,2,300.0,0.0,False,,,,12.547666893655542,,,,,,,,,,,,,,,,,,,,,,,,12.270716945351905,,,,,,
265,2,300.0,30.0,False,,,,17.0102434302284,,,,,,,,,,,,,,,,,,,,,,,,16.771809384683248,,,,,,
266,2,300.0,60.0,False,,,,0.05214636508445209,,,,,,,,,,,,,,,,,,,,,,,,0.24755675464074212,,,,,,
267,2,300.0,90.0,False,,,,0.04995846690978102,,,,,,,,,,,,,,,,,,,,,,,,0.2509304309149709,,,,,,
268,2,300.0,120.0,False,,,,0.06773407418891117,,,,,,,,,,,,,,,,,,,,,,,,0.19138354899836538,,,,,,
269,2,300.0,150.0,False,,,,0.12040288572452391,,,,,,,,,,,,,,,,,,,,,,,,0.2796598351645325,,,,,,
270,2,300.0,180.0,False,,,,0.047162885150538174,,,,,,,,,,,,,,,,,,,,,,,,0.3508262456625496,,,,,,
271,2,300.0,210.0,False,,,,0.05958988451404515,,,,,,,,,,,,,,,,,,,,,,,,0.21953046623563216,,,,,,
272,2,300.0,240.0,False,,,,0.028887119678968044,,,,,,,,,,,,,,,,,,,,,,,,0.2974474760119476,,,,,,
273,2,300.0,270.0,False,,,,0.016072326624300512,,,,,,,,,,,,,,,,,,,,,,,,0.2902263286959187,,,,,,
274,2,300.0,300.0,True,,,,0.011436413638999682,,,,,,,,,,,,,,,,,,,,,,,,0.17274013530069426,,,,,,
275,2,300.0,330.0,False,,,,0.019704179921763574,,,,,,,,,,,,,,,,,,,,,,,,0.5135112141717357,,,,,,
276,2,330.0,0.0,False,,,,31.67653892837745,,,,,,,,,,,,,,,,,,,,,,,,150.15558914969574,,,,,,
277,2,330.0,30.0,False,,,,36.13494996319366,,,,,,,,,,,,,,,,,,,,,,,,126.4945609674499,,,,,,
278,2,330.0,60.0,False,,,,0.04676272088911153,,,,,,,,,,,,,,,,,,,,,,,,0.18768646948193052,,,,,,
279,2,330.0,90.0,False,,,,0.08567421075127832,,,,,,,,,,,,,,,,,,,,,,,,0.3712092734635787,,,,,,
280,2,330.0,120.0,False,,,,0.0635267354502537,,,,,,,,,,,,,,,,,,,,,,,,0.2733665242861868,,,,,,
281,2,330.0,150.0,False,,,,0.09248116932177786,,,,,,,,,,,,,,,,,,,,,,,,0.3125348203178254,,,,,,
282,2,330.0,180.0,False,,,,0.06201342720651516,,,,,,,,,,,,,,,,,,,,,,,,0.18142718809267688,,,,,,
283,2,330.0,210.0,False,,,,0.09652371438969798,,,,,,,,,,,,,,,,,,,,,,,,0.4177520281814263,,,,,,
284,2,330.0,240.0,False,,,,0.039957415021588255,,,,,,,,,,,,,,,,,,,,,,,,0.42375377876031417,,,,,,
285,2,330.0,270.0,False,,,,0.01804160860177413,,,,,,,,,,,,,,,,,,,,,,,,0.2328567149918866,,,,,,
286,2,330.0,300.0,False,,,,0.04766679511259717,,,,,,,,,,,,,,,,,,,,,,,,0.4197580812087555,,,,,,
287,2,330.0,330.0,True,,,,4.0361416653657525,,,,,,,,,,,,,,,,,,,,,,,,14.395103244746185,,,,,,
0,1,0.0,0.0,True,,,,0.029057194383266025,,,,,,,,,,,,,,,,,,,,,,,,,0.33021598422605036,,,,,
1,1,0.0,30.0,False,,,,0.049641184654129866,,,,,,,,,,,,,,,,,,,,,,,,,0.2558716316165337,,,,,
2,1,0.0,60.0,False,,,,0.15565177299225963,,,,,,,,,,,,,,,,,,,,,,,,,0.07211498209445104,,,,,
3,1,0.0,90.0,False,,,,0.06317570921895757,,,,,,,,,,,,,,,,,,,,,,,,,0.04773522222311136,,,,,
4,1,0.0,120.0,False,,,,0.06432676371049414,,,,,,,,,,,,,,,,,,,,,,,,,0.29583067383927103,,,,,
5,1,0.0,150.0,False,,,,0.09614023158932775,,,,,,,,,,,,,,,,,,,,,,,,,0.08561931880161747,,,,,
6,1,0.0,180.0,False,,,,0.08699652958156337,,,,,,,,,,,,,,,,,,,,,,,,,0.2646890463382103,,,,,
7,1,0.0,210.0,False,,,,0.06726327277395071,,,,,,,,,,,,,,,,,,,,,,,,,0.08750131528888179,,,,,
8,1,0.0,240.0,False,,,,0.027320961960789952,,,,,,,,,,,,,,,,,,,,,,,,,0.03406786145460356,,,,,
9,1,0.0,270.0,False,,,,0.019857299728640313,,,,,,,,,,,,,,,,,,,,,,,,,0.04484144771981985,,,,,
10,1,0.0,300.0,False,,,,0.1288743830648682,,,,,,,,,,,,,,,,,,,,,,,,,0.14090982432067567,,,,,
11,1,0.0,330.0,False,,,,0.017472874729835223,,,,,,,,,,,,,,,,,,,,,,,,,0.08307795437183871,,,,,
12,1,30.0,0.0,False,,,,0.2235208539795206,,,,,,,,,,,,,,,,,,,,,,,,,0.11444238537075799,,,,,
13,1,30.0,30.0,True,,,,0.08625568260844493,,,,,,,,,,,,,,,,,,,,,,,,,0.29006462706494435,,,,,
14,1,30.0,60.0,False,,,,0.08017685119965973,,,,,,,,,,,,,,,,,,,,,,,,,0.17955156083762353,,,,,
15,1,30.0,90.0,False,,,,0.07630707053364541,,,,,,,,,,,,,,,,,,,,,,,,,0.15045221796538166,,,,,
16,1,30.0,120.0,False,,,,0.04113912982437729,,,,,,,,,,,,,,,,,,,,,,,,,0.15454853535775964,,,,,
17,1,30.0,150.0,False,,,,0.14789099802267763,,,,,,,,,,,,,,,,,,,,,,,,,0.08159095443872541,,,,,
18,1,30.0,180.0,False,,,,0.08468561254535462,,,,,,,,,,,,,,,,,,,,,,,,,0.0646889691469836,,,,,
19,1,30.0,210.0,False,,,,0.0889832976633673,,,,,,,,,,,,,,,,,,,,,,,,,0.03689268842300996,,,,,
20,1,30.0,240.0,False,,,,0.0209084552216144,,,,,,,,,,,,,,,,,,,,,,,,,0.049488426485948256,,,,,
21,1,30.0,270.0,False,,,,0.01729044879333971,,,,,,,,,,,,,,,,,,,,,,,,,0.02882245838790783,,,,,
22,1,30.0,300.0,False,,,,0.014228920436821288,,,,,,,,,,,,,,,,,,,,,,,,,0.025898719060469255,,,,,
23,1,30.0,330.0,False,,,,0.627832686724326,,,,,,,,,,,,,,,,,,,,,,,,,0.6291196321486713,,,,,
24,1,60.0,0.0,False,,,,0.09008890000479956,,,,,,,,,,,,,,,,,,,,,,,,,0.32382870406895803,,,,,
25,1,60.0,30.0,False,,,,0.8368520306184968,,,,,,,,,,,,,,,,,,,,,,,,,1.1125136751793412,,,,,
26,1,60.0,60.0,True,,,,0.038952718635453645,,,,,,,,,,,,,,,,,,,,,,,,,0.24119612420807163,,,,,
27,1,60.0,90.0,False,,,,0.08861828703985902,,,,,,,,,,,,,,,,,,,,,,,,,0.4671357441705334,,,,,
28,1,60.0,120.0,False,,,,0.04423539380366133,,,,,,,,,,,,,,,,,,,,,,,,,0.07330753230938807,,,,,
29,1,60.0,150.0,False,,,,0.11134438639537791,,,,,,,,,,,,,,,,,,,,,,,,,0.1101321196527464,,,,,
30,1,60.0,180.0,False,,,,0.22418619893487146,,,,,,,,,,,,,,,,,,,,,,,,,0.1259713995335583,,,,,
31,1,60.0,210.0,False,,,,0.0651779715442084,,,,,,,,,,,,,,,,,,,,,,,,,0.06361305981519874,,,,,
32,1,60.0,240.0,False,,,,0.01813313269130251,,,,,,,,,,,,,,,,,,,,,,,,,0.06387962635822354,,,,,
33,1,60.0,270.0,False,,,,0.07220379138559291,,,,,,,,,,,,,,,,,,,,,,,,,0.05829265260320932,,,,,
34,1,60.0,300.0,False,,,,0.017674727013196546,,,,,,,,,,,,,,,,,,,,,,,,,0.029742615354756363,,,,,
35,1,60.0,330.0,False,,,,0.02727809932254728,,,,,,,,,,,,,,,,,,,,,,,,,0.07978366324825004,,,,,
36,1,90.0,0.0,False,,,,0.03714344340813435,,,,,,,,,,,,,,,,,,,,,,,,,0.10634011447395593,,,,,
37,1,90.0,30.0,False,,,,0.03515070487227333,,,,,,,,,,,,,,,,,,,,,,,,,0.49553896380475315,,,,,
38,1,90.0,60.0,False,,,,0.02984752137277873,,,,,,,,,,,,,,,,,,,,,,,,,0.4221810394175066,,,,,
39,1,90.0,90.0,True,,,,0.06552716044080822,,,,,,,,,,,,,,,,,,,,,,,,,0.3053667386934248,,,,,
40,1,90.0,120.0,False,,,,0.06790473741480199,,,,,,,,,,,,,,,,,,,,,,,,,0.09461698617492413,,,,,
41,1,90.0,150.0,False,,,,0.06980133605221586,,,,,,,,,,,,,,,,,,,,,,,,,0.08888798079274543,,,,,
42,1,90.0,180.0,False,,,,0.05042950530180343,,,,,,,,,,,,,,,,,,,,,,,,,0.12583787433167754,,,,,
43,1,90.0,210.0,False,,,,0.11320602563187165,,,,,,,,,,,,,,,,,,,,,,,,,0.2140810269947791,,,,,
44,1,90.0,240.0,False,,,,0.09219879380393294,,,,,,,,,,,,,,,,,,,,,,,,,0.07408769680817776,,,,,
45,1,90.0,270.0,False,,,,0.02975679967559818,,,,,,,,,,,,,,,,,,,,,,,,,0.055549366623615155,,,,,
46,1,90.0,300.0,False,,,,0.06913411707491364,,,,,,,,,,,,,,,,,,,,,,,,,0.1910956305743361,,,,,
47,1,90.0,330.0,False,,,,0.03704377530525642,,,,,,,,,,,,,,,,,,,,,,,,,0.11419373567942326,,,,,
48,1,120.0,0.0,False,,,,0.10378457722437948,,,,,,,,,,,,,,,,,,,,,,,,,0.05167701043204793,,,,,
49,1,120.0,30.0,False,,,,0.087268474857957,,,,,,,,,,,,,,,,,,,,,,,,,0.23764866539407628,,,,,
50,1,120.0,60.0,False,,,,0.11709682244767723,,,,,,,,,,,,,,,,,,,,,,,,,0.06677493634048998,,,,,
51,1,120.0,90.0,False,,,,0.07811228876012818,,,,,,,,,,,,,,,,,,,,,,,,,0.20508475797237033,,,,,
52,1,120.0,120.0,True,,,,0.051783731384716494,,,,,,,,,,,,,,,,,,,,,,,,,0.2847232632584589,,,,,
53,1,120.0,150.0,False,,,,0.06546770551550041,,,,,,,,,,,,,,,,,,,,,,,,,0.12118654397529868,,,,,
54,1,120.0,180.0,False,,,,0.12644478023627087,,,,,,,,,,,,,,,,,,,,,,,,,0.17420975906323977,,,,,
55,1,120.0,210.0,False,,,,0.08099595755232603,,,,,,,,,,,,,,,,,,,,,,,,,0.08545434388432767,,,,,
56,1,120.0,240.0,False,,,,0.11220697028817413,,,,,,,,,,,,,,,,,,,,,,,,,0.06757918840548624,,,,,
57,1,120.0,270.0,False,,,,0.07114483725425903,,,,,,,,,,,,,,,,,,,,,,,,,0.07289578957664292,,,,,
58,1,120.0,300.0,False,,,,0.04301444936135933,,,,,,,,,,,,,,,,,,,,,,,,,0.16948602082054998,,,,,
59,1,120.0,330.0,False,,,,0.1107079398428281,,,,,,,,,,,,,,,,,,,,,,,,,0.18000171616287858,,,,,
60,1,150.0,0.0,False,,,,0.159473538645356,,,,,,,,,,,,,,,,,,,,,,,,,0.2204254320645004,,,,,
61,1,150.0,30.0,False,,,,0.12625452444189073,,,,,,,,,,,,,,,,,,,,,,,,,0.08242609821065562,,,,,
62,1,150.0,60.0,False,,,,0.12252795316036375,,,,,,,,,,,,,,,,,,,,,,,,,0.18608965288822,,,,,
63,1,150.0,90.0,False,,,,0.09265924250091245,,,,,,,,,,,,,,,,,,,,,,,,,0.10580306867843843,,,,,
64,1,150.0,120.0,False,,,,0.04037339636222728,,,,,,,,,,,,,,,,,,,,,,,,,0.09352316444379172,,,,,
65,1,150.0,150.0,True,,,,0.11398413490828435,,,,,,,,,,,,,,,,,,,,,,,,,0.2205824042754278,,,,,
66,1,150.0,180.0,False,,,,0.05821772795322644,,,,,,,,,,,,,,,,,,,,,,,,,0.2628835274416191,,,,,
67,1,150.0,210.0,False,,,,0.0485548829501349,,,,,,,,,,,,,,,,,,,,,,,,,0.1006395246708584,,,,,
68,1,150.0,240.0,False,,,,0.112850461880252,,,,,,,,,,,,,,,,,,,,,,,,,0.07753696414729033,,,,,
69,1,150.0,270.0,False,,,,0.026209240713529924,,,,,,,,,,,,,,,,,,,,,,,,,0.09341103905675485,,,,,
70,1,150.0,300.0,False,,,,0.043005030166234214,,,,,,,,,,,,,,,,,,,,,,,,,0.11573978743733064,,,,,
71,1,150.0,330.0,False,,,,0.08515832506534787,,,,,,,,,,,,,,,,,,,,,,,,,0.11600734909076668,,,,,
72,1,180.0,0.0,False,,,,0.1136287242090673,,,,,,,,,,,,,,,,,,,,,,,,,0.09073226114562545,,,,,
73,1,180.0,30.0,False,,,,0.09289689411248041,,,,,,,,,,,,,,,,,,,,,,,,,0.08692418094431556,,,,,
74,1,180.0,60.0,False,,,,0.09570141879982341,,,,,,,,,,,,,,,,,,,,,,,,,0.12675050566285118,,,,,
75,1,180.0,90.0,False,,,,0.05346198549037279,,,,,,,,,,,,,,,,,,,,,,,,,0.21713360722936514,,,,,
76,1,180.0,120.0,False,,,,0.10035289687340376,,,,,,,,,,,,,,,,,,,,,,,,,0.08020636255427674,,,,,
77,1,180.0,150.0,False,,,,0.07925195027393828,,,,,,,,,,,,,,,,,,,,,,,,,0.3325418191248036,,,,,
78,1,180.0,180.0,True,,,,0.10598244824214319,,,,,,,,,,,,,,,,,,,,,,,,,0.3500960039068259,,,,,
79,1,180.0,210.0,False,,,,0.07412793458417216,,,,,,,,,,,,,,,,,,,,,,,,,0.31702619520713304,,,,,
80,1,180.0,240.0,False,,,,0.07716916822194159,,,,,,,,,,,,,,,,,,,,,,,,,0.18926974880945244,,,,,
81,1,180.0,270.0,False,,,,0.10974327465825323,,,,,,,,,,,,,,,,,,,,,,,,,0.21276737084054057,,,,,
82,1,180.0,300.0,False,,,,0.028956364969894476,,,,,,,,,,,,,,,,,,,,,,,,,0.26832222506735526,,,,,
83,1,180.0,330.0,False,,,,0.12797810556905193,,,,,,,,,,,,,,,,,,,,,,,,,0.10226051370675399,,,,,
84,1,210.0,0.0,False,,,,0.07786573409537681,,,,,,,,,,,,,,,,,,,,,,,,,0.08526572121573651,,,,,
85,1,210.0,30.0,False,,,,0.03682866574823514,,,,,,,,,,,,,,,,,,,,,,,,,0.12114063062157658,,,,,
86,1,210.0,60.0,False,,,,0.045112703957633164,,,,,,,,,,,,,,,,,,,,,,,,,0.05157660412986592,,,,,
87,1,210.0,90.0,False,,,,0.04981806386987929,,,,,,,,,,,,,,,,,,,,,,,,,0.08478384566783878,,,,,
88,1,210.0,120.0,False,,,,0.05653780914196325,,,,,,,,,,,,,,,,,,,,,,,,,0.10937952952250074,,,,,
89,1,210.0,150.0,False,,,,0.06964562278674198,,,,,,,,,,,,,,,,,,,,,,,,,0.09430936454566155,,,,,
90,1,210.0,180.0,False,,,,0.05897339095491601,,,,,,,,,,,,,,,,,,,,,,,,,0.17589990692049362,,,,,
91,1,210.0,210.0,True,,,,0.07614867897207553,,,,,,,,,,,,,,,,,,,,,,,,,0.688240751083619,,,,,
92,1,210.0,240.0,False,,,,0.08067000891383136,,,,,,,,,,,,,,,,,,,,,,,,,0.170340950127124,,,,,
93,1,210.0,270.0,False,,,,0.03910448741210516,,,,,,,,,,,,,,,,,,,,,,,,,0.14398919506745744,,,,,
94,1,210.0,300.0,False,,,,0.11215982302477728,,,,,,,,,,,,,,,,,,,,,,,,,0.10189582623559604,,,,,
95,1,210.0,330.0,False,,,,0.08603669452488831,,,,,,,,,,,,,,,,,,,,,,,,,0.1066299152334773,,,,,
96,1,240.0,0.0,False,,,,0.025385054666273763,,,,,,,,,,,,,,,,,,,,,,,,,0.06328481344383259,,,,,
97,1,240.0,30.0,False,,,,0.017028758105493407,,,,,,,,,,,,,,,,,,,,,,,,,0.04855225479646472,,,,,
98,1,240.0,60.0,False,,,,0.024130969773088207,,,,,,,,,,,,,,,,,,,,,,,,,0.03617920915022494,,,,,
99,1,240.0,90.0,False,,,,0.040088001063595786,,,,,,,,,,,,,,,,,,,,,,,,,0.08277991626993551,,,,,
100,1,240.0,120.0,False,,,,0.09145946774524444,,,,,,,,,,,,,,,,,,,,,,,,,0.10074595797554559,,,,,
101,1,240.0,150.0,False,,,,0.09262179841203019,,,,,,,,,,,,,,,,,,,,,,,,,0.14965469150994942,,,,,
102,1,240.0,180.0,False,,,,0.08129999492624095,,,,,,,,,,,,,,,,,,,,,,,,,0.11221328924699989,,,,,
103,1,240.0,210.0,False,,,,0.09779876735000272,,,,,,,,,,,,,,,,,,,,,,,,,0.2858061126595507,,,,,
104,1,240.0,240.0,True,,,,0.025280735277634622,,,,,,,,,,,,,,,,,,,,,,,,,0.08234391883665748,,,,,
105,1,240.0,270.0,False,,,,0.02015333896225353,,,,,,,,,,,,,,,,,,,,,,,,,0.10210124934493581,,,,,
106,1,240.0,300.0,False,,,,0.0544168674382359,,,,,,,,,,,,,,,,,,,,,,,,,0.07874928613545323,,,,,
107,1,240.0,330.0,False,,,,0.042513322390616386,,,,,,,,,,,,,,,,,,,,,,,,,0.10393000823608223,,,,,
108,1,270.0,0.0,False,,,,0.016826017520460416,,,,,,,,,,,,,,,,,,,,,,,,,0.04728876553927566,,,,,
109,1,270.0,30.0,False,,,,0.023000224494921048,,,,,,,,,,,,,,,,,,,,,,,,,0.050079819856413216,,,,,
110,1,270.0,60.0,False,,,,0.020998017144105475,,,,,,,,,,,,,,,,,,,,,,,,,0.03644855399563141,,,,,
111,1,270.0,90.0,False,,,,0.06104892231265442,,,,,,,,,,,,,,,,,,,,,,,,,0.04147975531716678,,,,,
112,1,270.0,120.0,False,,,,0.04127570434045978,,,,,,,,,,,,,,,,,,,,,,,,,0.09138414143374474,,,,,
113,1,270.0,150.0,False,,,,0.04150450100862541,,,,,,,,,,,,,,,,,,,,,,,,,0.13176567495888014,,,,,
114,1,270.0,180.0,False,,,,0.04564778306532695,,,,,,,,,,,,,,,,,,,,,,,,,0.11075051921786305,,,,,
115,1,270.0,210.0,False,,,,0.03395563685923268,,,,,,,,,,,,,,,,,,,,,,,,,0.07447707778604763,,,,,
116,1,270.0,240.0,False,,,,0.07702033903529891,,,,,,,,,,,,,,,,,,,,,,,,,0.06228246800282638,,,,,
117,1,270.0,270.0,True,,,,0.05816011885806062,,,,,,,,,,,,,,,,,,,,,,,,,0.17890857882740174,,,,,
118,1,270.0,300.0,False,,,,0.032675795424739834,,,,,,,,,,,,,,,,,,,,,,,,,0.07923298796270062,,,,,
119,1,270.0,330.0,False,,,,0.03323578868379717,,,,,,,,,,,,,,,,,,,,,,,,,0.04353069986478422,,,,,
120,1,300.0,0.0,False,,,,0.020152131313651137,,,,,,,,,,,,,,,,,,,,,,,,,0.09072871590833625,,,,,
121,1,300.0,30.0,False,,,,0.013455280482789456,,,,,,,,,,,,,,,,,,,,,,,,,0.04794022969092034,,,,,
122,1,300.0,60.0,False,,,,0.6231215346187082,,,,,,,,,,,,,,,,,,,,,,,,,0.6728603311829302,,,,,
123,1,300.0,90.0,False,,,,0.027118908174625096,,,,,,,,,,,,,,,,,,,,,,,,,0.06174200096955131,,,,,
124,1,300.0,120.0,False,,,,0.04590476274409053,,,,,,,,,,,,,,,,,,,,,,,,,0.03853791412712461,,,,,
125,1,300.0,150.0,False,,,,0.10835422727306698,,,,,,,,,,,,,,,,,,,,,,,,,0.2537748313649474,,,,,
126,1,300.0,180.0,False,,,,0.055049079031725234,,,,,,,,,,,,,,,,,,,,,,,,,0.08919606562724657,,,,,
127,1,300.0,210.0,False,,,,0.07520100212342687,,,,,,,,,,,,,,,,,,,,,,,,,0.07751857349566504,,,,,
128,1,300.0,240.0,False,,,,0.06653532551505253,,,,,,,,,,,,,,,,,,,,,,,,,0.11771183765910131,,,,,
129,1,300.0,270.0,False,,,,0.030327666540238815,,,,,,,,,,,,,,,,,,,,,,,,,0.1392555008921778,,,,,
130,1,300.0,300.0,True,,,,0.021301195713935427,,,,,,,,,,,,,,,,,,,,,,,,,0.040172796845180256,,,,,
131,1,300.0,330.0,False,,,,0.022506621122565837,,,,,,,,,,,,,,,,,,,,,,,,,0.08222772955296927,,,,,
132,1,330.0,0.0,False,,,,0.017273993371169253,,,,,,,,,,,,,,,,,,,,,,,,,0.09044247091050767,,,,,
133,1,330.0,30.0,False,,,,0.0174167626188815,,,,,,,,,,,,,,,,,,,,,,,,,0.04213012504557845,,,,,
134,1,330.0,60.0,False,,,,0.15224629629190248,,,,,,,,,,,,,,,,,,,,,,,,,0.1582831186133533,,,,,
135,1,330.0,90.0,False,,,,0.06752384914431614,,,,,,,,,,,,,,,,,,,,,,,,,0.10843952489150352,,,,,
136,1,330.0,120.0,False,,,,0.153748423109681,,,,,,,,,,,,,,,,,,,,,,,,,0.21625712495549748,,,,,
137,1,330.0,150.0,False,,,,0.04667579790415414,,,,,,,,,,,,,,,,,,,,,,,,,0.13824396587658655,,,,,
138,1,330.0,180.0,False,,,,0.078373039494845,,,,,,,,,,,,,,,,,,,,,,,,,0.06823164521067364,,,,,
139,1,330.0,210.0,False,,,,0.0777951256027147,,,,,,,,,,,,,,,,,,,,,,,,,0.16466189647471624,,,,,
140,1,330.0,240.0,False,,,,0.027649555629939083,,,,,,,,,,,,,,,,,,,,,,,,,0.07821981289909478,,,,,
141,1,330.0,270.0,False,,,,0.01695576694359355,,,,,,,,,,,,,,,,,,,,,,,,,0.04764245464835906,,,,,
142,1,330.0,300.0,False,,,,0.02345512336359095,,,,,,,,,,,,,,,,,,,,,,,,,0.08406051182592124,,,,,
143,1,330.0,330.0,True,,,,0.01623577235565386,,,,,,,,,,,,,,,,,,,,,,,,,0.05711801312443445,,,,,
144,2,0.0,0.0,True,,,,0.012309733638092974,,,,,,,,,,,,,,,,,,,,,,,,,0.35091417843242134,,,,,
145,2,0.0,30.0,False,,,,0.017382091221047256,,,,,,,,,,,,,,,,,,,,,,,,,0.05486094727136542,,,,,
146,2,0.0,60.0,False,,,,0.03135040323074084,,,,,,,,,,,,,,,,,,,,,,,,,0.060215837139050654,,,,,
147,2,0.0,90.0,False,,,,0.10908590896624176,,,,,,,,,,,,,,,,,,,,,,,,,0.10249036194138786,,,,,
148,2,0.0,120.0,False,,,,0.10947215235428481,,,,,,,,,,,,,,,,,,,,,,,,,0.18520110236105508,,,,,
149,2,0.0,150.0,False,,,,0.054907200184200144,,,,,,,,,,,,,,,,,,,,,,,,,0.13025652117566272,,,,,
150,2,0.0,180.0,False,,,,0.07755408355523269,,,,,,,,,,,,,,,,,,,,,,,,,0.1663519495028839,,,,,
151,2,0.0,210.0,False,,,,0.03925834862334895,,,,,,,,,,,,,,,,,,,,,,,,,0.11838238194140763,,,,,
152,2,0.0,240.0,False,,,,0.03611207844979173,,,,,,,,,,,,,,,,,,,,,,,,,0.08670890753561811,,,,,
153,2,0.0,270.0,False,,,,0.017265890301948025,,,,,,,,,,,,,,,,,,,,,,,,,0.06469638123060521,,,,,
154,2,0.0,300.0,False,,,,0.015247040325549549,,,,,,,,,,,,,,,,,,,,,,,,,0.0758706417924849,,,,,
155,2,0.0,330.0,False,,,,0.02305555275266944,,,,,,,,,,,,,,,,,,,,,,,,,0.11513609150624288,,,,,
156,2,30.0,0.0,False,,,,0.01843367450762787,,,,,,,,,,,,,,,,,,,,,,,,,0.13714662434380467,,,,,
157,2,30.0,30.0,True,,,,0.02694253846632923,,,,,,,,,,,,,,,,,,,,,,,,,0.13938806012910696,,,,,
158,2,30.0,60.0,False,,,,0.08453112341120989,,,,,,,,,,,,,,,,,,,,,,,,,0.08938831359953672,,,,,
159,2,30.0,90.0,False,,,,0.10629844477766032,,,,,,,,,,,,,,,,,,,,,,,,,0.09925912511860616,,,,,
160,2,30.0,120.0,False,,,,0.04975048589034026,,,,,,,,,,,,,,,,,,,,,,,,,0.12797606911771406,,,,,
161,2,30.0,150.0,False,,,,0.09491801060811897,,,,,,,,,,,,,,,,,,,,,,,,,0.13909937970409209,,,,,
162,2,30.0,180.0,False,,,,0.05064314307024324,,,,,,,,,,,,,,,,,,,,,,,,,0.07435509495135395,,,,,
163,2,30.0,210.0,False,,,,0.08975094864434001,,,,,,,,,,,,,,,,,,,,,,,,,0.1738009374292811,,,,,
164,2,30.0,240.0,False,,,,0.030343095880564882,,,,,,,,,,,,,,,,,,,,,,,,,0.04419747993966549,,,,,
165,2,30.0,270.0,False,,,,0.023537645254871238,,,,,,,,,,,,,,,,,,,,,,,,,0.03149365959167248,,,,,
166,2,30.0,300.0,False,,,,0.018955024980881065,,,,,,,,,,,,,,,,,,,,,,,,,0.014307826852205543,,,,,
167,2,30.0,330.0,False,,,,0.01565617994865164,,,,,,,,,,,,,,,,,,,,,,,,,0.038030156449536445,,,,,
168,2,60.0,0.0,False,,,,0.047846008277892024,,,,,,,,,,,,,,,,,,,,,,,,,0.08376530640422483,,,,,
169,2,60.0,30.0,False,,,,0.02166731240553136,,,,,,,,,,,,,,,,,,,,,,,,,0.07404503720452021,,,,,
170,2,60.0,60.0,True,,,,0.03449099255257959,,,,,,,,,,,,,,,,,,,,,,,,,0.17536218561301595,,,,,
171,2,60.0,90.0,False,,,,0.03611877591851807,,,,,,,,,,,,,,,,,,,,,,,,,0.47866546521755404,,,,,
172,2,60.0,120.0,False,,,,0.07803452967758978,,,,,,,,,,,,,,,,,,,,,,,,,0.06451590818098804,,,,,
173,2,60.0,150.0,False,,,,0.07817553407217731,,,,,,,,,,,,,,,,,,,,,,,,,0.056259073885595534,,,,,
174,2,60.0,180.0,False,,,,0.12511596199797992,,,,,,,,,,,,,,,,,,,,,,,,,0.07394636049661263,,,,,
175,2,60.0,210.0,False,,,,0.05290370443811511,,,,,,,,,,,,,,,,,,,,,,,,,0.12936531532345383,,,,,
176,2,60.0,240.0,False,,,,0.028609224737680225,,,,,,,,,,,,,,,,,,,,,,,,,0.05299955400484588,,,,,
177,2,60.0,270.0,False,,,,0.020969246423220983,,,,,,,,,,,,,,,,,,,,,,,,,0.030919878670857343,,,,,
178,2,60.0,300.0,False,,,,0.014824173224678482,,,,,,,,,,,,,,,,,,,,,,,,,0.018937906418500104,,,,,
179,2,60.0,330.0,False,,,,0.04045542718613329,,,,,,,,,,,,,,,,,,,,,,,,,0.06926767168440023,,,,,
180,2,90.0,0.0,False,,,,0.056693284327598,,,,,,,,,,,,,,,,,,,,,,,,,0.13457892015458184,,,,,
181,2,90.0,30.0,False,,,,0.035098117040336704,,,,,,,,,,,,,,,,,,,,,,,,,0.05201865660878986,,,,,
182,2,90.0,60.0,False,,,,0.05059952330179936,,,,,,,,,,,,,,,,,,,,,,,,,0.09858683243653406,,,,,
183,2,90.0,90.0,True,,,,0.04448180230404686,,,,,,,,,,,,,,,,,,,,,,,,,0.2533790342689459,,,,,
184,2,90.0,120.0,False,,,,0.051723693900970424,,,,,,,,,,,,,,,,,,,,,,,,,0.12137706039947416,,,,,
185,2,90.0,150.0,False,,,,0.1540999640054757,,,,,,,,,,,,,,,,,,,,,,,,,0.07604924539042154,,,,,
186,2,90.0,180.0,False,,,,0.11427648746340618,,,,,,,,,,,,,,,,,,,,,,,,,0.08077909322415362,,,,,
187,2,90.0,210.0,False,,,,0.14946131191151663,,,,,,,,,,,,,,,,,,,,,,,,,0.2635339571479312,,,,,
188,2,90.0,240.0,False,,,,0.07648218147774773,,,,,,,,,,,,,,,,,,,,,,,,,0.09365313891244617,,,,,
189,2,90.0,270.0,False,,,,0.018867808077547205,,,,,,,,,,,,,,,,,,,,,,,,,0.05298374951542165,,,,,
190,2,90.0,300.0,False,,,,0.07064402679858384,,,,,,,,,,,,,,,,,,,,,,,,,0.037116883358862846,,,,,
191,2,90.0,330.0,False,,,,0.1268339717119237,,,,,,,,,,,,,,,,,,,,,,,,,0.128427445374245,,,,,
192,2,120.0,0.0,False,,,,0.045632262232010626,,,,,,,,,,,,,,,,,,,,,,,,,0.104055398829028,,,,,
193,2,120.0,30.0,False,,,,0.15307226789731154,,,,,,,,,,,,,,,,,,,,,,,,,0.16044309060243106,,,,,
194,2,120.0,60.0,False,,,,0.05573405256797158,,,,,,,,,,,,,,,,,,,,,,,,,0.1650714880085946,,,,,
195,2,120.0,90.0,False,,,,0.04766959665865628,,,,,,,,,,,,,,,,,,,,,,,,,0.43068511468190024,,,,,
196,2,120.0,120.0,True,,,,0.07916544474068238,,,,,,,,,,,,,,,,,,,,,,,,,0.22561673313570346,,,,,
197,2,120.0,150.0,False,,,,0.08544425135391301,,,,,,,,,,,,,,,,,,,,,,,,,0.11673730513419284,,,,,
198,2,120.0,180.0,False,,,,0.06321101691426181,,,,,,,,,,,,,,,,,,,,,,,,,0.23870411316687723,,,,,
199,2,120.0,210.0,False,,,,0.042711549897325646,,,,,,,,,,,,,,,,,,,,,,,,,0.09456701320241422,,,,,
200,2,120.0,240.0,False,,,,0.03840714984131457,,,,,,,,,,,,,,,,,,,,,,,,,0.09789483083847561,,,,,
201,2,120.0,270.0,False,,,,0.06306191444545947,,,,,,,,,,,,,,,,,,,,,,,,,0.20465547276274187,,,,,
202,2,120.0,300.0,False,,,,0.10470422131095072,,,,,,,,,,,,,,,,,,,,,,,,,0.1793513910762744,,,,,
203,2,120.0,330.0,False,,,,0.15286264546530817,,,,,,,,,,,,,,,,,,,,,,,,,0.16479570454629763,,,,,
204,2,150.0,0.0,False,,,,0.06842472242546391,,,,,,,,,,,,,,,,,,,,,,,,,0.06502758050434605,,,,,
205,2,150.0,30.0,False,,,,0.05927640025239758,,,,,,,,,,,,,,,,,,,,,,,,,0.09756739570427818,,,,,
206,2,150.0,60.0,False,,,,0.057702988597844874,,,,,,,,,,,,,,,,,,,,,,,,,0.07839895748647208,,,,,
207,2,150.0,90.0,False,,,,0.07689082066039131,,,,,,,,,,,,,,,,,,,,,,,,,0.11078884561799408,,,,,
208,2,150.0,120.0,False,,,,0.055943848825158765,,,,,,,,,,,,,,,,,,,,,,,,,0.08741586665589914,,,,,
209,2,150.0,150.0,True,,,,0.16533740573367883,,,,,,,,,,,,,,,,,,,,,,,,,0.1286307094186084,,,,,
210,2,150.0,180.0,False,,,,0.07574191986342459,,,,,,,,,,,,,,,,,,,,,,,,,0.1758972617413443,,,,,
211,2,150.0,210.0,False,,,,0.09765334901292401,,,,,,,,,,,,,,,,,,,,,,,,,0.15043138590496002,,,,,
212,2,150.0,240.0,False,,,,0.09545626478486713,,,,,,,,,,,,,,,,,,,,,,,,,0.07767183718680779,,,,,
213,2,150.0,270.0,False,,,,0.09254008104833128,,,,,,,,,,,,,,,,,,,,,,,,,0.07364722475421212,,,,,
214,2,150.0,300.0,False,,,,0.06965369227815502,,,,,,,,,,,,,,,,,,,,,,,,,0.09712667758525256,,,,,
215,2,150.0,330.0,False,,,,0.05384392654968849,,,,,,,,,,,,,,,,,,,,,,,,,0.18975291018993518,,,,,
216,2,180.0,0.0,False,,,,0.05119501684409111,,,,,,,,,,,,,,,,,,,,,,,,,0.06720562019312445,,,,,
217,2,180.0,30.0,False,,,,0.06731681611664127,,,,,,,,,,,,,,,,,,,,,,,,,0.06460722736863002,,,,,
218,2,180.0,60.0,False,,,,0.0438668518545093,,,,,,,,,,,,,,,,,,,,,,,,,0.05214335049988869,,,,,
219,2,180.0,90.0,False,,,,0.05046623668620086,,,,,,,,,,,,,,,,,,,,,,,,,0.08981565560326962,,,,,
220,2,180.0,120.0,False,,,,0.0859948762749998,,,,,,,,,,,,,,,,,,,,,,,,,0.09409602294284562,,,,,
221,2,180.0,150.0,False,,,,0.05491952384221267,,,,,,,,,,,,,,,,,,,,,,,,,0.32476086884157807,,,,,
222,2,180.0,180.0,True,,,,0.07404585113790307,,,,,,,,,,,,,,,,,,,,,,,,,0.3161901668893299,,,,,
223,2,180.0,210.0,False,,,,0.06505967135104726,,,,,,,,,,,,,,,,,,,,,,,,,0.1771138437102082,,,,,
224,2,180.0,240.0,False,,,,0.08010068079577345,,,,,,,,,,,,,,,,,,,,,,,,,0.09659598360915576,,,,,
225,2,180.0,270.0,False,,,,0.10876958320056614,,,,,,,,,,,,,,,,,,,,,,,,,0.2676683538578625,,,,,
226,2,180.0,300.0,False,,,,0.1040023797948022,,,,,,,,,,,,,,,,,,,,,,,,,0.2252655332798803,,,,,
227,2,180.0,330.0,False,,,,0.06944776007418436,,,,,,,,,,,,,,,,,,,,,,,,,0.10320967310112292,,,,,
228,2,210.0,0.0,False,,,,0.08570003597205778,,,,,,,,,,,,,,,,,,,,,,,,,0.14515990183388588,,,,,
229,2,210.0,30.0,False,,,,0.0482246954543311,,,,,,,,,,,,,,,,,,,,,,,,,0.1274022619236456,,,,,
230,2,210.0,60.0,False,,,,0.027064797107557253,,,,,,,,,,,,,,,,,,,,,,,,,0.07844389061181593,,,,,
231,2,210.0,90.0,False,,,,0.02808772780958483,,,,,,,,,,,,,,,,,,,,,,,,,0.056047245049941796,,,,,
232,2,210.0,120.0,False,,,,0.07610167669006032,,,,,,,,,,,,,,,,,,,,,,,,,0.06946385219777909,,,,,
233,2,210.0,150.0,False,,,,0.13735768889655367,,,,,,,,,,,,,,,,,,,,,,,,,0.1091576170820523,,,,,
234,2,210.0,180.0,False,,,,0.0911505492917365,,,,,,,,,,,,,,,,,,,,,,,,,0.3711944991329854,,,,,
235,2,210.0,210.0,True,,,,0.053354777480754206,,,,,,,,,,,,,,,,,,,,,,,,,0.30744600853427706,,,,,
236,2,210.0,240.0,False,,,,0.03130401847784652,,,,,,,,,,,,,,,,,,,,,,,,,0.07708027877775565,,,,,
237,2,210.0,270.0,False,,,,0.08739126002509798,,,,,,,,,,,,,,,,,,,,,,,,,0.05768862761060255,,,,,
238,2,210.0,300.0,False,,,,0.051519985616015854,,,,,,,,,,,,,,,,,,,,,,,,,0.13187141840685074,,,,,
239,2,210.0,330.0,False,,,,0.07239525805620542,,,,,,,,,,,,,,,,,,,,,,,,,0.1487793807120298,,,,,
240,2,240.0,0.0,False,,,,0.024991026611886385,,,,,,,,,,,,,,,,,,,,,,,,,0.05147136790075059,,,,,
241,2,240.0,30.0,False,,,,0.021285734620628056,,,,,,,,,,,,,,,,,,,,,,,,,0.05861057512073818,,,,,
242,2,240.0,60.0,False,,,,0.01850267025424475,,,,,,,,,,,,,,,,,,,,,,,,,0.029231851047981098,,,,,
243,2,240.0,90.0,False,,,,0.03217879455958128,,,,,,,,,,,,,,,,,,,,,,,,,0.06012248644490466,,,,,
244,2,240.0,120.0,False,,,,0.04609326854628458,,,,,,,,,,,,,,,,,,,,,,,,,0.10960010730319071,,,,,
245,2,240.0,150.0,False,,,,0.20009803269912324,,,,,,,,,,,,,,,,,,,,,,,,,0.09094514574130078,,,,,
246,2,240.0,180.0,False,,,,0.07262428535214006,,,,,,,,,,,,,,,,,,,,,,,,,0.18125800500345704,,,,,
247,2,240.0,210.0,False,,,,0.096351775328985,,,,,,,,,,,,,,,,,,,,,,,,,0.2665990860974033,,,,,
248,2,240.0,240.0,True,,,,0.08614272865592919,,,,,,,,,,,,,,,,,,,,,,,,,0.16526758340224135,,,,,
249,2,240.0,270.0,False,,,,0.02743753706475319,,,,,,,,,,,,,,,,,,,,,,,,,0.061088627764715096,,,,,
250,2,240.0,300.0,False,,,,0.1101381793132277,,,,,,,,,,,,,,,,,,,,,,,,,0.0686216463831347,,,,,
251,2,240.0,330.0,False,,,,0.059575874087924155,,,,,,,,,,,,,,,,,,,,,,,,,0.08302502419542612,,,,,
252,2,270.0,0.0,False,,,,0.029696474770302985,,,,,,,,,,,,,,,,,,,,,,,,,0.04471499363952661,,,,,
253,2,270.0,30.0,False,,,,0.014524783201519047,,,,,,,,,,,,,,,,,,,,,,,,,0.03458162082312926,,,,,
254,2,270.0,60.0,False,,,,0.02031163188995038,,,,,,,,,,,,,,,,,,,,,,,,,0.019387061597034037,,,,,
255,2,270.0,90.0,False,,,,0.06372396832330945,,,,,,,,,,,,,,,,,,,,,,,,,0.045483689509887966,,,,,
256,2,270.0,120.0,False,,,,0.0631296864186485,,,,,,,,,,,,,,,,,,,,,,,,,0.09652962112963401,,,,,
257,2,270.0,150.0,False,,,,0.051086314828291624,,,,,,,,,,,,,,,,,,,,,,,,,0.0667245655519416,,,,,
258,2,270.0,180.0,False,,,,0.06448181651180179,,,,,,,,,,,,,,,,,,,,,,,,,0.12775803035175112,,,,,
259,2,270.0,210.0,False,,,,0.05249929294793427,,,,,,,,,,,,,,,,,,,,,,,,,0.10068924693385019,,,,,
260,2,270.0,240.0,False,,,,0.06319518685929652,,,,,,,,,,,,,,,,,,,,,,,,,0.07375570027875329,,,,,
261,2,270.0,270.0,True,,,,0.046538431087310254,,,,,,,,,,,,,,,,,,,,,,,,,0.20543371636999092,,,,,
262,2,270.0,300.0,False,,,,0.013486439002476333,,,,,,,,,,,,,,,,,,,,,,,,,0.06846074587158321,,,,,
263,2,270.0,330.0,False,,,,0.02083507187320655,,,,,,,,,,,,,,,,,,,,,,,,,0.05400801346732868,,,,,
264,2,300.0,0.0,False,,,,0.01284549148480671,,,,,,,,,,,,,,,,,,,,,,,,,0.10426840555414013,,,,,
265,2,300.0,30.0,False,,,,0.012000023473317335,,,,,,,,,,,,,,,,,,,,,,,,,0.0680762478116195,,,,,
266,2,300.0,60.0,False,,,,0.015759375573073796,,,,,,,,,,,,,,,,,,,,,,,,,0.025535794705177924,,,,,
267,2,300.0,90.0,False,,,,0.05338307602464154,,,,,,,,,,,,,,,,,,,,,,,,,0.05518385167323801,,,,,
268,2,300.0,120.0,False,,,,0.05617933225057481,,,,,,,,,,,,,,,,,,,,,,,,,0.06956779717963632,,,,,
269,2,300.0,150.0,False,,,,0.07177337917288296,,,,,,,,,,,,,,,,,,,,,,,,,0.14660702594128935,,,,,
270,2,300.0,180.0,False,,,,0.03970661444757668,,,,,,,,,,,,,,,,,,,,,,,,,0.1341943955205228,,,,,
271,2,300.0,210.0,False,,,,0.05094750774689931,,,,,,,,,,,,,,,,,,,,,,,,,0.06805305947977926,,,,,
272,2,300.0,240.0,False,,,,0.041805042863263336,,,,,,,,,,,,,,,,,,,,,,,,,0.16759076425400854,,,,,
273,2,300.0,270.0,False,,,,0.013868641692377559,,,,,,,,,,,,,,,,,,,,,,,,,0.08790591706160275,,,,,
274,2,300.0,300.0,True,,,,0.009932371913235316,,,,,,,,,,,,,,,,,,,,,,,,,0.06082955290064405,,,,,
275,2,300.0,330.0,False,,,,0.018051336374756782,,,,,,,,,,,,,,,,,,,,,,,,,0.11315369469133302,,,,,
276,2,330.0,0.0,False,,,,0.01792220834772385,,,,,,,,,,,,,,,,,,,,,,,,,0.05715999647932041,,,,,
277,2,330.0,30.0,False,,,,0.011514334664390075,,,,,,,,,,,,,,,,,,,,,,,,,0.02653465262728817,,,,,
278,2,330.0,60.0,False,,,,0.03645279542974468,,,,,,,,,,,,,,,,,,,,,,,,,0.04855292137028942,,,,,
279,2,330.0,90.0,False,,,,0.15009925569147123,,,,,,,,,,,,,,,,,,,,,,,,,0.09696816095543176,,,,,
280,2,330.0,120.0,False,,,,0.06278944970143781,,,,,,,,,,,,,,,,,,,,,,,,,0.11050598739549003,,,,,
281,2,330.0,150.0,False,,,,0.10166346709192116,,,,,,,,,,,,,,,,,,,,,,,,,0.1643065373328067,,,,,
282,2,330.0,180.0,False,,,,0.16496173223081095,,,,,,,,,,,,,,,,,,,,,,,,,0.1367256445972847,,,,,
283,2,330.0,210.0,False,,,,0.08399396475537202,,,,,,,,,,,,,,,,,,,,,,,,,0.07992239795297046,,,,,
284,2,330.0,240.0,False,,,,0.06374206109894412,,,,,,,,,,,,,,,,,,,,,,,,,0.12001679238840779,,,,,
285,2,330.0,270.0,False,,,,0.012884243505820816,,,,,,,,,,,,,,,,,,,,,,,,,0.06276911975846905,,,,,
286,2,330.0,300.0,False,,,,0.016892371864462654,,,,,,,,,,,,,,,,,,,,,,,,,0.0572040996482846,,,,,
287,2,330.0,330.0,True,,,,0.012472572990865164,,,,,,,,,,,,,,,,,,,,,,,,,0.058772098580740166,,,,,
0,1,0.0,0.0,True,,,,0.04631061735740481,,,,,,,,,,,,,,,,,,,,,,,,,,0.2961670595815576,,,,
1,1,0.0,30.0,False,,,,0.02190428118665741,,,,,,,,,,,,,,,,,,,,,,,,,,0.13580327873107567,,,,
2,1,0.0,60.0,False,,,,0.0379094474682548,,,,,,,,,,,,,,,,,,,,,,,,,,0.13740525021191025,,,,
3,1,0.0,90.0,False,,,,0.10908874677830178,,,,,,,,,,,,,,,,,,,,,,,,,,0.2895508338983024,,,,
4,1,0.0,120.0,False,,,,0.03046805286801109,,,,,,,,,,,,,,,,,,,,,,,,,,0.13793472167407828,,,,
5,1,0.0,150.0,False,,,,0.062497862733287474,,,,,,,,,,,,,,,,,,,,,,,,,,0.19932803404468435,,,,
6,1,0.0,180.0,False,,,,0.030678544969938455,,,,,,,,,,,,,,,,,,,,,,,,,,0.23009506088608173,,,,
7,1,0.0,210.0,False,,,,0.1312527009690163,,,,,,,,,,,,,,,,,,,,,,,,,,0.23814568481805248,,,,
8,1,0.0,240.0,False,,,,0.08719930379933946,,,,,,,,,,,,,,,,,,,,,,,,,,0.33554678671799226,,,,
9,1,0.0,270.0,False,,,,0.02754944919905123,,,,,,,,,,,,,,,,,,,,,,,,,,0.11341486644354373,,,,
10,1,0.0,300.0,False,,,,0.040685136304218605,,,,,,,,,,,,,,,,,,,,,,,,,,0.09587298696910013,,,,
11,1,0.0,330.0,False,,,,0.024426615950288874,,,,,,,,,,,,,,,,,,,,,,,,,,0.13000521886240451,,,,
12,1,30.0,0.0,False,,,,0.03523713447969187,,,,,,,,,,,,,,,,,,,,,,,,,,0.10100508675021079,,,,
13,1,30.0,30.0,True,,,,0.017477889798740612,,,,,,,,,,,,,,,,,,,,,,,,,,0.13306649541904986,,,,
14,1,30.0,60.0,False,,,,0.022755177443794884,,,,,,,,,,,,,,,,,,,,,,,,,,0.0990966524556315,,,,
15,1,30.0,90.0,False,,,,0.027527791879240687,,,,,,,,,,,,,,,,,,,,,,,,,,0.08197205196584612,,,,
16,1,30.0,120.0,False,,,,0.016231530415259383,,,,,,,,,,,,,,,,,,,,,,,,,,0.05394889617307268,,,,
17,1,30.0,150.0,False,,,,0.0182820028736674,,,,,,,,,,,,,,,,,,,,,,,,,,0.051814812064118004,,,,
18,1,30.0,180.0,False,,,,0.14363963799649945,,,,,,,,,,,,,,,,,,,,,,,,,,0.12607713620820973,,,,
19,1,30.0,210.0,False,,,,0.14006981645764965,,,,,,,,,,,,,,,,,,,,,,,,,,0.26501537303041267,,,,
20,1,30.0,240.0,False,,,,0.032340103711729726,,,,,,,,,,,,,,,,,,,,,,,,,,0.2566991767311421,,,,
21,1,30.0,270.0,False,,,,0.14573648414553358,,,,,,,,,,,,,,,,,,,,,,,,,,0.21184959516286914,,,,
22,1,30.0,300.0,False,,,,0.12958861164159838,,,,,,,,,,,,,,,,,,,,,,,,,,0.14254543062369096,,,,
23,1,30.0,330.0,False,,,,0.113252632939043,,,,,,,,,,,,,,,,,,,,,,,,,,0.09356448883370425,,,,
24,1,60.0,0.0,False,,,,0.018303705695412356,,,,,,,,,,,,,,,,,,,,,,,,,,0.07470355678884569,,,,
25,1,60.0,30.0,False,,,,0.018104913574023683,,,,,,,,,,,,,,,,,,,,,,,,,,0.052151091802477775,,,,
26,1,60.0,60.0,True,,,,0.024888886735647372,,,,,,,,,,,,,,,,,,,,,,,,,,0.38631825588732815,,,,
27,1,60.0,90.0,False,,,,0.01888388227202933,,,,,,,,,,,,,,,,,,,,,,,,,,0.11229964150792217,,,,
28,1,60.0,120.0,False,,,,0.036886509830931946,,,,,,,,,,,,,,,,,,,,,,,,,,0.025100407534005637,,,,
29,1,60.0,150.0,False,,,,0.0389412804031838,,,,,,,,,,,,,,,,,,,,,,,,,,0.03893707419793406,,,,
30,1,60.0,180.0,False,,,,0.04314985940419487,,,,,,,,,,,,,,,,,,,,,,,,,,0.16757621465514524,,,,
31,1,60.0,210.0,False,,,,0.06656782467784747,,,,,,,,,,,,,,,,,,,,,,,,,,0.032213763874530926,,,,
32,1,60.0,240.0,False,,,,0.044155780645382864,,,,,,,,,,,,,,,,,,,,,,,,,,0.20312092882089386,,,,
33,1,60.0,270.0,False,,,,0.06629861154769019,,,,,,,,,,,,,,,,,,,,,,,,,,0.11947881851842142,,,,
34,1,60.0,300.0,False,,,,0.05625008762397729,,,,,,,,,,,,,,,,,,,,,,,,,,0.15793452759415688,,,,
35,1,60.0,330.0,False,,,,0.027020889119638864,,,,,,,,,,,,,,,,,,,,,,,,,,0.04424242852545961,,,,
36,1,90.0,0.0,False,,,,0.0435096941403159,,,,,,,,,,,,,,,,,,,,,,,,,,0.07734118762732477,,,,
37,1,90.0,30.0,False,,,,0.046667024045684666,,,,,,,,,,,,,,,,,,,,,,,,,,0.11876974343961569,,,,
38,1,90.0,60.0,False,,,,0.01986055952869243,,,,,,,,,,,,,,,,,,,,,,,,,,0.04774054849580979,,,,
39,1,90.0,90.0,True,,,,0.03359610888079741,,,,,,,,,,,,,,,,,,,,,,,,,,0.14261826751126386,,,,
40,1,90.0,120.0,False,,,,0.03730274120759876,,,,,,,,,,,,,,,,,,,,,,,,,,0.31788497776479674,,,,
41,1,90.0,150.0,False,,,,0.08217755486278384,,,,,,,,,,,,,,,,,,,,,,,,,,0.05595656333460685,,,,
42,1,90.0,180.0,False,,,,0.11729891219425459,,,,,,,,,,,,,,,,,,,,,,,,,,0.05808114714348399,,,,
43,1,90.0,210.0,False,,,,0.02552320009390742,,,,,,,,,,,,,,,,,,,,,,,,,,0.05595968971847537,,,,
44,1,90.0,240.0,False,,,,0.07654042283227425,,,,,,,,,,,,,,,,,,,,,,,,,,0.22371727165788685,,,,
45,1,90.0,270.0,False,,,,0.05579178050329185,,,,,,,,,,,,,,,,,,,,,,,,,,0.06190003162921559,,,,
46,1,90.0,300.0,False,,,,0.0456596401425864,,,,,,,,,,,,,,,,,,,,,,,,,,0.0818750127072657,,,,
47,1,90.0,330.0,False,,,,0.11824646649386363,,,,,,,,,,,,,,,,,,,,,,,,,,0.06046117921458243,,,,
48,1,120.0,0.0,False,,,,0.05058246108351665,,,,,,,,,,,,,,,,,,,,,,,,,,0.07675081136317098,,,,
49,1,120.0,30.0,False,,,,0.01712177975882223,,,,,,,,,,,,,,,,,,,,,,,,,,0.021035192232890416,,,,
50,1,120.0,60.0,False,,,,0.03101709292744894,,,,,,,,,,,,,,,,,,,,,,,,,,0.06771465202747032,,,,
51,1,120.0,90.0,False,,,,0.10859794412011738,,,,,,,,,,,,,,,,,,,,,,,,,,0.37174895735865265,,,,
52,1,120.0,120.0,True,,,,0.03351727956908513,,,,,,,,,,,,,,,,,,,,,,,,,,0.628317415753084,,,,
53,1,120.0,150.0,False,,,,0.04128911516063824,,,,,,,,,,,,,,,,,,,,,,,,,,0.08372358172089683,,,,
54,1,120.0,180.0,False,,,,0.18591745579222047,,,,,,,,,,,,,,,,,,,,,,,,,,0.43012299436544743,,,,
55,1,120.0,210.0,False,,,,0.023790448874024928,,,,,,,,,,,,,,,,,,,,,,,,,,0.06004982439116925,,,,
56,1,120.0,240.0,False,,,,0.06160667008809793,,,,,,,,,,,,,,,,,,,,,,,,,,0.06983024742191576,,,,
57,1,120.0,270.0,False,,,,0.04520782528864581,,,,,,,,,,,,,,,,,,,,,,,,,,0.07030129984287045,,,,
58,1,120.0,300.0,False,,,,0.03528006157801848,,,,,,,,,,,,,,,,,,,,,,,,,,0.06664354991754215,,,,
59,1,120.0,330.0,False,,,,0.054558638112490176,,,,,,,,,,,,,,,,,,,,,,,,,,0.12942072725218728,,,,
60,1,150.0,0.0,False,,,,0.0347612845239052,,,,,,,,,,,,,,,,,,,,,,,,,,0.04839854189394659,,,,
61,1,150.0,30.0,False,,,,0.02971433767516929,,,,,,,,,,,,,,,,,,,,,,,,,,0.06422685091538774,,,,
62,1,150.0,60.0,False,,,,0.05894918023325535,,,,,,,,,,,,,,,,,,,,,,,,,,0.025104148245643804,,,,
63,1,150.0,90.0,False,,,,0.10570526719384202,,,,,,,,,,,,,,,,,,,,,,,,,,0.3069858616879469,,,,
64,1,150.0,120.0,False,,,,0.035373296741294344,,,,,,,,,,,,,,,,,,,,,,,,,,0.19102739292119164,,,,
65,1,150.0,150.0,True,,,,0.03272144211041261,,,,,,,,,,,,,,,,,,,,,,,,,,0.289837372529234,,,,
66,1,150.0,180.0,False,,,,0.04151280669939654,,,,,,,,,,,,,,,,,,,,,,,,,,0.03830083806311903,,,,
67,1,150.0,210.0,False,,,,0.046985891938755395,,,,,,,,,,,,,,,,,,,,,,,,,,0.05623511738078696,,,,
68,1,150.0,240.0,False,,,,0.030187377548663866,,,,,,,,,,,,,,,,,,,,,,,,,,0.06994425561608814,,,,
69,1,150.0,270.0,False,,,,0.053544316139594865,,,,,,,,,,,,,,,,,,,,,,,,,,0.05197805891912681,,,,
70,1,150.0,300.0,False,,,,0.02077189540752376,,,,,,,,,,,,,,,,,,,,,,,,,,0.03141241109206502,,,,
71,1,150.0,330.0,False,,,,0.07293218652318945,,,,,,,,,,,,,,,,,,,,,,,,,,0.13061295020591715,,,,
72,1,180.0,0.0,False,,,,0.03708755917356189,,,,,,,,,,,,,,,,,,,,,,,,,,0.07855794090953158,,,,
73,1,180.0,30.0,False,,,,0.05148332668974605,,,,,,,,,,,,,,,,,,,,,,,,,,0.05918517248925703,,,,
74,1,180.0,60.0,False,,,,0.10543642566938356,,,,,,,,,,,,,,,,,,,,,,,,,,0.09149899003846773,,,,
75,1,180.0,90.0,False,,,,0.04901548888142423,,,,,,,,,,,,,,,,,,,,,,,,,,0.07925894499457348,,,,
76,1,180.0,120.0,False,,,,0.027108242485656638,,,,,,,,,,,,,,,,,,,,,,,,,,0.03692735602926489,,,,
77,1,180.0,150.0,False,,,,0.046232394059077045,,,,,,,,,,,,,,,,,,,,,,,,,,0.07323483190462282,,,,
78,1,180.0,180.0,True,,,,0.025452955283428055,,,,,,,,,,,,,,,,,,,,,,,,,,0.0934200638423276,,,,
79,1,180.0,210.0,False,,,,0.028909447522785525,,,,,,,,,,,,,,,,,,,,,,,,,,0.09637503659567548,,,,
80,1,180.0,240.0,False,,,,0.04230446551624277,,,,,,,,,,,,,,,,,,,,,,,,,,0.07617342096934998,,,,
81,1,180.0,270.0,False,,,,0.024357829065668163,,,,,,,,,,,,,,,,,,,,,,,,,,0.051407821994487866,,,,
82,1,180.0,300.0,False,,,,0.06423621517425429,,,,,,,,,,,,,,,,,,,,,,,,,,0.07929406860542881,,,,
83,1,180.0,330.0,False,,,,0.02915841287781417,,,,,,,,,,,,,,,,,,,,,,,,,,0.06512196953522759,,,,
84,1,210.0,0.0,False,,,,0.07978647606353537,,,,,,,,,,,,,,,,,,,,,,,,,,0.03404895169296908,,,,
85,1,210.0,30.0,False,,,,0.06626534539843879,,,,,,,,,,,,,,,,,,,,,,,,,,0.13324245176953253,,,,
86,1,210.0,60.0,False,,,,0.06415314061706359,,,,,,,,,,,,,,,,,,,,,,,,,,0.03574130851826096,,,,
87,1,210.0,90.0,False,,,,0.0699479757177103,,,,,,,,,,,,,,,,,,,,,,,,,,0.037248786657751456,,,,
88,1,210.0,120.0,False,,,,0.05445114671183029,,,,,,,,,,,,,,,,,,,,,,,,,,0.10150062317079164,,,,
89,1,210.0,150.0,False,,,,0.029271004333514535,,,,,,,,,,,,,,,,,,,,,,,,,,0.17509397408358324,,,,
90,1,210.0,180.0,False,,,,0.036507667917696704,,,,,,,,,,,,,,,,,,,,,,,,,,0.06334640462652188,,,,
91,1,210.0,210.0,True,,,,0.04262149270321529,,,,,,,,,,,,,,,,,,,,,,,,,,0.09427300686468781,,,,
92,1,210.0,240.0,False,,,,0.04360032568683544,,,,,,,,,,,,,,,,,,,,,,,,,,0.13385872825480946,,,,
93,1,210.0,270.0,False,,,,0.06273201270982548,,,,,,,,,,,,,,,,,,,,,,,,,,0.046712432269788065,,,,
94,1,210.0,300.0,False,,,,0.055510639258309416,,,,,,,,,,,,,,,,,,,,,,,,,,0.06017534757109688,,,,
95,1,210.0,330.0,False,,,,0.05740532026556264,,,,,,,,,,,,,,,,,,,,,,,,,,0.08803578051171823,,,,
96,1,240.0,0.0,False,,,,0.08263587852379198,,,,,,,,,,,,,,,,,,,,,,,,,,0.15365374569454343,,,,
97,1,240.0,30.0,False,,,,0.053677472512314035,,,,,,,,,,,,,,,,,,,,,,,,,,0.04042291079229493,,,,
98,1,240.0,60.0,False,,,,0.03241642481858075,,,,,,,,,,,,,,,,,,,,,,,,,,0.10002163957218022,,,,
99,1,240.0,90.0,False,,,,0.0621199707013104,,,,,,,,,,,,,,,,,,,,,,,,,,0.14909597031704303,,,,
100,1,240.0,120.0,False,,,,0.09295539977226024,,,,,,,,,,,,,,,,,,,,,,,,,,0.1685798804669465,,,,
101,1,240.0,150.0,False,,,,0.06200856979893241,,,,,,,,,,,,,,,,,,,,,,,,,,0.2947531941762259,,,,
102,1,240.0,180.0,False,,,,0.03102484360671279,,,,,,,,,,,,,,,,,,,,,,,,,,0.04140269210561041,,,,
103,1,240.0,210.0,False,,,,0.054008127313820764,,,,,,,,,,,,,,,,,,,,,,,,,,0.16830853157729767,,,,
104,1,240.0,240.0,True,,,,0.03734426409132352,,,,,,,,,,,,,,,,,,,,,,,,,,0.23977069314109248,,,,
105,1,240.0,270.0,False,,,,0.04448029823127091,,,,,,,,,,,,,,,,,,,,,,,,,,0.13826105956905524,,,,
106,1,240.0,300.0,False,,,,0.0379807959522816,,,,,,,,,,,,,,,,,,,,,,,,,,0.10983740794377517,,,,
107,1,240.0,330.0,False,,,,0.040989899955280434,,,,,,,,,,,,,,,,,,,,,,,,,,0.0784963940917057,,,,
108,1,270.0,0.0,False,,,,0.05784710493211874,,,,,,,,,,,,,,,,,,,,,,,,,,0.07869469450770057,,,,
109,1,270.0,30.0,False,,,,0.16039008864853502,,,,,,,,,,,,,,,,,,,,,,,,,,0.23458461169768408,,,,
110,1,270.0,60.0,False,,,,0.03832481383113963,,,,,,,,,,,,,,,,,,,,,,,,,,0.09573010069459356,,,,
111,1,270.0,90.0,False,,,,0.05879576615119053,,,,,,,,,,,,,,,,,,,,,,,,,,0.13463907688556592,,,,
112,1,270.0,120.0,False,,,,0.07881630893069588,,,,,,,,,,,,,,,,,,,,,,,,,,0.13286175632892305,,,,
113,1,270.0,150.0,False,,,,0.11752358991003721,,,,,,,,,,,,,,,,,,,,,,,,,,0.08435855667933821,,,,
114,1,270.0,180.0,False,,,,0.03946691528192367,,,,,,,,,,,,,,,,,,,,,,,,,,0.12503633345830506,,,,
115,1,270.0,210.0,False,,,,0.026513915005140287,,,,,,,,,,,,,,,,,,,,,,,,,,0.13929435176232233,,,,
116,1,270.0,240.0,False,,,,0.01736350330376779,,,,,,,,,,,,,,,,,,,,,,,,,,0.08787623200364597,,,,
117,1,270.0,270.0,True,,,,0.029040144370605616,,,,,,,,,,,,,,,,,,,,,,,,,,0.19541625963495446,,,,
118,1,270.0,300.0,False,,,,0.039593913403831484,,,,,,,,,,,,,,,,,,,,,,,,,,0.09437528152874303,,,,
119,1,270.0,330.0,False,,,,0.05346007938033523,,,,,,,,,,,,,,,,,,,,,,,,,,0.11047024546123582,,,,
120,1,300.0,0.0,False,,,,0.030631174235771753,,,,,,,,,,,,,,,,,,,,,,,,,,0.16389550268398873,,,,
121,1,300.0,30.0,False,,,,0.033590444645473304,,,,,,,,,,,,,,,,,,,,,,,,,,0.21422425521940347,,,,
122,1,300.0,60.0,False,,,,0.023578650854515628,,,,,,,,,,,,,,,,,,,,,,,,,,0.14642739919670084,,,,
123,1,300.0,90.0,False,,,,0.0470720282848584,,,,,,,,,,,,,,,,,,,,,,,,,,0.24806544146830758,,,,
124,1,300.0,120.0,False,,,,0.03708744311042987,,,,,,,,,,,,,,,,,,,,,,,,,,0.09508605084175542,,,,
125,1,300.0,150.0,False,,,,0.07718325176984964,,,,,,,,,,,,,,,,,,,,,,,,,,0.11676169514126827,,,,
126,1,300.0,180.0,False,,,,0.09545615527004081,,,,,,,,,,,,,,,,,,,,,,,,,,0.0989648802578959,,,,
127,1,300.0,210.0,False,,,,0.03346233407736464,,,,,,,,,,,,,,,,,,,,,,,,,,0.0861735887627702,,,,
128,1,300.0,240.0,False,,,,0.06714799336591831,,,,,,,,,,,,,,,,,,,,,,,,,,0.04946044093895504,,,,
129,1,300.0,270.0,False,,,,0.053883049176764466,,,,,,,,,,,,,,,,,,,,,,,,,,0.12043282907072705,,,,
130,1,300.0,300.0,True,,,,0.026659118680202085,,,,,,,,,,,,,,,,,,,,,,,,,,0.2150403917619769,,,,
131,1,300.0,330.0,False,,,,0.024479324956117453,,,,,,,,,,,,,,,,,,,,,,,,,,0.09983315012702926,,,,
132,1,330.0,0.0,False,,,,0.035116038248744125,,,,,,,,,,,,,,,,,,,,,,,,,,0.11103005821409864,,,,
133,1,330.0,30.0,False,,,,0.024000228888044227,,,,,,,,,,,,,,,,,,,,,,,,,,0.08010612179214985,,,,
134,1,330.0,60.0,False,,,,0.049611931508334914,,,,,,,,,,,,,,,,,,,,,,,,,,0.16229568090531982,,,,
135,1,330.0,90.0,False,,,,0.07130861823369433,,,,,,,,,,,,,,,,,,,,,,,,,,0.08390573736963847,,,,
136,1,330.0,120.0,False,,,,0.07806819942918652,,,,,,,,,,,,,,,,,,,,,,,,,,0.20867576668970325,,,,
137,1,330.0,150.0,False,,,,0.11332709510704335,,,,,,,,,,,,,,,,,,,,,,,,,,0.06562427622429914,,,,
138,1,330.0,180.0,False,,,,0.1813704376404816,,,,,,,,,,,,,,,,,,,,,,,,,,0.16380358842516052,,,,
139,1,330.0,210.0,False,,,,0.06938814857246169,,,,,,,,,,,,,,,,,,,,,,,,,,0.12065513046373078,,,,
140,1,330.0,240.0,False,,,,0.05373823657812887,,,,,,,,,,,,,,,,,,,,,,,,,,0.044150158620151814,,,,
141,1,330.0,270.0,False,,,,0.030357577674124503,,,,,,,,,,,,,,,,,,,,,,,,,,0.07108618893662706,,,,
142,1,330.0,300.0,False,,,,0.027680617126748918,,,,,,,,,,,,,,,,,,,,,,,,,,0.15380479387789087,,,,
143,1,330.0,330.0,True,,,,0.027457282428330308,,,,,,,,,,,,,,,,,,,,,,,,,,0.10509381855037622,,,,
144,2,0.0,0.0,True,,,,0.08285852680531758,,,,,,,,,,,,,,,,,,,,,,,,,,0.21817082314601788,,,,
145,2,0.0,30.0,False,,,,0.022248888146742717,,,,,,,,,,,,,,,,,,,,,,,,,,0.07556911410837709,,,,
146,2,0.0,60.0,False,,,,0.052681067002951686,,,,,,,,,,,,,,,,,,,,,,,,,,0.05780791576652367,,,,
147,2,0.0,90.0,False,,,,0.019762314354277707,,,,,,,,,,,,,,,,,,,,,,,,,,0.05467139948539766,,,,
148,2,0.0,120.0,False,,,,0.03831502352689137,,,,,,,,,,,,,,,,,,,,,,,,,,0.07013772394010348,,,,
149,2,0.0,150.0,False,,,,0.02022340932456023,,,,,,,,,,,,,,,,,,,,,,,,,,0.11396747683108027,,,,
150,2,0.0,180.0,False,,,,0.040643058560587926,,,,,,,,,,,,,,,,,,,,,,,,,,0.09635335975370127,,,,
151,2,0.0,210.0,False,,,,0.06011513931383317,,,,,,,,,,,,,,,,,,,,,,,,,,0.14165595950440552,,,,
152,2,0.0,240.0,False,,,,0.0291303427585316,,,,,,,,,,,,,,,,,,,,,,,,,,0.13654411466088104,,,,
153,2,0.0,270.0,False,,,,0.026880417522873103,,,,,,,,,,,,,,,,,,,,,,,,,,0.06740201990744889,,,,
154,2,0.0,300.0,False,,,,0.05240344120246307,,,,,,,,,,,,,,,,,,,,,,,,,,0.05563468159565485,,,,
155,2,0.0,330.0,False,,,,0.03904794611388672,,,,,,,,,,,,,,,,,,,,,,,,,,0.07463817276500306,,,,
156,2,30.0,0.0,False,,,,0.02920509485666103,,,,,,,,,,,,,,,,,,,,,,,,,,0.07288089323606331,,,,
157,2,30.0,30.0,True,,,,0.029452880886685115,,,,,,,,,,,,,,,,,,,,,,,,,,0.11699481108488796,,,,
158,2,30.0,60.0,False,,,,0.014695120249076798,,,,,,,,,,,,,,,,,,,,,,,,,,0.04673452769566459,,,,
159,2,30.0,90.0,False,,,,0.014602773692382038,,,,,,,,,,,,,,,,,,,,,,,,,,0.11805164480074831,,,,
160,2,30.0,120.0,False,,,,0.01748881908944653,,,,,,,,,,,,,,,,,,,,,,,,,,0.041838003911752325,,,,
161,2,30.0,150.0,False,,,,0.025699877897509417,,,,,,,,,,,,,,,,,,,,,,,,,,0.07458077015062006,,,,
162,2,30.0,180.0,False,,,,0.01462956993534094,,,,,,,,,,,,,,,,,,,,,,,,,,0.0651612654241001,,,,
163,2,30.0,210.0,False,,,,0.02107397891639247,,,,,,,,,,,,,,,,,,,,,,,,,,0.2334614076984683,,,,
164,2,30.0,240.0,False,,,,0.09777703566405525,,,,,,,,,,,,,,,,,,,,,,,,,,0.1365778408727771,,,,
165,2,30.0,270.0,False,,,,0.11057190367358197,,,,,,,,,,,,,,,,,,,,,,,,,,0.1554635382917548,,,,
166,2,30.0,300.0,False,,,,0.032308202082695914,,,,,,,,,,,,,,,,,,,,,,,,,,0.05660515317569394,,,,
167,2,30.0,330.0,False,,,,0.08440888183211698,,,,,,,,,,,,,,,,,,,,,,,,,,0.1474666207335474,,,,
168,2,60.0,0.0,False,,,,0.026171782720645093,,,,,,,,,,,,,,,,,,,,,,,,,,0.09566638793493604,,,,
169,2,60.0,30.0,False,,,,0.019622840226158563,,,,,,,,,,,,,,,,,,,,,,,,,,0.07941525064117641,,,,
170,2,60.0,60.0,True,,,,0.022445950365097455,,,,,,,,,,,,,,,,,,,,,,,,,,0.2793016334527138,,,,
171,2,60.0,90.0,False,,,,0.012797051785440147,,,,,,,,,,,,,,,,,,,,,,,,,,0.05014638760429611,,,,
172,2,60.0,120.0,False,,,,0.010410250488891,,,,,,,,,,,,,,,,,,,,,,,,,,0.03259564634495196,,,,
173,2,60.0,150.0,False,,,,0.020219736664530565,,,,,,,,,,,,,,,,,,,,,,,,,,0.057821966419584474,,,,
174,2,60.0,180.0,False,,,,0.0638244427058407,,,,,,,,,,,,,,,,,,,,,,,,,,0.11329288560068965,,,,
175,2,60.0,210.0,False,,,,0.049167660149932256,,,,,,,,,,,,,,,,,,,,,,,,,,0.06276922423184103,,,,
176,2,60.0,240.0,False,,,,0.11180513575226853,,,,,,,,,,,,,,,,,,,,,,,,,,0.08481697487009861,,,,
177,2,60.0,270.0,False,,,,0.06380555397927767,,,,,,,,,,,,,,,,,,,,,,,,,,0.0700707084498202,,,,
178,2,60.0,300.0,False,,,,0.09864645790150126,,,,,,,,,,,,,,,,,,,,,,,,,,0.05361525752258665,,,,
179,2,60.0,330.0,False,,,,0.1238353622291472,,,,,,,,,,,,,,,,,,,,,,,,,,0.05401150547745925,,,,
180,2,90.0,0.0,False,,,,0.03483921272331657,,,,,,,,,,,,,,,,,,,,,,,,,,0.11536052535175732,,,,
181,2,90.0,30.0,False,,,,0.031451568473336425,,,,,,,,,,,,,,,,,,,,,,,,,,0.07787796945168407,,,,
182,2,90.0,60.0,False,,,,0.013245296048526862,,,,,,,,,,,,,,,,,,,,,,,,,,0.10312235099630454,,,,
183,2,90.0,90.0,True,,,,0.08442545917769875,,,,,,,,,,,,,,,,,,,,,,,,,,0.17657169001339795,,,,
184,2,90.0,120.0,False,,,,0.025849442150098184,,,,,,,,,,,,,,,,,,,,,,,,,,0.2650655105481186,,,,
185,2,90.0,150.0,False,,,,0.11764457478423654,,,,,,,,,,,,,,,,,,,,,,,,,,0.1209812312175094,,,,
186,2,90.0,180.0,False,,,,0.017462252910110367,,,,,,,,,,,,,,,,,,,,,,,,,,0.12680300107353598,,,,
187,2,90.0,210.0,False,,,,0.07122854266557668,,,,,,,,,,,,,,,,,,,,,,,,,,0.1170286121570747,,,,
188,2,90.0,240.0,False,,,,0.0400946144488675,,,,,,,,,,,,,,,,,,,,,,,,,,0.049583890795386484,,,,
189,2,90.0,270.0,False,,,,0.057492468300221346,,,,,,,,,,,,,,,,,,,,,,,,,,0.11666006177475807,,,,
190,2,90.0,300.0,False,,,,0.06110541874680757,,,,,,,,,,,,,,,,,,,,,,,,,,0.40358378315791654,,,,
191,2,90.0,330.0,False,,,,0.09505825501216117,,,,,,,,,,,,,,,,,,,,,,,,,,0.06571979502905893,,,,
192,2,120.0,0.0,False,,,,0.03121073327779675,,,,,,,,,,,,,,,,,,,,,,,,,,0.10867913125405053,,,,
193,2,120.0,30.0,False,,,,0.042129826536250733,,,,,,,,,,,,,,,,,,,,,,,,,,0.07725781658027572,,,,
194,2,120.0,60.0,False,,,,0.033752313514412026,,,,,,,,,,,,,,,,,,,,,,,,,,0.04719087823958469,,,,
195,2,120.0,90.0,False,,,,0.025753434412955044,,,,,,,,,,,,,,,,,,,,,,,,,,0.2759922536818533,,,,
196,2,120.0,120.0,True,,,,0.0641758355597404,,,,,,,,,,,,,,,,,,,,,,,,,,0.46354707377663407,,,,
197,2,120.0,150.0,False,,,,0.04548637648453359,,,,,,,,,,,,,,,,,,,,,,,,,,0.06318923074985389,,,,
198,2,120.0,180.0,False,,,,0.0260169851550203,,,,,,,,,,,,,,,,,,,,,,,,,,0.18117871584111878,,,,
199,2,120.0,210.0,False,,,,0.08425233629663519,,,,,,,,,,,,,,,,,,,,,,,,,,0.0890562789767455,,,,
200,2,120.0,240.0,False,,,,0.10278613188724567,,,,,,,,,,,,,,,,,,,,,,,,,,0.21524363992224466,,,,
201,2,120.0,270.0,False,,,,0.07775998027878188,,,,,,,,,,,,,,,,,,,,,,,,,,0.07263970458736116,,,,
202,2,120.0,300.0,False,,,,0.10898789406089973,,,,,,,,,,,,,,,,,,,,,,,,,,0.18099196971156611,,,,
203,2,120.0,330.0,False,,,,0.14407026412754986,,,,,,,,,,,,,,,,,,,,,,,,,,0.17769465445304133,,,,
204,2,150.0,0.0,False,,,,0.0844727712830305,,,,,,,,,,,,,,,,,,,,,,,,,,0.13477206915088374,,,,
205,2,150.0,30.0,False,,,,0.05758878452831667,,,,,,,,,,,,,,,,,,,,,,,,,,0.17524256094559026,,,,
206,2,150.0,60.0,False,,,,0.04920520885237292,,,,,,,,,,,,,,,,,,,,,,,,,,0.15114106450073916,,,,
207,2,150.0,90.0,False,,,,0.02072652905100554,,,,,,,,,,,,,,,,,,,,,,,,,,0.18132527941266585,,,,
208,2,150.0,120.0,False,,,,0.06544872271360802,,,,,,,,,,,,,,,,,,,,,,,,,,0.1428179684941578,,,,
209,2,150.0,150.0,True,,,,0.05286066877049188,,,,,,,,,,,,,,,,,,,,,,,,,,0.4203629720423817,,,,
210,2,150.0,180.0,False,,,,0.030947708849812232,,,,,,,,,,,,,,,,,,,,,,,,,,0.06725141847379659,,,,
211,2,150.0,210.0,False,,,,0.030715733837503978,,,,,,,,,,,,,,,,,,,,,,,,,,0.07973856228211879,,,,
212,2,150.0,240.0,False,,,,0.033952448386780194,,,,,,,,,,,,,,,,,,,,,,,,,,0.08223369937470562,,,,
213,2,150.0,270.0,False,,,,0.04724904678875934,,,,,,,,,,,,,,,,,,,,,,,,,,0.1709309700324606,,,,
214,2,150.0,300.0,False,,,,0.07143738799232405,,,,,,,,,,,,,,,,,,,,,,,,,,0.05316602966079215,,,,
215,2,150.0,330.0,False,,,,0.16049075232213916,,,,,,,,,,,,,,,,,,,,,,,,,,0.29994910675715813,,,,
216,2,180.0,0.0,False,,,,0.01954797933756766,,,,,,,,,,,,,,,,,,,,,,,,,,0.054318071930290396,,,,
217,2,180.0,30.0,False,,,,0.054366216492177835,,,,,,,,,,,,,,,,,,,,,,,,,,0.11497823281458094,,,,
218,2,180.0,60.0,False,,,,0.03649752331136048,,,,,,,,,,,,,,,,,,,,,,,,,,0.03470374719383462,,,,
219,2,180.0,90.0,False,,,,0.0233528658207327,,,,,,,,,,,,,,,,,,,,,,,,,,0.19125650694699092,,,,
220,2,180.0,120.0,False,,,,0.09688776699872524,,,,,,,,,,,,,,,,,,,,,,,,,,0.22917661073943274,,,,
221,2,180.0,150.0,False,,,,0.10377665793007415,,,,,,,,,,,,,,,,,,,,,,,,,,0.05205251955468986,,,,
222,2,180.0,180.0,True,,,,0.015391938816647823,,,,,,,,,,,,,,,,,,,,,,,,,,0.11406095670931529,,,,
223,2,180.0,210.0,False,,,,0.014434144680221972,,,,,,,,,,,,,,,,,,,,,,,,,,0.21285141404173957,,,,
224,2,180.0,240.0,False,,,,0.02125692106868427,,,,,,,,,,,,,,,,,,,,,,,,,,0.04503550419376825,,,,
225,2,180.0,270.0,False,,,,0.018373249108110924,,,,,,,,,,,,,,,,,,,,,,,,,,0.05765396958238806,,,,
226,2,180.0,300.0,False,,,,0.05305270302245456,,,,,,,,,,,,,,,,,,,,,,,,,,0.09445962579598122,,,,
227,2,180.0,330.0,False,,,,0.04191526837655782,,,,,,,,,,,,,,,,,,,,,,,,,,0.07253781355057096,,,,
228,2,210.0,0.0,False,,,,0.14267872241637913,,,,,,,,,,,,,,,,,,,,,,,,,,0.3102595710322268,,,,
229,2,210.0,30.0,False,,,,0.12828836416512002,,,,,,,,,,,,,,,,,,,,,,,,,,0.11476129753724909,,,,
230,2,210.0,60.0,False,,,,0.1404970704824975,,,,,,,,,,,,,,,,,,,,,,,,,,0.24202643723392628,,,,
231,2,210.0,90.0,False,,,,0.053000447952063996,,,,,,,,,,,,,,,,,,,,,,,,,,0.055442677956013056,,,,
232,2,210.0,120.0,False,,,,0.07538222198927726,,,,,,,,,,,,,,,,,,,,,,,,,,0.06052679736317178,,,,
233,2,210.0,150.0,False,,,,0.03912986332257557,,,,,,,,,,,,,,,,,,,,,,,,,,0.06920668036999271,,,,
234,2,210.0,180.0,False,,,,0.017382017903339424,,,,,,,,,,,,,,,,,,,,,,,,,,0.1225471177447193,,,,
235,2,210.0,210.0,True,,,,0.01996088863642269,,,,,,,,,,,,,,,,,,,,,,,,,,0.05333040718334673,,,,
236,2,210.0,240.0,False,,,,0.03813563604830299,,,,,,,,,,,,,,,,,,,,,,,,,,0.11658713647867414,,,,
237,2,210.0,270.0,False,,,,0.02059846001487757,,,,,,,,,,,,,,,,,,,,,,,,,,0.06252190531371131,,,,
238,2,210.0,300.0,False,,,,0.09295177472957414,,,,,,,,,,,,,,,,,,,,,,,,,,0.133213202872844,,,,
239,2,210.0,330.0,False,,,,0.07387567692809757,,,,,,,,,,,,,,,,,,,,,,,,,,0.22012406671323895,,,,
240,2,240.0,0.0,False,,,,0.08061537386395169,,,,,,,,,,,,,,,,,,,,,,,,,,0.08357982705964473,,,,
241,2,240.0,30.0,False,,,,0.08575464544480879,,,,,,,,,,,,,,,,,,,,,,,,,,0.04531661674102286,,,,
242,2,240.0,60.0,False,,,,0.0999280659458858,,,,,,,,,,,,,,,,,,,,,,,,,,0.10727706375896832,,,,
243,2,240.0,90.0,False,,,,0.15564205945201887,,,,,,,,,,,,,,,,,,,,,,,,,,0.36243198822277606,,,,
244,2,240.0,120.0,False,,,,0.05978361026565887,,,,,,,,,,,,,,,,,,,,,,,,,,0.11506302519481854,,,,
245,2,240.0,150.0,False,,,,0.06687243258501055,,,,,,,,,,,,,,,,,,,,,,,,,,0.07098567697310357,,,,
246,2,240.0,180.0,False,,,,0.051756790848247206,,,,,,,,,,,,,,,,,,,,,,,,,,0.08648060671669591,,,,
247,2,240.0,210.0,False,,,,0.056821398779150795,,,,,,,,,,,,,,,,,,,,,,,,,,0.24970010981908067,,,,
248,2,240.0,240.0,True,,,,0.0275618935493276,,,,,,,,,,,,,,,,,,,,,,,,,,0.10400708191439832,,,,
249,2,240.0,270.0,False,,,,0.024251435225960634,,,,,,,,,,,,,,,,,,,,,,,,,,0.1264372579531166,,,,
250,2,240.0,300.0,False,,,,0.029402903366615267,,,,,,,,,,,,,,,,,,,,,,,,,,0.19679951338704443,,,,
251,2,240.0,330.0,False,,,,0.07268576669996021,,,,,,,,,,,,,,,,,,,,,,,,,,0.1602984915295526,,,,
252,2,270.0,0.0,False,,,,0.02823644367450287,,,,,,,,,,,,,,,,,,,,,,,,,,0.22158294370271733,,,,
253,2,270.0,30.0,False,,,,0.0615011597793655,,,,,,,,,,,,,,,,,,,,,,,,,,0.379348631553754,,,,
254,2,270.0,60.0,False,,,,0.03316320939206063,,,,,,,,,,,,,,,,,,,,,,,,,,0.08351993504607384,,,,
255,2,270.0,90.0,False,,,,0.10755254627187352,,,,,,,,,,,,,,,,,,,,,,,,,,0.21348861750680242,,,,
256,2,270.0,120.0,False,,,,0.04603984889032943,,,,,,,,,,,,,,,,,,,,,,,,,,0.05448316961142103,,,,
257,2,270.0,150.0,False,,,,0.01669274729100135,,,,,,,,,,,,,,,,,,,,,,,,,,0.11506946819087926,,,,
258,2,270.0,180.0,False,,,,0.10751118703048464,,,,,,,,,,,,,,,,,,,,,,,,,,0.04674847192095929,,,,
259,2,270.0,210.0,False,,,,0.05439721497849459,,,,,,,,,,,,,,,,,,,,,,,,,,0.1255822515168805,,,,
260,2,270.0,240.0,False,,,,0.02631381760355248,,,,,,,,,,,,,,,,,,,,,,,,,,0.15647445319315068,,,,
261,2,270.0,270.0,True,,,,0.011331905250122988,,,,,,,,,,,,,,,,,,,,,,,,,,0.2419642344763593,,,,
262,2,270.0,300.0,False,,,,0.02908895198715279,,,,,,,,,,,,,,,,,,,,,,,,,,0.12667406673004594,,,,
263,2,270.0,330.0,False,,,,0.056726273495545126,,,,,,,,,,,,,,,,,,,,,,,,,,0.09700247911207271,,,,
264,2,300.0,0.0,False,,,,0.1000310849662735,,,,,,,,,,,,,,,,,,,,,,,,,,0.07412143570396085,,,,
265,2,300.0,30.0,False,,,,0.11450031788705173,,,,,,,,,,,,,,,,,,,,,,,,,,0.12032761233232322,,,,
266,2,300.0,60.0,False,,,,0.07229686155031682,,,,,,,,,,,,,,,,,,,,,,,,,,0.12141792649013448,,,,
267,2,300.0,90.0,False,,,,0.06854212710127985,,,,,,,,,,,,,,,,,,,,,,,,,,0.1585719075665086,,,,
268,2,300.0,120.0,False,,,,0.07761422668147822,,,,,,,,,,,,,,,,,,,,,,,,,,0.1121633721234184,,,,
269,2,300.0,150.0,False,,,,0.12451499654834143,,,,,,,,,,,,,,,,,,,,,,,,,,0.11325148483982689,,,,
270,2,300.0,180.0,False,,,,0.09262361104667524,,,,,,,,,,,,,,,,,,,,,,,,,,0.08641152361852053,,,,
271,2,300.0,210.0,False,,,,0.024097947907200202,,,,,,,,,,,,,,,,,,,,,,,,,,0.06804137113528003,,,,
272,2,300.0,240.0,False,,,,0.10889552798505392,,,,,,,,,,,,,,,,,,,,,,,,,,0.17172992449931684,,,,
273,2,300.0,270.0,False,,,,0.06280421397986435,,,,,,,,,,,,,,,,,,,,,,,,,,0.15277950612942554,,,,
274,2,300.0,300.0,True,,,,0.028035141423659166,,,,,,,,,,,,,,,,,,,,,,,,,,0.22428253938777612,,,,
275,2,300.0,330.0,False,,,,0.050427616495862276,,,,,,,,,,,,,,,,,,,,,,,,,,0.1106836898218051,,,,
276,2,330.0,0.0,False,,,,0.022469553613801027,,,,,,,,,,,,,,,,,,,,,,,,,,0.15584562972064686,,,,
277,2,330.0,30.0,False,,,,0.066533954864711,,,,,,,,,,,,,,,,,,,,,,,,,,0.09502208998347844,,,,
278,2,330.0,60.0,False,,,,0.06416899504143692,,,,,,,,,,,,,,,,,,,,,,,,,,0.06429984388247939,,,,
279,2,330.0,90.0,False,,,,0.07004606366856134,,,,,,,,,,,,,,,,,,,,,,,,,,0.09517132327851607,,,,
280,2,330.0,120.0,False,,,,0.04796382879753423,,,,,,,,,,,,,,,,,,,,,,,,,,0.07403335433724642,,,,
281,2,330.0,150.0,False,,,,0.03577094257693862,,,,,,,,,,,,,,,,,,,,,,,,,,0.1857013706776092,,,,
282,2,330.0,180.0,False,,,,0.17170150271192952,,,,,,,,,,,,,,,,,,,,,,,,,,0.16774246656258016,,,,
283,2,330.0,210.0,False,,,,0.03700393382429241,,,,,,,,,,,,,,,,,,,,,,,,,,0.13822708625690894,,,,
284,2,330.0,240.0,False,,,,0.06444124699582862,,,,,,,,,,,,,,,,,,,,,,,,,,0.11389490662254217,,,,
285,2,330.0,270.0,False,,,,0.03192455091624884,,,,,,,,,,,,,,,,,,,,,,,,,,0.10521962524327852,,,,
286,2,330.0,300.0,False,,,,0.022932925201289405,,,,,,,,,,,,,,,,,,,,,,,,,,0.13042448090011477,,,,
287,2,330.0,330.0,True,,,,0.02302974218714845,,,,,,,,,,,,,,,,,,,,,,,,,,0.14975852012637114,,,,
0,1,0.0,0.0,True,,,,0.047604551337610004,,,,,,,,,,,,,,,,,,,,,,,,,,,17.763264139296904,,,
1,1,0.0,30.0,False,,,,0.035918569794816044,,,,,,,,,,,,,,,,,,,,,,,,,,,17.615141950507464,,,
2,1,0.0,60.0,False,,,,0.04073578098814848,,,,,,,,,,,,,,,,,,,,,,,,,,,17.287137341230665,,,
3,1,0.0,90.0,False,,,,0.045693204823561595,,,,,,,,,,,,,,,,,,,,,,,,,,,15.441369309015801,,,
4,1,0.0,120.0,False,,,,0.03215360017960535,,,,,,,,,,,,,,,,,,,,,,,,,,,14.567566084394066,,,
5,1,0.0,150.0,False,,,,0.031732342497960406,,,,,,,,,,,,,,,,,,,,,,,,,,,15.204091269138743,,,
6,1,0.0,180.0,False,,,,0.02055961381814392,,,,,,,,,,,,,,,,,,,,,,,,,,,14.186479770444821,,,
7,1,0.0,210.0,False,,,,0.015260371827645992,,,,,,,,,,,,,,,,,,,,,,,,,,,15.436825425427495,,,
8,1,0.0,240.0,False,,,,0.033657048493241,,,,,,,,,,,,,,,,,,,,,,,,,,,14.703629150897983,,,
9,1,0.0,270.0,False,,,,0.029750396786416965,,,,,,,,,,,,,,,,,,,,,,,,,,,14.389373093008034,,,
10,1,0.0,300.0,False,,,,0.0409805956777248,,,,,,,,,,,,,,,,,,,,,,,,,,,15.9913294874078,,,
11,1,0.0,330.0,False,,,,0.04149797784094615,,,,,,,,,,,,,,,,,,,,,,,,,,,17.814401039170036,,,
12,1,30.0,0.0,False,,,,0.04799093054566285,,,,,,,,,,,,,,,,,,,,,,,,,,,17.73546552428528,,,
13,1,30.0,30.0,True,,,,0.028510427426813097,,,,,,,,,,,,,,,,,,,,,,,,,,,18.42075767628056,,,
14,1,30.0,60.0,False,,,,0.03573141858753781,,,,,,,,,,,,,,,,,,,,,,,,,,,18.286801078836458,,,
15,1,30.0,90.0,False,,,,0.04070927289900228,,,,,,,,,,,,,,,,,,,,,,,,,,,17.694702678211428,,,
16,1,30.0,120.0,False,,,,0.013893444915883381,,,,,,,,,,,,,,,,,,,,,,,,,,,15.623177603712762,,,
17,1,30.0,150.0,False,,,,0.014354182847143652,,,,,,,,,,,,,,,,,,,,,,,,,,,15.967478935849563,,,
18,1,30.0,180.0,False,,,,0.0178905746453686,,,,,,,,,,,,,,,,,,,,,,,,,,,16.11383416338268,,,
19,1,30.0,210.0,False,,,,0.020691198544948865,,,,,,,,,,,,,,,,,,,,,,,,,,,14.617864875466571,,,
20,1,30.0,240.0,False,,,,0.02264772844920274,,,,,,,,,,,,,,,,,,,,,,,,,,,15.978233520356019,,,
21,1,30.0,270.0,False,,,,0.02935735442469427,,,,,,,,,,,,,,,,,,,,,,,,,,,16.708322795545087,,,
22,1,30.0,300.0,False,,,,0.07403772606034631,,,,,,,,,,,,,,,,,,,,,,,,,,,16.75746598004651,,,
23,1,30.0,330.0,False,,,,0.043411020202611644,,,,,,,,,,,,,,,,,,,,,,,,,,,18.118103985356928,,,
24,1,60.0,0.0,False,,,,0.030280865392448456,,,,,,,,,,,,,,,,,,,,,,,,,,,16.608160501245933,,,
25,1,60.0,30.0,False,,,,0.03372694389184956,,,,,,,,,,,,,,,,,,,,,,,,,,,17.8951634438013,,,
26,1,60.0,60.0,True,,,,0.029470484074804314,,,,,,,,,,,,,,,,,,,,,,,,,,,16.710799641813733,,,
27,1,60.0,90.0,False,,,,0.021592723193835265,,,,,,,,,,,,,,,,,,,,,,,,,,,17.346568331119922,,,
28,1,60.0,120.0,False,,,,0.023449841224656664,,,,,,,,,,,,,,,,,,,,,,,,,,,16.41567305176037,,,
29,1,60.0,150.0,False,,,,0.018725433270348597,,,,,,,,,,,,,,,,,,,,,,,,,,,16.31674146103951,,,
30,1,60.0,180.0,False,,,,0.015033358920107237,,,,,,,,,,,,,,,,,,,,,,,,,,,16.009310939192503,,,
31,1,60.0,210.0,False,,,,0.038934262538156246,,,,,,,,,,,,,,,,,,,,,,,,,,,17.39802135909659,,,
32,1,60.0,240.0,False,,,,0.04527913573926753,,,,,,,,,,,,,,,,,,,,,,,,,,,15.64951401190261,,,
33,1,60.0,270.0,False,,,,0.03602722717524551,,,,,,,,,,,,,,,,,,,,,,,,,,,16.181055119620332,,,
34,1,60.0,300.0,False,,,,0.05870968505576937,,,,,,,,,,,,,,,,,,,,,,,,,,,16.884318250175863,,,
35,1,60.0,330.0,False,,,,0.04502019010277576,,,,,,,,,,,,,,,,,,,,,,,,,,,17.300615830695904,,,
36,1,90.0,0.0,False,,,,0.03572240506349695,,,,,,,,,,,,,,,,,,,,,,,,,,,18.626439330898776,,,
37,1,90.0,30.0,False,,,,0.024891104368195464,,,,,,,,,,,,,,,,,,,,,,,,,,,18.80629605497947,,,
38,1,90.0,60.0,False,,,,0.033946056818633594,,,,,,,,,,,,,,,,,,,,,,,,,,,17.794315579809656,,,
39,1,90.0,90.0,True,,,,0.038976828675542655,,,,,,,,,,,,,,,,,,,,,,,,,,,17.0727048688258,,,
40,1,90.0,120.0,False,,,,0.022106518309687902,,,,,,,,,,,,,,,,,,,,,,,,,,,15.97584809020291,,,
41,1,90.0,150.0,False,,,,0.026826104518456177,,,,,,,,,,,,,,,,,,,,,,,,,,,16.546210667117105,,,
42,1,90.0,180.0,False,,,,0.024416542718654594,,,,,,,,,,,,,,,,,,,,,,,,,,,15.106261050159066,,,
43,1,90.0,210.0,False,,,,0.05745769265720521,,,,,,,,,,,,,,,,,,,,,,,,,,,16.627984774383204,,,
44,1,90.0,240.0,False,,,,0.04812588882867924,,,,,,,,,,,,,,,,,,,,,,,,,,,16.666687380801406,,,
45,1,90.0,270.0,False,,,,0.04900912942516786,,,,,,,,,,,,,,,,,,,,,,,,,,,15.2046177088788,,,
46,1,90.0,300.0,False,,,,0.0471365370982868,,,,,,,,,,,,,,,,,,,,,,,,,,,14.660612673271615,,,
47,1,90.0,330.0,False,,,,0.030575759452279964,,,,,,,,,,,,,,,,,,,,,,,,,,,17.516897424222506,,,
48,1,120.0,0.0,False,,,,0.018929741231134778,,,,,,,,,,,,,,,,,,,,,,,,,,,18.820252585618608,,,
49,1,120.0,30.0,False,,,,0.011779117646922514,,,,,,,,,,,,,,,,,,,,,,,,,,,19.515818939579148,,,
50,1,120.0,60.0,False,,,,0.013813244802418887,,,,,,,,,,,,,,,,,,,,,,,,,,,17.667026859205528,,,
51,1,120.0,90.0,False,,,,0.02621784465999849,,,,,,,,,,,,,,,,,,,,,,,,,,,17.172994769554826,,,
52,1,120.0,120.0,True,,,,0.022441159774425647,,,,,,,,,,,,,,,,,,,,,,,,,,,15.82946041409819,,,
53,1,120.0,150.0,False,,,,0.024502937655708906,,,,,,,,,,,,,,,,,,,,,,,,,,,14.430112697809651,,,
54,1,120.0,180.0,False,,,,0.027043816258587833,,,,,,,,,,,,,,,,,,,,,,,,,,,14.995844400210897,,,
55,1,120.0,210.0,False,,,,0.04437364925150443,,,,,,,,,,,,,,,,,,,,,,,,,,,14.999088409051058,,,
56,1,120.0,240.0,False,,,,0.06116887106940665,,,,,,,,,,,,,,,,,,,,,,,,,,,15.997904884006038,,,
57,1,120.0,270.0,False,,,,0.048243922543196524,,,,,,,,,,,,,,,,,,,,,,,,,,,14.866302194554143,,,
58,1,120.0,300.0,False,,,,0.03636617103553613,,,,,,,,,,,,,,,,,,,,,,,,,,,16.74110841540876,,,
59,1,120.0,330.0,False,,,,0.03458759770751357,,,,,,,,,,,,,,,,,,,,,,,,,,,17.74875626549569,,,
60,1,150.0,0.0,False,,,,0.0181069436550163,,,,,,,,,,,,,,,,,,,,,,,,,,,19.06865736461944,,,
61,1,150.0,30.0,False,,,,0.01736620041098344,,,,,,,,,,,,,,,,,,,,,,,,,,,19.849977740763713,,,
62,1,150.0,60.0,False,,,,0.03304872483273385,,,,,,,,,,,,,,,,,,,,,,,,,,,17.523114687441762,,,
63,1,150.0,90.0,False,,,,0.02997084678376391,,,,,,,,,,,,,,,,,,,,,,,,,,,18.801761541451278,,,
64,1,150.0,120.0,False,,,,0.02064343266433548,,,,,,,,,,,,,,,,,,,,,,,,,,,16.962971563099664,,,
65,1,150.0,150.0,True,,,,0.023850174089359584,,,,,,,,,,,,,,,,,,,,,,,,,,,16.094005417899652,,,
66,1,150.0,180.0,False,,,,0.02921488235027716,,,,,,,,,,,,,,,,,,,,,,,,,,,15.979101691158078,,,
67,1,150.0,210.0,False,,,,0.04614578154989116,,,,,,,,,,,,,,,,,,,,,,,,,,,13.928303661869146,,,
68,1,150.0,240.0,False,,,,0.0221215039994193,,,,,,,,,,,,,,,,,,,,,,,,,,,15.310295984348741,,,
69,1,150.0,270.0,False,,,,0.019055959195902673,,,,,,,,,,,,,,,,,,,,,,,,,,,15.642506097638318,,,
70,1,150.0,300.0,False,,,,0.0207262926552477,,,,,,,,,,,,,,,,,,,,,,,,,,,16.99978321778743,,,
71,1,150.0,330.0,False,,,,0.03650888452414554,,,,,,,,,,,,,,,,,,,,,,,,,,,19.052187421165105,,,
72,1,180.0,0.0,False,,,,0.01461179449017067,,,,,,,,,,,,,,,,,,,,,,,,,,,18.79413884936803,,,
73,1,180.0,30.0,False,,,,0.019639339582721932,,,,,,,,,,,,,,,,,,,,,,,,,,,18.727858233251904,,,
74,1,180.0,60.0,False,,,,0.025006642684233187,,,,,,,,,,,,,,,,,,,,,,,,,,,19.39603441871694,,,
75,1,180.0,90.0,False,,,,0.033602333813929665,,,,,,,,,,,,,,,,,,,,,,,,,,,19.200850484042007,,,
76,1,180.0,120.0,False,,,,0.03739125093489519,,,,,,,,,,,,,,,,,,,,,,,,,,,16.742201176445356,,,
77,1,180.0,150.0,False,,,,0.024427203571218907,,,,,,,,,,,,,,,,,,,,,,,,,,,17.393503657847262,,,
78,1,180.0,180.0,True,,,,0.015724044340473867,,,,,,,,,,,,,,,,,,,,,,,,,,,15.888414043148316,,,
79,1,180.0,210.0,False,,,,0.029776768857512768,,,,,,,,,,,,,,,,,,,,,,,,,,,15.872914611107154,,,
80,1,180.0,240.0,False,,,,0.018179246304045917,,,,,,,,,,,,,,,,,,,,,,,,,,,14.235178593410065,,,
81,1,180.0,270.0,False,,,,0.024974858600870422,,,,,,,,,,,,,,,,,,,,,,,,,,,15.163775130086764,,,
82,1,180.0,300.0,False,,,,0.03922950166366351,,,,,,,,,,,,,,,,,,,,,,,,,,,17.121800274994314,,,
83,1,180.0,330.0,False,,,,0.024583609949306848,,,,,,,,,,,,,,,,,,,,,,,,,,,18.55653844908921,,,
84,1,210.0,0.0,False,,,,0.01741056250715447,,,,,,,,,,,,,,,,,,,,,,,,,,,18.662387601537485,,,
85,1,210.0,30.0,False,,,,0.02883246628429218,,,,,,,,,,,,,,,,,,,,,,,,,,,19.65457929408658,,,
86,1,210.0,60.0,False,,,,0.027302685295881153,,,,,,,,,,,,,,,,,,,,,,,,,,,18.966093740749976,,,
87,1,210.0,90.0,False,,,,0.027249982500898697,,,,,,,,,,,,,,,,,,,,,,,,,,,19.305518327349937,,,
88,1,210.0,120.0,False,,,,0.06480322438034883,,,,,,,,,,,,,,,,,,,,,,,,,,,18.936524819270463,,,
89,1,210.0,150.0,False,,,,0.052112820674327404,,,,,,,,,,,,,,,,,,,,,,,,,,,17.04143524466229,,,
90,1,210.0,180.0,False,,,,0.030523121780666677,,,,,,,,,,,,,,,,,,,,,,,,,,,16.401546493916648,,,
91,1,210.0,210.0,True,,,,0.037044262863108,,,,,,,,,,,,,,,,,,,,,,,,,,,15.061291307042874,,,
92,1,210.0,240.0,False,,,,0.0289182075024322,,,,,,,,,,,,,,,,,,,,,,,,,,,14.129678877704398,,,
93,1,210.0,270.0,False,,,,0.024621135868847045,,,,,,,,,,,,,,,,,,,,,,,,,,,16.573857392829424,,,
94,1,210.0,300.0,False,,,,0.02758868948643617,,,,,,,,,,,,,,,,,,,,,,,,,,,16.115725421310202,,,
95,1,210.0,330.0,False,,,,0.01474170796527493,,,,,,,,,,,,,,,,,,,,,,,,,,,17.37767356404334,,,
96,1,240.0,0.0,False,,,,0.022395013714228463,,,,,,,,,,,,,,,,,,,,,,,,,,,20.084126605204794,,,
97,1,240.0,30.0,False,,,,0.03048067026036214,,,,,,,,,,,,,,,,,,,,,,,,,,,18.49768559630524,,,
98,1,240.0,60.0,False,,,,0.03159805002615579,,,,,,,,,,,,,,,,,,,,,,,,,,,18.078063006989158,,,
99,1,240.0,90.0,False,,,,0.13173313220943036,,,,,,,,,,,,,,,,,,,,,,,,,,,18.883242677051697,,,
100,1,240.0,120.0,False,,,,0.04532328110568386,,,,,,,,,,,,,,,,,,,,,,,,,,,16.986099991568995,,,
101,1,240.0,150.0,False,,,,0.024553924131631488,,,,,,,,,,,,,,,,,,,,,,,,,,,17.404296055176378,,,
102,1,240.0,180.0,False,,,,0.030952269497772078,,,,,,,,,,,,,,,,,,,,,,,,,,,16.19494100537748,,,
103,1,240.0,210.0,False,,,,0.028200352979313,,,,,,,,,,,,,,,,,,,,,,,,,,,15.704946394153744,,,
104,1,240.0,240.0,True,,,,0.03062492201040949,,,,,,,,,,,,,,,,,,,,,,,,,,,12.993591262176523,,,
105,1,240.0,270.0,False,,,,0.04030344163263361,,,,,,,,,,,,,,,,,,,,,,,,,,,13.25047337422701,,,
106,1,240.0,300.0,False,,,,0.020443136427074834,,,,,,,,,,,,,,,,,,,,,,,,,,,15.1979060012933,,,
107,1,240.0,330.0,False,,,,0.017510984151770905,,,,,,,,,,,,,,,,,,,,,,,,,,,18.613486559482865,,,
108,1,270.0,0.0,False,,,,0.022413301599714445,,,,,,,,,,,,,,,,,,,,,,,,,,,18.10227434023023,,,
109,1,270.0,30.0,False,,,,0.02304688164114415,,,,,,,,,,,,,,,,,,,,,,,,,,,18.755462286940684,,,
110,1,270.0,60.0,False,,,,0.05920754464895245,,,,,,,,,,,,,,,,,,,,,,,,,,,17.59971407962879,,,
111,1,270.0,90.0,False,,,,0.14681364944696365,,,,,,,,,,,,,,,,,,,,,,,,,,,15.828174265656163,,,
112,1,270.0,120.0,False,,,,0.056603790863413925,,,,,,,,,,,,,,,,,,,,,,,,,,,16.482374464905835,,,
113,1,270.0,150.0,False,,,,0.022352159083345896,,,,,,,,,,,,,,,,,,,,,,,,,,,15.304036349498137,,,
114,1,270.0,180.0,False,,,,0.03361989259683501,,,,,,,,,,,,,,,,,,,,,,,,,,,14.141809596129331,,,
115,1,270.0,210.0,False,,,,0.025207734826356125,,,,,,,,,,,,,,,,,,,,,,,,,,,12.743430511361565,,,
116,1,270.0,240.0,False,,,,0.025667789210044322,,,,,,,,,,,,,,,,,,,,,,,,,,,12.302252633257584,,,
117,1,270.0,270.0,True,,,,0.020505542685914206,,,,,,,,,,,,,,,,,,,,,,,,,,,12.282128875608924,,,
118,1,270.0,300.0,False,,,,0.04497750510492536,,,,,,,,,,,,,,,,,,,,,,,,,,,14.67147337529177,,,
119,1,270.0,330.0,False,,,,0.03080868037685547,,,,,,,,,,,,,,,,,,,,,,,,,,,18.288433163567,,,
120,1,300.0,0.0,False,,,,0.06982260841239014,,,,,,,,,,,,,,,,,,,,,,,,,,,18.0656389827897,,,
121,1,300.0,30.0,False,,,,0.06355364857561055,,,,,,,,,,,,,,,,,,,,,,,,,,,16.564550578650465,,,
122,1,300.0,60.0,False,,,,0.0330948548612258,,,,,,,,,,,,,,,,,,,,,,,,,,,18.290470771565523,,,
123,1,300.0,90.0,False,,,,0.058397053253983595,,,,,,,,,,,,,,,,,,,,,,,,,,,17.857965946404754,,,
124,1,300.0,120.0,False,,,,0.020773978317753204,,,,,,,,,,,,,,,,,,,,,,,,,,,15.937974138133507,,,
125,1,300.0,150.0,False,,,,0.021706586066789466,,,,,,,,,,,,,,,,,,,,,,,,,,,14.687319227904645,,,
126,1,300.0,180.0,False,,,,0.017697750422774106,,,,,,,,,,,,,,,,,,,,,,,,,,,12.712072341723655,,,
127,1,300.0,210.0,False,,,,0.014587447506741902,,,,,,,,,,,,,,,,,,,,,,,,,,,11.162488621308533,,,
128,1,300.0,240.0,False,,,,0.03722495711990215,,,,,,,,,,,,,,,,,,,,,,,,,,,12.088276131690867,,,
129,1,300.0,270.0,False,,,,0.023093152065692436,,,,,,,,,,,,,,,,,,,,,,,,,,,11.922575803542568,,,
130,1,300.0,300.0,True,,,,0.026402849803636545,,,,,,,,,,,,,,,,,,,,,,,,,,,14.283179352705568,,,
131,1,300.0,330.0,False,,,,0.015608328295299265,,,,,,,,,,,,,,,,,,,,,,,,,,,16.003518430435925,,,
132,1,330.0,0.0,False,,,,0.03327677888210226,,,,,,,,,,,,,,,,,,,,,,,,,,,18.603662646196497,,,
133,1,330.0,30.0,False,,,,0.07644723274381598,,,,,,,,,,,,,,,,,,,,,,,,,,,17.348863572489854,,,
134,1,330.0,60.0,False,,,,0.028533019428802816,,,,,,,,,,,,,,,,,,,,,,,,,,,15.973356352145757,,,
135,1,330.0,90.0,False,,,,0.020445406491726974,,,,,,,,,,,,,,,,,,,,,,,,,,,16.746398393973195,,,
136,1,330.0,120.0,False,,,,0.01833452071907636,,,,,,,,,,,,,,,,,,,,,,,,,,,16.0163510408452,,,
137,1,330.0,150.0,False,,,,0.057360224276131785,,,,,,,,,,,,,,,,,,,,,,,,,,,13.926004282869007,,,
138,1,330.0,180.0,False,,,,0.023837156187419644,,,,,,,,,,,,,,,,,,,,,,,,,,,11.56822193449959,,,
139,1,330.0,210.0,False,,,,0.04377624099912091,,,,,,,,,,,,,,,,,,,,,,,,,,,12.257271203931893,,,
140,1,330.0,240.0,False,,,,0.02843059227507183,,,,,,,,,,,,,,,,,,,,,,,,,,,13.877431700294572,,,
141,1,330.0,270.0,False,,,,0.03929462850415942,,,,,,,,,,,,,,,,,,,,,,,,,,,12.890842256001001,,,
142,1,330.0,300.0,False,,,,0.0167861680696704,,,,,,,,,,,,,,,,,,,,,,,,,,,12.918537115776012,,,
143,1,330.0,330.0,True,,,,0.02595290674060356,,,,,,,,,,,,,,,,,,,,,,,,,,,16.62472748806183,,,
144,2,0.0,0.0,True,,,,0.025856449145510954,,,,,,,,,,,,,,,,,,,,,,,,,,,14.456649098087908,,,
145,2,0.0,30.0,False,,,,0.026423819923021927,,,,,,,,,,,,,,,,,,,,,,,,,,,13.655318432281057,,,
146,2,0.0,60.0,False,,,,0.036667241430248944,,,,,,,,,,,,,,,,,,,,,,,,,,,12.698535883267379,,,
147,2,0.0,90.0,False,,,,0.03321481252454141,,,,,,,,,,,,,,,,,,,,,,,,,,,7.19151520426494,,,
148,2,0.0,120.0,False,,,,0.025612871451696183,,,,,,,,,,,,,,,,,,,,,,,,,,,6.018534079491596,,,
149,2,0.0,150.0,False,,,,0.02271298006964295,,,,,,,,,,,,,,,,,,,,,,,,,,,6.882497461102231,,,
150,2,0.0,180.0,False,,,,0.0262190422345124,,,,,,,,,,,,,,,,,,,,,,,,,,,7.301731743738366,,,
151,2,0.0,210.0,False,,,,0.0168924094998332,,,,,,,,,,,,,,,,,,,,,,,,,,,5.773430790425721,,,
152,2,0.0,240.0,False,,,,0.01659978204740311,,,,,,,,,,,,,,,,,,,,,,,,,,,4.466906963685014,,,
153,2,0.0,270.0,False,,,,0.03737970920951275,,,,,,,,,,,,,,,,,,,,,,,,,,,4.363700157234735,,,
154,2,0.0,300.0,False,,,,0.05557605926214801,,,,,,,,,,,,,,,,,,,,,,,,,,,12.279621133216608,,,
155,2,0.0,330.0,False,,,,0.06354916701598459,,,,,,,,,,,,,,,,,,,,,,,,,,,16.994918539217316,,,
156,2,30.0,0.0,False,,,,0.03356357752069078,,,,,,,,,,,,,,,,,,,,,,,,,,,13.840876278943199,,,
157,2,30.0,30.0,True,,,,0.04260851344988223,,,,,,,,,,,,,,,,,,,,,,,,,,,13.652456912897886,,,
158,2,30.0,60.0,False,,,,0.05635916006416061,,,,,,,,,,,,,,,,,,,,,,,,,,,11.656903263717158,,,
159,2,30.0,90.0,False,,,,0.015868495652569987,,,,,,,,,,,,,,,,,,,,,,,,,,,9.414467422630713,,,
160,2,30.0,120.0,False,,,,0.01572240423024409,,,,,,,,,,,,,,,,,,,,,,,,,,,8.081944134506758,,,
161,2,30.0,150.0,False,,,,0.011493549687933584,,,,,,,,,,,,,,,,,,,,,,,,,,,7.612557276123745,,,
162,2,30.0,180.0,False,,,,0.015766636996877657,,,,,,,,,,,,,,,,,,,,,,,,,,,7.0896005195658685,,,
163,2,30.0,210.0,False,,,,0.01939641919217231,,,,,,,,,,,,,,,,,,,,,,,,,,,7.603365382779115,,,
164,2,30.0,240.0,False,,,,0.027512394909196124,,,,,,,,,,,,,,,,,,,,,,,,,,,8.802292189375528,,,
165,2,30.0,270.0,False,,,,0.03844596641090135,,,,,,,,,,,,,,,,,,,,,,,,,,,6.959808277189372,,,
166,2,30.0,300.0,False,,,,0.029172400210334556,,,,,,,,,,,,,,,,,,,,,,,,,,,13.57681884424955,,,
167,2,30.0,330.0,False,,,,0.031153480197020543,,,,,,,,,,,,,,,,,,,,,,,,,,,16.13673240190222,,,
168,2,60.0,0.0,False,,,,0.020155541305808468,,,,,,,,,,,,,,,,,,,,,,,,,,,14.595903988706866,,,
169,2,60.0,30.0,False,,,,0.019872423426127266,,,,,,,,,,,,,,,,,,,,,,,,,,,12.048790252519918,,,
170,2,60.0,60.0,True,,,,0.03603952721235339,,,,,,,,,,,,,,,,,,,,,,,,,,,14.108404701057452,,,
171,2,60.0,90.0,False,,,,0.01871001181639569,,,,,,,,,,,,,,,,,,,,,,,,,,,7.7766494584014225,,,
172,2,60.0,120.0,False,,,,0.028029695033091377,,,,,,,,,,,,,,,,,,,,,,,,,,,7.476429574759457,,,
173,2,60.0,150.0,False,,,,0.01573368370963924,,,,,,,,,,,,,,,,,,,,,,,,,,,6.918530674805265,,,
174,2,60.0,180.0,False,,,,0.019492654337899762,,,,,,,,,,,,,,,,,,,,,,,,,,,5.343304553147281,,,
175,2,60.0,210.0,False,,,,0.02649312364195874,,,,,,,,,,,,,,,,,,,,,,,,,,,6.180428865990319,,,
176,2,60.0,240.0,False,,,,0.05545046471457193,,,,,,,,,,,,,,,,,,,,,,,,,,,7.562207269016415,,,
177,2,60.0,270.0,False,,,,0.049456687315124974,,,,,,,,,,,,,,,,,,,,,,,,,,,7.079138299095311,,,
178,2,60.0,300.0,False,,,,0.04709510701772013,,,,,,,,,,,,,,,,,,,,,,,,,,,12.13475593792987,,,
179,2,60.0,330.0,False,,,,0.06067155917557324,,,,,,,,,,,,,,,,,,,,,,,,,,,15.523864876666044,,,
180,2,90.0,0.0,False,,,,0.0335943031221524,,,,,,,,,,,,,,,,,,,,,,,,,,,11.515027704705219,,,
181,2,90.0,30.0,False,,,,0.029047422717146592,,,,,,,,,,,,,,,,,,,,,,,,,,,12.789012913699157,,,
182,2,90.0,60.0,False,,,,0.022265529846874355,,,,,,,,,,,,,,,,,,,,,,,,,,,14.136417125734472,,,
183,2,90.0,90.0,True,,,,0.024419245313395725,,,,,,,,,,,,,,,,,,,,,,,,,,,9.083223437934173,,,
184,2,90.0,120.0,False,,,,0.018617079423223395,,,,,,,,,,,,,,,,,,,,,,,,,,,9.390406498179548,,,
185,2,90.0,150.0,False,,,,0.01826716464632336,,,,,,,,,,,,,,,,,,,,,,,,,,,8.29321375384198,,,
186,2,90.0,180.0,False,,,,0.034836090247264105,,,,,,,,,,,,,,,,,,,,,,,,,,,6.1641538202645325,,,
187,2,90.0,210.0,False,,,,0.050577926209758844,,,,,,,,,,,,,,,,,,,,,,,,,,,6.958391161909363,,,
188,2,90.0,240.0,False,,,,0.05310340035405625,,,,,,,,,,,,,,,,,,,,,,,,,,,7.745676775477209,,,
189,2,90.0,270.0,False,,,,0.11478778234511217,,,,,,,,,,,,,,,,,,,,,,,,,,,5.003006363572124,,,
190,2,90.0,300.0,False,,,,0.03053444007092418,,,,,,,,,,,,,,,,,,,,,,,,,,,7.065759862453776,,,
191,2,90.0,330.0,False,,,,0.026207601013195626,,,,,,,,,,,,,,,,,,,,,,,,,,,10.743217330710367,,,
192,2,120.0,0.0,False,,,,0.029794775951715098,,,,,,,,,,,,,,,,,,,,,,,,,,,12.437001302157451,,,
193,2,120.0,30.0,False,,,,0.01647527693833977,,,,,,,,,,,,,,,,,,,,,,,,,,,14.538212647954488,,,
194,2,120.0,60.0,False,,,,0.021938537546552197,,,,,,,,,,,,,,,,,,,,,,,,,,,9.794729445433187,,,
195,2,120.0,90.0,False,,,,0.01536372645504389,,,,,,,,,,,,,,,,,,,,,,,,,,,10.55142718622282,,,
196,2,120.0,120.0,True,,,,0.018654114773763334,,,,,,,,,,,,,,,,,,,,,,,,,,,10.895592110168366,,,
197,2,120.0,150.0,False,,,,0.01345610889892086,,,,,,,,,,,,,,,,,,,,,,,,,,,12.300574567246256,,,
198,2,120.0,180.0,False,,,,0.02963522027220207,,,,,,,,,,,,,,,,,,,,,,,,,,,9.731589974036961,,,
199,2,120.0,210.0,False,,,,0.058884113204732386,,,,,,,,,,,,,,,,,,,,,,,,,,,9.643900206924581,,,
200,2,120.0,240.0,False,,,,0.13297221006810425,,,,,,,,,,,,,,,,,,,,,,,,,,,5.153442813654349,,,
201,2,120.0,270.0,False,,,,0.04236880214668068,,,,,,,,,,,,,,,,,,,,,,,,,,,2.9550293287603777,,,
202,2,120.0,300.0,False,,,,0.041379208789376544,,,,,,,,,,,,,,,,,,,,,,,,,,,6.577308437586262,,,
203,2,120.0,330.0,False,,,,0.029610103263235238,,,,,,,,,,,,,,,,,,,,,,,,,,,10.82455609617363,,,
204,2,150.0,0.0,False,,,,0.019285428086546992,,,,,,,,,,,,,,,,,,,,,,,,,,,7.907657931842019,,,
205,2,150.0,30.0,False,,,,0.013458548231074875,,,,,,,,,,,,,,,,,,,,,,,,,,,11.24532873495604,,,
206,2,150.0,60.0,False,,,,0.023028105216445185,,,,,,,,,,,,,,,,,,,,,,,,,,,9.798936331557329,,,
207,2,150.0,90.0,False,,,,0.019212104872165417,,,,,,,,,,,,,,,,,,,,,,,,,,,9.952393050308842,,,
208,2,150.0,120.0,False,,,,0.025421992870798084,,,,,,,,,,,,,,,,,,,,,,,,,,,11.841964376234676,,,
209,2,150.0,150.0,True,,,,0.020912439204012208,,,,,,,,,,,,,,,,,,,,,,,,,,,14.18690401854115,,,
210,2,150.0,180.0,False,,,,0.05001345592358054,,,,,,,,,,,,,,,,,,,,,,,,,,,11.384524219416178,,,
211,2,150.0,210.0,False,,,,0.030615766252002786,,,,,,,,,,,,,,,,,,,,,,,,,,,4.740047754424561,,,
212,2,150.0,240.0,False,,,,0.05358911495352757,,,,,,,,,,,,,,,,,,,,,,,,,,,3.1956811704499506,,,
213,2,150.0,270.0,False,,,,0.033949385944853416,,,,,,,,,,,,,,,,,,,,,,,,,,,4.033689016022564,,,
214,2,150.0,300.0,False,,,,0.0197005097049089,,,,,,,,,,,,,,,,,,,,,,,,,,,6.21678597521728,,,
215,2,150.0,330.0,False,,,,0.030017579420367566,,,,,,,,,,,,,,,,,,,,,,,,,,,11.143846132299611,,,
216,2,180.0,0.0,False,,,,0.017786957129232388,,,,,,,,,,,,,,,,,,,,,,,,,,,8.632201694054022,,,
217,2,180.0,30.0,False,,,,0.016189648387392085,,,,,,,,,,,,,,,,,,,,,,,,,,,9.739581164765184,,,
218,2,180.0,60.0,False,,,,0.017502274376466544,,,,,,,,,,,,,,,,,,,,,,,,,,,9.900039778032175,,,
219,2,180.0,90.0,False,,,,0.027967041450794865,,,,,,,,,,,,,,,,,,,,,,,,,,,6.715359013258047,,,
220,2,180.0,120.0,False,,,,0.024516074845827712,,,,,,,,,,,,,,,,,,,,,,,,,,,9.04835265692107,,,
221,2,180.0,150.0,False,,,,0.03431387813451615,,,,,,,,,,,,,,,,,,,,,,,,,,,10.46808719106891,,,
222,2,180.0,180.0,True,,,,0.027346155226676334,,,,,,,,,,,,,,,,,,,,,,,,,,,6.395441926187594,,,
223,2,180.0,210.0,False,,,,0.02876710954828998,,,,,,,,,,,,,,,,,,,,,,,,,,,3.584680540286935,,,
224,2,180.0,240.0,False,,,,0.030075299485151134,,,,,,,,,,,,,,,,,,,,,,,,,,,3.299488331037926,,,
225,2,180.0,270.0,False,,,,0.020540559130334923,,,,,,,,,,,,,,,,,,,,,,,,,,,4.549143606082929,,,
226,2,180.0,300.0,False,,,,0.026137668135719286,,,,,,,,,,,,,,,,,,,,,,,,,,,7.0100672987811015,,,
227,2,180.0,330.0,False,,,,0.023510691292492315,,,,,,,,,,,,,,,,,,,,,,,,,,,11.580013913003793,,,
228,2,210.0,0.0,False,,,,0.015021377728149462,,,,,,,,,,,,,,,,,,,,,,,,,,,10.241842188337632,,,
229,2,210.0,30.0,False,,,,0.02095116495273599,,,,,,,,,,,,,,,,,,,,,,,,,,,11.073045896140464,,,
230,2,210.0,60.0,False,,,,0.01398884827079782,,,,,,,,,,,,,,,,,,,,,,,,,,,10.000912188256352,,,
231,2,210.0,90.0,False,,,,0.022803108276717308,,,,,,,,,,,,,,,,,,,,,,,,,,,7.606895616895318,,,
232,2,210.0,120.0,False,,,,0.04301400984845946,,,,,,,,,,,,,,,,,,,,,,,,,,,8.279190609151634,,,
233,2,210.0,150.0,False,,,,0.0329742664838216,,,,,,,,,,,,,,,,,,,,,,,,,,,6.305501138998725,,,
234,2,210.0,180.0,False,,,,0.04893280782369065,,,,,,,,,,,,,,,,,,,,,,,,,,,4.575908878511674,,,
235,2,210.0,210.0,True,,,,0.03643645968911694,,,,,,,,,,,,,,,,,,,,,,,,,,,3.724593766532237,,,
236,2,210.0,240.0,False,,,,0.028611513541705463,,,,,,,,,,,,,,,,,,,,,,,,,,,3.622163962255868,,,
237,2,210.0,270.0,False,,,,0.01776495807935229,,,,,,,,,,,,,,,,,,,,,,,,,,,5.355865874491029,,,
238,2,210.0,300.0,False,,,,0.026269315717280237,,,,,,,,,,,,,,,,,,,,,,,,,,,11.01129902440608,,,
239,2,210.0,330.0,False,,,,0.01524521158446817,,,,,,,,,,,,,,,,,,,,,,,,,,,10.31677857859212,,,
240,2,240.0,0.0,False,,,,0.024350568411226087,,,,,,,,,,,,,,,,,,,,,,,,,,,11.143825266542182,,,
241,2,240.0,30.0,False,,,,0.030595224316266118,,,,,,,,,,,,,,,,,,,,,,,,,,,10.891821329763804,,,
242,2,240.0,60.0,False,,,,0.0495229386077079,,,,,,,,,,,,,,,,,,,,,,,,,,,11.56755137339562,,,
243,2,240.0,90.0,False,,,,0.030832498328169207,,,,,,,,,,,,,,,,,,,,,,,,,,,9.029565137146703,,,
244,2,240.0,120.0,False,,,,0.09183588719958091,,,,,,,,,,,,,,,,,,,,,,,,,,,8.754999053562052,,,
245,2,240.0,150.0,False,,,,0.034717013452305774,,,,,,,,,,,,,,,,,,,,,,,,,,,5.964588286055459,,,
246,2,240.0,180.0,False,,,,0.029205270474858727,,,,,,,,,,,,,,,,,,,,,,,,,,,4.254912864195062,,,
247,2,240.0,210.0,False,,,,0.026402479622374492,,,,,,,,,,,,,,,,,,,,,,,,,,,3.6085418187964864,,,
248,2,240.0,240.0,True,,,,0.0329925387803819,,,,,,,,,,,,,,,,,,,,,,,,,,,3.959076017063845,,,
249,2,240.0,270.0,False,,,,0.024781939158840787,,,,,,,,,,,,,,,,,,,,,,,,,,,4.953127908297713,,,
250,2,240.0,300.0,False,,,,0.039391992800114614,,,,,,,,,,,,,,,,,,,,,,,,,,,10.463976225777001,,,
251,2,240.0,330.0,False,,,,0.017280272926489648,,,,,,,,,,,,,,,,,,,,,,,,,,,10.51415270931453,,,
252,2,270.0,0.0,False,,,,0.017725345156637203,,,,,,,,,,,,,,,,,,,,,,,,,,,11.8134430894125,,,
253,2,270.0,30.0,False,,,,0.0224722163737433,,,,,,,,,,,,,,,,,,,,,,,,,,,11.944475365067433,,,
254,2,270.0,60.0,False,,,,0.035027108656101216,,,,,,,,,,,,,,,,,,,,,,,,,,,10.262374432434559,,,
255,2,270.0,90.0,False,,,,0.06427131811272505,,,,,,,,,,,,,,,,,,,,,,,,,,,11.491058619585985,,,
256,2,270.0,120.0,False,,,,0.03482370051218446,,,,,,,,,,,,,,,,,,,,,,,,,,,11.48454415780231,,,
257,2,270.0,150.0,False,,,,0.029524003686385417,,,,,,,,,,,,,,,,,,,,,,,,,,,7.012330471002167,,,
258,2,270.0,180.0,False,,,,0.020126422572921517,,,,,,,,,,,,,,,,,,,,,,,,,,,4.801981742762644,,,
259,2,270.0,210.0,False,,,,0.026581583556389718,,,,,,,,,,,,,,,,,,,,,,,,,,,3.849351064369298,,,
260,2,270.0,240.0,False,,,,0.022340206797409508,,,,,,,,,,,,,,,,,,,,,,,,,,,3.51270098249371,,,
261,2,270.0,270.0,True,,,,0.021701843633383875,,,,,,,,,,,,,,,,,,,,,,,,,,,4.894967539900552,,,
262,2,270.0,300.0,False,,,,0.02936227157216171,,,,,,,,,,,,,,,,,,,,,,,,,,,10.623770934536612,,,
263,2,270.0,330.0,False,,,,0.0168420035129348,,,,,,,,,,,,,,,,,,,,,,,,,,,14.009746034810842,,,
264,2,300.0,0.0,False,,,,0.045397002343728746,,,,,,,,,,,,,,,,,,,,,,,,,,,12.833875001535109,,,
265,2,300.0,30.0,False,,,,0.03911318537731055,,,,,,,,,,,,,,,,,,,,,,,,,,,12.188136880436353,,,
266,2,300.0,60.0,False,,,,0.041285012284814675,,,,,,,,,,,,,,,,,,,,,,,,,,,11.645262000033519,,,
267,2,300.0,90.0,False,,,,0.034364501904731934,,,,,,,,,,,,,,,,,,,,,,,,,,,14.555483482423787,,,
268,2,300.0,120.0,False,,,,0.03174072455153893,,,,,,,,,,,,,,,,,,,,,,,,,,,10.424793715435856,,,
269,2,300.0,150.0,False,,,,0.016806575367558862,,,,,,,,,,,,,,,,,,,,,,,,,,,6.35236385572407,,,
270,2,300.0,180.0,False,,,,0.02718059236466573,,,,,,,,,,,,,,,,,,,,,,,,,,,4.595367403225229,,,
271,2,300.0,210.0,False,,,,0.02716560816695143,,,,,,,,,,,,,,,,,,,,,,,,,,,3.9994640107261703,,,
272,2,300.0,240.0,False,,,,0.019673864781764645,,,,,,,,,,,,,,,,,,,,,,,,,,,4.074417687917512,,,
273,2,300.0,270.0,False,,,,0.027455278275319284,,,,,,,,,,,,,,,,,,,,,,,,,,,4.9784614517360675,,,
274,2,300.0,300.0,True,,,,0.037121539549148014,,,,,,,,,,,,,,,,,,,,,,,,,,,13.920929120871623,,,
275,2,300.0,330.0,False,,,,0.015159128488122042,,,,,,,,,,,,,,,,,,,,,,,,,,,14.98241959870823,,,
276,2,330.0,0.0,False,,,,0.030815638148399147,,,,,,,,,,,,,,,,,,,,,,,,,,,14.353222730487667,,,
277,2,330.0,30.0,False,,,,0.04040630254024345,,,,,,,,,,,,,,,,,,,,,,,,,,,12.933184057746594,,,
278,2,330.0,60.0,False,,,,0.029114186550618697,,,,,,,,,,,,,,,,,,,,,,,,,,,13.25386304445362,,,
279,2,330.0,90.0,False,,,,0.03851514948401512,,,,,,,,,,,,,,,,,,,,,,,,,,,11.5123472269521,,,
280,2,330.0,120.0,False,,,,0.024105051409936976,,,,,,,,,,,,,,,,,,,,,,,,,,,4.886669027196115,,,
281,2,330.0,150.0,False,,,,0.023640237738906868,,,,,,,,,,,,,,,,,,,,,,,,,,,3.572202233318519,,,
282,2,330.0,180.0,False,,,,0.07287548377376847,,,,,,,,,,,,,,,,,,,,,,,,,,,3.1898656451491014,,,
283,2,330.0,210.0,False,,,,0.04231757887858354,,,,,,,,,,,,,,,,,,,,,,,,,,,3.5259654991915235,,,
284,2,330.0,240.0,False,,,,0.03335958546247139,,,,,,,,,,,,,,,,,,,,,,,,,,,4.181148492556293,,,
285,2,330.0,270.0,False,,,,0.019479390887883606,,,,,,,,,,,,,,,,,,,,,,,,,,,5.504946443721117,,,
286,2,330.0,300.0,False,,,,0.034013585662002216,,,,,,,,,,,,,,,,,,,,,,,,,,,12.17415257900663,,,
287,2,330.0,330.0,True,,,,0.04139799627845154,,,,,,,,,,,,,,,,,,,,,,,,,,,14.6534469342898,,,
0,1,0.0,0.0,True,,,,0.051788465094272304,,,,,,,,,,,,,,,,,,,,,,,,,,,,0.10801956252756922,,
1,1,0.0,30.0,False,,,,0.03275865195673924,,,,,,,,,,,,,,,,,,,,,,,,,,,,0.15467909485930803,,
2,1,0.0,60.0,False,,,,0.0747184425908621,,,,,,,,,,,,,,,,,,,,,,,,,,,,0.10520321951990666,,
3,1,0.0,90.0,False,,,,0.07612370590798824,,,,,,,,,,,,,,,,,,,,,,,,,,,,0.08246045459478427,,
4,1,0.0,120.0,False,,,,0.047153766721511475,,,,,,,,,,,,,,,,,,,,,,,,,,,,0.09392172038498044,,
5,1,0.0,150.0,False,,,,0.08909357983599325,,,,,,,,,,,,,,,,,,,,,,,,,,,,0.06509438909820517,,
6,1,0.0,180.0,False,,,,0.014374371534881148,,,,,,,,,,,,,,,,,,,,,,,,,,,,0.08283064037344781,,
7,1,0.0,210.0,False,,,,0.056259224488314,,,,,,,,,,,,,,,,,,,,,,,,,,,,0.2962556383857925,,
8,1,0.0,240.0,False,,,,0.0497787416975395,,,,,,,,,,,,,,,,,,,,,,,,,,,,0.13819091894715085,,
9,1,0.0,270.0,False,,,,0.02603986251146985,,,,,,,,,,,,,,,,,,,,,,,,,,,,0.08323698388916884,,
10,1,0.0,300.0,False,,,,0.030872377347100157,,,,,,,,,,,,,,,,,,,,,,,,,,,,0.0530624072625321,,
11,1,0.0,330.0,False,,,,0.06404280396246578,,,,,,,,,,,,,,,,,,,,,,,,,,,,0.07285196137047242,,
12,1,30.0,0.0,False,,,,0.03841658534458097,,,,,,,,,,,,,,,,,,,,,,,,,,,,0.18644772063189308,,
13,1,30.0,30.0,True,,,,0.052572455663914476,,,,,,,,,,,,,,,,,,,,,,,,,,,,0.3582993319049891,,
14,1,30.0,60.0,False,,,,0.09070939232632069,,,,,,,,,,,,,,,,,,,,,,,,,,,,0.15442323190973728,,
15,1,30.0,90.0,False,,,,0.15154189064103069,,,,,,,,,,,,,,,,,,,,,,,,,,,,0.2326264081898397,,
16,1,30.0,120.0,False,,,,0.13281200919448466,,,,,,,,,,,,,,,,,,,,,,,,,,,,0.2400828986040862,,
17,1,30.0,150.0,False,,,,0.055334163225807545,,,,,,,,,,,,,,,,,,,,,,,,,,,,0.17837396952949391,,
18,1,30.0,180.0,False,,,,0.11603175914578959,,,,,,,,,,,,,,,,,,,,,,,,,,,,0.1020096088233573,,
19,1,30.0,210.0,False,,,,0.03874755420888232,,,,,,,,,,,,,,,,,,,,,,,,,,,,0.04975396580790146,,
20,1,30.0,240.0,False,,,,0.04774110362419914,,,,,,,,,,,,,,,,,,,,,,,,,,,,0.15485008958222243,,
21,1,30.0,270.0,False,,,,0.042523950755921296,,,,,,,,,,,,,,,,,,,,,,,,,,,,0.12917628887061056,,
22,1,30.0,300.0,False,,,,0.1106070714106209,,,,,,,,,,,,,,,,,,,,,,,,,,,,0.2415916370927611,,
23,1,30.0,330.0,False,,,,0.09354902641075824,,,,,,,,,,,,,,,,,,,,,,,,,,,,0.1740961791171365,,
24,1,60.0,0.0,False,,,,0.04660608714052639,,,,,,,,,,,,,,,,,,,,,,,,,,,,0.11406003500932563,,
25,1,60.0,30.0,False,,,,0.12140641743931657,,,,,,,,,,,,,,,,,,,,,,,,,,,,0.20153318208034568,,
26,1,60.0,60.0,True,,,,0.07560922598505787,,,,,,,,,,,,,,,,,,,,,,,,,,,,0.7008430148252119,,
27,1,60.0,90.0,False,,,,0.03444731916673087,,,,,,,,,,,,,,,,,,,,,,,,,,,,0.11963856739193862,,
28,1,60.0,120.0,False,,,,0.040982166224296165,,,,,,,,,,,,,,,,,,,,,,,,,,,,0.2845668064685734,,
29,1,60.0,150.0,False,,,,0.08702316750329733,,,,,,,,,,,,,,,,,,,,,,,,,,,,0.13360097805876742,,
30,1,60.0,180.0,False,,,,0.032221891496701835,,,,,,,,,,,,,,,,,,,,,,,,,,,,0.10378830598956136,,
31,1,60.0,210.0,False,,,,0.03419144653928805,,,,,,,,,,,,,,,,,,,,,,,,,,,,0.06050416382056928,,
32,1,60.0,240.0,False,,,,0.04006899943853593,,,,,,,,,,,,,,,,,,,,,,,,,,,,0.13218638604025412,,
33,1,60.0,270.0,False,,,,0.04983406778331118,,,,,,,,,,,,,,,,,,,,,,,,,,,,0.12756064140968987,,
34,1,60.0,300.0,False,,,,0.15343257585042275,,,,,,,,,,,,,,,,,,,,,,,,,,,,0.04644814968435468,,
35,1,60.0,330.0,False,,,,0.1010627172374502,,,,,,,,,,,,,,,,,,,,,,,,,,,,0.11495009554437391,,
36,1,90.0,0.0,False,,,,0.06123938199779689,,,,,,,,,,,,,,,,,,,,,,,,,,,,0.0707096419398047,,
37,1,90.0,30.0,False,,,,0.05588817987860148,,,,,,,,,,,,,,,,,,,,,,,,,,,,0.12580302810967425,,
38,1,90.0,60.0,False,,,,0.055961911396910737,,,,,,,,,,,,,,,,,,,,,,,,,,,,0.14902782768639547,,
39,1,90.0,90.0,True,,,,0.040680542526150984,,,,,,,,,,,,,,,,,,,,,,,,,,,,0.23337844173879146,,
40,1,90.0,120.0,False,,,,0.025521369147440427,,,,,,,,,,,,,,,,,,,,,,,,,,,,0.13517545169265904,,
41,1,90.0,150.0,False,,,,0.015872314528538226,,,,,,,,,,,,,,,,,,,,,,,,,,,,0.06010992821515189,,
42,1,90.0,180.0,False,,,,0.02682865212261469,,,,,,,,,,,,,,,,,,,,,,,,,,,,0.059609663557266566,,
43,1,90.0,210.0,False,,,,0.027843193653506182,,,,,,,,,,,,,,,,,,,,,,,,,,,,0.06152365441193806,,
44,1,90.0,240.0,False,,,,0.05074131994853397,,,,,,,,,,,,,,,,,,,,,,,,,,,,0.06561901428105252,,
45,1,90.0,270.0,False,,,,0.0427292930618136,,,,,,,,,,,,,,,,,,,,,,,,,,,,0.09678980166079283,,
46,1,90.0,300.0,False,,,,0.07723310929800639,,,,,,,,,,,,,,,,,,,,,,,,,,,,0.12703206101399,,
47,1,90.0,330.0,False,,,,0.06539895543907234,,,,,,,,,,,,,,,,,,,,,,,,,,,,0.13121656754858163,,
48,1,120.0,0.0,False,,,,0.032823092330009185,,,,,,,,,,,,,,,,,,,,,,,,,,,,0.17144291524335117,,
49,1,120.0,30.0,False,,,,0.030489060035656854,,,,,,,,,,,,,,,,,,,,,,,,,,,,0.0957402288406939,,
50,1,120.0,60.0,False,,,,0.05936033208628633,,,,,,,,,,,,,,,,,,,,,,,,,,,,0.19943176930421894,,
51,1,120.0,90.0,False,,,,0.022847408152473644,,,,,,,,,,,,,,,,,,,,,,,,,,,,0.1095800925610039,,
52,1,120.0,120.0,True,,,,0.030472935506790998,,,,,,,,,,,,,,,,,,,,,,,,,,,,0.06404199097004726,,
53,1,120.0,150.0,False,,,,0.011466358657615638,,,,,,,,,,,,,,,,,,,,,,,,,,,,0.05293599795124524,,
54,1,120.0,180.0,False,,,,0.01241788728649064,,,,,,,,,,,,,,,,,,,,,,,,,,,,0.040078423984158576,,
55,1,120.0,210.0,False,,,,0.01813291343352865,,,,,,,,,,,,,,,,,,,,,,,,,,,,0.036368003286663675,,
56,1,120.0,240.0,False,,,,0.01921053344873567,,,,,,,,,,,,,,,,,,,,,,,,,,,,0.06343368386637993,,
57,1,120.0,270.0,False,,,,0.07043450405353718,,,,,,,,,,,,,,,,,,,,,,,,,,,,0.06962265468487921,,
58,1,120.0,300.0,False,,,,0.12172738419787606,,,,,,,,,,,,,,,,,,,,,,,,,,,,0.15507640516051868,,
59,1,120.0,330.0,False,,,,0.06935729600458018,,,,,,,,,,,,,,,,,,,,,,,,,,,,0.07724016885411625,,
60,1,150.0,0.0,False,,,,0.04696406586237621,,,,,,,,,,,,,,,,,,,,,,,,,,,,0.1950317064052703,,
61,1,150.0,30.0,False,,,,0.02562190985167846,,,,,,,,,,,,,,,,,,,,,,,,,,,,0.058495033294056406,,
62,1,150.0,60.0,False,,,,0.05943815142782831,,,,,,,,,,,,,,,,,,,,,,,,,,,,0.15163450089836308,,
63,1,150.0,90.0,False,,,,0.020443899690631005,,,,,,,,,,,,,,,,,,,,,,,,,,,,0.066748557894704,,
64,1,150.0,120.0,False,,,,0.012303182763013239,,,,,,,,,,,,,,,,,,,,,,,,,,,,0.06627006351778952,,
65,1,150.0,150.0,True,,,,0.018387963265223593,,,,,,,,,,,,,,,,,,,,,,,,,,,,0.08658469435121942,,
66,1,150.0,180.0,False,,,,0.01626425373794475,,,,,,,,,,,,,,,,,,,,,,,,,,,,0.03760791298412734,,
67,1,150.0,210.0,False,,,,0.017489521287029575,,,,,,,,,,,,,,,,,,,,,,,,,,,,0.024058907828927147,,
68,1,150.0,240.0,False,,,,0.012258331398972528,,,,,,,,,,,,,,,,,,,,,,,,,,,,0.03680191473289959,,
69,1,150.0,270.0,False,,,,0.0302826424340717,,,,,,,,,,,,,,,,,,,,,,,,,,,,0.0891291284772604,,
70,1,150.0,300.0,False,,,,0.10023543421430837,,,,,,,,,,,,,,,,,,,,,,,,,,,,0.06899443283326759,,
71,1,150.0,330.0,False,,,,0.08362703815414124,,,,,,,,,,,,,,,,,,,,,,,,,,,,0.0905243987725595,,
72,1,180.0,0.0,False,,,,0.058905123489378826,,,,,,,,,,,,,,,,,,,,,,,,,,,,0.05576664848922014,,
73,1,180.0,30.0,False,,,,0.04127320422279763,,,,,,,,,,,,,,,,,,,,,,,,,,,,0.03959805176588695,,
74,1,180.0,60.0,False,,,,0.03244729993644062,,,,,,,,,,,,,,,,,,,,,,,,,,,,0.07048929724767126,,
75,1,180.0,90.0,False,,,,0.026904757997430022,,,,,,,,,,,,,,,,,,,,,,,,,,,,0.054017331928819995,,
76,1,180.0,120.0,False,,,,0.014484000175137646,,,,,,,,,,,,,,,,,,,,,,,,,,,,0.037339459469699326,,
77,1,180.0,150.0,False,,,,0.01079670969294897,,,,,,,,,,,,,,,,,,,,,,,,,,,,0.02716705914935264,,
78,1,180.0,180.0,True,,,,0.015894526876034897,,,,,,,,,,,,,,,,,,,,,,,,,,,,0.04277426123156622,,
79,1,180.0,210.0,False,,,,0.015708540861988217,,,,,,,,,,,,,,,,,,,,,,,,,,,,0.038381378962942934,,
80,1,180.0,240.0,False,,,,0.014173360483269204,,,,,,,,,,,,,,,,,,,,,,,,,,,,0.03693285507078396,,
81,1,180.0,270.0,False,,,,0.04057827527420525,,,,,,,,,,,,,,,,,,,,,,,,,,,,0.11982515778891782,,
82,1,180.0,300.0,False,,,,0.06710284185071269,,,,,,,,,,,,,,,,,,,,,,,,,,,,0.10216361233772958,,
83,1,180.0,330.0,False,,,,0.08282849564190405,,,,,,,,,,,,,,,,,,,,,,,,,,,,0.06104475557686663,,
84,1,210.0,0.0,False,,,,0.0994049048354314,,,,,,,,,,,,,,,,,,,,,,,,,,,,0.10194888638014056,,
85,1,210.0,30.0,False,,,,0.046643512335744104,,,,,,,,,,,,,,,,,,,,,,,,,,,,0.13310047321419763,,
86,1,210.0,60.0,False,,,,0.022487336677593173,,,,,,,,,,,,,,,,,,,,,,,,,,,,0.05509392146054873,,
87,1,210.0,90.0,False,,,,0.024724217045944005,,,,,,,,,,,,,,,,,,,,,,,,,,,,0.07077447779305274,,
88,1,210.0,120.0,False,,,,0.01625626287221914,,,,,,,,,,,,,,,,,,,,,,,,,,,,0.03867030489640531,,
89,1,210.0,150.0,False,,,,0.011198877178040436,,,,,,,,,,,,,,,,,,,,,,,,,,,,0.02848451815217863,,
90,1,210.0,180.0,False,,,,0.008900781311661537,,,,,,,,,,,,,,,,,,,,,,,,,,,,0.056189059314837995,,
91,1,210.0,210.0,True,,,,0.014686700814676833,,,,,,,,,,,,,,,,,,,,,,,,,,,,0.11030538144842944,,
92,1,210.0,240.0,False,,,,0.012201171728572671,,,,,,,,,,,,,,,,,,,,,,,,,,,,0.03350730171904598,,
93,1,210.0,270.0,False,,,,0.05187683325021636,,,,,,,,,,,,,,,,,,,,,,,,,,,,0.061861177029512535,,
94,1,210.0,300.0,False,,,,0.05489270279153392,,,,,,,,,,,,,,,,,,,,,,,,,,,,0.1930866011374966,,
95,1,210.0,330.0,False,,,,0.06781080352222922,,,,,,,,,,,,,,,,,,,,,,,,,,,,0.20170668777166306,,
96,1,240.0,0.0,False,,,,0.05018563120307358,,,,,,,,,,,,,,,,,,,,,,,,,,,,0.13052583342310087,,
97,1,240.0,30.0,False,,,,0.05580464323567185,,,,,,,,,,,,,,,,,,,,,,,,,,,,0.07191668617802423,,
98,1,240.0,60.0,False,,,,0.0682230249015653,,,,,,,,,,,,,,,,,,,,,,,,,,,,0.1415850225999179,,
99,1,240.0,90.0,False,,,,0.08815584049540208,,,,,,,,,,,,,,,,,,,,,,,,,,,,0.19758132157182118,,
100,1,240.0,120.0,False,,,,0.07901449633223959,,,,,,,,,,,,,,,,,,,,,,,,,,,,0.15996600473537148,,
101,1,240.0,150.0,False,,,,0.02040632336692205,,,,,,,,,,,,,,,,,,,,,,,,,,,,0.06154069983979218,,
102,1,240.0,180.0,False,,,,0.012960245620826445,,,,,,,,,,,,,,,,,,,,,,,,,,,,0.02476088797147734,,
103,1,240.0,210.0,False,,,,0.012713782523406658,,,,,,,,,,,,,,,,,,,,,,,,,,,,0.028788613115145238,,
104,1,240.0,240.0,True,,,,0.023768257344258803,,,,,,,,,,,,,,,,,,,,,,,,,,,,0.09714454835847516,,
105,1,240.0,270.0,False,,,,0.019980695238658894,,,,,,,,,,,,,,,,,,,,,,,,,,,,0.1821506785830299,,
106,1,240.0,300.0,False,,,,0.030914762547881176,,,,,,,,,,,,,,,,,,,,,,,,,,,,0.08360221254882147,,
107,1,240.0,330.0,False,,,,0.044560559474715135,,,,,,,,,,,,,,,,,,,,,,,,,,,,0.06865774389714474,,
108,1,270.0,0.0,False,,,,0.027618478186736725,,,,,,,,,,,,,,,,,,,,,,,,,,,,0.0626180402434253,,
109,1,270.0,30.0,False,,,,0.056497484860997996,,,,,,,,,,,,,,,,,,,,,,,,,,,,0.08472335270142402,,
110,1,270.0,60.0,False,,,,0.10337924493075579,,,,,,,,,,,,,,,,,,,,,,,,,,,,0.24758937832559735,,
111,1,270.0,90.0,False,,,,0.08889853657574659,,,,,,,,,,,,,,,,,,,,,,,,,,,,0.21405578107735507,,
112,1,270.0,120.0,False,,,,0.06710793848247648,,,,,,,,,,,,,,,,,,,,,,,,,,,,0.19157463108807488,,
113,1,270.0,150.0,False,,,,0.057403034120969,,,,,,,,,,,,,,,,,,,,,,,,,,,,0.2480487044161583,,
114,1,270.0,180.0,False,,,,0.047083545840340676,,,,,,,,,,,,,,,,,,,,,,,,,,,,0.11063372723160689,,
115,1,270.0,210.0,False,,,,0.04876702637555072,,,,,,,,,,,,,,,,,,,,,,,,,,,,0.19575877141717019,,
116,1,270.0,240.0,False,,,,0.027836987428288766,,,,,,,,,,,,,,,,,,,,,,,,,,,,0.11538956564421002,,
117,1,270.0,270.0,True,,,,0.03430687810164467,,,,,,,,,,,,,,,,,,,,,,,,,,,,0.04577969172945341,,
118,1,270.0,300.0,False,,,,0.032314178548324246,,,,,,,,,,,,,,,,,,,,,,,,,,,,0.10654739528647587,,
119,1,270.0,330.0,False,,,,0.032662385243817246,,,,,,,,,,,,,,,,,,,,,,,,,,,,0.12124556086559388,,
120,1,300.0,0.0,False,,,,0.04982242626057352,,,,,,,,,,,,,,,,,,,,,,,,,,,,0.08385515825658724,,
121,1,300.0,30.0,False,,,,0.04796920467776883,,,,,,,,,,,,,,,,,,,,,,,,,,,,0.15299543346208172,,
122,1,300.0,60.0,False,,,,0.04172905449522059,,,,,,,,,,,,,,,,,,,,,,,,,,,,0.16185972707302124,,
123,1,300.0,90.0,False,,,,0.049512846542393144,,,,,,,,,,,,,,,,,,,,,,,,,,,,0.05327095358719025,,
124,1,300.0,120.0,False,,,,0.12069911252992488,,,,,,,,,,,,,,,,,,,,,,,,,,,,0.07263368972713677,,
125,1,300.0,150.0,False,,,,0.09166943750851562,,,,,,,,,,,,,,,,,,,,,,,,,,,,0.0722126840948407,,
126,1,300.0,180.0,False,,,,0.051738658392137246,,,,,,,,,,,,,,,,,,,,,,,,,,,,0.0726458235476951,,
127,1,300.0,210.0,False,,,,0.06381630843301911,,,,,,,,,,,,,,,,,,,,,,,,,,,,0.11244770834100175,,
128,1,300.0,240.0,False,,,,0.03060256500797798,,,,,,,,,,,,,,,,,,,,,,,,,,,,0.07351432496963399,,
129,1,300.0,270.0,False,,,,0.018389034100787308,,,,,,,,,,,,,,,,,,,,,,,,,,,,0.050467842292644935,,
130,1,300.0,300.0,True,,,,0.046143279973518136,,,,,,,,,,,,,,,,,,,,,,,,,,,,0.10622097165835112,,
131,1,300.0,330.0,False,,,,0.03933377217933916,,,,,,,,,,,,,,,,,,,,,,,,,,,,0.03197458543781797,,
132,1,330.0,0.0,False,,,,0.03759967856408131,,,,,,,,,,,,,,,,,,,,,,,,,,,,0.12326503964703821,,
133,1,330.0,30.0,False,,,,0.08182484982065859,,,,,,,,,,,,,,,,,,,,,,,,,,,,0.041510055954930555,,
134,1,330.0,60.0,False,,,,0.03337180172603286,,,,,,,,,,,,,,,,,,,,,,,,,,,,0.08852771467087212,,
135,1,330.0,90.0,False,,,,0.05797951688157573,,,,,,,,,,,,,,,,,,,,,,,,,,,,0.1096999151748234,,
136,1,330.0,120.0,False,,,,0.12749854788437082,,,,,,,,,,,,,,,,,,,,,,,,,,,,0.06532064701492485,,
137,1,330.0,150.0,False,,,,0.04723457909271192,,,,,,,,,,,,,,,,,,,,,,,,,,,,0.0883535900806816,,
138,1,330.0,180.0,False,,,,0.034775565374152426,,,,,,,,,,,,,,,,,,,,,,,,,,,,0.04579859172690836,,
139,1,330.0,210.0,False,,,,0.04012513170675791,,,,,,,,,,,,,,,,,,,,,,,,,,,,0.03939965968398092,,
140,1,330.0,240.0,False,,,,0.026303092388877833,,,,,,,,,,,,,,,,,,,,,,,,,,,,0.1338933094607972,,
141,1,330.0,270.0,False,,,,0.04140429105401873,,,,,,,,,,,,,,,,,,,,,,,,,,,,0.11506599713325757,,
142,1,330.0,300.0,False,,,,0.01696823721579171,,,,,,,,,,,,,,,,,,,,,,,,,,,,0.03652150281699293,,
143,1,330.0,330.0,True,,,,0.018545925353546194,,,,,,,,,,,,,,,,,,,,,,,,,,,,0.0801466370431666,,
144,2,0.0,0.0,True,,,,0.05615866767975495,,,,,,,,,,,,,,,,,,,,,,,,,,,,0.272857168094926,,
145,2,0.0,30.0,False,,,,0.0977111762466283,,,,,,,,,,,,,,,,,,,,,,,,,,,,0.2888396868117057,,
146,2,0.0,60.0,False,,,,0.0228453928405768,,,,,,,,,,,,,,,,,,,,,,,,,,,,0.10897440001841532,,
147,2,0.0,90.0,False,,,,0.040670821132719415,,,,,,,,,,,,,,,,,,,,,,,,,,,,0.08424866980541623,,
148,2,0.0,120.0,False,,,,0.0641849573360398,,,,,,,,,,,,,,,,,,,,,,,,,,,,0.07839209423669383,,
149,2,0.0,150.0,False,,,,0.05597739597789465,,,,,,,,,,,,,,,,,,,,,,,,,,,,0.06515597693565223,,
150,2,0.0,180.0,False,,,,0.17111544524695127,,,,,,,,,,,,,,,,,,,,,,,,,,,,0.12530985414529155,,
151,2,0.0,210.0,False,,,,0.06527973049064306,,,,,,,,,,,,,,,,,,,,,,,,,,,,0.07135294325920077,,
152,2,0.0,240.0,False,,,,0.08307010221211047,,,,,,,,,,,,,,,,,,,,,,,,,,,,0.10066327090763916,,
153,2,0.0,270.0,False,,,,0.027620920421550295,,,,,,,,,,,,,,,,,,,,,,,,,,,,0.07878166830573316,,
154,2,0.0,300.0,False,,,,0.024254947285504327,,,,,,,,,,,,,,,,,,,,,,,,,,,,0.06392858432729936,,
155,2,0.0,330.0,False,,,,0.026625862449941702,,,,,,,,,,,,,,,,,,,,,,,,,,,,0.09514003492082759,,
156,2,30.0,0.0,False,,,,0.056127829566687645,,,,,,,,,,,,,,,,,,,,,,,,,,,,0.19307421645849526,,
157,2,30.0,30.0,True,,,,0.03263548346652375,,,,,,,,,,,,,,,,,,,,,,,,,,,,0.9326624855709229,,
158,2,30.0,60.0,False,,,,0.0474833755718396,,,,,,,,,,,,,,,,,,,,,,,,,,,,0.06705438473184525,,
159,2,30.0,90.0,False,,,,0.11080241938288748,,,,,,,,,,,,,,,,,,,,,,,,,,,,0.09651009256021145,,
160,2,30.0,120.0,False,,,,0.09680586126350563,,,,,,,,,,,,,,,,,,,,,,,,,,,,0.17852589593108878,,
161,2,30.0,150.0,False,,,,0.05390320223714315,,,,,,,,,,,,,,,,,,,,,,,,,,,,0.07981426666973798,,
162,2,30.0,180.0,False,,,,0.021680143248254402,,,,,,,,,,,,,,,,,,,,,,,,,,,,0.16196074621295928,,
163,2,30.0,210.0,False,,,,0.028316653916361123,,,,,,,,,,,,,,,,,,,,,,,,,,,,0.060318185329748183,,
164,2,30.0,240.0,False,,,,0.03103898255412908,,,,,,,,,,,,,,,,,,,,,,,,,,,,0.07725081108319981,,
165,2,30.0,270.0,False,,,,0.036604736435500655,,,,,,,,,,,,,,,,,,,,,,,,,,,,0.06131138068979913,,
166,2,30.0,300.0,False,,,,0.04284020559959563,,,,,,,,,,,,,,,,,,,,,,,,,,,,0.13443616809976247,,
167,2,30.0,330.0,False,,,,0.06629180340442778,,,,,,,,,,,,,,,,,,,,,,,,,,,,0.06803338818605287,,
168,2,60.0,0.0,False,,,,0.20372913205854004,,,,,,,,,,,,,,,,,,,,,,,,,,,,0.06944330840890077,,
169,2,60.0,30.0,False,,,,0.10237903636703954,,,,,,,,,,,,,,,,,,,,,,,,,,,,0.42056046743389897,,
170,2,60.0,60.0,True,,,,0.03783295974170277,,,,,,,,,,,,,,,,,,,,,,,,,,,,0.6019585142445828,,
171,2,60.0,90.0,False,,,,0.02871356530172385,,,,,,,,,,,,,,,,,,,,,,,,,,,,0.08343961874472074,,
172,2,60.0,120.0,False,,,,0.04305979305249596,,,,,,,,,,,,,,,,,,,,,,,,,,,,0.08492119406877807,,
173,2,60.0,150.0,False,,,,0.032377615694317616,,,,,,,,,,,,,,,,,,,,,,,,,,,,0.08170195689369258,,
174,2,60.0,180.0,False,,,,0.026003800277929756,,,,,,,,,,,,,,,,,,,,,,,,,,,,0.031785457562286706,,
175,2,60.0,210.0,False,,,,0.03756011071702947,,,,,,,,,,,,,,,,,,,,,,,,,,,,0.02695753890301524,,
176,2,60.0,240.0,False,,,,0.04059127199177773,,,,,,,,,,,,,,,,,,,,,,,,,,,,0.10670162609722703,,
177,2,60.0,270.0,False,,,,0.07328964963057555,,,,,,,,,,,,,,,,,,,,,,,,,,,,0.11495850701265098,,
178,2,60.0,300.0,False,,,,0.07905232686957243,,,,,,,,,,,,,,,,,,,,,,,,,,,,0.09220854010094466,,
179,2,60.0,330.0,False,,,,0.01843619759613979,,,,,,,,,,,,,,,,,,,,,,,,,,,,0.14177925539242947,,
180,2,90.0,0.0,False,,,,0.06952878684857552,,,,,,,,,,,,,,,,,,,,,,,,,,,,0.050608854207089465,,
181,2,90.0,30.0,False,,,,0.2332506676264122,,,,,,,,,,,,,,,,,,,,,,,,,,,,0.125070137078096,,
182,2,90.0,60.0,False,,,,0.055028804026341305,,,,,,,,,,,,,,,,,,,,,,,,,,,,0.1824833951258908,,
183,2,90.0,90.0,True,,,,0.08919192735562317,,,,,,,,,,,,,,,,,,,,,,,,,,,,0.14331026747344394,,
184,2,90.0,120.0,False,,,,0.03210114757171925,,,,,,,,,,,,,,,,,,,,,,,,,,,,0.09616876320729346,,
185,2,90.0,150.0,False,,,,0.032134439200791495,,,,,,,,,,,,,,,,,,,,,,,,,,,,0.05565319476637104,,
186,2,90.0,180.0,False,,,,0.025680817764707698,,,,,,,,,,,,,,,,,,,,,,,,,,,,0.0265991802633729,,
187,2,90.0,210.0,False,,,,0.02439983148792524,,,,,,,,,,,,,,,,,,,,,,,,,,,,0.029539836694723088,,
188,2,90.0,240.0,False,,,,0.04213618293919205,,,,,,,,,,,,,,,,,,,,,,,,,,,,0.08338742202964822,,
189,2,90.0,270.0,False,,,,0.05443963089554349,,,,,,,,,,,,,,,,,,,,,,,,,,,,0.10074613184084005,,
190,2,90.0,300.0,False,,,,0.19022664511142487,,,,,,,,,,,,,,,,,,,,,,,,,,,,0.06568290587690188,,
191,2,90.0,330.0,False,,,,0.15536696621138368,,,,,,,,,,,,,,,,,,,,,,,,,,,,0.16366853808566317,,
192,2,120.0,0.0,False,,,,0.04143290464179393,,,,,,,,,,,,,,,,,,,,,,,,,,,,0.06986736011813013,,
193,2,120.0,30.0,False,,,,0.05149823258329194,,,,,,,,,,,,,,,,,,,,,,,,,,,,0.11845397730684792,,
194,2,120.0,60.0,False,,,,0.05295729301337533,,,,,,,,,,,,,,,,,,,,,,,,,,,,0.20514420566894923,,
195,2,120.0,90.0,False,,,,0.034433128542375804,,,,,,,,,,,,,,,,,,,,,,,,,,,,0.12730058209370404,,
196,2,120.0,120.0,True,,,,0.02080772089034659,,,,,,,,,,,,,,,,,,,,,,,,,,,,0.13157725138946597,,
197,2,120.0,150.0,False,,,,0.013422278523295082,,,,,,,,,,,,,,,,,,,,,,,,,,,,0.08714343361875304,,
198,2,120.0,180.0,False,,,,0.011315367763272334,,,,,,,,,,,,,,,,,,,,,,,,,,,,0.04471441337699983,,
199,2,120.0,210.0,False,,,,0.015711977904560748,,,,,,,,,,,,,,,,,,,,,,,,,,,,0.04199825556002866,,
200,2,120.0,240.0,False,,,,0.02127138657592513,,,,,,,,,,,,,,,,,,,,,,,,,,,,0.05379792944027223,,
201,2,120.0,270.0,False,,,,0.07358248924250071,,,,,,,,,,,,,,,,,,,,,,,,,,,,0.08664285539673547,,
202,2,120.0,300.0,False,,,,0.05011344723288459,,,,,,,,,,,,,,,,,,,,,,,,,,,,0.12264197579141925,,
203,2,120.0,330.0,False,,,,0.046790419330956304,,,,,,,,,,,,,,,,,,,,,,,,,,,,0.07940258414649339,,
204,2,150.0,0.0,False,,,,0.02308677367932279,,,,,,,,,,,,,,,,,,,,,,,,,,,,0.04473331894853637,,
205,2,150.0,30.0,False,,,,0.07510712014205909,,,,,,,,,,,,,,,,,,,,,,,,,,,,0.11044222012855562,,
206,2,150.0,60.0,False,,,,0.027424108983844807,,,,,,,,,,,,,,,,,,,,,,,,,,,,0.0849205110628741,,
207,2,150.0,90.0,False,,,,0.027453545503013446,,,,,,,,,,,,,,,,,,,,,,,,,,,,0.08443785898895888,,
208,2,150.0,120.0,False,,,,0.020866542197905784,,,,,,,,,,,,,,,,,,,,,,,,,,,,0.11226316083424415,,
209,2,150.0,150.0,True,,,,0.013514995796586831,,,,,,,,,,,,,,,,,,,,,,,,,,,,0.10431242171472364,,
210,2,150.0,180.0,False,,,,0.012773831507395798,,,,,,,,,,,,,,,,,,,,,,,,,,,,0.045357066097554716,,
211,2,150.0,210.0,False,,,,0.015806058625827308,,,,,,,,,,,,,,,,,,,,,,,,,,,,0.032221881332290564,,
212,2,150.0,240.0,False,,,,0.012650687832628588,,,,,,,,,,,,,,,,,,,,,,,,,,,,0.022119432638674247,,
213,2,150.0,270.0,False,,,,0.035001891376788344,,,,,,,,,,,,,,,,,,,,,,,,,,,,0.10241504645344632,,
214,2,150.0,300.0,False,,,,0.0597555522019049,,,,,,,,,,,,,,,,,,,,,,,,,,,,0.08961246284423943,,
215,2,150.0,330.0,False,,,,0.14528112538078153,,,,,,,,,,,,,,,,,,,,,,,,,,,,0.08971892403379703,,
216,2,180.0,0.0,False,,,,0.08851054401421672,,,,,,,,,,,,,,,,,,,,,,,,,,,,0.06065375593916363,,
217,2,180.0,30.0,False,,,,0.05256319721672752,,,,,,,,,,,,,,,,,,,,,,,,,,,,0.19287282354606286,,
218,2,180.0,60.0,False,,,,0.04008024753015171,,,,,,,,,,,,,,,,,,,,,,,,,,,,0.09555484593333713,,
219,2,180.0,90.0,False,,,,0.020928413253074228,,,,,,,,,,,,,,,,,,,,,,,,,,,,0.07877950760678197,,
220,2,180.0,120.0,False,,,,0.015438216547469737,,,,,,,,,,,,,,,,,,,,,,,,,,,,0.039196737083902394,,
221,2,180.0,150.0,False,,,,0.015390993605052541,,,,,,,,,,,,,,,,,,,,,,,,,,,,0.03766760480566131,,
222,2,180.0,180.0,True,,,,0.015308530761586305,,,,,,,,,,,,,,,,,,,,,,,,,,,,0.06454179675244279,,
223,2,180.0,210.0,False,,,,0.017669306204127377,,,,,,,,,,,,,,,,,,,,,,,,,,,,0.08209188532061402,,
224,2,180.0,240.0,False,,,,0.011259125888787741,,,,,,,,,,,,,,,,,,,,,,,,,,,,0.025754068414629856,,
225,2,180.0,270.0,False,,,,0.033447038966233945,,,,,,,,,,,,,,,,,,,,,,,,,,,,0.10383086272044804,,
226,2,180.0,300.0,False,,,,0.051259047143943984,,,,,,,,,,,,,,,,,,,,,,,,,,,,0.06217172533103513,,
227,2,180.0,330.0,False,,,,0.06411399521574612,,,,,,,,,,,,,,,,,,,,,,,,,,,,0.14675312128178478,,
228,2,210.0,0.0,False,,,,0.09975941371958391,,,,,,,,,,,,,,,,,,,,,,,,,,,,0.07721271141377498,,
229,2,210.0,30.0,False,,,,0.07582146278217669,,,,,,,,,,,,,,,,,,,,,,,,,,,,0.07551542913998446,,
230,2,210.0,60.0,False,,,,0.026495203082185108,,,,,,,,,,,,,,,,,,,,,,,,,,,,0.07723741226130336,,
231,2,210.0,90.0,False,,,,0.05788593863478978,,,,,,,,,,,,,,,,,,,,,,,,,,,,0.11099628741171066,,
232,2,210.0,120.0,False,,,,0.022695115947787933,,,,,,,,,,,,,,,,,,,,,,,,,,,,0.07606265377416908,,
233,2,210.0,150.0,False,,,,0.017987170575574897,,,,,,,,,,,,,,,,,,,,,,,,,,,,0.0445879931286903,,
234,2,210.0,180.0,False,,,,0.010042140999911603,,,,,,,,,,,,,,,,,,,,,,,,,,,,0.027608439817774624,,
235,2,210.0,210.0,True,,,,0.008067549151908238,,,,,,,,,,,,,,,,,,,,,,,,,,,,0.12766745785181116,,
236,2,210.0,240.0,False,,,,0.011117814583415809,,,,,,,,,,,,,,,,,,,,,,,,,,,,0.3374598134759861,,
237,2,210.0,270.0,False,,,,0.025220729135910433,,,,,,,,,,,,,,,,,,,,,,,,,,,,0.08618226292954825,,
238,2,210.0,300.0,False,,,,0.0416204694084836,,,,,,,,,,,,,,,,,,,,,,,,,,,,0.06330270138969127,,
239,2,210.0,330.0,False,,,,0.05572550132715924,,,,,,,,,,,,,,,,,,,,,,,,,,,,0.07878852501866934,,
240,2,240.0,0.0,False,,,,0.05213268834863162,,,,,,,,,,,,,,,,,,,,,,,,,,,,0.11696199213633118,,
241,2,240.0,30.0,False,,,,0.06683711013085902,,,,,,,,,,,,,,,,,,,,,,,,,,,,0.13801822668032468,,
242,2,240.0,60.0,False,,,,0.035779332785151385,,,,,,,,,,,,,,,,,,,,,,,,,,,,0.13243400472319378,,
243,2,240.0,90.0,False,,,,0.04385943130107116,,,,,,,,,,,,,,,,,,,,,,,,,,,,0.16396437972224903,,
244,2,240.0,120.0,False,,,,0.06339092506941664,,,,,,,,,,,,,,,,,,,,,,,,,,,,0.16103124539190852,,
245,2,240.0,150.0,False,,,,0.01513322522066161,,,,,,,,,,,,,,,,,,,,,,,,,,,,0.03634520322282057,,
246,2,240.0,180.0,False,,,,0.012850518347303646,,,,,,,,,,,,,,,,,,,,,,,,,,,,0.036899454907656185,,
247,2,240.0,210.0,False,,,,0.0198744203373655,,,,,,,,,,,,,,,,,,,,,,,,,,,,0.0652123039996847,,
248,2,240.0,240.0,True,,,,0.019665598435426885,,,,,,,,,,,,,,,,,,,,,,,,,,,,0.19987202247387337,,
249,2,240.0,270.0,False,,,,0.01932983082559656,,,,,,,,,,,,,,,,,,,,,,,,,,,,0.10260387611946012,,
250,2,240.0,300.0,False,,,,0.03153968300184735,,,,,,,,,,,,,,,,,,,,,,,,,,,,0.04797576490974671,,
251,2,240.0,330.0,False,,,,0.029326037532147277,,,,,,,,,,,,,,,,,,,,,,,,,,,,0.10686843843895277,,
252,2,270.0,0.0,False,,,,0.058742180794406046,,,,,,,,,,,,,,,,,,,,,,,,,,,,0.10144200943799167,,
253,2,270.0,30.0,False,,,,0.04264512294244813,,,,,,,,,,,,,,,,,,,,,,,,,,,,0.11619387309316963,,
254,2,270.0,60.0,False,,,,0.08388851597246252,,,,,,,,,,,,,,,,,,,,,,,,,,,,0.16482210807657247,,
255,2,270.0,90.0,False,,,,0.08814368214184809,,,,,,,,,,,,,,,,,,,,,,,,,,,,0.12853309591706508,,
256,2,270.0,120.0,False,,,,0.1270061257092472,,,,,,,,,,,,,,,,,,,,,,,,,,,,0.16439551995030977,,
257,2,270.0,150.0,False,,,,0.03649404545085222,,,,,,,,,,,,,,,,,,,,,,,,,,,,0.09826868736478979,,
258,2,270.0,180.0,False,,,,0.02565823281937326,,,,,,,,,,,,,,,,,,,,,,,,,,,,0.036544926401644126,,
259,2,270.0,210.0,False,,,,0.028663582334955653,,,,,,,,,,,,,,,,,,,,,,,,,,,,0.028879834059259632,,
260,2,270.0,240.0,False,,,,0.043196753976698254,,,,,,,,,,,,,,,,,,,,,,,,,,,,0.06219105956345437,,
261,2,270.0,270.0,True,,,,0.024826186170292645,,,,,,,,,,,,,,,,,,,,,,,,,,,,0.11404781941259431,,
262,2,270.0,300.0,False,,,,0.0180579363740815,,,,,,,,,,,,,,,,,,,,,,,,,,,,0.0805957903304236,,
263,2,270.0,330.0,False,,,,0.09928814750300488,,,,,,,,,,,,,,,,,,,,,,,,,,,,0.09939007005684701,,
264,2,300.0,0.0,False,,,,0.03770786416564974,,,,,,,,,,,,,,,,,,,,,,,,,,,,0.07016758297757708,,
265,2,300.0,30.0,False,,,,0.06432740941299153,,,,,,,,,,,,,,,,,,,,,,,,,,,,0.16340673222990942,,
266,2,300.0,60.0,False,,,,0.12145819959262331,,,,,,,,,,,,,,,,,,,,,,,,,,,,0.17363471768331953,,
267,2,300.0,90.0,False,,,,0.0573255149841437,,,,,,,,,,,,,,,,,,,,,,,,,,,,0.07231970993749319,,
268,2,300.0,120.0,False,,,,0.034564339801270605,,,,,,,,,,,,,,,,,,,,,,,,,,,,0.2603811131626362,,
269,2,300.0,150.0,False,,,,0.1267534975490203,,,,,,,,,,,,,,,,,,,,,,,,,,,,0.1066274951621067,,
270,2,300.0,180.0,False,,,,0.054725302677448476,,,,,,,,,,,,,,,,,,,,,,,,,,,,0.24398191267162825,,
271,2,300.0,210.0,False,,,,0.016163698121391033,,,,,,,,,,,,,,,,,,,,,,,,,,,,0.03670020029135955,,
272,2,300.0,240.0,False,,,,0.041168952560575026,,,,,,,,,,,,,,,,,,,,,,,,,,,,0.06594191928383658,,
273,2,300.0,270.0,False,,,,0.04444321102205753,,,,,,,,,,,,,,,,,,,,,,,,,,,,0.08335706940677216,,
274,2,300.0,300.0,True,,,,0.023929104074857283,,,,,,,,,,,,,,,,,,,,,,,,,,,,0.13693108413550228,,
275,2,300.0,330.0,False,,,,0.023598203228275837,,,,,,,,,,,,,,,,,,,,,,,,,,,,0.06062299548772042,,
276,2,330.0,0.0,False,,,,0.05661035554302682,,,,,,,,,,,,,,,,,,,,,,,,,,,,0.11290896327921854,,
277,2,330.0,30.0,False,,,,0.019241910211295316,,,,,,,,,,,,,,,,,,,,,,,,,,,,0.09048897855463248,,
278,2,330.0,60.0,False,,,,0.0378810766490401,,,,,,,,,,,,,,,,,,,,,,,,,,,,0.10048100272965538,,
279,2,330.0,90.0,False,,,,0.07459263776783037,,,,,,,,,,,,,,,,,,,,,,,,,,,,0.10030043748920556,,
280,2,330.0,120.0,False,,,,0.08611619260070745,,,,,,,,,,,,,,,,,,,,,,,,,,,,0.18893405546668082,,
281,2,330.0,150.0,False,,,,0.057463386384958584,,,,,,,,,,,,,,,,,,,,,,,,,,,,0.4750031965909266,,
282,2,330.0,180.0,False,,,,0.02613998603203897,,,,,,,,,,,,,,,,,,,,,,,,,,,,0.11708525244878298,,
283,2,330.0,210.0,False,,,,0.02861612457627872,,,,,,,,,,,,,,,,,,,,,,,,,,,,0.0749764286329242,,
284,2,330.0,240.0,False,,,,0.030494393893134054,,,,,,,,,,,,,,,,,,,,,,,,,,,,0.08100027043030095,,
285,2,330.0,270.0,False,,,,0.03618122678095209,,,,,,,,,,,,,,,,,,,,,,,,,,,,0.11980555308613426,,
286,2,330.0,300.0,False,,,,0.022987007356904558,,,,,,,,,,,,,,,,,,,,,,,,,,,,0.06768645718931908,,
287,2,330.0,330.0,True,,,,0.014648282449911437,,,,,,,,,,,,,,,,,,,,,,,,,,,,0.09917492003962455,,
0,1,0.0,0.0,True,,,,21.66728615585332,,,,,,,,,,,,,,,,,,,,,,,,,,,,,199.88814045882162,
1,1,0.0,30.0,False,,,,0.020007906951258737,,,,,,,,,,,,,,,,,,,,,,,,,,,,,249.45014939843404,
2,1,0.0,60.0,False,,,,0.04820135938375325,,,,,,,,,,,,,,,,,,,,,,,,,,,,,295.91719583348083,
3,1,0.0,90.0,False,,,,0.07894641335922734,,,,,,,,,,,,,,,,,,,,,,,,,,,,,282.6046849905067,
4,1,0.0,120.0,False,,,,0.044379625686231036,,,,,,,,,,,,,,,,,,,,,,,,,,,,,285.1990302200327,
5,1,0.0,150.0,False,,,,0.054767280559259154,,,,,,,,,,,,,,,,,,,,,,,,,,,,,315.9169766563924,
6,1,0.0,180.0,False,,,,0.10107642226243517,,,,,,,,,,,,,,,,,,,,,,,,,,,,,271.81432885396697,
7,1,0.0,210.0,False,,,,0.08683935082273506,,,,,,,,,,,,,,,,,,,,,,,,,,,,,30.600328494331716,
8,1,0.0,240.0,False,,,,0.06942370978188434,,,,,,,,,,,,,,,,,,,,,,,,,,,,,149.15214716535866,
9,1,0.0,270.0,False,,,,0.10126637955360605,,,,,,,,,,,,,,,,,,,,,,,,,,,,,137.52296513354952,
10,1,0.0,300.0,False,,,,0.09146925013598903,,,,,,,,,,,,,,,,,,,,,,,,,,,,,122.49865341830319,
11,1,0.0,330.0,False,,,,0.054019223755638654,,,,,,,,,,,,,,,,,,,,,,,,,,,,,136.49004172431688,
12,1,30.0,0.0,False,,,,0.022146859022608004,,,,,,,,,,,,,,,,,,,,,,,,,,,,,221.38362076880696,
13,1,30.0,30.0,True,,,,0.021594362303403197,,,,,,,,,,,,,,,,,,,,,,,,,,,,,269.655411257731,
14,1,30.0,60.0,False,,,,0.03562974137220666,,,,,,,,,,,,,,,,,,,,,,,,,,,,,295.9145457110244,
15,1,30.0,90.0,False,,,,0.04480414209791046,,,,,,,,,,,,,,,,,,,,,,,,,,,,,277.5362678655141,
16,1,30.0,120.0,False,,,,0.03550078366917965,,,,,,,,,,,,,,,,,,,,,,,,,,,,,232.79247235763938,
17,1,30.0,150.0,False,,,,0.055416253931830986,,,,,,,,,,,,,,,,,,,,,,,,,,,,,305.641461632265,
18,1,30.0,180.0,False,,,,0.019813291185092792,,,,,,,,,,,,,,,,,,,,,,,,,,,,,0.09888068781752436,
19,1,30.0,210.0,False,,,,0.16701950896310136,,,,,,,,,,,,,,,,,,,,,,,,,,,,,44.02706449776869,
20,1,30.0,240.0,False,,,,0.01887212011629687,,,,,,,,,,,,,,,,,,,,,,,,,,,,,122.59843784229302,
21,1,30.0,270.0,False,,,,0.024342302730101212,,,,,,,,,,,,,,,,,,,,,,,,,,,,,108.33942578449853,
22,1,30.0,300.0,False,,,,0.04255723636197267,,,,,,,,,,,,,,,,,,,,,,,,,,,,,110.6208640681793,
23,1,30.0,330.0,False,,,,0.07783888086274443,,,,,,,,,,,,,,,,,,,,,,,,,,,,,142.96557873960347,
24,1,60.0,0.0,False,,,,0.030145033005142118,,,,,,,,,,,,,,,,,,,,,,,,,,,,,284.70508271029144,
25,1,60.0,30.0,False,,,,0.01518980928242108,,,,,,,,,,,,,,,,,,,,,,,,,,,,,299.1921058457731,
26,1,60.0,60.0,True,,,,0.038913977206758044,,,,,,,,,,,,,,,,,,,,,,,,,,,,,274.80406071891997,
27,1,60.0,90.0,False,,,,0.029094914663872304,,,,,,,,,,,,,,,,,,,,,,,,,,,,,211.29282462190787,
28,1,60.0,120.0,False,,,,0.03155051777010307,,,,,,,,,,,,,,,,,,,,,,,,,,,,,243.62639200602882,
29,1,60.0,150.0,False,,,,0.0330096540291558,,,,,,,,,,,,,,,,,,,,,,,,,,,,,12.773884790247648,
30,1,60.0,180.0,False,,,,0.04294303671175838,,,,,,,,,,,,,,,,,,,,,,,,,,,,,0.15554613545469484,
31,1,60.0,210.0,False,,,,0.03731935316436037,,,,,,,,,,,,,,,,,,,,,,,,,,,,,1.7867951163578644,
32,1,60.0,240.0,False,,,,0.07983287026174798,,,,,,,,,,,,,,,,,,,,,,,,,,,,,68.47916027927296,
33,1,60.0,270.0,False,,,,0.058114494913023756,,,,,,,,,,,,,,,,,,,,,,,,,,,,,116.62839683272058,
34,1,60.0,300.0,False,,,,0.06970385552083173,,,,,,,,,,,,,,,,,,,,,,,,,,,,,158.6086031836588,
35,1,60.0,330.0,False,,,,0.040626154983581485,,,,,,,,,,,,,,,,,,,,,,,,,,,,,196.80225975569215,
36,1,90.0,0.0,False,,,,0.07099033910907623,,,,,,,,,,,,,,,,,,,,,,,,,,,,,228.28854751971699,
37,1,90.0,30.0,False,,,,0.022521872917444712,,,,,,,,,,,,,,,,,,,,,,,,,,,,,248.77115140711288,
38,1,90.0,60.0,False,,,,36.08173736549942,,,,,,,,,,,,,,,,,,,,,,,,,,,,,372.61918463323735,
39,1,90.0,90.0,True,,,,29.009349521335103,,,,,,,,,,,,,,,,,,,,,,,,,,,,,1117.7146321910363,
40,1,90.0,120.0,False,,,,1.556209704385609,,,,,,,,,,,,,,,,,,,,,,,,,,,,,44.302563296031366,
41,1,90.0,150.0,False,,,,0.045132727764275335,,,,,,,,,,,,,,,,,,,,,,,,,,,,,0.2157579859204018,
42,1,90.0,180.0,False,,,,0.02887662219439236,,,,,,,,,,,,,,,,,,,,,,,,,,,,,0.17676541056361675,
43,1,90.0,210.0,False,,,,0.030329589462955057,,,,,,,,,,,,,,,,,,,,,,,,,,,,,0.3277845886024231,
44,1,90.0,240.0,False,,,,0.209361126803372,,,,,,,,,,,,,,,,,,,,,,,,,,,,,5.353120161832969,
45,1,90.0,270.0,False,,,,0.07157764134799749,,,,,,,,,,,,,,,,,,,,,,,,,,,,,100.40509106642409,
46,1,90.0,300.0,False,,,,0.0425411406700312,,,,,,,,,,,,,,,,,,,,,,,,,,,,,190.7611310740474,
47,1,90.0,330.0,False,,,,0.05279863067075762,,,,,,,,,,,,,,,,,,,,,,,,,,,,,207.22485057675692,
48,1,120.0,0.0,False,,,,0.10750894739355205,,,,,,,,,,,,,,,,,,,,,,,,,,,,,240.94912019972043,
49,1,120.0,30.0,False,,,,0.04002832236010036,,,,,,,,,,,,,,,,,,,,,,,,,,,,,224.83984253119053,
50,1,120.0,60.0,False,,,,0.03258382251108595,,,,,,,,,,,,,,,,,,,,,,,,,,,,,201.08158036757686,
51,1,120.0,90.0,False,,,,3.0052942834741447,,,,,,,,,,,,,,,,,,,,,,,,,,,,,107.62982222552063,
52,1,120.0,120.0,True,,,,27.029835363256343,,,,,,,,,,,,,,,,,,,,,,,,,,,,,163.28478685407327,
53,1,120.0,150.0,False,,,,0.02622168949961069,,,,,,,,,,,,,,,,,,,,,,,,,,,,,0.3936014174378488,
54,1,120.0,180.0,False,,,,0.01602869861601691,,,,,,,,,,,,,,,,,,,,,,,,,,,,,0.19851941415589075,
55,1,120.0,210.0,False,,,,0.05761484205364974,,,,,,,,,,,,,,,,,,,,,,,,,,,,,0.656855040997279,
56,1,120.0,240.0,False,,,,0.04250400029373657,,,,,,,,,,,,,,,,,,,,,,,,,,,,,3.3654915918721438,
57,1,120.0,270.0,False,,,,0.02703149498055305,,,,,,,,,,,,,,,,,,,,,,,,,,,,,1.8309686107515513,
58,1,120.0,300.0,False,,,,0.04885223758218796,,,,,,,,,,,,,,,,,,,,,,,,,,,,,13.804407288960935,
59,1,120.0,330.0,False,,,,0.09169083483065632,,,,,,,,,,,,,,,,,,,,,,,,,,,,,64.38956246084217,
60,1,150.0,0.0,False,,,,0.26516502570137845,,,,,,,,,,,,,,,,,,,,,,,,,,,,,55.011807756577824,
61,1,150.0,30.0,False,,,,0.05260160897452887,,,,,,,,,,,,,,,,,,,,,,,,,,,,,39.010751252856885,
62,1,150.0,60.0,False,,,,0.025921348771611695,,,,,,,,,,,,,,,,,,,,,,,,,,,,,0.4880881186218029,
63,1,150.0,90.0,False,,,,0.017303417047688865,,,,,,,,,,,,,,,,,,,,,,,,,,,,,1.983738945502778,
64,1,150.0,120.0,False,,,,0.02059516360812419,,,,,,,,,,,,,,,,,,,,,,,,,,,,,2.0795561834187266,
65,1,150.0,150.0,True,,,,0.018270240414943302,,,,,,,,,,,,,,,,,,,,,,,,,,,,,0.4455154146836804,
66,1,150.0,180.0,False,,,,60.51416204894283,,,,,,,,,,,,,,,,,,,,,,,,,,,,,90.87806213198036,
67,1,150.0,210.0,False,,,,13.23470531385769,,,,,,,,,,,,,,,,,,,,,,,,,,,,,40.29320531352059,
68,1,150.0,240.0,False,,,,0.028380415011871253,,,,,,,,,,,,,,,,,,,,,,,,,,,,,16.543706936326497,
69,1,150.0,270.0,False,,,,0.0248328344647697,,,,,,,,,,,,,,,,,,,,,,,,,,,,,4.551133799596748,
70,1,150.0,300.0,False,,,,0.06586867782305231,,,,,,,,,,,,,,,,,,,,,,,,,,,,,1.0145901067588505,
71,1,150.0,330.0,False,,,,0.04761217085527529,,,,,,,,,,,,,,,,,,,,,,,,,,,,,17.44098933434216,
72,1,180.0,0.0,False,,,,0.04256007043828108,,,,,,,,,,,,,,,,,,,,,,,,,,,,,7.048442770994634,
73,1,180.0,30.0,False,,,,0.02795714891090431,,,,,,,,,,,,,,,,,,,,,,,,,,,,,0.18375255932837997,
74,1,180.0,60.0,False,,,,0.007374767059037692,,,,,,,,,,,,,,,,,,,,,,,,,,,,,0.20292295179748424,
75,1,180.0,90.0,False,,,,0.013926419981828076,,,,,,,,,,,,,,,,,,,,,,,,,,,,,0.1781905673598223,
76,1,180.0,120.0,False,,,,0.018229011914887225,,,,,,,,,,,,,,,,,,,,,,,,,,,,,0.49570989405890287,
77,1,180.0,150.0,False,,,,0.021266950148276384,,,,,,,,,,,,,,,,,,,,,,,,,,,,,0.5974484772779959,
78,1,180.0,180.0,True,,,,0.05786369284490149,,,,,,,,,,,,,,,,,,,,,,,,,,,,,1.3389071914286808,
79,1,180.0,210.0,False,,,,0.02169079823361187,,,,,,,,,,,,,,,,,,,,,,,,,,,,,1.0995092034167169,
80,1,180.0,240.0,False,,,,0.04670128544763008,,,,,,,,,,,,,,,,,,,,,,,,,,,,,0.8968829897794206,
81,1,180.0,270.0,False,,,,0.02493649951852487,,,,,,,,,,,,,,,,,,,,,,,,,,,,,1.8070812143333397,
82,1,180.0,300.0,False,,,,0.05961550949102141,,,,,,,,,,,,,,,,,,,,,,,,,,,,,13.657604947679044,
83,1,180.0,330.0,False,,,,0.08820155973604421,,,,,,,,,,,,,,,,,,,,,,,,,,,,,25.255088809563304,
84,1,210.0,0.0,False,,,,0.06904395397288501,,,,,,,,,,,,,,,,,,,,,,,,,,,,,0.19795739647567778,
85,1,210.0,30.0,False,,,,0.11176594659591507,,,,,,,,,,,,,,,,,,,,,,,,,,,,,1.1460125918486619,
86,1,210.0,60.0,False,,,,0.030803117629941965,,,,,,,,,,,,,,,,,,,,,,,,,,,,,0.9447730873044509,
87,1,210.0,90.0,False,,,,0.017427025018852484,,,,,,,,,,,,,,,,,,,,,,,,,,,,,0.1168917760167033,
88,1,210.0,120.0,False,,,,0.05864437921944198,,,,,,,,,,,,,,,,,,,,,,,,,,,,,0.2119214888844036,
89,1,210.0,150.0,False,,,,0.03927418347244198,,,,,,,,,,,,,,,,,,,,,,,,,,,,,46.16247512511459,
90,1,210.0,180.0,False,,,,0.03640607590599783,,,,,,,,,,,,,,,,,,,,,,,,,,,,,2.208875163545235,
91,1,210.0,210.0,True,,,,0.032681521374457054,,,,,,,,,,,,,,,,,,,,,,,,,,,,,0.5502587234622456,
92,1,210.0,240.0,False,,,,0.060631330933922964,,,,,,,,,,,,,,,,,,,,,,,,,,,,,1.3013578555216299,
93,1,210.0,270.0,False,,,,0.07220995664858501,,,,,,,,,,,,,,,,,,,,,,,,,,,,,10.389360158817578,
94,1,210.0,300.0,False,,,,0.02890194671566107,,,,,,,,,,,,,,,,,,,,,,,,,,,,,24.61134116231923,
95,1,210.0,330.0,False,,,,0.037338206899744236,,,,,,,,,,,,,,,,,,,,,,,,,,,,,12.845402235189109,
96,1,240.0,0.0,False,,,,0.035572889176285066,,,,,,,,,,,,,,,,,,,,,,,,,,,,,98.97886093108153,
97,1,240.0,30.0,False,,,,0.08443786083159671,,,,,,,,,,,,,,,,,,,,,,,,,,,,,98.41488483558484,
98,1,240.0,60.0,False,,,,0.03751217898107644,,,,,,,,,,,,,,,,,,,,,,,,,,,,,119.95867040322247,
99,1,240.0,90.0,False,,,,0.07598287972238157,,,,,,,,,,,,,,,,,,,,,,,,,,,,,222.42379511689637,
100,1,240.0,120.0,False,,,,0.08157872308461162,,,,,,,,,,,,,,,,,,,,,,,,,,,,,281.49545955405586,
101,1,240.0,150.0,False,,,,0.035477276000107125,,,,,,,,,,,,,,,,,,,,,,,,,,,,,250.51913823747304,
102,1,240.0,180.0,False,,,,0.048903273018423295,,,,,,,,,,,,,,,,,,,,,,,,,,,,,100.23424191690779,
103,1,240.0,210.0,False,,,,0.029770977055707547,,,,,,,,,,,,,,,,,,,,,,,,,,,,,1.9736747608314889,
104,1,240.0,240.0,True,,,,0.043678527470881176,,,,,,,,,,,,,,,,,,,,,,,,,,,,,2.74581995298649,
105,1,240.0,270.0,False,,,,0.017450965573680692,,,,,,,,,,,,,,,,,,,,,,,,,,,,,14.217124728863293,
106,1,240.0,300.0,False,,,,0.02985707606365908,,,,,,,,,,,,,,,,,,,,,,,,,,,,,48.646276336569656,
107,1,240.0,330.0,False,,,,0.019978994717323968,,,,,,,,,,,,,,,,,,,,,,,,,,,,,31.575365126810144,
108,1,270.0,0.0,False,,,,0.034100024702394025,,,,,,,,,,,,,,,,,,,,,,,,,,,,,159.08061714115303,
109,1,270.0,30.0,False,,,,0.07158645308902326,,,,,,,,,,,,,,,,,,,,,,,,,,,,,147.77317104864056,
110,1,270.0,60.0,False,,,,0.09204616060536375,,,,,,,,,,,,,,,,,,,,,,,,,,,,,211.1834381733195,
111,1,270.0,90.0,False,,,,0.07055773708426809,,,,,,,,,,,,,,,,,,,,,,,,,,,,,279.74343181377856,
112,1,270.0,120.0,False,,,,0.1071833448212073,,,,,,,,,,,,,,,,,,,,,,,,,,,,,322.4124646156415,
113,1,270.0,150.0,False,,,,0.0613546048449158,,,,,,,,,,,,,,,,,,,,,,,,,,,,,297.484842803131,
114,1,270.0,180.0,False,,,,0.05635831366749898,,,,,,,,,,,,,,,,,,,,,,,,,,,,,184.67720781681322,
115,1,270.0,210.0,False,,,,0.04003849458997272,,,,,,,,,,,,,,,,,,,,,,,,,,,,,125.50712157306431,
116,1,270.0,240.0,False,,,,0.027321025928868294,,,,,,,,,,,,,,,,,,,,,,,,,,,,,45.22481996217911,
117,1,270.0,270.0,True,,,,0.04125670001571587,,,,,,,,,,,,,,,,,,,,,,,,,,,,,140.38156919096207,
118,1,270.0,300.0,False,,,,0.020402161497692046,,,,,,,,,,,,,,,,,,,,,,,,,,,,,165.48646549901144,
119,1,270.0,330.0,False,,,,0.02005783937298563,,,,,,,,,,,,,,,,,,,,,,,,,,,,,156.89855207859026,
120,1,300.0,0.0,False,,,,0.0364043597985125,,,,,,,,,,,,,,,,,,,,,,,,,,,,,145.14248002542587,
121,1,300.0,30.0,False,,,,0.05908454649848684,,,,,,,,,,,,,,,,,,,,,,,,,,,,,152.89412525228062,
122,1,300.0,60.0,False,,,,0.09918652103710987,,,,,,,,,,,,,,,,,,,,,,,,,,,,,225.47256712561105,
123,1,300.0,90.0,False,,,,0.0721801508952243,,,,,,,,,,,,,,,,,,,,,,,,,,,,,287.1525398408943,
124,1,300.0,120.0,False,,,,0.07665173895237462,,,,,,,,,,,,,,,,,,,,,,,,,,,,,330.6148038420125,
125,1,300.0,150.0,False,,,,0.06487955984926277,,,,,,,,,,,,,,,,,,,,,,,,,,,,,285.94435399898845,
126,1,300.0,180.0,False,,,,0.07328832726266177,,,,,,,,,,,,,,,,,,,,,,,,,,,,,245.49372290247487,
127,1,300.0,210.0,False,,,,0.03613042616899678,,,,,,,,,,,,,,,,,,,,,,,,,,,,,304.47246124902983,
128,1,300.0,240.0,False,,,,0.021997325224497807,,,,,,,,,,,,,,,,,,,,,,,,,,,,,180.95258152794605,
129,1,300.0,270.0,False,,,,0.014628329552933111,,,,,,,,,,,,,,,,,,,,,,,,,,,,,170.002664837478,
130,1,300.0,300.0,True,,,,0.020890414038498513,,,,,,,,,,,,,,,,,,,,,,,,,,,,,170.8347509744122,
131,1,300.0,330.0,False,,,,0.027095581758169104,,,,,,,,,,,,,,,,,,,,,,,,,,,,,163.60396086864102,
132,1,330.0,0.0,False,,,,0.02118890394559804,,,,,,,,,,,,,,,,,,,,,,,,,,,,,136.07656750100267,
133,1,330.0,30.0,False,,,,0.037042832549729024,,,,,,,,,,,,,,,,,,,,,,,,,,,,,204.45791336222948,
134,1,330.0,60.0,False,,,,0.09631764519404355,,,,,,,,,,,,,,,,,,,,,,,,,,,,,289.8569001203721,
135,1,330.0,90.0,False,,,,0.07440339702712795,,,,,,,,,,,,,,,,,,,,,,,,,,,,,283.4566551153772,
136,1,330.0,120.0,False,,,,0.024784277094685822,,,,,,,,,,,,,,,,,,,,,,,,,,,,,300.90075958003206,
137,1,330.0,150.0,False,,,,0.051687663442781716,,,,,,,,,,,,,,,,,,,,,,,,,,,,,303.78139031244007,
138,1,330.0,180.0,False,,,,0.05831617321101551,,,,,,,,,,,,,,,,,,,,,,,,,,,,,292.77999503720304,
139,1,330.0,210.0,False,,,,0.03083918279089782,,,,,,,,,,,,,,,,,,,,,,,,,,,,,286.3332298486433,
140,1,330.0,240.0,False,,,,0.03786933015489326,,,,,,,,,,,,,,,,,,,,,,,,,,,,,145.40105837694304,
141,1,330.0,270.0,False,,,,0.03228876162505356,,,,,,,,,,,,,,,,,,,,,,,,,,,,,162.05948460982088,
142,1,330.0,300.0,False,,,,0.022281594271454017,,,,,,,,,,,,,,,,,,,,,,,,,,,,,168.7757827901686,
143,1,330.0,330.0,True,,,,0.02613039954519169,,,,,,,,,,,,,,,,,,,,,,,,,,,,,144.10405234511552,
144,2,0.0,0.0,True,,,,0.057997475461628194,,,,,,,,,,,,,,,,,,,,,,,,,,,,,216.32568760647553,
145,2,0.0,30.0,False,,,,0.019212993598497662,,,,,,,,,,,,,,,,,,,,,,,,,,,,,275.7510210579451,
146,2,0.0,60.0,False,,,,0.033979973290824236,,,,,,,,,,,,,,,,,,,,,,,,,,,,,303.2588113608822,
147,2,0.0,90.0,False,,,,0.03590123005760911,,,,,,,,,,,,,,,,,,,,,,,,,,,,,259.0005198685651,
148,2,0.0,120.0,False,,,,0.038039924664843204,,,,,,,,,,,,,,,,,,,,,,,,,,,,,329.4733279733596,
149,2,0.0,150.0,False,,,,0.048410731137403025,,,,,,,,,,,,,,,,,,,,,,,,,,,,,365.2113074798255,
150,2,0.0,180.0,False,,,,0.051111217158525075,,,,,,,,,,,,,,,,,,,,,,,,,,,,,311.45726709679786,
151,2,0.0,210.0,False,,,,0.03918750544917152,,,,,,,,,,,,,,,,,,,,,,,,,,,,,21.839671924005152,
152,2,0.0,240.0,False,,,,0.14260410789997557,,,,,,,,,,,,,,,,,,,,,,,,,,,,,145.1844618410576,
153,2,0.0,270.0,False,,,,0.044528050617163376,,,,,,,,,,,,,,,,,,,,,,,,,,,,,178.33767823373267,
154,2,0.0,300.0,False,,,,0.04800069381050495,,,,,,,,,,,,,,,,,,,,,,,,,,,,,181.49819143386748,
155,2,0.0,330.0,False,,,,0.0781637986038737,,,,,,,,,,,,,,,,,,,,,,,,,,,,,171.33701901714576,
156,2,30.0,0.0,False,,,,0.024268413554652875,,,,,,,,,,,,,,,,,,,,,,,,,,,,,272.6699249769763,
157,2,30.0,30.0,True,,,,0.02678056622317182,,,,,,,,,,,,,,,,,,,,,,,,,,,,,275.5957663023511,
158,2,30.0,60.0,False,,,,0.029088584843784883,,,,,,,,,,,,,,,,,,,,,,,,,,,,,299.9645535822093,
159,2,30.0,90.0,False,,,,0.02492890108146321,,,,,,,,,,,,,,,,,,,,,,,,,,,,,223.55065881265563,
160,2,30.0,120.0,False,,,,0.06267427995599545,,,,,,,,,,,,,,,,,,,,,,,,,,,,,252.1000288380946,
161,2,30.0,150.0,False,,,,0.046126415179361835,,,,,,,,,,,,,,,,,,,,,,,,,,,,,321.75840490647806,
162,2,30.0,180.0,False,,,,0.02972352038653204,,,,,,,,,,,,,,,,,,,,,,,,,,,,,0.08067635263293699,
163,2,30.0,210.0,False,,,,0.04091484729560437,,,,,,,,,,,,,,,,,,,,,,,,,,,,,18.817382580371437,
164,2,30.0,240.0,False,,,,0.01865109718292647,,,,,,,,,,,,,,,,,,,,,,,,,,,,,120.48104099639617,
165,2,30.0,270.0,False,,,,0.11044495221018366,,,,,,,,,,,,,,,,,,,,,,,,,,,,,150.1893203695459,
166,2,30.0,300.0,False,,,,0.05193570274484678,,,,,,,,,,,,,,,,,,,,,,,,,,,,,146.1366539446737,
167,2,30.0,330.0,False,,,,0.03377284632698671,,,,,,,,,,,,,,,,,,,,,,,,,,,,,193.80346505343942,
168,2,60.0,0.0,False,,,,0.02475183032057203,,,,,,,,,,,,,,,,,,,,,,,,,,,,,278.2214948858058,
169,2,60.0,30.0,False,,,,0.01805849222050684,,,,,,,,,,,,,,,,,,,,,,,,,,,,,313.0710824815066,
170,2,60.0,60.0,True,,,,4.285300862099431,,,,,,,,,,,,,,,,,,,,,,,,,,,,,237.18115650886688,
171,2,60.0,90.0,False,,,,4.577753141220235,,,,,,,,,,,,,,,,,,,,,,,,,,,,,204.71238030454364,
172,2,60.0,120.0,False,,,,0.04464925238888583,,,,,,,,,,,,,,,,,,,,,,,,,,,,,263.5498939805351,
173,2,60.0,150.0,False,,,,0.01756110650348894,,,,,,,,,,,,,,,,,,,,,,,,,,,,,58.90780815678109,
174,2,60.0,180.0,False,,,,0.006925960999557737,,,,,,,,,,,,,,,,,,,,,,,,,,,,,0.23777238158578712,
175,2,60.0,210.0,False,,,,0.07617593626028643,,,,,,,,,,,,,,,,,,,,,,,,,,,,,3.37944718129642,
176,2,60.0,240.0,False,,,,0.05685661390277141,,,,,,,,,,,,,,,,,,,,,,,,,,,,,74.64375649555328,
177,2,60.0,270.0,False,,,,0.07634191386130174,,,,,,,,,,,,,,,,,,,,,,,,,,,,,159.9254327643385,
178,2,60.0,300.0,False,,,,0.040285103955039495,,,,,,,,,,,,,,,,,,,,,,,,,,,,,181.33599603764662,
179,2,60.0,330.0,False,,,,0.034606176163927846,,,,,,,,,,,,,,,,,,,,,,,,,,,,,213.9578999254265,
180,2,90.0,0.0,False,,,,0.03298184977040841,,,,,,,,,,,,,,,,,,,,,,,,,,,,,254.7334515508827,
181,2,90.0,30.0,False,,,,0.032615904688237496,,,,,,,,,,,,,,,,,,,,,,,,,,,,,250.66742171231158,
182,2,90.0,60.0,False,,,,3.516526421231858,,,,,,,,,,,,,,,,,,,,,,,,,,,,,192.4281143541248,
183,2,90.0,90.0,True,,,,173.0159424719252,,,,,,,,,,,,,,,,,,,,,,,,,,,,,1781.2976365963495,
184,2,90.0,120.0,False,,,,1.49771145274791,,,,,,,,,,,,,,,,,,,,,,,,,,,,,150.84239428700192,
185,2,90.0,150.0,False,,,,0.013578174107930246,,,,,,,,,,,,,,,,,,,,,,,,,,,,,4.295789330673244,
186,2,90.0,180.0,False,,,,0.015015862582304043,,,,,,,,,,,,,,,,,,,,,,,,,,,,,0.17126532948688733,
187,2,90.0,210.0,False,,,,0.041574288263599046,,,,,,,,,,,,,,,,,,,,,,,,,,,,,0.17238274740619153,
188,2,90.0,240.0,False,,,,0.0918098747344238,,,,,,,,,,,,,,,,,,,,,,,,,,,,,30.991519534700455,
189,2,90.0,270.0,False,,,,0.10740361447286653,,,,,,,,,,,,,,,,,,,,,,,,,,,,,161.92006098537354,
190,2,90.0,300.0,False,,,,0.06677078518534169,,,,,,,,,,,,,,,,,,,,,,,,,,,,,198.22966600273207,
191,2,90.0,330.0,False,,,,0.035119289975983084,,,,,,,,,,,,,,,,,,,,,,,,,,,,,234.6980502376605,
192,2,120.0,0.0,False,,,,0.05823447161373538,,,,,,,,,,,,,,,,,,,,,,,,,,,,,270.06480717141596,
193,2,120.0,30.0,False,,,,0.021087788579526926,,,,,,,,,,,,,,,,,,,,,,,,,,,,,228.41999600865626,
194,2,120.0,60.0,False,,,,0.022541287840548388,,,,,,,,,,,,,,,,,,,,,,,,,,,,,196.31438205447432,
195,2,120.0,90.0,False,,,,19.486107458796994,,,,,,,,,,,,,,,,,,,,,,,,,,,,,408.04803377123574,
196,2,120.0,120.0,True,,,,89.16898028887775,,,,,,,,,,,,,,,,,,,,,,,,,,,,,1038.053852793554,
197,2,120.0,150.0,False,,,,0.023907936663552072,,,,,,,,,,,,,,,,,,,,,,,,,,,,,2.2953407111039374,
198,2,120.0,180.0,False,,,,0.020427843563008564,,,,,,,,,,,,,,,,,,,,,,,,,,,,,0.16738986160675018,
199,2,120.0,210.0,False,,,,0.024030259343845818,,,,,,,,,,,,,,,,,,,,,,,,,,,,,0.34853867505167446,
200,2,120.0,240.0,False,,,,0.06733913351698487,,,,,,,,,,,,,,,,,,,,,,,,,,,,,1.5539727890407655,
201,2,120.0,270.0,False,,,,0.019251422500006787,,,,,,,,,,,,,,,,,,,,,,,,,,,,,55.258397636420455,
202,2,120.0,300.0,False,,,,0.048524548870525985,,,,,,,,,,,,,,,,,,,,,,,,,,,,,204.09744499676964,
203,2,120.0,330.0,False,,,,0.09588275503968019,,,,,,,,,,,,,,,,,,,,,,,,,,,,,246.77300005406875,
204,2,150.0,0.0,False,,,,0.028288391812108175,,,,,,,,,,,,,,,,,,,,,,,,,,,,,255.59040680852706,
205,2,150.0,30.0,False,,,,0.08836120239924657,,,,,,,,,,,,,,,,,,,,,,,,,,,,,275.62842827843133,
206,2,150.0,60.0,False,,,,0.03919434780282774,,,,,,,,,,,,,,,,,,,,,,,,,,,,,60.33048026084222,
207,2,150.0,90.0,False,,,,0.02316970343959843,,,,,,,,,,,,,,,,,,,,,,,,,,,,,12.835324990888674,
208,2,150.0,120.0,False,,,,0.04466852898533905,,,,,,,,,,,,,,,,,,,,,,,,,,,,,6.40284662181223,
209,2,150.0,150.0,True,,,,0.01635840607461747,,,,,,,,,,,,,,,,,,,,,,,,,,,,,1.2650765274106732,
210,2,150.0,180.0,False,,,,0.20736221238922062,,,,,,,,,,,,,,,,,,,,,,,,,,,,,0.22318862159659852,
211,2,150.0,210.0,False,,,,0.09052617091338522,,,,,,,,,,,,,,,,,,,,,,,,,,,,,0.6187949109924338,
212,2,150.0,240.0,False,,,,0.08192320595728039,,,,,,,,,,,,,,,,,,,,,,,,,,,,,5.13126729564608,
213,2,150.0,270.0,False,,,,0.1145362954629796,,,,,,,,,,,,,,,,,,,,,,,,,,,,,2.4791893804917287,
214,2,150.0,300.0,False,,,,0.03222821410297729,,,,,,,,,,,,,,,,,,,,,,,,,,,,,73.91967981704369,
215,2,150.0,330.0,False,,,,0.08367778036960802,,,,,,,,,,,,,,,,,,,,,,,,,,,,,187.19662936532703,
216,2,180.0,0.0,False,,,,0.10917412021059424,,,,,,,,,,,,,,,,,,,,,,,,,,,,,169.54102411033807,
217,2,180.0,30.0,False,,,,0.024514495443088195,,,,,,,,,,,,,,,,,,,,,,,,,,,,,2.8761489636228137,
218,2,180.0,60.0,False,,,,0.013286497991917948,,,,,,,,,,,,,,,,,,,,,,,,,,,,,0.13902737418894623,
219,2,180.0,90.0,False,,,,0.014276666486122292,,,,,,,,,,,,,,,,,,,,,,,,,,,,,0.2240668206386958,
220,2,180.0,120.0,False,,,,0.01920346879959124,,,,,,,,,,,,,,,,,,,,,,,,,,,,,0.7090328194344615,
221,2,180.0,150.0,False,,,,0.035486332576049356,,,,,,,,,,,,,,,,,,,,,,,,,,,,,0.5924644267117661,
222,2,180.0,180.0,True,,,,0.05771643180357863,,,,,,,,,,,,,,,,,,,,,,,,,,,,,0.4121148635170476,
223,2,180.0,210.0,False,,,,0.03685740235438211,,,,,,,,,,,,,,,,,,,,,,,,,,,,,0.641967313153987,
224,2,180.0,240.0,False,,,,0.11967166320804305,,,,,,,,,,,,,,,,,,,,,,,,,,,,,0.6538238298557402,
225,2,180.0,270.0,False,,,,0.06118184331083737,,,,,,,,,,,,,,,,,,,,,,,,,,,,,7.601851296289948,
226,2,180.0,300.0,False,,,,0.02867845709004232,,,,,,,,,,,,,,,,,,,,,,,,,,,,,53.831678332256885,
227,2,180.0,330.0,False,,,,0.05697388329813625,,,,,,,,,,,,,,,,,,,,,,,,,,,,,110.70606020558688,
228,2,210.0,0.0,False,,,,0.04598910623967006,,,,,,,,,,,,,,,,,,,,,,,,,,,,,74.40662280414003,
229,2,210.0,30.0,False,,,,0.07238537594134742,,,,,,,,,,,,,,,,,,,,,,,,,,,,,160.75938224966416,
230,2,210.0,60.0,False,,,,0.15068306992045882,,,,,,,,,,,,,,,,,,,,,,,,,,,,,88.9134002774303,
231,2,210.0,90.0,False,,,,0.040042500856031865,,,,,,,,,,,,,,,,,,,,,,,,,,,,,1.9912693535560164,
232,2,210.0,120.0,False,,,,0.04220936965978371,,,,,,,,,,,,,,,,,,,,,,,,,,,,,9.70676569131634,
233,2,210.0,150.0,False,,,,0.04529684749005235,,,,,,,,,,,,,,,,,,,,,,,,,,,,,204.21512120238688,
234,2,210.0,180.0,False,,,,0.028470381494892245,,,,,,,,,,,,,,,,,,,,,,,,,,,,,31.00399468018954,
235,2,210.0,210.0,True,,,,0.02907263511514815,,,,,,,,,,,,,,,,,,,,,,,,,,,,,0.7021407283830848,
236,2,210.0,240.0,False,,,,0.027997511519315028,,,,,,,,,,,,,,,,,,,,,,,,,,,,,16.837385856857388,
237,2,210.0,270.0,False,,,,0.04298837281025631,,,,,,,,,,,,,,,,,,,,,,,,,,,,,33.64504661087277,
238,2,210.0,300.0,False,,,,0.09343892744084953,,,,,,,,,,,,,,,,,,,,,,,,,,,,,64.61340124490462,
239,2,210.0,330.0,False,,,,0.04947985747789309,,,,,,,,,,,,,,,,,,,,,,,,,,,,,107.25180378313188,
240,2,240.0,0.0,False,,,,0.10031305499497489,,,,,,,,,,,,,,,,,,,,,,,,,,,,,177.15478447348582,
241,2,240.0,30.0,False,,,,0.1080213100184919,,,,,,,,,,,,,,,,,,,,,,,,,,,,,194.0699032802462,
242,2,240.0,60.0,False,,,,0.18621884523254245,,,,,,,,,,,,,,,,,,,,,,,,,,,,,190.03159420643183,
243,2,240.0,90.0,False,,,,0.033138735917043236,,,,,,,,,,,,,,,,,,,,,,,,,,,,,266.41157097262203,
244,2,240.0,120.0,False,,,,0.04099992023373014,,,,,,,,,,,,,,,,,,,,,,,,,,,,,317.286642646479,
245,2,240.0,150.0,False,,,,0.042024350836160136,,,,,,,,,,,,,,,,,,,,,,,,,,,,,297.6588718870461,
246,2,240.0,180.0,False,,,,0.04161251853761443,,,,,,,,,,,,,,,,,,,,,,,,,,,,,162.77171809577598,
247,2,240.0,210.0,False,,,,0.027770456971650058,,,,,,,,,,,,,,,,,,,,,,,,,,,,,7.276399247996321,
248,2,240.0,240.0,True,,,,0.023720612156468805,,,,,,,,,,,,,,,,,,,,,,,,,,,,,33.150921387345434,
249,2,240.0,270.0,False,,,,0.016607530438836424,,,,,,,,,,,,,,,,,,,,,,,,,,,,,119.92414320186661,
250,2,240.0,300.0,False,,,,0.0233786596297044,,,,,,,,,,,,,,,,,,,,,,,,,,,,,132.11670762809376,
251,2,240.0,330.0,False,,,,0.09938982030707781,,,,,,,,,,,,,,,,,,,,,,,,,,,,,168.87140312739263,
252,2,270.0,0.0,False,,,,0.0644001674369134,,,,,,,,,,,,,,,,,,,,,,,,,,,,,171.44176013988508,
253,2,270.0,30.0,False,,,,0.022237935665588997,,,,,,,,,,,,,,,,,,,,,,,,,,,,,196.14991933355597,
254,2,270.0,60.0,False,,,,0.10918134919200528,,,,,,,,,,,,,,,,,,,,,,,,,,,,,229.04460889696978,
255,2,270.0,90.0,False,,,,0.03508944046971951,,,,,,,,,,,,,,,,,,,,,,,,,,,,,321.1483767365013,
256,2,270.0,120.0,False,,,,0.022782645836698978,,,,,,,,,,,,,,,,,,,,,,,,,,,,,321.57303530286185,
257,2,270.0,150.0,False,,,,0.01893251425458605,,,,,,,,,,,,,,,,,,,,,,,,,,,,,320.81716409337736,
258,2,270.0,180.0,False,,,,0.034060077952950046,,,,,,,,,,,,,,,,,,,,,,,,,,,,,240.8202886088792,
259,2,270.0,210.0,False,,,,0.05318688915611579,,,,,,,,,,,,,,,,,,,,,,,,,,,,,95.8481495296432,
260,2,270.0,240.0,False,,,,0.01698364761245027,,,,,,,,,,,,,,,,,,,,,,,,,,,,,123.5907266995668,
261,2,270.0,270.0,True,,,,0.03315457159330703,,,,,,,,,,,,,,,,,,,,,,,,,,,,,200.19531307952047,
262,2,270.0,300.0,False,,,,0.013729525017661948,,,,,,,,,,,,,,,,,,,,,,,,,,,,,203.85165411622347,
263,2,270.0,330.0,False,,,,0.08700783692913053,,,,,,,,,,,,,,,,,,,,,,,,,,,,,184.71551280611163,
264,2,300.0,0.0,False,,,,0.04028377935579529,,,,,,,,,,,,,,,,,,,,,,,,,,,,,187.14116565462615,
265,2,300.0,30.0,False,,,,0.07278086028751912,,,,,,,,,,,,,,,,,,,,,,,,,,,,,203.96106751429087,
266,2,300.0,60.0,False,,,,0.05572241876844586,,,,,,,,,,,,,,,,,,,,,,,,,,,,,261.464019732476,
267,2,300.0,90.0,False,,,,0.033542807637308436,,,,,,,,,,,,,,,,,,,,,,,,,,,,,316.9397917827912,
268,2,300.0,120.0,False,,,,0.06059781652348457,,,,,,,,,,,,,,,,,,,,,,,,,,,,,339.52165330517687,
269,2,300.0,150.0,False,,,,0.06608426477245177,,,,,,,,,,,,,,,,,,,,,,,,,,,,,335.8255318938469,
270,2,300.0,180.0,False,,,,0.034099318904336484,,,,,,,,,,,,,,,,,,,,,,,,,,,,,300.365344924323,
271,2,300.0,210.0,False,,,,0.06813889330358214,,,,,,,,,,,,,,,,,,,,,,,,,,,,,306.07459833933046,
272,2,300.0,240.0,False,,,,0.0215067609848093,,,,,,,,,,,,,,,,,,,,,,,,,,,,,213.1279581318538,
273,2,300.0,270.0,False,,,,0.02743175649519514,,,,,,,,,,,,,,,,,,,,,,,,,,,,,221.18829278025723,
274,2,300.0,300.0,True,,,,0.02904368305726003,,,,,,,,,,,,,,,,,,,,,,,,,,,,,188.06542222860284,
275,2,300.0,330.0,False,,,,0.046965762999484593,,,,,,,,,,,,,,,,,,,,,,,,,,,,,179.6700894400986,
276,2,330.0,0.0,False,,,,0.05572010280313611,,,,,,,,,,,,,,,,,,,,,,,,,,,,,190.2206950631958,
277,2,330.0,30.0,False,,,,0.04388731910432975,,,,,,,,,,,,,,,,,,,,,,,,,,,,,237.0962275883831,
278,2,330.0,60.0,False,,,,0.018809429578334144,,,,,,,,,,,,,,,,,,,,,,,,,,,,,287.1916493526179,
279,2,330.0,90.0,False,,,,0.02200628545635962,,,,,,,,,,,,,,,,,,,,,,,,,,,,,320.84372293245536,
280,2,330.0,120.0,False,,,,0.033659754483533616,,,,,,,,,,,,,,,,,,,,,,,,,,,,,383.9605027266732,
281,2,330.0,150.0,False,,,,0.05167035299890583,,,,,,,,,,,,,,,,,,,,,,,,,,,,,346.229271172233,
282,2,330.0,180.0,False,,,,0.09167691779337758,,,,,,,,,,,,,,,,,,,,,,,,,,,,,322.6156217176411,
283,2,330.0,210.0,False,,,,0.051402130562693875,,,,,,,,,,,,,,,,,,,,,,,,,,,,,251.10049693101678,
284,2,330.0,240.0,False,,,,0.01660522177357658,,,,,,,,,,,,,,,,,,,,,,,,,,,,,143.40872412291614,
285,2,330.0,270.0,False,,,,0.040802210836264674,,,,,,,,,,,,,,,,,,,,,,,,,,,,,186.7028320553705,
286,2,330.0,300.0,False,,,,0.01673018848324152,,,,,,,,,,,,,,,,,,,,,,,,,,,,,200.79057621457156,
287,2,330.0,330.0,True,,,,0.053274535976005497,,,,,,,,,,,,,,,,,,,,,,,,,,,,,187.8055817462943,
0,1,0.0,0.0,True,,,,0.017485616687045548,,,,,,,,,,,,,,,,,,,,,,,,,,,,,,0.11883331751017519
1,1,0.0,30.0,False,,,,0.024494443999502208,,,,,,,,,,,,,,,,,,,,,,,,,,,,,,0.12122783920178588
2,1,0.0,60.0,False,,,,0.023678304375986774,,,,,,,,,,,,,,,,,,,,,,,,,,,,,,0.27670166262549983
3,1,0.0,90.0,False,,,,0.031133378658678292,,,,,,,,,,,,,,,,,,,,,,,,,,,,,,0.398567349847734
4,1,0.0,120.0,False,,,,0.06955734481561493,,,,,,,,,,,,,,,,,,,,,,,,,,,,,,0.5021284657279133
5,1,0.0,150.0,False,,,,0.0551630517379652,,,,,,,,,,,,,,,,,,,,,,,,,,,,,,0.5883788014097353
6,1,0.0,180.0,False,,,,0.0957345352870538,,,,,,,,,,,,,,,,,,,,,,,,,,,,,,0.6626266267775347
7,1,0.0,210.0,False,,,,0.07041827055969571,,,,,,,,,,,,,,,,,,,,,,,,,,,,,,0.5272233962217959
8,1,0.0,240.0,False,,,,0.05633452990246908,,,,,,,,,,,,,,,,,,,,,,,,,,,,,,0.4460343117157112
9,1,0.0,270.0,False,,,,0.0248134419768673,,,,,,,,,,,,,,,,,,,,,,,,,,,,,,0.26648876351633366
10,1,0.0,300.0,False,,,,0.02897653603180664,,,,,,,,,,,,,,,,,,,,,,,,,,,,,,0.20095975280574013
11,1,0.0,330.0,False,,,,0.023009222927292055,,,,,,,,,,,,,,,,,,,,,,,,,,,,,,0.08181464373601607
12,1,30.0,0.0,False,,,,0.04258614399622326,,,,,,,,,,,,,,,,,,,,,,,,,,,,,,0.21175236810752085
13,1,30.0,30.0,True,,,,0.02073550430280046,,,,,,,,,,,,,,,,,,,,,,,,,,,,,,0.11996650797577352
14,1,30.0,60.0,False,,,,0.02660069329238364,,,,,,,,,,,,,,,,,,,,,,,,,,,,,,0.18640042176951221
15,1,30.0,90.0,False,,,,0.01849166674154446,,,,,,,,,,,,,,,,,,,,,,,,,,,,,,0.14662179507569528
16,1,30.0,120.0,False,,,,0.019725072991640218,,,,,,,,,,,,,,,,,,,,,,,,,,,,,,0.26679361032821297
17,1,30.0,150.0,False,,,,0.039584290606909975,,,,,,,,,,,,,,,,,,,,,,,,,,,,,,0.3242377757716343
18,1,30.0,180.0,False,,,,0.024499580681568246,,,,,,,,,,,,,,,,,,,,,,,,,,,,,,0.6486844222198042
19,1,30.0,210.0,False,,,,0.052407575711786926,,,,,,,,,,,,,,,,,,,,,,,,,,,,,,0.5490278585489272
20,1,30.0,240.0,False,,,,0.026138582251415576,,,,,,,,,,,,,,,,,,,,,,,,,,,,,,0.32849141601390297
21,1,30.0,270.0,False,,,,0.0742710874412113,,,,,,,,,,,,,,,,,,,,,,,,,,,,,,0.3434190167938521
22,1,30.0,300.0,False,,,,0.15662714957108378,,,,,,,,,,,,,,,,,,,,,,,,,,,,,,0.2993210302824231
23,1,30.0,330.0,False,,,,0.02546322986351078,,,,,,,,,,,,,,,,,,,,,,,,,,,,,,0.2305936363256807
24,1,60.0,0.0,False,,,,0.022263896906891394,,,,,,,,,,,,,,,,,,,,,,,,,,,,,,0.3359975260710574
25,1,60.0,30.0,False,,,,0.019444561933030582,,,,,,,,,,,,,,,,,,,,,,,,,,,,,,0.11810065649703809
26,1,60.0,60.0,True,,,,0.054442719638421525,,,,,,,,,,,,,,,,,,,,,,,,,,,,,,0.130665458438853
27,1,60.0,90.0,False,,,,0.02733342582651261,,,,,,,,,,,,,,,,,,,,,,,,,,,,,,0.11924988061542663
28,1,60.0,120.0,False,,,,0.045606905366376266,,,,,,,,,,,,,,,,,,,,,,,,,,,,,,0.21554846623189183
29,1,60.0,150.0,False,,,,0.04068512683491677,,,,,,,,,,,,,,,,,,,,,,,,,,,,,,0.5077983502806909
30,1,60.0,180.0,False,,,,0.10601276051477201,,,,,,,,,,,,,,,,,,,,,,,,,,,,,,0.46214772367795687
31,1,60.0,210.0,False,,,,0.03875514870633935,,,,,,,,,,,,,,,,,,,,,,,,,,,,,,0.5566754362728736
32,1,60.0,240.0,False,,,,0.06771984515988462,,,,,,,,,,,,,,,,,,,,,,,,,,,,,,0.4670144058498382
33,1,60.0,270.0,False,,,,0.10626710740457423,,,,,,,,,,,,,,,,,,,,,,,,,,,,,,0.6116644655204141
34,1,60.0,300.0,False,,,,0.02227154340413957,,,,,,,,,,,,,,,,,,,,,,,,,,,,,,0.6891721573916149
35,1,60.0,330.0,False,,,,0.15377419001512618,,,,,,,,,,,,,,,,,,,,,,,,,,,,,,0.596733360290131
36,1,90.0,0.0,False,,,,0.04453425410704571,,,,,,,,,,,,,,,,,,,,,,,,,,,,,,0.5515432307095525
37,1,90.0,30.0,False,,,,0.02368274718293853,,,,,,,,,,,,,,,,,,,,,,,,,,,,,,0.6187623581215154
38,1,90.0,60.0,False,,,,0.029596166322037255,,,,,,,,,,,,,,,,,,,,,,,,,,,,,,0.29349740990155115
39,1,90.0,90.0,True,,,,0.018881966553867174,,,,,,,,,,,,,,,,,,,,,,,,,,,,,,0.15325574763228206
40,1,90.0,120.0,False,,,,0.06409395138266663,,,,,,,,,,,,,,,,,,,,,,,,,,,,,,0.15715396591827718
41,1,90.0,150.0,False,,,,0.07559133570880099,,,,,,,,,,,,,,,,,,,,,,,,,,,,,,0.37688252788518684
42,1,90.0,180.0,False,,,,0.09005032028919785,,,,,,,,,,,,,,,,,,,,,,,,,,,,,,0.5280601250480387
43,1,90.0,210.0,False,,,,0.028069775145745057,,,,,,,,,,,,,,,,,,,,,,,,,,,,,,0.5963031668154998
44,1,90.0,240.0,False,,,,0.10423127942604285,,,,,,,,,,,,,,,,,,,,,,,,,,,,,,0.5378731063428233
45,1,90.0,270.0,False,,,,0.025906523818470896,,,,,,,,,,,,,,,,,,,,,,,,,,,,,,0.7500715632980821
46,1,90.0,300.0,False,,,,0.05150256361956709,,,,,,,,,,,,,,,,,,,,,,,,,,,,,,0.6896867606879009
47,1,90.0,330.0,False,,,,0.022632035352832036,,,,,,,,,,,,,,,,,,,,,,,,,,,,,,0.4996665662403528
48,1,120.0,0.0,False,,,,0.10757423846795164,,,,,,,,,,,,,,,,,,,,,,,,,,,,,,0.6601395159469484
49,1,120.0,30.0,False,,,,0.041483418674756495,,,,,,,,,,,,,,,,,,,,,,,,,,,,,,0.7101711157955667
50,1,120.0,60.0,False,,,,0.02781548026015425,,,,,,,,,,,,,,,,,,,,,,,,,,,,,,0.404611895413984
51,1,120.0,90.0,False,,,,0.022194005736452617,,,,,,,,,,,,,,,,,,,,,,,,,,,,,,0.13514131711173283
52,1,120.0,120.0,True,,,,0.02508833701631761,,,,,,,,,,,,,,,,,,,,,,,,,,,,,,0.06278412875699463
53,1,120.0,150.0,False,,,,0.029982378913421225,,,,,,,,,,,,,,,,,,,,,,,,,,,,,,0.13575507387096278
54,1,120.0,180.0,False,,,,0.034567177447100174,,,,,,,,,,,,,,,,,,,,,,,,,,,,,,0.3334715979860816
55,1,120.0,210.0,False,,,,0.08819186375846741,,,,,,,,,,,,,,,,,,,,,,,,,,,,,,0.5274852501138116
56,1,120.0,240.0,False,,,,0.1058483609891194,,,,,,,,,,,,,,,,,,,,,,,,,,,,,,0.6659676420439806
57,1,120.0,270.0,False,,,,0.05494329780463427,,,,,,,,,,,,,,,,,,,,,,,,,,,,,,0.8221526399332514
58,1,120.0,300.0,False,,,,0.017648967428123316,,,,,,,,,,,,,,,,,,,,,,,,,,,,,,0.6945818177248688
59,1,120.0,330.0,False,,,,0.0792563664898929,,,,,,,,,,,,,,,,,,,,,,,,,,,,,,0.7494907634508736
60,1,150.0,0.0,False,,,,0.14415160073686478,,,,,,,,,,,,,,,,,,,,,,,,,,,,,,0.7957203251783089
61,1,150.0,30.0,False,,,,0.13641810463806958,,,,,,,,,,,,,,,,,,,,,,,,,,,,,,0.7025041796773792
62,1,150.0,60.0,False,,,,0.057667113837959944,,,,,,,,,,,,,,,,,,,,,,,,,,,,,,0.5053941355414492
63,1,150.0,90.0,False,,,,0.019966570643759642,,,,,,,,,,,,,,,,,,,,,,,,,,,,,,0.20095850508131008
64,1,150.0,120.0,False,,,,0.02064393382609824,,,,,,,,,,,,,,,,,,,,,,,,,,,,,,0.16177516065362985
65,1,150.0,150.0,True,,,,0.02525141015854257,,,,,,,,,,,,,,,,,,,,,,,,,,,,,,0.18005698209328735
66,1,150.0,180.0,False,,,,0.03131881246085239,,,,,,,,,,,,,,,,,,,,,,,,,,,,,,0.20654111840769163
67,1,150.0,210.0,False,,,,0.0693476603877454,,,,,,,,,,,,,,,,,,,,,,,,,,,,,,0.4129462912549692
68,1,150.0,240.0,False,,,,0.09890585767704133,,,,,,,,,,,,,,,,,,,,,,,,,,,,,,0.4969054271726039
69,1,150.0,270.0,False,,,,0.08651718763917393,,,,,,,,,,,,,,,,,,,,,,,,,,,,,,0.6580032512195229
70,1,150.0,300.0,False,,,,0.06561819305543876,,,,,,,,,,,,,,,,,,,,,,,,,,,,,,0.815831378346785
71,1,150.0,330.0,False,,,,0.18142821414848995,,,,,,,,,,,,,,,,,,,,,,,,,,,,,,0.7216026820943782
72,1,180.0,0.0,False,,,,0.04692064086864796,,,,,,,,,,,,,,,,,,,,,,,,,,,,,,1.0022469227863724
73,1,180.0,30.0,False,,,,0.046348563943505325,,,,,,,,,,,,,,,,,,,,,,,,,,,,,,0.8056362164646358
74,1,180.0,60.0,False,,,,0.13944177113742964,,,,,,,,,,,,,,,,,,,,,,,,,,,,,,0.5978803540015252
75,1,180.0,90.0,False,,,,0.05199464466040624,,,,,,,,,,,,,,,,,,,,,,,,,,,,,,0.5522323807214059
76,1,180.0,120.0,False,,,,0.054662416163073095,,,,,,,,,,,,,,,,,,,,,,,,,,,,,,0.4950615901063994
77,1,180.0,150.0,False,,,,0.04375328343081551,,,,,,,,,,,,,,,,,,,,,,,,,,,,,,0.17651696158669006
78,1,180.0,180.0,True,,,,0.041034754023122275,,,,,,,,,,,,,,,,,,,,,,,,,,,,,,0.13938457043066493
79,1,180.0,210.0,False,,,,0.02274928268625479,,,,,,,,,,,,,,,,,,,,,,,,,,,,,,0.12048197027854127
80,1,180.0,240.0,False,,,,0.02442178925389796,,,,,,,,,,,,,,,,,,,,,,,,,,,,,,0.3382637968227963
81,1,180.0,270.0,False,,,,0.05084398899520322,,,,,,,,,,,,,,,,,,,,,,,,,,,,,,0.5635939736337767
82,1,180.0,300.0,False,,,,0.05799678160668542,,,,,,,,,,,,,,,,,,,,,,,,,,,,,,0.3602609999744548
83,1,180.0,330.0,False,,,,0.0724333683364125,,,,,,,,,,,,,,,,,,,,,,,,,,,,,,0.657813998879259
84,1,210.0,0.0,False,,,,0.06904629581664154,,,,,,,,,,,,,,,,,,,,,,,,,,,,,,0.7786224523683569
85,1,210.0,30.0,False,,,,0.032500448935812686,,,,,,,,,,,,,,,,,,,,,,,,,,,,,,0.6580066454247544
86,1,210.0,60.0,False,,,,0.10519541083722281,,,,,,,,,,,,,,,,,,,,,,,,,,,,,,0.7079048292416857
87,1,210.0,90.0,False,,,,0.058982559218892935,,,,,,,,,,,,,,,,,,,,,,,,,,,,,,0.6037901256206497
88,1,210.0,120.0,False,,,,0.05563529655392313,,,,,,,,,,,,,,,,,,,,,,,,,,,,,,0.5147497810188507
89,1,210.0,150.0,False,,,,0.11587892238706182,,,,,,,,,,,,,,,,,,,,,,,,,,,,,,0.2806558851048665
90,1,210.0,180.0,False,,,,0.02604754336907303,,,,,,,,,,,,,,,,,,,,,,,,,,,,,,0.18020507881355582
91,1,210.0,210.0,True,,,,0.05137312671983771,,,,,,,,,,,,,,,,,,,,,,,,,,,,,,0.286863628924865
92,1,210.0,240.0,False,,,,0.036423225046116475,,,,,,,,,,,,,,,,,,,,,,,,,,,,,,0.17842443598328783
93,1,210.0,270.0,False,,,,0.03188610497288844,,,,,,,,,,,,,,,,,,,,,,,,,,,,,,0.23566269431541187
94,1,210.0,300.0,False,,,,0.05527495508562601,,,,,,,,,,,,,,,,,,,,,,,,,,,,,,0.3400146295847076
95,1,210.0,330.0,False,,,,0.04633771633598624,,,,,,,,,,,,,,,,,,,,,,,,,,,,,,0.6497042079105596
96,1,240.0,0.0,False,,,,0.08766171549906616,,,,,,,,,,,,,,,,,,,,,,,,,,,,,,0.640398837486955
97,1,240.0,30.0,False,,,,0.07453791165146773,,,,,,,,,,,,,,,,,,,,,,,,,,,,,,0.8503274371719958
98,1,240.0,60.0,False,,,,0.03773924981920089,,,,,,,,,,,,,,,,,,,,,,,,,,,,,,0.9154893075556987
99,1,240.0,90.0,False,,,,0.019179508600933953,,,,,,,,,,,,,,,,,,,,,,,,,,,,,,0.6729704351376739
100,1,240.0,120.0,False,,,,0.1428721627916596,,,,,,,,,,,,,,,,,,,,,,,,,,,,,,0.7116531084968649
101,1,240.0,150.0,False,,,,0.03425535595567733,,,,,,,,,,,,,,,,,,,,,,,,,,,,,,0.4797782537963123
102,1,240.0,180.0,False,,,,0.024152922862161332,,,,,,,,,,,,,,,,,,,,,,,,,,,,,,0.27351250647265707
103,1,240.0,210.0,False,,,,0.030904613034358264,,,,,,,,,,,,,,,,,,,,,,,,,,,,,,0.24358422925299408
104,1,240.0,240.0,True,,,,0.035909072685317026,,,,,,,,,,,,,,,,,,,,,,,,,,,,,,0.26742519338310766
105,1,240.0,270.0,False,,,,0.03029538492088774,,,,,,,,,,,,,,,,,,,,,,,,,,,,,,0.13185599416408497
106,1,240.0,300.0,False,,,,0.02128513612037357,,,,,,,,,,,,,,,,,,,,,,,,,,,,,,0.39148407416571473
107,1,240.0,330.0,False,,,,0.032970734987399705,,,,,,,,,,,,,,,,,,,,,,,,,,,,,,0.7440978915031713
108,1,270.0,0.0,False,,,,0.055531903547802394,,,,,,,,,,,,,,,,,,,,,,,,,,,,,,0.6482015122951125
109,1,270.0,30.0,False,,,,0.07993224837239372,,,,,,,,,,,,,,,,,,,,,,,,,,,,,,0.9180130426892605
110,1,270.0,60.0,False,,,,0.023317774627535426,,,,,,,,,,,,,,,,,,,,,,,,,,,,,,0.8177703426174375
111,1,270.0,90.0,False,,,,0.03649953604288306,,,,,,,,,,,,,,,,,,,,,,,,,,,,,,0.7028139279041226
112,1,270.0,120.0,False,,,,0.1201461890979568,,,,,,,,,,,,,,,,,,,,,,,,,,,,,,0.6323662344028051
113,1,270.0,150.0,False,,,,0.03908459225086931,,,,,,,,,,,,,,,,,,,,,,,,,,,,,,0.2860086707327156
114,1,270.0,180.0,False,,,,0.0656321650077755,,,,,,,,,,,,,,,,,,,,,,,,,,,,,,0.2789948178858019
115,1,270.0,210.0,False,,,,0.09455595778406096,,,,,,,,,,,,,,,,,,,,,,,,,,,,,,0.35748169289787335
116,1,270.0,240.0,False,,,,0.01773329569471059,,,,,,,,,,,,,,,,,,,,,,,,,,,,,,0.3221741160646526
117,1,270.0,270.0,True,,,,0.017165726896565685,,,,,,,,,,,,,,,,,,,,,,,,,,,,,,0.23798972275980945
118,1,270.0,300.0,False,,,,0.025642579718241486,,,,,,,,,,,,,,,,,,,,,,,,,,,,,,0.2619821469601471
119,1,270.0,330.0,False,,,,0.029190818496984527,,,,,,,,,,,,,,,,,,,,,,,,,,,,,,0.5764145865866694
120,1,300.0,0.0,False,,,,0.051851855677097144,,,,,,,,,,,,,,,,,,,,,,,,,,,,,,0.3773095481005613
121,1,300.0,30.0,False,,,,0.02674124254845109,,,,,,,,,,,,,,,,,,,,,,,,,,,,,,0.5632880490043876
122,1,300.0,60.0,False,,,,0.13855274191853084,,,,,,,,,,,,,,,,,,,,,,,,,,,,,,0.5457174776176918
123,1,300.0,90.0,False,,,,0.13251412572468108,,,,,,,,,,,,,,,,,,,,,,,,,,,,,,0.3596382886108631
124,1,300.0,120.0,False,,,,0.05584600969222227,,,,,,,,,,,,,,,,,,,,,,,,,,,,,,0.716575250833121
125,1,300.0,150.0,False,,,,0.1130955426412463,,,,,,,,,,,,,,,,,,,,,,,,,,,,,,0.49517348472556105
126,1,300.0,180.0,False,,,,0.029340647382535327,,,,,,,,,,,,,,,,,,,,,,,,,,,,,,0.704242781894749
127,1,300.0,210.0,False,,,,0.11291171635201622,,,,,,,,,,,,,,,,,,,,,,,,,,,,,,0.4623389603637186
128,1,300.0,240.0,False,,,,0.04836323248832737,,,,,,,,,,,,,,,,,,,,,,,,,,,,,,0.22932880210022732
129,1,300.0,270.0,False,,,,0.043213646079793604,,,,,,,,,,,,,,,,,,,,,,,,,,,,,,0.136550310440132
130,1,300.0,300.0,True,,,,0.021859629540005414,,,,,,,,,,,,,,,,,,,,,,,,,,,,,,0.31597285207959036
131,1,300.0,330.0,False,,,,0.06208917975551649,,,,,,,,,,,,,,,,,,,,,,,,,,,,,,0.32549087850875896
132,1,330.0,0.0,False,,,,0.024672025820638113,,,,,,,,,,,,,,,,,,,,,,,,,,,,,,0.20457002508526959
133,1,330.0,30.0,False,,,,0.09211033672985378,,,,,,,,,,,,,,,,,,,,,,,,,,,,,,0.2353126117146278
134,1,330.0,60.0,False,,,,0.053878042118977884,,,,,,,,,,,,,,,,,,,,,,,,,,,,,,0.5260272235117136
135,1,330.0,90.0,False,,,,0.10117202868264219,,,,,,,,,,,,,,,,,,,,,,,,,,,,,,0.6658344590588615
136,1,330.0,120.0,False,,,,0.05009832523634445,,,,,,,,,,,,,,,,,,,,,,,,,,,,,,0.9423762166651357
137,1,330.0,150.0,False,,,,0.1403755014216237,,,,,,,,,,,,,,,,,,,,,,,,,,,,,,0.6902897080302095
138,1,330.0,180.0,False,,,,0.04254998935006546,,,,,,,,,,,,,,,,,,,,,,,,,,,,,,0.7705014655456801
139,1,330.0,210.0,False,,,,0.05611472135743341,,,,,,,,,,,,,,,,,,,,,,,,,,,,,,0.4975681177346779
140,1,330.0,240.0,False,,,,0.034337972200944075,,,,,,,,,,,,,,,,,,,,,,,,,,,,,,0.3600798277687044
141,1,330.0,270.0,False,,,,0.03154622955156293,,,,,,,,,,,,,,,,,,,,,,,,,,,,,,0.21422501822501275
142,1,330.0,300.0,False,,,,0.01937737191514454,,,,,,,,,,,,,,,,,,,,,,,,,,,,,,0.11706814018686301
143,1,330.0,330.0,True,,,,0.030408786681056822,,,,,,,,,,,,,,,,,,,,,,,,,,,,,,0.16548324046846058
144,2,0.0,0.0,True,,,,0.03807862254882237,,,,,,,,,,,,,,,,,,,,,,,,,,,,,,0.11784013590368494
145,2,0.0,30.0,False,,,,0.019447751460640768,,,,,,,,,,,,,,,,,,,,,,,,,,,,,,0.34627822415755694
146,2,0.0,60.0,False,,,,0.05465449696063581,,,,,,,,,,,,,,,,,,,,,,,,,,,,,,0.43512604115116205
147,2,0.0,90.0,False,,,,0.06200236141751088,,,,,,,,,,,,,,,,,,,,,,,,,,,,,,0.5150970959525237
148,2,0.0,120.0,False,,,,0.1522368184434885,,,,,,,,,,,,,,,,,,,,,,,,,,,,,,0.6824137729239126
149,2,0.0,150.0,False,,,,0.13492499580268774,,,,,,,,,,,,,,,,,,,,,,,,,,,,,,0.8530055543298837
150,2,0.0,180.0,False,,,,0.04614754933974925,,,,,,,,,,,,,,,,,,,,,,,,,,,,,,0.7812602228749899
151,2,0.0,210.0,False,,,,0.04193951973915934,,,,,,,,,,,,,,,,,,,,,,,,,,,,,,0.6889330516988215
152,2,0.0,240.0,False,,,,0.03225196400403617,,,,,,,,,,,,,,,,,,,,,,,,,,,,,,0.9351754322155477
153,2,0.0,270.0,False,,,,0.057590138965704835,,,,,,,,,,,,,,,,,,,,,,,,,,,,,,0.7201689102322979
154,2,0.0,300.0,False,,,,0.03867839468746827,,,,,,,,,,,,,,,,,,,,,,,,,,,,,,0.4125271077303948
155,2,0.0,330.0,False,,,,0.023964358300484802,,,,,,,,,,,,,,,,,,,,,,,,,,,,,,0.19582052599128275
156,2,30.0,0.0,False,,,,0.017985023217914935,,,,,,,,,,,,,,,,,,,,,,,,,,,,,,0.19883020358157455
157,2,30.0,30.0,True,,,,0.02840602009066058,,,,,,,,,,,,,,,,,,,,,,,,,,,,,,0.05137232842822394
158,2,30.0,60.0,False,,,,0.04196776249628857,,,,,,,,,,,,,,,,,,,,,,,,,,,,,,0.2079521366547901
159,2,30.0,90.0,False,,,,0.024987183898724827,,,,,,,,,,,,,,,,,,,,,,,,,,,,,,0.5236401466956457
160,2,30.0,120.0,False,,,,0.0382026635207994,,,,,,,,,,,,,,,,,,,,,,,,,,,,,,0.9095673811280942
161,2,30.0,150.0,False,,,,0.015887875501348195,,,,,,,,,,,,,,,,,,,,,,,,,,,,,,0.7505707358574741
162,2,30.0,180.0,False,,,,0.09144458476663084,,,,,,,,,,,,,,,,,,,,,,,,,,,,,,0.5847008924870233
163,2,30.0,210.0,False,,,,0.1376335784228767,,,,,,,,,,,,,,,,,,,,,,,,,,,,,,0.642839319482356
164,2,30.0,240.0,False,,,,0.03455172825362673,,,,,,,,,,,,,,,,,,,,,,,,,,,,,,1.01107800781159
165,2,30.0,270.0,False,,,,0.08934100892789201,,,,,,,,,,,,,,,,,,,,,,,,,,,,,,0.8308825161611695
166,2,30.0,300.0,False,,,,0.035115829810153695,,,,,,,,,,,,,,,,,,,,,,,,,,,,,,0.5812483475878487
167,2,30.0,330.0,False,,,,0.03270982729652357,,,,,,,,,,,,,,,,,,,,,,,,,,,,,,0.3302690900662021
168,2,60.0,0.0,False,,,,0.062383616510604936,,,,,,,,,,,,,,,,,,,,,,,,,,,,,,0.3730317235103363
169,2,60.0,30.0,False,,,,0.0301454187634208,,,,,,,,,,,,,,,,,,,,,,,,,,,,,,0.21370141531432718
170,2,60.0,60.0,True,,,,0.03793790575958855,,,,,,,,,,,,,,,,,,,,,,,,,,,,,,0.09314757734171136
171,2,60.0,90.0,False,,,,0.023542727579895614,,,,,,,,,,,,,,,,,,,,,,,,,,,,,,0.3038258951334891
172,2,60.0,120.0,False,,,,0.02629368625373915,,,,,,,,,,,,,,,,,,,,,,,,,,,,,,0.46732424873548206
173,2,60.0,150.0,False,,,,0.0865314497828065,,,,,,,,,,,,,,,,,,,,,,,,,,,,,,0.4338356998245265
174,2,60.0,180.0,False,,,,0.021641120911110256,,,,,,,,,,,,,,,,,,,,,,,,,,,,,,0.6242793724652393
175,2,60.0,210.0,False,,,,0.026584896603279888,,,,,,,,,,,,,,,,,,,,,,,,,,,,,,0.5776222492593938
176,2,60.0,240.0,False,,,,0.09343320560349086,,,,,,,,,,,,,,,,,,,,,,,,,,,,,,0.644587383903117
177,2,60.0,270.0,False,,,,0.025028869732855067,,,,,,,,,,,,,,,,,,,,,,,,,,,,,,0.8369873076843487
178,2,60.0,300.0,False,,,,0.1650881739521774,,,,,,,,,,,,,,,,,,,,,,,,,,,,,,0.5118337001671558
179,2,60.0,330.0,False,,,,0.035737738690239315,,,,,,,,,,,,,,,,,,,,,,,,,,,,,,0.426268859196892
180,2,90.0,0.0,False,,,,0.04935358781499597,,,,,,,,,,,,,,,,,,,,,,,,,,,,,,0.48412660992731277
181,2,90.0,30.0,False,,,,0.09993290257804567,,,,,,,,,,,,,,,,,,,,,,,,,,,,,,0.1622893591601241
182,2,90.0,60.0,False,,,,0.026615093119550175,,,,,,,,,,,,,,,,,,,,,,,,,,,,,,0.10866911155795315
183,2,90.0,90.0,True,,,,0.019367449525589622,,,,,,,,,,,,,,,,,,,,,,,,,,,,,,0.1391632848457996
184,2,90.0,120.0,False,,,,0.021401055836878957,,,,,,,,,,,,,,,,,,,,,,,,,,,,,,0.13388047823474147
185,2,90.0,150.0,False,,,,0.1158442920926065,,,,,,,,,,,,,,,,,,,,,,,,,,,,,,0.38093936753277835
186,2,90.0,180.0,False,,,,0.03275165700771208,,,,,,,,,,,,,,,,,,,,,,,,,,,,,,0.474394363166191
187,2,90.0,210.0,False,,,,0.02925184758319435,,,,,,,,,,,,,,,,,,,,,,,,,,,,,,0.4926495987472915
188,2,90.0,240.0,False,,,,0.20295376106973737,,,,,,,,,,,,,,,,,,,,,,,,,,,,,,0.4080699287606002
189,2,90.0,270.0,False,,,,0.04278718650154413,,,,,,,,,,,,,,,,,,,,,,,,,,,,,,0.7702085775789157
190,2,90.0,300.0,False,,,,0.03255979659618291,,,,,,,,,,,,,,,,,,,,,,,,,,,,,,0.39694007138838927
191,2,90.0,330.0,False,,,,0.030116859041809607,,,,,,,,,,,,,,,,,,,,,,,,,,,,,,0.5721382936512303
192,2,120.0,0.0,False,,,,0.046582985645800545,,,,,,,,,,,,,,,,,,,,,,,,,,,,,,0.4410439615483729
193,2,120.0,30.0,False,,,,0.028757052171336617,,,,,,,,,,,,,,,,,,,,,,,,,,,,,,0.3128111264350251
194,2,120.0,60.0,False,,,,0.014936915311416669,,,,,,,,,,,,,,,,,,,,,,,,,,,,,,0.21164983177141064
195,2,120.0,90.0,False,,,,0.023398949093929644,,,,,,,,,,,,,,,,,,,,,,,,,,,,,,0.187237903000553
196,2,120.0,120.0,True,,,,0.060448144162276424,,,,,,,,,,,,,,,,,,,,,,,,,,,,,,0.17830083632816918
197,2,120.0,150.0,False,,,,0.025864741686599968,,,,,,,,,,,,,,,,,,,,,,,,,,,,,,0.12258730099160284
198,2,120.0,180.0,False,,,,0.02009909746059822,,,,,,,,,,,,,,,,,,,,,,,,,,,,,,0.2522819400968127
199,2,120.0,210.0,False,,,,0.04808410821772975,,,,,,,,,,,,,,,,,,,,,,,,,,,,,,0.48874914498615024
200,2,120.0,240.0,False,,,,0.09421818317957933,,,,,,,,,,,,,,,,,,,,,,,,,,,,,,0.3950763586160033
201,2,120.0,270.0,False,,,,0.02442557565101241,,,,,,,,,,,,,,,,,,,,,,,,,,,,,,0.45584195782161174
202,2,120.0,300.0,False,,,,0.08219424642025921,,,,,,,,,,,,,,,,,,,,,,,,,,,,,,0.607896800654113
203,2,120.0,330.0,False,,,,0.05273247561175179,,,,,,,,,,,,,,,,,,,,,,,,,,,,,,0.6484397145187928
204,2,150.0,0.0,False,,,,0.04566386298675079,,,,,,,,,,,,,,,,,,,,,,,,,,,,,,0.3567016003377764
205,2,150.0,30.0,False,,,,0.043310802625561265,,,,,,,,,,,,,,,,,,,,,,,,,,,,,,0.24114850820040107
206,2,150.0,60.0,False,,,,0.08304384692294792,,,,,,,,,,,,,,,,,,,,,,,,,,,,,,0.45324398446919123
207,2,150.0,90.0,False,,,,0.07701321246777211,,,,,,,,,,,,,,,,,,,,,,,,,,,,,,0.3903435512562227
208,2,150.0,120.0,False,,,,0.027077390733476432,,,,,,,,,,,,,,,,,,,,,,,,,,,,,,0.22018721857172863
209,2,150.0,150.0,True,,,,0.03284801466911201,,,,,,,,,,,,,,,,,,,,,,,,,,,,,,0.09726352564037705
210,2,150.0,180.0,False,,,,0.027192726933993695,,,,,,,,,,,,,,,,,,,,,,,,,,,,,,0.2109211399859929
211,2,150.0,210.0,False,,,,0.0316147992836214,,,,,,,,,,,,,,,,,,,,,,,,,,,,,,0.2555202682358205
212,2,150.0,240.0,False,,,,0.024990232421806077,,,,,,,,,,,,,,,,,,,,,,,,,,,,,,0.3555563614330859
213,2,150.0,270.0,False,,,,0.09345457150182418,,,,,,,,,,,,,,,,,,,,,,,,,,,,,,0.31477042719259696
214,2,150.0,300.0,False,,,,0.04879588475540049,,,,,,,,,,,,,,,,,,,,,,,,,,,,,,0.5442098217710805
215,2,150.0,330.0,False,,,,0.019271297151886413,,,,,,,,,,,,,,,,,,,,,,,,,,,,,,0.5570315081441757
216,2,180.0,0.0,False,,,,0.08693835435373909,,,,,,,,,,,,,,,,,,,,,,,,,,,,,,0.44148617272329166
217,2,180.0,30.0,False,,,,0.06950480061269607,,,,,,,,,,,,,,,,,,,,,,,,,,,,,,0.3962731743644379
218,2,180.0,60.0,False,,,,0.15561438125950994,,,,,,,,,,,,,,,,,,,,,,,,,,,,,,0.47304410542201375
219,2,180.0,90.0,False,,,,0.06631951147295626,,,,,,,,,,,,,,,,,,,,,,,,,,,,,,0.4852880356844448
220,2,180.0,120.0,False,,,,0.06587907893348335,,,,,,,,,,,,,,,,,,,,,,,,,,,,,,0.3376628908861363
221,2,180.0,150.0,False,,,,0.02408278201569521,,,,,,,,,,,,,,,,,,,,,,,,,,,,,,0.12462866615789844
222,2,180.0,180.0,True,,,,0.021595599035731654,,,,,,,,,,,,,,,,,,,,,,,,,,,,,,0.25294906398302797
223,2,180.0,210.0,False,,,,0.021207193628867537,,,,,,,,,,,,,,,,,,,,,,,,,,,,,,0.2659919551102982
224,2,180.0,240.0,False,,,,0.0345662243157528,,,,,,,,,,,,,,,,,,,,,,,,,,,,,,0.20490071597183673
225,2,180.0,270.0,False,,,,0.07340804213630872,,,,,,,,,,,,,,,,,,,,,,,,,,,,,,0.47158084102919046
226,2,180.0,300.0,False,,,,0.07138505750240502,,,,,,,,,,,,,,,,,,,,,,,,,,,,,,0.5200101609692338
227,2,180.0,330.0,False,,,,0.04755454265454207,,,,,,,,,,,,,,,,,,,,,,,,,,,,,,0.4063911498508972
228,2,210.0,0.0,False,,,,0.021341733695191503,,,,,,,,,,,,,,,,,,,,,,,,,,,,,,0.5181234599389262
229,2,210.0,30.0,False,,,,0.031869589879061314,,,,,,,,,,,,,,,,,,,,,,,,,,,,,,0.303673783949175
230,2,210.0,60.0,False,,,,0.08845017362584677,,,,,,,,,,,,,,,,,,,,,,,,,,,,,,0.4998354823675039
231,2,210.0,90.0,False,,,,0.05579692325437666,,,,,,,,,,,,,,,,,,,,,,,,,,,,,,0.5758192296708693
232,2,210.0,120.0,False,,,,0.06465834722133304,,,,,,,,,,,,,,,,,,,,,,,,,,,,,,0.3665794232451427
233,2,210.0,150.0,False,,,,0.028230159425527864,,,,,,,,,,,,,,,,,,,,,,,,,,,,,,0.39985562807069774
234,2,210.0,180.0,False,,,,0.03930096732167331,,,,,,,,,,,,,,,,,,,,,,,,,,,,,,0.19846877641440075
235,2,210.0,210.0,True,,,,0.018913826771141597,,,,,,,,,,,,,,,,,,,,,,,,,,,,,,0.28464029012625836
236,2,210.0,240.0,False,,,,0.02648022279164254,,,,,,,,,,,,,,,,,,,,,,,,,,,,,,0.3289545118493271
237,2,210.0,270.0,False,,,,0.03199588520148506,,,,,,,,,,,,,,,,,,,,,,,,,,,,,,0.4606461906601905
238,2,210.0,300.0,False,,,,0.03455015457914997,,,,,,,,,,,,,,,,,,,,,,,,,,,,,,0.5197967546279081
239,2,210.0,330.0,False,,,,0.08551519702105408,,,,,,,,,,,,,,,,,,,,,,,,,,,,,,0.41015305320527085
240,2,240.0,0.0,False,,,,0.02394307295065274,,,,,,,,,,,,,,,,,,,,,,,,,,,,,,0.39368567383216024
241,2,240.0,30.0,False,,,,0.0779255970845441,,,,,,,,,,,,,,,,,,,,,,,,,,,,,,0.43307391591972716
242,2,240.0,60.0,False,,,,0.06234833952022846,,,,,,,,,,,,,,,,,,,,,,,,,,,,,,0.47364513999682634
243,2,240.0,90.0,False,,,,0.10222761385428389,,,,,,,,,,,,,,,,,,,,,,,,,,,,,,0.5219343326653765
244,2,240.0,120.0,False,,,,0.059458796149259724,,,,,,,,,,,,,,,,,,,,,,,,,,,,,,0.5735962448958711
245,2,240.0,150.0,False,,,,0.0269986994354282,,,,,,,,,,,,,,,,,,,,,,,,,,,,,,0.4882302863821418
246,2,240.0,180.0,False,,,,0.034015775841071044,,,,,,,,,,,,,,,,,,,,,,,,,,,,,,0.3020437293933871
247,2,240.0,210.0,False,,,,0.01972109666157862,,,,,,,,,,,,,,,,,,,,,,,,,,,,,,0.17432392702100238
248,2,240.0,240.0,True,,,,0.04886869697642676,,,,,,,,,,,,,,,,,,,,,,,,,,,,,,0.3324327492111644
249,2,240.0,270.0,False,,,,0.031498770552186875,,,,,,,,,,,,,,,,,,,,,,,,,,,,,,0.2285838871711695
250,2,240.0,300.0,False,,,,0.022866298192829704,,,,,,,,,,,,,,,,,,,,,,,,,,,,,,0.22866267754229408
251,2,240.0,330.0,False,,,,0.06003107803518294,,,,,,,,,,,,,,,,,,,,,,,,,,,,,,0.3158961959786577
252,2,270.0,0.0,False,,,,0.05053581904117418,,,,,,,,,,,,,,,,,,,,,,,,,,,,,,0.2997248776772745
253,2,270.0,30.0,False,,,,0.1308071128695431,,,,,,,,,,,,,,,,,,,,,,,,,,,,,,0.278220723468512
254,2,270.0,60.0,False,,,,0.10445176347941938,,,,,,,,,,,,,,,,,,,,,,,,,,,,,,0.6921629385552848
255,2,270.0,90.0,False,,,,0.16519025881897104,,,,,,,,,,,,,,,,,,,,,,,,,,,,,,0.3848510829213788
256,2,270.0,120.0,False,,,,0.03655736129522814,,,,,,,,,,,,,,,,,,,,,,,,,,,,,,0.5653705517956382
257,2,270.0,150.0,False,,,,0.11955317324130273,,,,,,,,,,,,,,,,,,,,,,,,,,,,,,0.6376021769716531
258,2,270.0,180.0,False,,,,0.11670875329340058,,,,,,,,,,,,,,,,,,,,,,,,,,,,,,0.44579517218930464
259,2,270.0,210.0,False,,,,0.021213002393798454,,,,,,,,,,,,,,,,,,,,,,,,,,,,,,0.223091360603948
260,2,270.0,240.0,False,,,,0.031788787330869185,,,,,,,,,,,,,,,,,,,,,,,,,,,,,,0.17370299759561436
261,2,270.0,270.0,True,,,,0.028594916244970008,,,,,,,,,,,,,,,,,,,,,,,,,,,,,,0.1704466439674338
262,2,270.0,300.0,False,,,,0.05059946529628098,,,,,,,,,,,,,,,,,,,,,,,,,,,,,,0.19005497913316152
263,2,270.0,330.0,False,,,,0.0398181090276508,,,,,,,,,,,,,,,,,,,,,,,,,,,,,,0.15354147802654783
264,2,300.0,0.0,False,,,,0.04391835832291066,,,,,,,,,,,,,,,,,,,,,,,,,,,,,,0.2185246495952079
265,2,300.0,30.0,False,,,,0.04855007037894875,,,,,,,,,,,,,,,,,,,,,,,,,,,,,,0.4481360856144768
266,2,300.0,60.0,False,,,,0.08989494803172914,,,,,,,,,,,,,,,,,,,,,,,,,,,,,,0.6005930563521804
267,2,300.0,90.0,False,,,,0.026182811481085845,,,,,,,,,,,,,,,,,,,,,,,,,,,,,,0.6467144164620293
268,2,300.0,120.0,False,,,,0.07860388230659923,,,,,,,,,,,,,,,,,,,,,,,,,,,,,,0.6710541582612313
269,2,300.0,150.0,False,,,,0.1880284769115238,,,,,,,,,,,,,,,,,,,,,,,,,,,,,,0.8534888295608474
270,2,300.0,180.0,False,,,,0.03183304752075099,,,,,,,,,,,,,,,,,,,,,,,,,,,,,,0.5871236039827457
271,2,300.0,210.0,False,,,,0.08834822807743431,,,,,,,,,,,,,,,,,,,,,,,,,,,,,,0.3272374803891011
272,2,300.0,240.0,False,,,,0.026167208443422456,,,,,,,,,,,,,,,,,,,,,,,,,,,,,,0.4107949681547821
273,2,300.0,270.0,False,,,,0.033495005312728005,,,,,,,,,,,,,,,,,,,,,,,,,,,,,,0.3154736844522562
274,2,300.0,300.0,True,,,,0.020736167701513226,,,,,,,,,,,,,,,,,,,,,,,,,,,,,,0.2932652984462709
275,2,300.0,330.0,False,,,,0.059735729505130064,,,,,,,,,,,,,,,,,,,,,,,,,,,,,,0.12938279436259387
276,2,330.0,0.0,False,,,,0.04183008593231903,,,,,,,,,,,,,,,,,,,,,,,,,,,,,,0.12293564498453005
277,2,330.0,30.0,False,,,,0.023824588730609407,,,,,,,,,,,,,,,,,,,,,,,,,,,,,,0.30855592229980333
278,2,330.0,60.0,False,,,,0.03417206171642415,,,,,,,,,,,,,,,,,,,,,,,,,,,,,,0.46276573967150536
279,2,330.0,90.0,False,,,,0.08308473611259082,,,,,,,,,,,,,,,,,,,,,,,,,,,,,,0.6202811307485828
280,2,330.0,120.0,False,,,,0.11302146651564779,,,,,,,,,,,,,,,,,,,,,,,,,,,,,,0.47941390940122885
281,2,330.0,150.0,False,,,,0.110829514235605,,,,,,,,,,,,,,,,,,,,,,,,,,,,,,0.8772064536999575
282,2,330.0,180.0,False,,,,0.023997467597689087,,,,,,,,,,,,,,,,,,,,,,,,,,,,,,0.5828743599863602
283,2,330.0,210.0,False,,,,0.06790411902458071,,,,,,,,,,,,,,,,,,,,,,,,,,,,,,0.5909348678453632
284,2,330.0,240.0,False,,,,0.03758097706482229,,,,,,,,,,,,,,,,,,,,,,,,,,,,,,0.6178260788435876
285,2,330.0,270.0,False,,,,0.054188669638826265,,,,,,,,,,,,,,,,,,,,,,,,,,,,,,0.52045701640356
286,2,330.0,300.0,False,,,,0.06637827737457025,,,,,,,,,,,,,,,,,,,,,,,,,,,,,,0.38313379744332376
287,2,330.0,330.0,True,,,,0.016830636513517194,,,,,,,,,,,,,,,,,,,,,,,,,,,,,,0.2567322889626675
