trial_idx,cue,color1_deg,color2_deg,same_color,sw_Ablated_1_vs_Student_0,sw_Ablated_1_vs_Student_1,sw_Ablated_1_vs_Student_2,sw_Ablated_1_vs_Student_3,sw_Ablated_1_vs_Student_4,sw_Student_0_vs_Student_1,sw_Student_0_vs_Student_2,sw_Student_0_vs_Student_3,sw_Student_0_vs_Student_4,sw_Student_1_vs_Student_2,sw_Student_1_vs_Student_3,sw_Student_1_vs_Student_4,sw_Student_2_vs_Student_3,sw_Student_2_vs_Student_4,sw_Student_3_vs_Student_4,sw_self_reference,teacher_vs_students_mean,teacher_vs_students_std
0,1,0.0,0.0,True,0.13776943708250688,0.11626215829516799,0.1669805695517538,0.38376121342043495,0.2654522313154536,0.04151506635555118,0.05662262783332269,0.2547827607285593,0.13794834344784646,0.08301266709560529,0.2774189780197379,0.16096404000010212,0.22841768223845632,0.14128398739395776,0.1515900406979742,0.027576008977525573,0.2140451219330634,0.09903615781409063
1,1,0.0,30.0,False,0.08038727782989638,0.09023975184190666,0.1555403719642341,0.2929206659187768,0.17959940889552056,0.026043056251268553,0.11273277247694113,0.2242387142181177,0.10447786784184099,0.10979304538375109,0.2112691268627416,0.09653763511600393,0.14139456481345689,0.10062766522305383,0.12515252365095797,0.025063976213693495,0.1597374952900669,0.07651962068693421
2,1,0.0,60.0,False,0.038502051056383116,0.029584142355416475,0.05897004036881045,0.08130618974438963,0.05541722512662729,0.022213389679311173,0.06453960215501504,0.1064027494934783,0.07366238615288032,0.07112309977192219,0.10445463990641099,0.07078564933620271,0.08497091717638283,0.06133058459815529,0.0505552888480731,0.031176427427729442,0.05275592973032539,0.017893684911073186
3,1,0.0,90.0,False,0.04162628372100565,0.03294313812167714,0.044002134406347454,0.05769350366836888,0.0421358787213768,0.0563138019011991,0.015500010608519122,0.04212876608089037,0.035895019678678156,0.059121833601201525,0.06162955173229516,0.04507023376201314,0.055603282641351406,0.0460439682502008,0.02682944729526139,0.015038231695872484,0.043680187727755185,0.007979527799748785
4,1,0.0,120.0,False,0.04401539371782158,0.036730321357318046,0.06252188473463961,0.21162588537660237,0.19879243399972468,0.03708913860165153,0.06275078297320927,0.1734953583846709,0.16158175518373308,0.04293311263397664,0.18828755052507218,0.17685018660344098,0.2127319316020112,0.20416053742735268,0.04784446176567997,0.027473103530071073,0.11073718383722127,0.07769914441986
5,1,0.0,150.0,False,0.057854996115054576,0.08181106058944926,0.03364456565432179,0.17987803453728984,0.15784435769906002,0.05375576359245794,0.04986156913909113,0.1785857031317826,0.15288872904070883,0.07374650240100564,0.19657986133616712,0.1740771070570979,0.18808640064885251,0.16518875582568046,0.07291719858244729,0.028268142236149284,0.10220660291903509,0.05694243966233299
6,1,0.0,180.0,False,0.13169976728540855,0.060368649565900406,0.13177305087022484,0.11842682121836352,0.14324933466820058,0.10311001045532797,0.054705668847315585,0.05791939901657185,0.050466688509432665,0.11339609880631833,0.09052038618836912,0.10706192891034427,0.05715840703393367,0.07104620778845341,0.05128024775209784,0.03457401040221375,0.11710352472161958,0.029436188084470613
7,1,0.0,210.0,False,0.07841080905811917,0.07037074931514686,0.10896262145592822,0.10273158226607984,0.08101478608026617,0.08894526693050314,0.058440476660900284,0.12273309274321717,0.102007764446085,0.11843436344480257,0.11440799095829154,0.0984871320921389,0.12772538284584836,0.12102940077396873,0.04692192785457453,0.059553150983747104,0.08829810963510806,0.01488316460789026
8,1,0.0,240.0,False,0.09196377964645687,0.08969628170343302,0.09111241691823521,0.2751101583108507,0.19946746422790773,0.03087419403472039,0.07525096468216502,0.3358734429769314,0.2651599296352978,0.0861815460971127,0.33299154270977055,0.2621455579855402,0.29791075332716244,0.23291544529939842,0.09176175895300584,0.024474072587150966,0.14947002016137673,0.07559188592843441
9,1,0.0,270.0,False,0.04714221757657174,0.08471531448687952,0.05147593277452765,0.30241301656487896,0.23192166273600784,0.05297857740791142,0.04524576351517587,0.3200279627529861,0.2508629684068455,0.07647705072870574,0.2799555729778483,0.21576314753058107,0.30271303270935224,0.23582611518455693,0.12609479237255738,0.025664202675924695,0.14353362882777315,0.10419272724467384
10,1,0.0,300.0,False,0.04353384823970364,0.05279971367410537,0.05580202239978212,0.13195083712538322,0.10243794745617738,0.018396414167821746,0.07895370663719561,0.13234387594584274,0.10016261449487876,0.08315414740443097,0.13756344829360667,0.10452650737869641,0.1346404343983282,0.09948124910485986,0.04907642808386023,0.03602329336106651,0.07730487377903035,0.034120991655272104
11,1,0.0,330.0,False,0.06667113096237809,0.08778311478250736,0.091898675159372,0.2686733855285849,0.240072024065214,0.0766225734356286,0.09811930728550661,0.2645596196041943,0.23202120942027937,0.1658209867334511,0.334786269548132,0.30298285403218184,0.19172996551579963,0.17980326313817135,0.04875658694409525,0.03658824151429901,0.15101966609961126,0.08530128782936296
12,1,30.0,0.0,False,0.10209620402091901,0.2041472035004564,0.15382578435519412,0.13407494259120445,0.09663579150139272,0.12217262238477092,0.06442248738796258,0.07498860712666336,0.0719723815820682,0.0840741516785704,0.16747901370546142,0.18061622978550979,0.1095297190238166,0.12876943054329804,0.051696594672439214,0.06447853729773914,0.13815598519383335,0.039092896312681896
13,1,30.0,30.0,True,0.10569136735607582,0.1649203407378928,0.19204502080716573,0.16778488790297344,0.1448989342459946,0.10442254784810737,0.16199640821649183,0.09377736066405534,0.06147598303990808,0.07222434781877174,0.06568457930620229,0.10893233933749846,0.1278599568819016,0.17251385628004395,0.07093797578915156,0.04634344240081653,0.15506811021002048,0.02887057212189428
14,1,30.0,60.0,False,0.08730724857864339,0.14456278956520785,0.16783084902112758,0.09225779814615974,0.09522591877215827,0.08869973116867541,0.13943856456163678,0.03627462076473084,0.044693809603484735,0.06744442021605099,0.11693829488093904,0.11420691624422256,0.1678916836143759,0.16089147315132715,0.032660895169983856,0.0338641880860156,0.11743692081665938,0.03258979820338796
15,1,30.0,90.0,False,0.025379568799021396,0.04893953688498166,0.023747655252326447,0.03963918442462362,0.0495890210839076,0.05016163722441849,0.021468722888888014,0.033199143201964446,0.038212997189400306,0.04500866622496684,0.07857744117827717,0.08193797965496515,0.03806620298048734,0.041204333660128094,0.025049844968838598,0.017496143843210694,0.03745899328897214,0.011114017956772825
16,1,30.0,120.0,False,0.055446625785076496,0.07921431227641496,0.13712453350866258,0.07391566692849764,0.06021381904825058,0.08257417975951742,0.09413611275647128,0.05693743465092667,0.02270440237743785,0.07885446524907577,0.13153949391076314,0.08688852063555122,0.13735274304655182,0.09709616752884848,0.048575931581894605,0.021942493600459263,0.08118299150938045,0.02928553410864618
17,1,30.0,150.0,False,0.1268017738383671,0.05518114678960266,0.0897891664918612,0.21641211141455752,0.21046134386292306,0.08916964986112633,0.18626798675559658,0.1010682862140208,0.09534291570825143,0.1187500061442956,0.18042391186372478,0.1758420115600685,0.2817283785959939,0.2731192634172419,0.02365879428594549,0.04419611873148483,0.13972910847946232,0.06433164644876255
18,1,30.0,180.0,False,0.08888971598661194,0.25968978040882695,0.3288554402144549,0.43294473139408246,0.4785878319566963,0.3083155231158,0.3719069310517331,0.3812725236977754,0.42899984729480983,0.11351590611213846,0.6714596610880477,0.7179622287454019,0.7377903123582827,0.787688330606986,0.05612000156622769,0.03388149703155341,0.31779349999213446,0.13784772349825689
19,1,30.0,210.0,False,0.16416348236772713,0.10027152231802157,0.10416636944150395,0.7048384997241597,0.8001318820425424,0.09731000035139623,0.23692411191238133,0.5689963773246152,0.6609423633639862,0.17990106075905019,0.6268335512930531,0.7155046288102753,0.7828628692689916,0.8776429671291852,0.1041428434124809,0.1323713036487624,0.3747143511787909,0.3107438733463076
20,1,30.0,240.0,False,0.13987016401747165,0.1863697762059624,0.047928384191792774,0.313362291735433,0.429741965825029,0.06362160657831935,0.15043062470921897,0.2081156369431467,0.3238188599215179,0.20317780710089173,0.16266394807649454,0.27728307200463187,0.33233901850824327,0.4490447083410446,0.11830991082738884,0.031909414620404725,0.22345451639513775,0.13402161382589717
21,1,30.0,270.0,False,0.09770664018903769,0.04785456371098952,0.14365516997795688,0.3713478835294345,0.3129387613933727,0.06358007398644969,0.06436185365787175,0.3127641852558023,0.2549937243816226,0.11914087376701446,0.3644264406032787,0.3060169329361243,0.2525149435406683,0.19630434346744052,0.1214392499095342,0.07184062721726064,0.19470060376015824,0.12550836476327215
22,1,30.0,300.0,False,0.06632949630175257,0.10559758166602055,0.14602633030413648,0.5826766024124802,0.5238047914226144,0.05026025746048717,0.08941129483812593,0.5302583588572611,0.4703699377054189,0.04894632328703777,0.4826648095281455,0.42253745291809686,0.4442551138990734,0.3851098456705591,0.09280122311406933,0.0750569414309423,0.2848869604214008,0.22133898070650138
23,1,30.0,330.0,False,0.07220108769758202,0.183397402640382,0.09230678091122096,0.21655888448579147,0.26392358426135043,0.13451976177319186,0.04045042876812302,0.2625972914748139,0.3175823846444198,0.12784534499126565,0.3772569181847377,0.42741717923693956,0.2729686677119803,0.33102511608925667,0.08844547263337034,0.024031865814797874,0.16567754799926537,0.07304287150158949
24,1,60.0,0.0,False,0.08504567997459198,0.14609911280172477,0.1342946556041815,0.09743620175006112,0.09056079437724743,0.08175167809797623,0.05552330907422395,0.053153298256528175,0.13677450428740703,0.05406853466845346,0.0985230907395547,0.1837566972543544,0.09029066126012339,0.18325126097492178,0.11653400348892287,0.027852929796368137,0.11068728890156136,0.024696008727993646
25,1,60.0,30.0,False,0.1793714931544184,0.25753368304087193,0.14802640647157572,0.19590366235705964,0.1730386274558257,0.10860537151486808,0.08229232144696647,0.06885877096635445,0.05514718399979456,0.13620574188084678,0.1379856739708092,0.13475406490384476,0.10788895338473858,0.08837198794702913,0.04277545896006419,0.060907713869409116,0.19077477449595032,0.036756186055496735
26,1,60.0,60.0,True,0.1458905085245058,0.18418740647400342,0.15936511746466578,0.21496650080035548,0.19810147849051196,0.07009398504571104,0.08590038853679186,0.08612367732072952,0.12400253425921244,0.10011639190859326,0.10167822689334144,0.18047338964427562,0.08164459288552976,0.121188278409888,0.10992928093526483,0.06331394372536317,0.1805022023508085,0.02512309226468875
27,1,60.0,90.0,False,0.10508691452541508,0.11155704098504203,0.12900027942658684,0.21289204542253684,0.2198942134464014,0.06237163329684518,0.05955703802769525,0.15869936281997715,0.1687999802167272,0.061062442690531814,0.15646419173693515,0.16576851771312467,0.10532771064709304,0.11546898123535107,0.0403377037723714,0.04471219147748029,0.15568609876119643,0.050229446471060576
28,1,60.0,120.0,False,0.13747587390547678,0.14792047468809985,0.06355351197499207,0.4899879715021116,0.49330940941420787,0.03949229598825734,0.16060839736618154,0.36599406978915644,0.36670259102547675,0.17181308333034648,0.35691323288962756,0.35849464971072376,0.5199854281528231,0.5184844463418553,0.027780587530806915,0.1093504691863641,0.26644944829697764,0.18616389272193076
29,1,60.0,150.0,False,0.17281798360110634,0.21343824394137806,0.29399448426587493,0.9070575759331455,0.9028130266889985,0.10261938935279025,0.15443781569623635,1.0522269847436987,1.0521857769810123,0.1231131093516234,1.1077428869403732,1.1031068305191372,1.1739079700153217,1.171645305695998,0.03582707646133258,0.07434440952490526,0.49802426288610074,0.33452613390057706
30,1,60.0,180.0,False,0.17831085197217172,0.3573264164260881,0.4219663683563155,2.0236398112203338,2.046125878584306,0.1913036523141018,0.2656144057939044,2.1822780697752275,2.205366412579992,0.10139573188936556,2.369596148431784,2.392430053037323,2.432246604408238,2.4545650232471132,0.03134407338939851,0.06070490706468551,1.0054738653118431,0.8443214164372884
31,1,60.0,210.0,False,0.04216594270156241,0.1797695785999183,0.22322298953303057,2.280185010712562,2.120466529788987,0.1688740602686315,0.21157977394194216,2.26881227005886,2.1105645295184168,0.35804708707337984,2.118886191835394,1.9585041181082459,2.4710733015727633,2.308390097407906,0.17422571042741292,0.03901630685498693,0.969162010267212,1.0082827527511957
32,1,60.0,240.0,False,0.10429406283514858,0.17232634165358188,0.28751412338858096,0.9807205103480126,1.056956880020532,0.11612542629907349,0.3641431374621933,0.9037575664117373,0.9803240270587408,0.430409267396749,0.838056192683796,0.9154268073409576,1.25181540318543,1.329839517497026,0.08228446509956695,0.02024261214252323,0.5203623836491712,0.4119037520521124
33,1,60.0,270.0,False,0.05489897952705913,0.04071384150596394,0.10696833921723531,0.34830760753514545,0.3418332177172744,0.06690318342024137,0.07501291777907157,0.3799002797843451,0.3734712163573501,0.11573166925129615,0.33493319701260493,0.32899481399035996,0.42020305654639445,0.41315081500563416,0.03382926503894974,0.05232532098561335,0.17854439710053566,0.1377616564650791
34,1,60.0,300.0,False,0.21523015198827822,0.14291947862116033,0.06087093656205791,0.12395969671450187,0.21589281851303133,0.0870234092121663,0.24045503968755366,0.19925600669479,0.14276896585525517,0.17019541138710403,0.11803069108218087,0.1060085887804622,0.14256431814966292,0.2354019155186166,0.11454451709681454,0.05144551392503123,0.15177461647980592,0.05874233749056093
35,1,60.0,330.0,False,0.040750270341397284,0.08021419900671069,0.04025001526701801,0.1051721121486554,0.12157366611692387,0.06461856986607428,0.031643251084008936,0.12450877884940478,0.12088165192819637,0.07994539099156867,0.14441588951292558,0.13707649037754588,0.11423286885965905,0.1177218273565924,0.06545717499507192,0.05531527191305802,0.07759205257614106,0.03302623907200388
36,1,90.0,0.0,False,0.05551395482416759,0.05103159878198149,0.040409385500182984,0.11049261852646014,0.09842271681954967,0.03662908961186923,0.037519607964207516,0.08203324955790225,0.07559714310900331,0.049743887852542926,0.06724005193114449,0.05191912630455445,0.10496970094313872,0.0952280312223227,0.026718825528279772,0.028465884803131093,0.07117405489046838,0.02787780901787418
37,1,90.0,30.0,False,0.06579319982292857,0.09658719924126732,0.08517039149527476,0.07820855822290919,0.05859313077469497,0.048090233173664565,0.03753453057932658,0.038973493416093546,0.08732982453984782,0.04570735458607891,0.08028813069146655,0.13336248368938838,0.0637545756539788,0.10837560476066382,0.06557343482286208,0.03572571368129196,0.07687049591141495,0.01353658474374398
38,1,90.0,60.0,False,0.10164089011370228,0.07540194529784107,0.11602078785172616,0.11972231117519855,0.15755257338787965,0.07555814233627284,0.0640245603942376,0.06192076661249875,0.11585417047911448,0.09015802924117622,0.12891331398612182,0.17995773019404,0.09119003531758453,0.13338437794197572,0.05601773925254721,0.028661596938770843,0.11406770156526953,0.02674393233575371
39,1,90.0,90.0,True,0.36824313901537564,0.42423401201654765,0.5670275816257146,0.5271646567048154,0.5207558944757342,0.09045495440580839,0.25136299755901687,0.24286947472044598,0.23090642958003135,0.203540071979708,0.20463640217725637,0.19221495196409438,0.11099794773470371,0.08236797707979279,0.06274870423406029,0.10519014098216412,0.48148505676763753,0.07354965963906614
40,1,90.0,120.0,False,0.24955604476193557,0.33763349059422254,0.39772767576077594,0.708700957327236,0.6884876718480544,0.2692286840608019,0.32923631032213085,0.7039894361546974,0.6855685409870056,0.1104624444361447,0.45511220808926045,0.4358997226474941,0.41945652533549904,0.3954712948305203,0.13054401444012803,0.08648163830604333,0.47642116805844487,0.18753590154770852
41,1,90.0,150.0,False,0.14260340336542804,0.25831633989027625,0.10186957827569705,1.2604472608138821,1.3325498809413048,0.3187850383209992,0.16756509366636135,1.1841419033419671,1.2549056621400918,0.18649377274039317,1.4954146032576847,1.5666488677393278,1.3322099455007057,1.4015411535122628,0.09573328865375505,0.03578996255170873,0.6191572926573177,0.5558917503111532
42,1,90.0,180.0,False,0.16123660639545362,0.06590956578668195,0.07626201378298134,2.127192236757581,2.1013011604587173,0.16866110614486918,0.19586337370236334,1.9696014874253756,1.9452266864874446,0.09296654815017388,2.136577422799412,2.1117940201039223,2.1561818733739777,2.1298937459938454,0.059413329206507354,0.0758604878197055,0.9063803166362832,0.986807397214753
43,1,90.0,210.0,False,0.08281829120887643,0.20414303090387353,0.13144118814186082,1.784401869079692,1.9018179026842938,0.1389046073066409,0.20085202766827331,1.7129813074985842,1.8308930373936023,0.3261901491865379,1.588009493281254,1.7060633302955193,1.9080467841386533,2.0261606737449234,0.12200151807668204,0.06987546962758515,0.8209244564037192,0.8363284739983922
44,1,90.0,240.0,False,0.05646401132945718,0.14700080654056796,0.30117405480322357,0.5703201129480329,0.7719698254744247,0.12068127820968029,0.27262365630368934,0.588509761067777,0.7835243758969466,0.1668063332040366,0.6978783670320388,0.8985282458204323,0.8456911930338356,1.0466530340421056,0.2085964129809612,0.0580130157461137,0.36938576221914127,0.266261701718665
45,1,90.0,270.0,False,0.06475262735995209,0.08242959743473147,0.19545043505799545,0.11750920981400123,0.09356346554014733,0.09406147323103933,0.15832868473648257,0.15262699783313152,0.11347981380942172,0.12593964018754905,0.17726938360570232,0.1339403437304837,0.29701887814758376,0.23669431676133768,0.08009672403157464,0.1208060721485582,0.1107410670413655,0.04567938413621761
46,1,90.0,300.0,False,0.07892002896383776,0.060214332232534556,0.062382254876279075,0.11403723830713991,0.15436531651317026,0.08952092622889378,0.0936862053044131,0.1614355081095067,0.21076612675341633,0.06188298982896949,0.1381189021455676,0.16793530622892766,0.10625724517276026,0.1346221284131518,0.05460133901423864,0.03539849165023936,0.09398383417859232,0.035816252539027746
47,1,90.0,330.0,False,0.04770543606482008,0.026132661673153763,0.041224769005075726,0.07021596893527746,0.07012014332819541,0.035043267970502855,0.06521411084586526,0.052638916994937404,0.046944198853281986,0.04415391208489127,0.06196173939401407,0.06145380209672787,0.10136262500267554,0.10060742517907406,0.03896389898860733,0.036037944651768974,0.051079795801304485,0.01708563908170664
48,1,120.0,0.0,False,0.10177889673437174,0.1012334771331787,0.2011732160103055,0.16585554455162083,0.1617877766888085,0.04736101746717067,0.11641084648843328,0.0853614849621954,0.08076064966843301,0.14055520034310232,0.10950331827453597,0.10872115319381248,0.1719886995962244,0.1489934011673924,0.04451043659282066,0.1497897135293922,0.14636578222365704,0.03910616030135454
49,1,120.0,30.0,False,0.049326941215763004,0.04795516298388435,0.06133613064231668,0.042177964415547865,0.04424224894524313,0.05964198465407486,0.04328513893682848,0.05007915612227668,0.053025137387846005,0.07923389049132451,0.07227435009131758,0.0699798082683071,0.04251076494302923,0.05117051896680338,0.03402283351787691,0.023690357331817718,0.04900768964055101,0.006671652915654813
50,1,120.0,60.0,False,0.09544112682569586,0.07620825615978655,0.12041703072449315,0.16740380111608885,0.17929490775109513,0.12805870155085358,0.05016344465366787,0.1074800832212152,0.11930860538052517,0.16672888449128354,0.21211863051050028,0.21975110591970015,0.08374024891120502,0.1058968954391204,0.04796764428524701,0.09024164381013741,0.1277530245154319,0.03995869991519681
51,1,120.0,90.0,False,0.1561296936502394,0.2516719714040659,0.17701981984231055,0.28740775289701637,0.20373394768558298,0.2806085368676838,0.14959293857690134,0.36216835184277013,0.19564601863254666,0.18225012722768447,0.14423567583719082,0.2996437971828144,0.247105897378072,0.18928118078387304,0.23828595341446807,0.04800086434211198,0.21519263709584302,0.048213403966695656
52,1,120.0,120.0,True,0.39157022877763126,0.4062034013632196,0.4486458698745776,0.5260779582731718,0.7270077454297466,0.11474292396835589,0.09163309423934568,0.3183960375980084,0.4488932459285756,0.09686619434083657,0.2319704706085345,0.5257675697937423,0.2770566322567357,0.4716580054135422,0.5009735856718049,0.06463492684761604,0.4999010407436694,0.12280439024092352
53,1,120.0,150.0,False,0.16224066244033142,0.24099357806082577,0.273117678667352,0.25135781090215314,0.5255065362958051,0.11088585480080897,0.17242673216011378,0.16445124357200175,0.4458961245531022,0.08659486914829109,0.20556665962645734,0.5194153830635815,0.26666695975410615,0.5897039023358855,0.35128927429196916,0.04527210423157004,0.2906432532732935,0.12325872710765565
54,1,120.0,180.0,False,0.10506146259993528,0.18747544703093244,0.22424715729352152,0.249267834652447,0.17714156991714303,0.10608582722362195,0.13246723703396351,0.3326787292786688,0.2586157402037984,0.0741996831351166,0.42781737091461014,0.3557756646225987,0.461714235742299,0.38587977302146864,0.10730293711622624,0.09439917843692462,0.18863869429879587,0.04911730035042213
55,1,120.0,210.0,False,0.08070469197655952,0.11965545177809268,0.2646627078724042,0.2368869570025533,0.2711830735280518,0.15486841319765152,0.26746963909833993,0.2555836653874505,0.2904675092484632,0.16750456021306162,0.3095818037804303,0.3608590689817762,0.46615516921670913,0.5171926209674921,0.06599354795080656,0.0897948123104174,0.1946185764315323,0.07893131405275572
56,1,120.0,240.0,False,0.11032532796713948,0.08820115660846346,0.13947997168315496,0.2383730331829265,0.2793405733065476,0.13938188221754377,0.08635183945862297,0.3322403776824866,0.3528602973512449,0.14507561478785957,0.2530359502331687,0.3074251699058856,0.3692917190847168,0.40476661903824623,0.08690953600379402,0.04100998847802073,0.1711440125496464,0.07457516772351631
57,1,120.0,270.0,False,0.12966967695316525,0.12655021485281698,0.12646299810186068,0.10572611574485496,0.1585816937275334,0.044718161513329024,0.18856691704510833,0.12303229266393831,0.20155065843838357,0.2092808331506646,0.12645381030815986,0.215786975461647,0.13526311555140655,0.09430704209124552,0.11832538222300036,0.07654091628833878,0.12939813987604626,0.016904697621827534
58,1,120.0,300.0,False,0.08838321723959625,0.11721345970626508,0.08004930973775443,0.3321133909835363,0.3488213498665241,0.05718048329830196,0.1297336202245086,0.3162713395645612,0.3357718200782063,0.15064997643982342,0.27628149655779716,0.290438158150364,0.3256187971121502,0.35474512079137294,0.06811367472824344,0.08341859125756293,0.19331614550673523,0.12089537480053235
59,1,120.0,330.0,False,0.052058364528223516,0.09749189825929891,0.05394880085420363,0.4776232867136877,0.4371922271013829,0.0655281302603488,0.057018134699868175,0.44087290490784914,0.399767857284698,0.10686684214033829,0.391037809308724,0.35019157935781325,0.48439410757126933,0.4444291656230653,0.051502654544959295,0.04572618295534983,0.22366291549135933,0.19196914610204388
60,1,150.0,0.0,False,0.056090246667497845,0.1299034229986989,0.06278679543423678,0.1788922762248439,0.1301983021101341,0.08789292397113613,0.08794112523571021,0.20185914362385296,0.1424539827672093,0.1598937676030877,0.275986692362173,0.21530092775118004,0.14133193774606007,0.08837075679147316,0.07957687745746309,0.06226538067283026,0.1115742086870823,0.0462022096948295
61,1,150.0,30.0,False,0.061287770834761626,0.1607018660397277,0.1333164079465214,0.0803569031247403,0.0734898866225728,0.11951978926265637,0.12728280272768142,0.11395789137469478,0.0772964740050113,0.23765876849321874,0.20643319508602448,0.14272688837588665,0.10825116548456439,0.17458520867793703,0.08481718795531565,0.03226274988868225,0.10183056691366477,0.038380252099520853
62,1,150.0,60.0,False,0.06094886339430218,0.21356269482788728,0.22390622152043005,0.17097700426726997,0.19045761599387548,0.19818908759127152,0.2172481676304007,0.18740414838379205,0.20651047225573538,0.04694671598800393,0.26343033913995206,0.2649378057457836,0.2819121524922434,0.28352526803072925,0.03153864406162863,0.0652746694656227,0.171970480000753,0.05847357373480123
63,1,150.0,90.0,False,0.07371592848513678,0.29823330116996327,0.05619697397134435,0.7038148958604595,0.6573217756061014,0.3156592722023017,0.10500755506886708,0.7364579088145771,0.6952934606769685,0.26177686882048173,0.4306439201048149,0.3902161482217534,0.6720173449822848,0.6267907099787915,0.0788820009926827,0.21593904756813276,0.3578565750186011,0.27736471398629814
64,1,150.0,120.0,False,0.13292133032568437,0.14666862184224436,0.13161998692116206,0.29795524391941175,0.637983447749877,0.060408768025453904,0.14993153779145124,0.34685747769379216,0.703022327767246,0.14255874523176176,0.36382945583498966,0.7073260741254038,0.3024454595530797,0.5857635853584875,0.4781642369105218,0.13725815899148258,0.26942972615167593,0.1945979989397839
65,1,150.0,150.0,True,0.12600916182278063,0.18166429146843718,0.12909402753841415,0.2850060792624265,0.333726946060464,0.26484060070381027,0.21383988043756544,0.35966116755369837,0.44372390458836664,0.06751296851947022,0.16165675291573267,0.2039374372820114,0.2135534653700168,0.2536146779315224,0.1191392130364255,0.032152399042700903,0.2111001012305045,0.08406112972097866
66,1,150.0,180.0,False,0.127034232466937,0.16069276384903797,0.10455775687896149,0.37935201227977833,0.30976822506531154,0.09424444642187213,0.05504265676829671,0.2891892506149648,0.2141748849214219,0.07166548052479427,0.25980884706929275,0.18897179122043223,0.3078285252886851,0.23288729785789852,0.0804922974395969,0.08027347278053215,0.2162809981080053,0.1085072687549753
67,1,150.0,210.0,False,0.0403746012085369,0.10222758380598156,0.10080029537573038,0.1269637441571499,0.12311764357617797,0.09477673320053608,0.08229960007265419,0.14470636324025232,0.1432374198169733,0.11608588673494795,0.10210984222679115,0.10916386650093075,0.19770681736954404,0.20025568004561062,0.03908132732412234,0.05818173813297261,0.09869677362471534,0.031028270115826137
68,1,150.0,240.0,False,0.07090901251519097,0.07980757317084153,0.05662363819821051,0.046696065421071395,0.04399325609344404,0.12002240940142804,0.05852688366349905,0.0797828352750909,0.07580669987126856,0.09321543829090304,0.06296059477032169,0.07218639766829418,0.07529701600512256,0.06774318290742608,0.04771937303800414,0.0457417118426014,0.0596059090797517,0.013821579616634166
69,1,150.0,270.0,False,0.1632862747450507,0.13809977489069708,0.07615665204777242,0.08939601018564178,0.13705363174583593,0.07197115505353457,0.1984558254526238,0.16628676562502104,0.18164189152172133,0.18105325877979295,0.14949552308307917,0.1674087032034448,0.06648989893221674,0.10595468914223852,0.06804128936458295,0.06739585680439725,0.1207984687229996,0.03270408347234303
70,1,150.0,300.0,False,0.06432600001198996,0.3007652141237156,0.05097787057424856,1.1163370603967286,1.1686774753642442,0.32218297665273565,0.0832238757116225,1.1348319969377765,1.188156540275377,0.27636462008864376,0.8934318424014897,0.9429904309385255,1.0860911578350705,1.1384300878681253,0.07224411359439684,0.07888836095681107,0.5402167240941853,0.5000082440273157
71,1,150.0,330.0,False,0.16753983242490478,0.27043941878593425,0.08850249362675924,0.8989598004953936,0.9837750201317819,0.12106720610481538,0.0995346037040365,0.7440482710744132,0.8288967967085545,0.19794384986697156,0.6671248912973916,0.7525405340294864,0.8232919082308292,0.9080921962298779,0.08980017444964355,0.06565469909351088,0.4818433130929547,0.380556667880205
72,1,180.0,0.0,False,0.07948213433481238,0.1828095492652855,0.09136174503683393,0.2855322368359128,0.21933799494449469,0.2243972600159057,0.11360713120911808,0.23620518248002592,0.24939904424495357,0.12291779595337489,0.4509551180304373,0.09325178619577779,0.33536532658926255,0.15550753846180626,0.4682273043188727,0.08123383402365741,0.17170473208346787,0.07785749628222455
73,1,180.0,30.0,False,0.07634302195936987,0.06765110501952531,0.24226153529494407,0.16427223822734566,0.2409030448606468,0.06735789685033984,0.1905437492212973,0.21635861747308271,0.2955839997101863,0.21860092168571782,0.17928276015358904,0.2614501906022933,0.357950962429798,0.4538467430264125,0.11267434513676965,0.0352407021575546,0.15828618907236636,0.07595082292615819
74,1,180.0,60.0,False,0.14053880995639584,0.08419227180947153,0.2880202493207196,0.5936207481664478,0.5299854016956235,0.12483982620674276,0.20218306922754553,0.7275263943861757,0.6646860686943583,0.2888573501455345,0.6220760451681586,0.5598949355007755,0.8463467896658707,0.7810946909576708,0.08003605913188866,0.07473270002501797,0.3272714961897316,0.20373125304086573
75,1,180.0,90.0,False,0.14883736709715684,0.1445268062995122,0.04474261591634683,0.8817470441276792,0.775711239881658,0.056770596724734314,0.1507478913014167,0.7728619957257625,0.6676698214260766,0.15643118020259003,0.7496524360175969,0.6439554071157494,0.895326994073842,0.7878881388897627,0.12335948432591877,0.16416208826935214,0.39911301466447063,0.354342277013742
76,1,180.0,120.0,False,0.050664842506777996,0.2788041855786164,0.08353319550861117,0.3227382822741924,0.3082780793515827,0.2577011995737398,0.05953546482067411,0.3259126693073061,0.31443520471331476,0.21533346133682846,0.32610018921967865,0.3306195686723048,0.31440668181312137,0.3106751605425872,0.048346328735108385,0.058791930328820394,0.20880371704395612,0.11702726751608497
77,1,180.0,150.0,False,0.07253169065613049,0.10938922505231205,0.09007025404265037,0.28570093531846286,0.19389733032299133,0.12439966262897639,0.061953286935778104,0.30136444521496475,0.2203245139041573,0.10042214083321738,0.19048031694265732,0.11259054514287253,0.2477779423905861,0.1819752299325525,0.11314459529878201,0.042965021652726185,0.15031788707850943,0.07947749699100962
78,1,180.0,180.0,True,0.11446012274934496,0.07216392020543848,0.10603421983582564,0.27278931118676886,0.07582517880517764,0.11013963231074594,0.03057394456573995,0.16964385570119445,0.06801945633370002,0.09561543740499556,0.2503291350115856,0.09171178698195025,0.18022621086251925,0.06846529052160812,0.22691541625055606,0.04066097688181924,0.12825455055651108,0.0741206100915661
79,1,180.0,210.0,False,0.07849049536894158,0.09100491919168982,0.0670671886532551,0.0507089522453517,0.11058767631312436,0.0856434106930676,0.05972696280616069,0.05273116843519955,0.1585968893941949,0.06580913505312622,0.09700358770715115,0.14735403096404262,0.054586785013745864,0.1489216130665082,0.13329254267370935,0.039110213076801334,0.07957184635447252,0.02041224780889144
80,1,180.0,240.0,False,0.07031946199482825,0.04516607971409732,0.049242380483260004,0.13504787478114266,0.1015585401152882,0.049553598076186645,0.04225136290468001,0.18359988181260337,0.1437270023390665,0.032879098041042595,0.1574511416149049,0.11722194285555682,0.1593140302758767,0.11969032715878375,0.060736796763197216,0.047706876796705835,0.08026686741772329,0.033905247545536026
81,1,180.0,270.0,False,0.05662146996251777,0.06670187288174875,0.11085252755839055,0.30995513577301437,0.3468585459357322,0.08361762065476154,0.10756313142201836,0.350141976047438,0.3838099094553141,0.05870520627056516,0.3235396881170284,0.3453368184638299,0.36482048662529465,0.38817991158976345,0.07053159695262394,0.024957489049312095,0.17819791042228073,0.12454234160245686
82,1,180.0,300.0,False,0.201050658938825,0.272145804275021,0.13454273036094608,1.0696380418642633,1.0809916520617062,0.08835560779945698,0.08494461746110815,1.0082304117020708,1.020150900894608,0.14845075396326712,0.9785392897738596,0.99073317266594,1.031512239701583,1.043412484800729,0.033781622143883,0.07810768802724555,0.5516737775001523,0.42977556027794006
83,1,180.0,330.0,False,0.0651471624382849,0.04866100907253561,0.13205307171696024,0.4822806415840364,0.43823444379136367,0.060659561630063585,0.16156612281937116,0.44349825078757726,0.39689414210624785,0.16761090503889042,0.48379331052223123,0.4333486267897708,0.37348772258017815,0.3360992279540639,0.06318189299542787,0.02999781943792792,0.23327526572063614,0.18794007412697852
84,1,210.0,0.0,False,0.05103026808695621,0.19045915016644774,0.1481740563308594,0.09956548028802335,0.11807356720669931,0.1708432829406316,0.13713687660044244,0.11190745525907753,0.11101356637868698,0.3013495032843031,0.2599146742912196,0.09215889661414284,0.14096969084108105,0.24089978839846507,0.17449774001787455,0.12931533829652248,0.12146050441579721,0.04674549943233691
85,1,210.0,30.0,False,0.09811704467480928,0.08194051986334538,0.06939785846568197,1.02058432696,1.034931314223662,0.044789018512562645,0.13600880683614847,0.9795989146966544,0.9860034799118973,0.11594388211342449,1.0126313234008437,1.017790695128228,1.081707105493063,1.092859316199874,0.033034174015321646,0.036514966195477,0.4609942128374997,0.46287236648121455
86,1,210.0,60.0,False,0.061266321690119765,0.06015876861475788,0.14271414431875573,1.3557098588145,1.5336002239297961,0.07651434633177748,0.17973624364559088,1.3600602397556916,1.535948896354466,0.1889986255456075,1.3016410141365047,1.4797707049884252,1.478042238623854,1.6565198884274412,0.1835083610963463,0.0511044499595623,0.6306898634735859,0.6676481581321132
87,1,210.0,90.0,False,0.08844368834095176,0.26881023527146897,0.15875463977522425,1.1964263771137809,1.1013085330086194,0.23132280699010999,0.135878205404301,1.1502087086795005,1.0627579611616125,0.12828038244098006,0.9305108407505529,0.840166519160257,1.0494501195091326,0.9549071512766617,0.10093587089908873,0.18771638469697555,0.5627486947020091,0.4829431349613212
88,1,210.0,120.0,False,0.1513025822004398,0.0477168352954397,0.2447401890913339,0.18371088752580841,0.16927009344933525,0.12233064992633053,0.12482718759917477,0.27151155870349464,0.260116325279403,0.22571282658769637,0.20547484854491127,0.18806723805721354,0.30912323957041843,0.313762804736798,0.057033629352968504,0.14376772093803233,0.1593481175124714,0.06404696693149452
89,1,210.0,150.0,False,0.07255260116287136,0.05370449444289582,0.05717932616056497,0.0718175393234039,0.09546978893848067,0.0630218961161806,0.043991870752700904,0.08949621060933599,0.1301535679965683,0.059645345642329366,0.0871856299865581,0.11382790427864445,0.058735492859567265,0.10233939704823983,0.07547312672282858,0.06648952475347078,0.07014475000564335,0.014753560835931658
90,1,210.0,180.0,False,0.06715625865920957,0.0433353871068379,0.09112565443011604,0.08792183103248008,0.03978979550270035,0.05857385487137923,0.06306702432231198,0.055703558613223264,0.07249859067845132,0.07646200599220183,0.09277159400625073,0.03384135928157418,0.09241875813122935,0.0797214079327714,0.10258316979261553,0.04457805207367235,0.06586578534626879,0.0215117249423006
91,1,210.0,210.0,True,0.15004060494296373,0.05464905194172562,0.1872122347671325,0.18249502685691615,0.15757698138950807,0.11331754622973482,0.07148645032954536,0.3080311600143674,0.29028090118601263,0.1479037870154809,0.2125911235882067,0.18236676619987152,0.3373488746910446,0.3166038538193673,0.1036845703202913,0.04920893859199078,0.14639477997964923,0.048010217081721845
92,1,210.0,240.0,False,0.15533440549071942,0.0772625543521352,0.19954075689113795,0.38873212703233984,0.4031546112131176,0.10622326865890482,0.11947131108080779,0.5344782619786282,0.5476656127285853,0.13418169996598045,0.43565033607297743,0.4525578144219296,0.5334819185869097,0.5493567278022483,0.05666870029549455,0.03156012861083428,0.24480489099589003,0.12954839045453198
93,1,210.0,270.0,False,0.0497157773564221,0.04847069096694104,0.06265839526805594,0.4990974570499517,0.5207255698504729,0.07607179749751833,0.07469208073911394,0.5392336718178141,0.5613643083051435,0.04443720129989121,0.5002498638340174,0.5222106212856406,0.5195564623686293,0.5414566966276196,0.028183081991143423,0.02182659690952788,0.23613357809836874,0.2236985463076012
94,1,210.0,300.0,False,0.04032230452138783,0.04593983704694045,0.035014108804603886,0.5243300144946232,0.4762004265435276,0.054747848787824266,0.04394532566158422,0.5222704748332102,0.4767649819491022,0.057922865277235926,0.4942983052901402,0.45696010739580395,0.5443164954891266,0.5011698755828325,0.06641852429266806,0.04515213643653966,0.22436133828221663,0.22581457191529022
95,1,210.0,330.0,False,0.06514437077944797,0.057812698631981324,0.10683722402197901,0.39934068145806423,0.24792483641241153,0.04538921229065162,0.08739432473642939,0.4084906226691083,0.24713043379330388,0.08951732744536776,0.41653162214336714,0.25394837150154137,0.48700821841062664,0.32731873901573244,0.18539523427846943,0.041344130432907494,0.17541196226077682,0.13121982431074675
96,1,240.0,0.0,False,0.058802595554863585,0.11680160119869124,0.17667519709146895,0.07196877358293266,0.06715978745068987,0.12538010504704958,0.14606563728447539,0.08720740374655578,0.05095579029428737,0.26186488178476686,0.08918566406812006,0.15419436072738485,0.20123299418134788,0.1573601935195492,0.08210499470011604,0.1664944184697057,0.09828159097572926,0.044063750071293074
97,1,240.0,30.0,False,0.07700037220824434,0.22882758321420543,0.21638340578095663,0.8308880855641005,1.0516632134599688,0.19264089187993744,0.27576716264070084,0.7862576230796714,0.9993605725831758,0.43123651885653086,0.6074787811680533,0.8281020871020863,1.033228685356921,1.2538770198660265,0.2231121107822006,0.21759986489778405,0.48095253204549515,0.38598101853062344
98,1,240.0,60.0,False,0.08844456178596513,0.28964329216207085,0.06627937266046229,1.6676316603729442,1.5116678940243946,0.213955015280008,0.05126694485494991,1.589684465945011,1.4359512254389293,0.2373763902272074,1.432904906889246,1.2791061230907979,1.639308014062911,1.48456815424042,0.1587790900335649,0.02213205401264547,0.7247333562011674,0.7121870008633391
99,1,240.0,90.0,False,0.15369092825888012,0.3114610381584964,0.19902456517950617,0.6743186864445976,0.4722376412989849,0.18900494582598085,0.11398306143282985,0.8166815428352627,0.6108039074002778,0.16612967487855584,0.9701546995023724,0.7603435754501232,0.8434687995700627,0.6332629886564886,0.21625184321292576,0.04900803747080627,0.36214657186809307,0.1908942327225592
100,1,240.0,120.0,False,0.08735729038797178,0.062090569225194896,0.13022036481008126,0.16175729630326283,0.053792489673682685,0.06346483866910778,0.11712873720365473,0.13986770938895193,0.10610556204022398,0.09526717815901833,0.17607558073478427,0.07630824711610298,0.25355101618092624,0.1420230143638248,0.1575610044588676,0.09179236465087334,0.09904360208003868,0.0411211810861444
101,1,240.0,150.0,False,0.057508651974881406,0.06760990290861854,0.08304433121665096,0.07888555901733381,0.03138151686423619,0.03668341601781623,0.03634540290676931,0.06992974945367512,0.053143521248198,0.042651564896983796,0.05584617261592859,0.06757760385109204,0.08097738621721272,0.07959489005903055,0.08913907252724018,0.05793702722232283,0.06368599239634418,0.018454852235351208
102,1,240.0,180.0,False,0.06952336961713487,0.1328619174992179,0.060578397880296064,0.21417155614815275,0.13066082769410817,0.07462648818399124,0.0454646931005943,0.15897986925702234,0.07115900987547795,0.0878103611969114,0.10208996899924203,0.052038938927796444,0.164928144702026,0.08033135115702116,0.10117978196174779,0.10466372363539171,0.12155921376778196,0.05516162693695214
103,1,240.0,210.0,False,0.2538658203320462,0.16353423610296275,0.20974070243708282,0.2727367528331319,0.26787589638913745,0.09854560914945476,0.11405146848852495,0.4967240352413573,0.49142876218843823,0.11819611399149693,0.40634253965876865,0.40168375991237776,0.4772038059552113,0.46852853161917135,0.025465313477674462,0.03227342346004988,0.23355068161887224,0.04146249186551366
104,1,240.0,240.0,True,0.15529777203905343,0.15418730203849285,0.1402522388991085,0.3389982776757712,0.3601705326853507,0.11995565554945112,0.03343353765801287,0.4757133441489203,0.49728108335313836,0.11953185837321345,0.47952991493937736,0.5022352944721142,0.45851535547141287,0.4804089988086705,0.05868568986867351,0.032764219400528774,0.22978122466755532,0.09819103977430596
105,1,240.0,270.0,False,0.07696502095347993,0.12022679582141074,0.09809059604860246,0.28278858141681823,0.2677632699935215,0.07440433033225016,0.046386061972136156,0.33254345407675173,0.3151265459884496,0.030433105445702654,0.3995761101353855,0.383680831719588,0.37297721089693303,0.3565506770389259,0.033742986822196466,0.03196783181126955,0.16916685284676655,0.08783995895261444
106,1,240.0,300.0,False,0.05176600367866728,0.062068926202424615,0.10433748773447321,0.4196019206896701,0.3783575046662385,0.06564194624550762,0.10785382144131594,0.40131381309745984,0.3567562395737115,0.05156175959295574,0.45846702788385874,0.41581764980687763,0.5018830576201885,0.4598239145593066,0.06470480405228171,0.04448799965670112,0.20322636859429472,0.161328218738772
107,1,240.0,330.0,False,0.11159733131979087,0.1193872526946965,0.12583704303221577,0.2843243773350298,0.39335003247870615,0.05534394749827323,0.07716206262248743,0.18223791449271542,0.29120092621241705,0.09854619836093548,0.17490453573125703,0.28547908612358475,0.18802415000080822,0.30218881425640964,0.12559532950507696,0.06863440803936022,0.2068992073720878,0.11319932102688497
108,1,270.0,0.0,False,0.11655308129729133,0.16155469664634775,0.049494451311652546,0.30268089182433233,0.28041077267431647,0.06827222452371878,0.10532186954400366,0.352402844551295,0.3301117709448073,0.15770852900311583,0.4165559815205024,0.3942398004807048,0.28389938418850547,0.26261967911996514,0.027672973542366086,0.09267861520171236,0.18213877875078807,0.09644427568525327
109,1,270.0,30.0,False,0.06338693816904739,0.0821494457587398,0.06544598064001962,0.04920355551367221,0.0674975855967829,0.10479216391902907,0.026641722550182684,0.0791746849540299,0.03936145918849791,0.10446243156930048,0.06328940227747168,0.12414777896638393,0.0774357714035771,0.045096321337832077,0.07689017395322048,0.10821772650002895,0.06553670113565238,0.010499806747855382
110,1,270.0,60.0,False,0.08300383350555765,0.09759028666114507,0.03971687197273903,0.43566879350625776,0.44122637201361503,0.14293094190237263,0.07322349811968878,0.4991536241113024,0.49464586753049944,0.094699692867899,0.41139902906549464,0.41223539112173047,0.44597611338195275,0.4517575676400447,0.04211078927074552,0.3394744452266968,0.21944123153186287,0.17983696442106317
111,1,270.0,90.0,False,0.11474778882836975,0.08561560355907621,0.18317940600588484,0.3353389443524209,0.408285102243964,0.14876751736096444,0.2576329730176411,0.2503726078993407,0.3205281290805492,0.14035830226754994,0.3693333084359707,0.4403453565988456,0.4682267306831787,0.5340918448217726,0.08640379087514719,0.07219673866007012,0.22543336899794314,0.12577733851803358
112,1,270.0,120.0,False,0.08553947014046069,0.11368617764233294,0.12864100664452477,0.058772037479615735,0.10260784567170136,0.09483589337564158,0.19593479250290002,0.12106170101597458,0.16138563142394396,0.22009219347406467,0.14330810717028258,0.1985116007769946,0.08350331015229834,0.07472773424292548,0.06631438114436627,0.05745732020008967,0.0978493075157271,0.024083787101317415
113,1,270.0,150.0,False,0.13581234143820298,0.08888855757617167,0.07638599786282094,0.09787778293127106,0.0785585972482235,0.2091080374962998,0.1898967932749724,0.217737905035815,0.18835852697175431,0.07210327015125763,0.059941969832671776,0.07656319773319517,0.07677963273249244,0.06448704410221168,0.04365019557806833,0.04867038641759307,0.09550465541133803,0.02157223211147057
114,1,270.0,180.0,False,0.08572590318364204,0.14881083987920024,0.06612691978636959,0.29506389248298126,0.29986153561932527,0.13351439599491766,0.11591183781729433,0.29491684864571466,0.28932049878906757,0.14861761173088767,0.18608023158243792,0.2172113029865022,0.25572968634482396,0.2642665555939553,0.07657047107862136,0.11760670226891162,0.17911781819030367,0.10042912255670851
115,1,270.0,210.0,False,0.06456238202636834,0.08851753052916148,0.09829073974274895,0.35597175007945664,0.33393888748306616,0.07856247873834578,0.0803031977076987,0.41671610758490774,0.39307496229401545,0.02980358345265837,0.4119261557610839,0.40101070207874595,0.4234103766531774,0.4124970802535822,0.05517004278695831,0.027344421639009516,0.18825625797216033,0.12860303107060328
116,1,270.0,240.0,False,0.06120381959230244,0.05149823336678176,0.07155858593811319,0.32178012593863065,0.30976743888385905,0.0474897522893864,0.03353402544416792,0.3748616443158518,0.3596743366955537,0.04078740136356425,0.36633098060784336,0.3543358144129647,0.390707834508915,0.37708809797765463,0.04456060425564885,0.015520942235632903,0.1631616407439374,0.12482653354517766
117,1,270.0,270.0,True,0.08554022036960048,0.09050652047598115,0.13314544053161775,0.21180478197305186,0.2405557326433788,0.07943460586549611,0.06378765102521286,0.2881435407825643,0.31348295893153355,0.09357987377953382,0.25875420399078225,0.2912889694954262,0.34162262182568137,0.3682678290038277,0.04955635672764004,0.018363235843375972,0.152310539198726,0.06320141185625379
118,1,270.0,300.0,False,0.0503751995969194,0.0735659093208002,0.07985524804908851,0.2348202620494017,0.23865975696949376,0.0869102374656901,0.08929524938514649,0.19219929372454808,0.1994336780289683,0.03263784288774835,0.25748960915809893,0.26220740096551404,0.257996925359413,0.26429138349094394,0.035419458396427406,0.02183369019053067,0.13545527519714073,0.08328846446132744
119,1,270.0,330.0,False,0.06603297008884938,0.14071554492628274,0.06458856528378505,0.3224944291719821,0.42190411522236293,0.11534177508168464,0.05787441012374096,0.3063852241054521,0.41072483934401005,0.11716689077168524,0.275445307114241,0.3871841028831973,0.2985850149632738,0.4033131198980462,0.12038887761569615,0.06209902589962564,0.20314712493865245,0.14421849251909305
120,1,300.0,0.0,False,0.12373615335358229,0.13655507242346543,0.16556972626692007,0.24430682004932158,0.2171204541581357,0.22681071079937012,0.050986653751829904,0.3326340057925763,0.3109022241343201,0.2602835704464158,0.17297554849124458,0.1372358838200316,0.36794724680899715,0.3486073047780257,0.054056061887294254,0.019754469699137314,0.177457645250285,0.04635146676209643
121,1,300.0,30.0,False,0.03970083391761471,0.3093134528948757,0.06573269838362739,0.47071110914786574,0.3408471387715487,0.29558961629568625,0.05741604835997237,0.46764452087120556,0.34136198164829246,0.3472768134718627,0.757522459268732,0.6301434920527604,0.42084821259187244,0.2971988743684029,0.1362294284525853,0.048349904359716006,0.24526104662310644,0.16646475382071416
122,1,300.0,60.0,False,0.19788718824042414,0.25144353617174675,0.06095037498112052,0.16181665550615792,0.12336160530401061,0.0724364764463751,0.24240363179051527,0.3386319611275597,0.3021548819030782,0.29410875163713746,0.37636495935447534,0.3462865767474902,0.10997793536414738,0.07638422630049974,0.05347052312963232,0.10058861103581197,0.159091872040692,0.06472980191212437
123,1,300.0,90.0,False,0.07128293736823156,0.09987272470341668,0.09799044824323122,0.050015586321412044,0.10642184432630192,0.0755792960127988,0.07923844232674179,0.0948859825588377,0.14861893431136464,0.055323705708065385,0.10531394468958488,0.15396423159287154,0.09186879438519432,0.11971200808796933,0.06645656498027103,0.03380708579717551,0.08511670819251868,0.021264261114233095
124,1,300.0,120.0,False,0.060071899165218656,0.08485924925551817,0.09170951230782114,0.17701475491198765,0.18301986110756785,0.08893759923490832,0.059000603040568006,0.12260114626482492,0.13019772249420822,0.09894808666548771,0.18467178858088096,0.18288393921948048,0.11973978408923872,0.11485322342826683,0.05298962160729275,0.022805989979817594,0.1193350553496227,0.050688412366460406
125,1,300.0,150.0,False,0.14591926006847167,0.10890578738984619,0.07840681015602738,0.4774987367014972,0.5092303388735129,0.15657910590603413,0.10052153827372852,0.4069912619009168,0.4336234717463866,0.10249156534771738,0.4564276524684601,0.4891771665913417,0.4448586173460004,0.47602601123889876,0.0448915605372491,0.055974823933170464,0.26399218663787105,0.18876532383693342
126,1,300.0,180.0,False,0.10403777631055042,0.08823904479722591,0.14546670777118675,0.6761285407717633,0.7248364682877667,0.10218692186052254,0.11378350509695453,0.6446170154985569,0.6900731805094443,0.07719269034803855,0.707890900574512,0.7566718259029015,0.7284359049012209,0.7728473660198334,0.06383621848323923,0.027433363996785715,0.3477417075876986,0.28902829772261157
127,1,300.0,210.0,False,0.04996687464336205,0.08633873793571609,0.06133271278411757,0.49430760018821146,0.49895418043674034,0.05875865580569231,0.06450642886387861,0.4779699308105651,0.48151781152161344,0.07757738398976138,0.49954725046654125,0.48973144868342205,0.533617774511931,0.5229245085836067,0.030584304146512302,0.027955238962341318,0.2381800211976295,0.21135724883619608
128,1,300.0,240.0,False,0.025827705452135606,0.03284982923268598,0.03795820416772568,0.3222733793839101,0.29501257508462514,0.02428036622395613,0.03689340318125962,0.31665125934843835,0.2892236060298489,0.05336383320618852,0.30543666783794193,0.277334338984371,0.3389053790901674,0.31385847418289586,0.03984873163233012,0.01194517526631053,0.14278433866421653,0.1357517739050776
129,1,300.0,270.0,False,0.06079299652592776,0.04463685652008939,0.06395651049687351,0.19207272018619215,0.1930506735843384,0.043134228392640014,0.054221568852597345,0.19826893272933258,0.1936483333659174,0.07640685814700347,0.1663818380730163,0.1635627513329388,0.2400987726663079,0.23754251556943728,0.04153772739908305,0.01752105015065954,0.11090195146268425,0.06699694148461612
130,1,300.0,300.0,True,0.13028474200858886,0.1934069316214221,0.09856290037113564,0.13314599561190027,0.29548292607914606,0.12813241874957196,0.08491858055999982,0.07442214906978106,0.20577960612388577,0.12155950107940994,0.10481465617252642,0.1240574272119078,0.04856201790148761,0.23378360176529714,0.20550876298625737,0.04426513540071102,0.17017669913843858,0.069760263234213
131,1,300.0,330.0,False,0.3763911386309168,0.3488562872842099,0.47605064981750556,0.35805102382111176,0.46938348246722794,0.1318915995048259,0.24039300610757985,0.13236144103429756,0.20477164728132802,0.16455158123160935,0.22632726992334182,0.3129585282060199,0.3568926813750546,0.4250278934142122,0.11745137273616599,0.0452123495399521,0.4057465164041944,0.0554354237126107
132,1,330.0,0.0,False,0.08663775388189023,0.08132572231396445,0.24736679735339268,0.3728286853101863,0.45918282492546203,0.05852168320816299,0.18596823941487212,0.29795367175208903,0.3842459719198194,0.18240693804776398,0.31857611520642615,0.40528008134988885,0.2586468215834399,0.29455857021976595,0.1805461182870679,0.027218569290179163,0.24946835675697915,0.15098880496379447
133,1,330.0,30.0,False,0.07359113133334817,0.06767119810044617,0.04644893249529637,0.45509460465091983,0.4755820398914635,0.05849074270237928,0.060404209699994896,0.505164996705604,0.5281396739968945,0.06048892470896426,0.48177851152085094,0.5022325307302574,0.46840677846339396,0.4908008056746137,0.04164435767913546,0.027466603243395477,0.22367758129429482,0.19762774247286122
134,1,330.0,60.0,False,0.10369586824613544,0.1417996256320897,0.05538985659775751,0.12602939211719333,0.1754901040261243,0.048813399496994064,0.07551378103139465,0.21064133053239265,0.25843280896480747,0.11832011171890719,0.25113814881417873,0.30164745735251447,0.15563070811449586,0.19820033788703267,0.06349165362129074,0.01939532580735258,0.12048096932386006,0.04007459937937115
135,1,330.0,90.0,False,0.034868303631300335,0.03763587469265596,0.04409809227921421,0.0658185905081535,0.04021393890200746,0.022378902910404057,0.03850335022761099,0.06440609317501575,0.03545285506106123,0.04270035560034295,0.06742732488246733,0.03559732809781743,0.08821983602723607,0.06245624765893673,0.03420543733470681,0.023759124418804976,0.044526960002666295,0.011071551903605106
136,1,330.0,120.0,False,0.0721365986945208,0.05774320049507642,0.07156607322536054,0.36964433885825726,0.34153299165352236,0.05576335276972951,0.06145086354169423,0.33504246620770217,0.3079676331015432,0.038687288960083395,0.3755498679320529,0.34752813301569707,0.3927495995303369,0.36567461736465556,0.035865207572882446,0.02335727979611238,0.18252464058534748,0.14167933402245955
137,1,330.0,150.0,False,0.046486521795803246,0.06908168670700798,0.061105068971596656,0.5634808549428152,0.5106434025350282,0.06277670072480017,0.03914437908229498,0.5626970943818853,0.5054415863105886,0.08665630775155879,0.5077508266129448,0.4534201472044836,0.587587189610882,0.530438863559261,0.12069143052624062,0.042775630316985516,0.25015950699045025,0.23496194132330947
138,1,330.0,180.0,False,0.08620009835842873,0.10004987124904209,0.06578659989128163,0.4374754479678855,0.4294803927039724,0.05112632812025028,0.08638063498859536,0.4091411492484905,0.3977621861344355,0.09566519544116471,0.4156648455493912,0.3999866444738238,0.4764837009197128,0.46732199048318723,0.06323661491475813,0.03849038811728547,0.22379848203412206,0.17156787747546592
139,1,330.0,210.0,False,0.05250677263547588,0.07174665954458674,0.08134802722915069,0.23492749292317772,0.17392688477886611,0.0587939497386862,0.10322425595190668,0.21651004745822655,0.14835197544515813,0.12006954168503899,0.24485363142774189,0.17207359907984854,0.2997975444222645,0.23804669753793778,0.093331161556851,0.031300608068042746,0.12289116742225144,0.06993187955504496
140,1,330.0,240.0,False,0.05923145342746985,0.10035165215258458,0.07351246504374973,0.15370441676138727,0.16942725673918357,0.06243610292277113,0.04013706660097726,0.11181805521472468,0.12888308985593183,0.08405852238060366,0.059479280255753525,0.07982943269016994,0.12555906308726342,0.1446447215559225,0.038289853477529945,0.03450140675139549,0.111245448824875,0.04344144407953407
141,1,330.0,270.0,False,0.04376104379268258,0.05835726160768422,0.08470026108337905,0.11774980213177132,0.08918226111065158,0.07048726282285123,0.09443820186856783,0.14366613872852455,0.11899267884920026,0.07740880262338232,0.12901371212857185,0.09639715880752914,0.14190689605343046,0.12450527249357504,0.05557737926034311,0.036442892281526224,0.07875012594523376,0.025711137978293372
142,1,330.0,300.0,False,0.2099423197632983,0.18568939455580857,0.27729477259286994,0.308191380035624,0.3740023885767555,0.1345859676713607,0.13914408859843438,0.13231879901460003,0.19360665615540723,0.2598221740401676,0.22798480931266027,0.2853686754823573,0.11589377891284383,0.15100336789990002,0.06936656612711989,0.03936017911409455,0.27102405110487127,0.06787967558604074
143,1,330.0,330.0,True,0.12570210766299053,0.11592643642531791,0.10599016455818486,0.2166564208954725,0.24303030784406526,0.15744153263470922,0.1015498088985965,0.2636565540456626,0.22187362402878066,0.07879396400791447,0.1747434341819864,0.2520091250617789,0.1695889086805749,0.19562605984502235,0.09177698401650747,0.03935580344983447,0.16146108747720622,0.056796469812250686
144,2,0.0,0.0,True,0.07816187829641354,0.09408344976816965,0.13326581905997006,0.35411426985450933,0.31546121138262473,0.04982185038686662,0.08170437543984002,0.29340325383010263,0.25386398662854553,0.12659666398500846,0.3313091729247732,0.28871118423510084,0.2278034177954261,0.19459843769728025,0.08385753747613721,0.026248679725009265,0.19501732567233748,0.11616768802766145
145,2,0.0,30.0,False,0.11216593887084172,0.13071821387840898,0.08511651079903318,0.13210783546181054,0.0885657570223114,0.04801823259381684,0.034016718209882085,0.07113800432183592,0.13218020341121606,0.07040333556989907,0.09368960637895526,0.15356512058923344,0.07004184222750376,0.11270722492932941,0.07660075584289777,0.06630824816316451,0.10973485120648116,0.020004776198387787
146,2,0.0,60.0,False,0.08343839567437333,0.21854120050234493,0.16879873257818367,0.08055252894553687,0.05812396377366301,0.15021881167531886,0.09519067455254823,0.05058975444949448,0.10822071033969935,0.08013181659095232,0.17805684509050207,0.2407647811326495,0.13655239600513935,0.19400273065313164,0.07931463173229969,0.06398639571870984,0.12189096429482035,0.06131117925859584
147,2,0.0,90.0,False,0.04264151783984185,0.03257867443321125,0.03208038102406158,0.05204352702724961,0.03866482391990753,0.02365282297420816,0.03747441593185232,0.048356181520871754,0.027928831800272856,0.03277529704866928,0.048809567689224814,0.03768584780067742,0.06046809354035956,0.03905275368381158,0.04154491713840718,0.024214775643481512,0.03960178484885436,0.007359489333893384
148,2,0.0,120.0,False,0.0746956951980304,0.1125006552514002,0.09955588682496341,0.12062133127403162,0.19913311893579913,0.05602528405343289,0.07384474529206647,0.12816140056695186,0.22155087043351007,0.051905610165822645,0.1580291669245349,0.25783203423784684,0.1924306115914558,0.2820893689236965,0.13055018407836896,0.028359751281090365,0.12130133749684495,0.04190620750537507
149,2,0.0,150.0,False,0.06481307442655859,0.1041064425334167,0.040034655459343316,0.3370755770233468,0.35852423918762066,0.06915842584105888,0.05017825396608876,0.3580128942235896,0.38470006471656115,0.06982866026583306,0.4152490882575769,0.43790803644031157,0.36799774682333,0.38775687647707374,0.053561646802699994,0.050094473658661,0.1809107977260572,0.1379548119295786
150,2,0.0,180.0,False,0.07736241258736,0.11696333968361747,0.09530225229333832,0.22902127098725142,0.1867454649566334,0.107742801615896,0.08641513512267265,0.21992781535178876,0.1792717791644555,0.07378680407769113,0.3027146661954227,0.23971926156595424,0.29060396847287207,0.25208744486948403,0.08079011869423139,0.07774981926609956,0.14107894810164012,0.057543285034179645
151,2,0.0,210.0,False,0.20280897113657717,0.09605943072512327,0.3292189862078377,0.33897860580808903,0.3912073241144295,0.16574574600155406,0.1363934454644573,0.18991310916704773,0.21461773071270684,0.29678314684772356,0.2900050725888934,0.3326560035675416,0.12477773728499995,0.1483506593375791,0.08597979631083971,0.051400350706570695,0.27165466359841134,0.10743595138217572
152,2,0.0,240.0,False,0.11822406269678137,0.06702700169609341,0.05093167552421681,0.5924866523822985,0.6152649074136693,0.0836056036649543,0.1359457069398799,0.6987446567690541,0.7196133084747152,0.07429848870096475,0.6250497078019828,0.6457274672489153,0.5805149565186254,0.6062960684211015,0.05548689219023057,0.03515002159182474,0.2887868599426119,0.25832757138833234
153,2,0.0,270.0,False,0.05830380287578148,0.12946014344284335,0.05793641891889363,0.23731176566110834,0.33073326125280045,0.08486229978184881,0.04820319400819264,0.21322481919634761,0.30869285417028025,0.12141556879567628,0.28005692552583916,0.37598401324066955,0.21477539472637383,0.30811395492245464,0.11054705737918778,0.040774298215310485,0.16274907843028547,0.10656541876024794
154,2,0.0,300.0,False,0.04680385977679845,0.07043585252259235,0.05588990169895338,0.40428569248497215,0.3804764172118531,0.03422343982821243,0.043601840551391866,0.39648407461105606,0.3742502619136496,0.07039161791828859,0.3759391279727933,0.354307245105123,0.434244986501497,0.41165292088129635,0.05557106310539646,0.06364941556717545,0.19157834473903387,0.16430058189805066
155,2,0.0,330.0,False,0.16354751779358115,0.076738144843194,0.1363793498492206,0.7603562785621326,0.7065178924050795,0.10579714791974726,0.03963758292545504,0.608003830298123,0.5551369389744324,0.09264042139374401,0.6934785992658126,0.6390926831503396,0.6439021350092117,0.5909568630716107,0.06266185140023438,0.09135656785931419,0.36870783669064155,0.2996056471322327
156,2,30.0,0.0,False,0.061963370985016177,0.09621948518240964,0.11420457748264831,0.22684745889627508,0.1977317140061034,0.08985296548776137,0.06035947400844617,0.17879789883591707,0.14952850618374242,0.10000585040670248,0.1795387020382408,0.14858924784029803,0.12607158844438965,0.10208592982111565,0.037705935753192324,0.02236232711438363,0.13939332131049054,0.0625227069027331
157,2,30.0,30.0,True,0.16785801730650857,0.2447321879696303,0.2765205661796669,0.22792554055559905,0.14458426317331274,0.09805230965693794,0.1267784420579115,0.08363540309134584,0.10037798458000771,0.05525588082786737,0.09827277748952912,0.16961939615025987,0.14589758258091534,0.21887736834624835,0.09326730382587037,0.03579477130445563,0.21232411503694354,0.04895057382017868
158,2,30.0,60.0,False,0.12813047299473992,0.28261388704991625,0.23779061652707828,0.14398913340502645,0.13531182287474192,0.1687445018194019,0.12444643796538502,0.06213010711511669,0.03626595715910039,0.0625316504419199,0.19130908207411507,0.16871559887034615,0.15272515365027312,0.13032357658895674,0.058256525600839985,0.04501490036083057,0.18556718657030058,0.06276728584538116
159,2,30.0,90.0,False,0.09203551712591536,0.11741216854177919,0.09951550435850698,0.09538792812713356,0.06426409154321663,0.06119008568847939,0.03411972614983443,0.029249860285593725,0.04447574895360944,0.03922106641016189,0.07804172958539433,0.09705549559803514,0.05095377999188064,0.06966270177132353,0.03807873780830838,0.03200787056531439,0.09372304193931036,0.017135791108200054
160,2,30.0,120.0,False,0.041973910332366623,0.050325122410530436,0.041223438682716856,0.0840903462752236,0.09658682730241874,0.05695412820163419,0.03505112046386781,0.0705236731633669,0.07552061587486851,0.051728786862266535,0.10837917112377007,0.11412852593797879,0.0794574594652312,0.08278550422791602,0.030934911155466278,0.08163075596940916,0.06283992900065125,0.02302050022068142
161,2,30.0,150.0,False,0.061341775600438825,0.14904028856564697,0.08703851640531327,0.2316391014730379,0.30180879161459984,0.13024830833661588,0.09237707070748188,0.21300849927724808,0.2830051324264864,0.21237224026768167,0.12697706224026192,0.19922113329764954,0.29330955581104523,0.3643430372357547,0.08905814856065389,0.11320436979163206,0.16617369473180738,0.08969755884145976
162,2,30.0,180.0,False,0.07602188897334887,0.08004395055504426,0.10293718662283642,0.46407674567865365,0.7013563568902665,0.07697842461275578,0.06520158182230607,0.42177162266147167,0.6498965729497419,0.110484563796938,0.4472632042382084,0.6751582380229386,0.4001533296580563,0.636420412665754,0.24692155776939434,0.1562620757911965,0.2848872257440299,0.25465534916148397
163,2,30.0,210.0,False,0.10837305904280178,0.38871963722313574,0.2623584299516266,0.20046291542342476,0.12405053591695739,0.30224863534831214,0.17349416518682698,0.13580402623676596,0.21447253024750712,0.16001493823616586,0.24382418032876252,0.46651521122635353,0.1310920585186955,0.3661101932545995,0.2513753211420291,0.04270312358216753,0.21679291551158925,0.10223277057493015
164,2,30.0,240.0,False,0.06496324976016679,0.22982815347492677,0.042111566908224304,0.18984316248421002,0.16158796129059882,0.2540764848229648,0.03856218896871119,0.23816439319895544,0.2025354509376628,0.2511622423008047,0.11675053038813545,0.14310974344344332,0.21256464399367234,0.18742479219477148,0.04990002664314946,0.035112217526406315,0.13766681878362536,0.07239463878299647
165,2,30.0,270.0,False,0.03862384360805835,0.13585951893387832,0.3222531165666781,0.6309384656847058,0.746695650153584,0.1374246769591102,0.33254210628910663,0.6488628277483487,0.7661611692183192,0.213216116396716,0.5300943498503422,0.6471691209472938,0.334598694728945,0.4556638163753695,0.12977210744589013,0.09441752499388226,0.3748741189893809,0.27451098240889127
166,2,30.0,300.0,False,0.08962181737288479,0.20328592289810457,0.14036691367201193,1.172289688264721,1.0307135324983738,0.12593479397553192,0.07341372689568347,1.2452043017656411,1.1054672397364846,0.1119957226431755,1.3565285674311491,1.216478395078883,1.2839773757297943,1.1467044906224375,0.14390399039459337,0.034930197391284196,0.5272555749412191,0.47237726444138983
167,2,30.0,330.0,False,0.04000445004505019,0.0773535844204916,0.052688890899231816,0.7117385323269768,0.7221803145605774,0.061180951065396186,0.02612550694335248,0.6899897997098045,0.702614415528342,0.05460554288831843,0.6499967982450897,0.6624693524717391,0.6777976888462998,0.6909683996567839,0.04239909627787038,0.03155264026490558,0.3207931544504656,0.3237081888666607
168,2,60.0,0.0,False,0.03451981811742498,0.05708299632920728,0.034865757953317235,0.05435385588843055,0.053296767598487324,0.06652544623097925,0.042781256352042815,0.03737318194785417,0.04092119731277365,0.065545531919922,0.08382149625779466,0.0863366629264072,0.07391198023552153,0.07636570503560455,0.02527562092040842,0.024221935615456304,0.04682383917737347,0.009982333397402308
169,2,60.0,30.0,False,0.05692118875765721,0.08821536438048877,0.09234123451334675,0.08926315055913336,0.04895223598322887,0.059622426413725275,0.04486805472407594,0.09087780170747724,0.0896255075371063,0.06126807361018888,0.0757096776129121,0.10378764685114147,0.09716790814208182,0.12476099016722411,0.05948476394955545,0.033877220349530474,0.07513863483877099,0.018352302646510263
170,2,60.0,60.0,True,0.07382057781334173,0.07734231612229675,0.08780484067341415,0.10983253954493731,0.108856770459454,0.07355212545245711,0.05033654026837295,0.04959136877814206,0.08236893729366004,0.10864132445180932,0.08576795561843198,0.13545788202467304,0.0678377290697584,0.08296443852988235,0.07250189067606291,0.0626670790985827,0.09153140892268878,0.015257724197472441
171,2,60.0,90.0,False,0.10944455666748348,0.1081747335934993,0.10753948515357248,0.15466719515745164,0.1500596598393149,0.07909540024820698,0.04341460021579052,0.09002648483459896,0.10062442302594019,0.0722568675839397,0.1268164744030503,0.13770415175582595,0.07215124199053081,0.0832364846310846,0.035572161415784856,0.03127301204261687,0.12597712608226436,0.02160225047763523
172,2,60.0,120.0,False,0.06924381175567315,0.055216127240319046,0.04418772909254372,0.2712693358118776,0.17947645607307144,0.06509441425297585,0.05113179656062887,0.2876873409852851,0.19884727309874978,0.052255140110800874,0.25092661276702916,0.16545785710322458,0.2803398006054548,0.18923411457182215,0.11826900922416944,0.060663255090079755,0.12387869199469699,0.08816493720409672
173,2,60.0,150.0,False,0.15537341911861488,0.32326982567100476,0.33635352822776077,0.9260651001117444,0.9869149585111652,0.19234114809226627,0.2264771600817333,0.8253815804013127,0.8860808010467764,0.14607924500024597,0.7113763196046556,0.7714290313662913,0.6054860568442132,0.6651981915686573,0.07325954660063233,0.06807227640700536,0.5455953663280579,0.342053844209962
174,2,60.0,180.0,False,0.1578214057466285,0.2069839413500787,0.054141239187856426,0.9416517011424412,0.9384741859738374,0.08352309127300825,0.13901875530221738,1.0734255883681754,1.0685305401657497,0.18582616773579264,1.1375626710431572,1.1338722372857704,0.962099818184987,0.9587035192393275,0.03475987621579153,0.030803793576812462,0.45981449468016844,0.3952154091842241
175,2,60.0,210.0,False,0.15612762261413798,0.15475864500943282,0.19030910204754609,0.9780739789043682,1.151595791995413,0.03382871568637399,0.0739410120165633,1.103998874446365,1.2754952164280646,0.05262672834102638,1.112692446624909,1.2853911186890552,1.1262047345539319,1.3007239640595132,0.17951959949449867,0.060686192828201695,0.5261730281141797,0.4434083729131827
176,2,60.0,240.0,False,0.07858376025085063,0.09668460250963655,0.053530517483747674,0.8129935320739721,0.8431866359932219,0.15702174353078188,0.07833692151380217,0.8776739531018702,0.9016053298196978,0.13557466409042157,0.7381956712365869,0.7678254437860197,0.8427542724156689,0.8747672932344506,0.04628012723636207,0.10466226960831757,0.37699580966228574,0.36869548948604025
177,2,60.0,270.0,False,0.09512985673317056,0.2636086272078454,0.4827466047839174,0.32359291735710954,0.425160138268033,0.18366934844023078,0.40643923309423113,0.2716525934582557,0.37319834544558284,0.24289857609282756,0.16486050760347598,0.25805899089685,0.207746006174148,0.10899771495132653,0.11221580041709286,0.06171739252303867,0.3180476288700152,0.13511885922954028
178,2,60.0,300.0,False,0.14062070772226182,0.1368391773424501,0.04417144104121151,0.48721118111230377,0.4743743703580146,0.029892103430199487,0.11043432890879301,0.6138066275089641,0.6027144398094897,0.11176954584088225,0.5971493434418784,0.5861325071891754,0.5190091562656549,0.5063381721033349,0.041586322109038225,0.06445794434216756,0.25664337551524835,0.18629381491280406
179,2,60.0,330.0,False,0.02939418793135805,0.03876722050823815,0.04292705785329065,0.21596878161505434,0.2721419178561991,0.03205365396236747,0.03725276700802099,0.20806443053766366,0.2639525990207129,0.041779071672579375,0.19379348298870375,0.25074967105711743,0.18793146456896673,0.24130378373544498,0.060304691263724924,0.022847235869371176,0.11983983315282806,0.10305868037411603
180,2,90.0,0.0,False,0.05209127838850682,0.0346276261262249,0.03411605771026281,0.09523038557037633,0.0696414390325229,0.041249034353751345,0.028392014471296037,0.07324786069132884,0.06894182333776303,0.028247865407452194,0.06928483694020258,0.056689457912279445,0.08371012884820088,0.06620532634878479,0.039321999284810644,0.02304374276334112,0.05714135736557875,0.02310654421360214
181,2,90.0,30.0,False,0.059435542885519485,0.06624100474577152,0.05222950925209615,0.05516030917279771,0.05575441415814325,0.039590192923546444,0.02063881854237154,0.03736586984768314,0.0361574315237283,0.031448428799345396,0.07246742146991753,0.057486973235133326,0.046002421555168566,0.029547093218348433,0.03520553863607794,0.016494630417631623,0.057764156042865625,0.004818752825665549
182,2,90.0,60.0,False,0.08776670026957323,0.12288264304832548,0.12401661830879757,0.12740186155917152,0.0781962071623036,0.09101652816328945,0.07212966459786728,0.09506701815208969,0.08789666613870653,0.11250226590346198,0.07533820303228256,0.1161368957034365,0.07987336987092392,0.0840644631831646,0.06852351212895677,0.027322017324627558,0.10805280606963427,0.020746546224388762
183,2,90.0,90.0,True,0.22623066738381126,0.12844489385840094,0.1904582853942446,0.25241192139462465,0.4051933962602086,0.14927042185164158,0.13181906326525825,0.32061292710193234,0.43706633876624146,0.12285104479805298,0.21981621270923166,0.3539253258353767,0.2389111062390832,0.35287672036028117,0.17042351527527058,0.06763548853556955,0.24054783285825804,0.09222790366209406
184,2,90.0,120.0,False,0.07076114461345806,0.3750058976124022,0.1459743012596961,1.0902331719152372,0.866974162453724,0.36706692241551303,0.14621422171822201,1.091350851699283,0.8719828161722767,0.23904809969310656,0.750420575328114,0.5274279072383949,0.9676637565340298,0.7476659165618675,0.2839087632918782,0.10166837077414173,0.5097897355709036,0.401937745054824
185,2,90.0,150.0,False,0.256668407059251,0.25285591720432876,0.16826360453377046,1.1511118985242585,1.2989363703131431,0.09226369892546656,0.13663474079463322,1.3812908680026799,1.5276597333558666,0.10103373577898289,1.3925952936150785,1.5390520324690087,1.3025657921172762,1.4498982024307954,0.16460299093664493,0.13488224573119334,0.6255672395269504,0.4926966344228128
186,2,90.0,180.0,False,0.16194624217304673,0.06627081779426064,0.18267580664124716,1.2323576217051655,1.328526571824129,0.12370229313599329,0.054876808336198644,1.3604674235071135,1.4550506901253826,0.16648180461972845,1.2692786256346307,1.3635927742129303,1.3641596293319744,1.4605603482814458,0.10146906746824816,0.04827703665316721,0.5943554120275698,0.5623851416533682
187,2,90.0,210.0,False,0.10192474808861895,0.08158858742798691,0.19860712602286798,1.097825854051892,1.0612836013901457,0.14927716551563025,0.12091674984835,1.1613528331709453,1.1223224198030288,0.2535448394339967,1.058531996470719,1.0153902260423995,1.2761354896310202,1.2363746201826453,0.05435305504397276,0.14091455383821555,0.5082459833963023,0.4682872478704748
188,2,90.0,240.0,False,0.14048701811677577,0.13895350558948424,0.0697361971156742,0.8719564818520441,0.7979112312809951,0.04786704084680317,0.1442730983881247,0.7583667657933237,0.6858330811041008,0.13170949536939408,0.7737748614983826,0.7003329860634836,0.8927924540002872,0.8199643245704895,0.08355703077254145,0.04169914926408838,0.4038088867909947,0.35371462230287914
189,2,90.0,270.0,False,0.1572404089061134,0.08652043560425127,0.24107335325339577,0.1708697274621853,0.12912233999385875,0.14320802550538564,0.3589806914443178,0.13537775974703548,0.16573162805175928,0.2801114779304095,0.1955874021810602,0.15091068103828637,0.3154739328171531,0.28532652400856084,0.08555307918920774,0.04076184440511607,0.15696525304396092,0.05100055441201682
190,2,90.0,300.0,False,0.031564706250920636,0.03385142622592133,0.06014370372224627,0.21358365561821613,0.31450619660516543,0.028624342683674444,0.052355327140647605,0.20465976756810625,0.3105915872825259,0.04674940284932452,0.19999353625286165,0.3014069017375398,0.18538201377767233,0.28006475945552467,0.11278816301593221,0.04702864140477067,0.13072993768449398,0.11387717721386897
191,2,90.0,330.0,False,0.037875413839424096,0.017234514710732757,0.03522506036912658,0.050451462871209295,0.04572702779904497,0.028854201374607036,0.029307152862284087,0.05184104095194461,0.06907212487292125,0.032738256202794726,0.040683254364585184,0.04504631095228705,0.06717379767889377,0.07108703502062869,0.039205817462355186,0.013344507968849973,0.03730269591790754,0.011412588771098138
192,2,120.0,0.0,False,0.03586350852502602,0.03761494889387117,0.05211076057100211,0.23635463806492935,0.14490100192184077,0.03515350786789019,0.027693221646176533,0.22992228931881303,0.13852690715475796,0.0360113622848184,0.20830297732651584,0.11892604750044089,0.21328073508450762,0.12421012588692246,0.10543098153312941,0.035151027668306606,0.1013689715953339,0.07861053399205539
193,2,120.0,30.0,False,0.03986568891972054,0.08209135520795213,0.06129546523981691,0.08403731593793112,0.05919371556085454,0.07083718488007623,0.04745290293660501,0.07282576905465582,0.06227732795022576,0.03165842482549211,0.027856880748658462,0.08054759949669679,0.03992135864424959,0.055254786318819395,0.07310267421410144,0.01631501892843962,0.06529670817325503,0.016329505519289578
194,2,120.0,60.0,False,0.05717523188458388,0.03792699547502429,0.05261345773582032,0.15949548884302228,0.20683086112152305,0.040545432296055034,0.07500178020855042,0.1337862877925574,0.18389133269723432,0.06256675404678909,0.13856419392101055,0.188423850700353,0.19246313484580635,0.2427981316376031,0.059552490743169116,0.032047925088338106,0.10280840701199476,0.06759528589119648
195,2,120.0,90.0,False,0.33990198015462214,0.13105113888416825,0.2776495994133842,0.578633512878212,0.5210640272097271,0.2395135039355514,0.10329587420271355,0.8268893542366772,0.7786857359086825,0.17356101647639285,0.6349736197083578,0.5823546149303422,0.7581363132689648,0.7099935737077268,0.18225897178820055,0.09195642742748539,0.36966005170802274,0.1630207046385166
196,2,120.0,120.0,True,0.46929427157124237,0.1574741444490329,0.27249568908701605,0.514108532737714,0.7803028431871684,0.37356803915660447,0.22868086984806554,0.749152488351122,0.9614110706037262,0.1527724473016159,0.49154351385352446,0.7456549809602958,0.5716096901079308,0.8133272115060477,0.36861843434476715,0.0709059777953239,0.4387350962064348,0.21448860453362162
197,2,120.0,150.0,False,0.11663934185845365,0.19854008038892193,0.13876893721826752,0.5531002406582743,0.27906167355292955,0.27537675022954267,0.21369269960200338,0.6156187038976453,0.32542739860664993,0.2547326632687517,0.3821538816723491,0.33703109568183426,0.6274929772999,0.4029635990232887,0.37616253803862243,0.05268425557342632,0.25722205473536935,0.15827765741106747
198,2,120.0,180.0,False,0.11193851634321292,0.07702857767119263,0.1586479044586987,0.5324689644697288,0.48488562581329303,0.14010196708896366,0.15860409998424524,0.4598462166873464,0.4142649005238319,0.15022126195616053,0.5439142844988135,0.5008387517570093,0.6141348454894993,0.5672524221806903,0.0983416658501452,0.08462631261744324,0.27299391775122517,0.1947519773487826
199,2,120.0,210.0,False,0.12258576616656644,0.09766189219634153,0.08271867393888378,0.2632222027946719,0.23630139282996337,0.06374928545470296,0.13414394555403747,0.19667482501658134,0.1663632241943517,0.1336835002059158,0.20023878245064125,0.1687457435551341,0.29718292217498815,0.26948930653682107,0.04799115779212733,0.19189935402611563,0.1604979855852854,0.07447651131062591
200,2,120.0,240.0,False,0.10976313856655326,0.11438326378714754,0.12647718821840914,0.08955483385235043,0.07302482216282971,0.1509650882013695,0.06299359050738201,0.12336681991692217,0.08409387617276468,0.19866281236660077,0.07038366637373114,0.10875603259711905,0.1471868927344879,0.1005613759835662,0.06289640386358501,0.06075571209384753,0.10264064931745802,0.0190007116651112
201,2,120.0,270.0,False,0.04482930992637985,0.05426784828602407,0.0849129802978936,0.17631846057631526,0.24247748504365918,0.05324986002367352,0.09225821560266598,0.19055210977658382,0.26272204796993515,0.09981581545083319,0.18807563028631286,0.2548732120305931,0.1504712744031459,0.20834334636768542,0.07686701571404955,0.02695300411657775,0.12056121682605439,0.07664642964854386
202,2,120.0,300.0,False,0.04119725123870176,0.05788440556198116,0.051776853267754636,0.21313826278301867,0.26950916775891576,0.04224492930099305,0.0478165097122768,0.21784105647915397,0.2712902639011803,0.05068814576302155,0.20225684385273662,0.25465173784585093,0.19690127673522195,0.25120807073348383,0.061643355099032945,0.02265656247910506,0.1267011881220744,0.09542097847092045
203,2,120.0,330.0,False,0.08453283313297946,0.08074565722771843,0.07494599124818013,0.5113001327137517,0.5564243338097696,0.03919811052076252,0.03042961202983136,0.47007267651452145,0.5009365582892149,0.04776540237906676,0.4886996292656013,0.5095312259853464,0.4693328616394705,0.5119196795550662,0.07466809586830661,0.024936334219039985,0.2615897896264799,0.22278794286379716
204,2,150.0,0.0,False,0.06198829315137068,0.07106337675293528,0.05114047297804911,0.20576581611178638,0.2005266075931465,0.07616604699582379,0.05402279930146394,0.18113325905975022,0.1716444007127359,0.05819147011569914,0.24083797902424475,0.22985974478887,0.1908276715694769,0.18046747586761,0.07881215032131798,0.06454195421707938,0.1180969133174576,0.0697480992388728
205,2,150.0,30.0,False,0.07724328329488023,0.0586244474431282,0.06159742194071892,0.17995228210131375,0.10532070315499843,0.03958175513092339,0.03751227037778883,0.1522331602327155,0.08602539691293774,0.027596142505206516,0.15288745274940033,0.08081105313284051,0.14845118072295466,0.08012788754926205,0.10355378783496053,0.04766474878516561,0.0965476275870079,0.0448679070719026
206,2,150.0,60.0,False,0.16819267549511832,0.18368902400008136,0.08390426310372051,0.36478001709758223,0.5066467375275336,0.05827439437436793,0.0954244964573586,0.5209927875081173,0.6619299840967717,0.10907089890507704,0.544704217198682,0.6857144389410744,0.44336124371159674,0.5846305832823904,0.14793603945608264,0.047396028776840654,0.2614425434448072,0.15301288762835857
207,2,150.0,90.0,False,0.0720565009080276,0.0963528244964614,0.05738132128089114,1.4912547006252947,1.5341116075560932,0.08153052307879463,0.08211237525132528,1.4604756383120971,1.5051632311626288,0.11543523251002599,1.4196759291023424,1.4624788430278803,1.529297835584586,1.5722634000281237,0.06242314610741892,0.08620654872720122,0.6502313909733536,0.7044293179138928
208,2,150.0,120.0,False,0.28511839858191634,0.4227941895468553,0.4016217368430868,0.27076531276821186,0.45233990998005646,0.33842317665789357,0.3271364514878005,0.305267892074098,0.3816671142376628,0.07319005624136195,0.6278437025887786,0.7081131852872533,0.6054127008185752,0.6875714092792355,0.26312504755808086,0.059933072039942636,0.36652790954402537,0.0742417050114333
209,2,150.0,150.0,True,0.2976499439634726,0.0731254727233008,0.128037051679225,0.2234569871293053,0.2918082418849791,0.2837053053633004,0.37201494565933657,0.12007745357155762,0.18340555936511588,0.11481179405596759,0.2209464577269406,0.32411639383320356,0.3116803098515086,0.3106469531228445,0.2654288557282241,0.08019833667085052,0.20281553947605654,0.08916352434629625
210,2,150.0,180.0,False,0.12020155425648207,0.09742029911587546,0.10945213040399812,0.16456933788635353,0.08765213858252709,0.12739228407352354,0.12952049062282614,0.14559144210793096,0.10498840374398569,0.05470403249478928,0.2266865902719398,0.13001312701334097,0.2262364330060038,0.12216696115976003,0.11577864110765063,0.07546466493777639,0.11585909204904725,0.026714099250282664
211,2,150.0,210.0,False,0.09591069164855916,0.06329183278039492,0.10053909695663613,0.13715994617633498,0.12391399216505275,0.06540978433863104,0.055207581180464975,0.12393327726858092,0.1092941024391457,0.08607302488791099,0.09073714334043592,0.09270103361828594,0.15301840944383088,0.1338856987999113,0.05367558327434199,0.06697350911303213,0.10416311194539558,0.025418834452795615
212,2,150.0,240.0,False,0.05988976274722814,0.05355530191327169,0.07985833868880002,0.06952151714046627,0.058999550074085534,0.08107510725362961,0.10374862267342207,0.09924204790833015,0.08214047483962655,0.03661542552064536,0.047431894831366284,0.03305239695267268,0.04133511696634018,0.03192150696497026,0.03789308618473217,0.038592971334043394,0.06436489411277033,0.009298371758453624
213,2,150.0,270.0,False,0.08605541542909757,0.06384924825927302,0.08268297523635028,0.2722162892236451,0.2710574908103051,0.08735240610632307,0.15225115578952308,0.35076410412855785,0.3449815873025799,0.10286969923827093,0.29633361513096335,0.292578684500157,0.21011613934068923,0.21091096107695856,0.04012494238113056,0.04646777627048417,0.1551722837917342,0.0953943589309568
214,2,150.0,300.0,False,0.0695951034250914,0.06545795096868301,0.08577015891227135,0.8899416451918312,0.8782622691466204,0.04084495953017706,0.0865030775769417,0.8522316028479817,0.839976290284852,0.07149204636578205,0.8359859976628147,0.8247203911559664,0.8830521170523377,0.8724954959325741,0.05520156993146927,0.05007991384645617,0.39780542552889947,0.39713466337698955
215,2,150.0,330.0,False,0.06559071792714706,0.16735563591774527,0.0600571208193,0.5955278525263872,0.6485409108069905,0.11203819927447681,0.07593591712045494,0.5719844295988312,0.6263547931058112,0.150932343046527,0.494595093498843,0.545608948092582,0.6117497504665071,0.6640652833371186,0.06237061954492368,0.08999423418325897,0.307414447599514,0.2602527356525633
216,2,180.0,0.0,False,0.07530042583658421,0.0916210253522286,0.08875759142621743,0.06852205084232457,0.08927128205323451,0.03726129291473175,0.09715016331325117,0.0706572438940465,0.04153275909993205,0.11328987396398298,0.0853132280965666,0.05642980037233669,0.06304264949933354,0.10802393147147035,0.07445518618800503,0.0489942061657766,0.08269447510211787,0.00911294291148899
217,2,180.0,30.0,False,0.21197782645785718,0.23510491478167986,0.3998686884755959,0.12567565513806317,0.11245763109786754,0.04139993307138123,0.20152354114088533,0.23348518131814336,0.2957392870796608,0.18654631858803913,0.24314707381201323,0.30672945648075256,0.4031055451106269,0.4696612151079212,0.07526301406546254,0.03014852660323211,0.21701694319021275,0.10301767694516985
218,2,180.0,60.0,False,0.23552504276615188,0.03976449707905037,0.07705057817556286,1.9521400445678458,1.9068041204873374,0.22662208699551295,0.16670177794978916,2.1707443994407574,2.1254362314531265,0.08674876209101332,1.9549831529834494,1.9089640495969247,2.0194001004884004,1.973670278662339,0.06433461907914775,0.08663594109797737,0.8422568566151897,0.8902538623933596
219,2,180.0,90.0,False,0.12384246957134573,0.0747569631223084,0.08507803801785035,1.8930371519039109,1.9145406744140023,0.07990002106450544,0.18982145208003626,1.7852923452070701,1.8062221309585313,0.13176957788210525,1.838623252016799,1.8590582251688026,1.9585607024466725,1.9792883392384673,0.036005212873332186,0.09157033214036396,0.8182510594058835,0.8865151442290884
220,2,180.0,120.0,False,0.15446582102992557,0.11761953510864584,0.12425303071619975,0.6253854705137136,0.6716691447835361,0.24702674477490333,0.14009380289802287,0.7620041038682289,0.8102562331440748,0.19538887504200553,0.527129482238182,0.5748571909928268,0.7157092268941208,0.7626510898376424,0.07955944412568204,0.05080053120066359,0.3386786004304042,0.2537176838078902
221,2,180.0,150.0,False,0.11055961613268753,0.0773943001102356,0.058930887737685456,0.28383771637192123,0.2343470161262907,0.10621742871997719,0.1277816339295385,0.18728248298320055,0.1548924307363277,0.08791890115791196,0.24297278612047177,0.19923705337208256,0.2967403843428896,0.24590022388067806,0.07351762870480785,0.05075666079317545,0.1530139072957641,0.0895569651243853
222,2,180.0,180.0,True,0.20404687557957393,0.11951628307383054,0.144374916324077,0.29413497788732845,0.127804960360012,0.25493970797968457,0.08020311343047257,0.12042613944077357,0.09602780467809066,0.18292590245579754,0.3257253292545992,0.19398482117828159,0.16138353474236095,0.06176316388450656,0.19720393355623028,0.03835370326316404,0.17797560264496437,0.06517101079830896
223,2,180.0,210.0,False,0.09599570389025777,0.10029290286657466,0.10784721849905217,0.08578081442079713,0.07981712003011684,0.12340288712124012,0.07493134748226099,0.048793639759715825,0.13662409726773872,0.07188925551423622,0.12409281950816227,0.13708730218921436,0.0979900640357928,0.15937701660817744,0.09680877025271437,0.05807742033940606,0.09394675194135974,0.010040157764825915
224,2,180.0,240.0,False,0.08250385240315558,0.05416945452579153,0.06373767871737518,0.19980256353424355,0.11336562329471145,0.056249881483982876,0.03567724517193542,0.24695157122788206,0.15943760382874905,0.04093375466883979,0.2139524539976887,0.12476372997227608,0.21948547813373315,0.13037068599973856,0.09815314144995402,0.03463534475495024,0.10271583449505546,0.05258102854269504
225,2,180.0,270.0,False,0.08437136256128677,0.07341200568196254,0.042782736640541254,0.4744726175636892,0.4139189701864646,0.05792172866047258,0.059785221022551016,0.5033809355839525,0.4378788163444078,0.05449186199615666,0.45668944747275053,0.3968240754900376,0.4649919112863982,0.39911759857571505,0.07323836284378993,0.04519237567660562,0.21779153852678887,0.1863467839173963
226,2,180.0,300.0,False,0.12057008489678342,0.08016184836656559,0.07279896729200512,1.2326052990841245,1.2720626268525592,0.07355952046132702,0.08416320906201552,1.184313958802389,1.223617977605905,0.06380278958338245,1.189447568190307,1.2289254770233182,1.242834466946714,1.2821728510124886,0.04700774980812641,0.03801713182247987,0.5556397652984076,0.569217737426601
227,2,180.0,330.0,False,0.06250045209392231,0.07999743658566794,0.06645135302386221,0.491519642471862,0.4120820283293548,0.07343106889566886,0.06967716196842555,0.4627367018590797,0.3792723355379488,0.05915065068801133,0.4253239829984399,0.34278191783167883,0.4693896024130212,0.38666715965973086,0.13097627072486562,0.03217700570684488,0.22251018250093385,0.18898197221726332
228,2,210.0,0.0,False,0.17914562090667832,0.1051574916313361,0.064163458895474,0.0900737599193625,0.0450145873900383,0.18578668916613114,0.14161335330739408,0.11431783933768745,0.1691918305711931,0.09964930405169456,0.15178605519103933,0.08570398955260433,0.0656226663132005,0.05311615463428195,0.0869220846212799,0.06840176250771632,0.09671098374857785,0.046136155907233786
229,2,210.0,30.0,False,0.1738974573710691,0.13351941758669023,0.2925920059077722,1.3007415139149798,1.4001578667760657,0.06307846123486405,0.14277366503178837,1.441242086383932,1.5379463040216141,0.19332471181104335,1.3969107057778385,1.4946253027274539,1.5708040425745393,1.6718803599083514,0.1197213301991813,0.13010017798478668,0.6601816523113154,0.56689493032628
230,2,210.0,60.0,False,0.1380678956844756,0.10051558245965349,0.277725157808671,2.5873159296975583,2.6614674819586313,0.04700586965239397,0.16964007589671654,2.6748920165486973,2.749356746809718,0.18487587112190432,2.6574778274014124,2.7320594329612606,2.8321951318389376,2.9065272354232654,0.08622847269502104,0.022045061846723786,1.153018409521798,1.2030505395472686
231,2,210.0,90.0,False,0.052042482639473114,0.08635435553325382,0.07389964475759721,1.6719041793652747,1.7092653474297541,0.07214322370808515,0.07977572089577054,1.6430198099658126,1.6811116743641779,0.11503647496908945,1.6156513600258022,1.652362955995173,1.7170714105059752,1.7539150812239952,0.05054090177091287,0.05073584619632193,0.7186932019450707,0.7937101073448773
232,2,210.0,120.0,False,0.06297306908841416,0.13506410012752965,0.19307894447730564,0.5916921232606115,0.5811890810486515,0.11118313920395552,0.17281972941262314,0.6135025813812138,0.602053293449699,0.07942113030125664,0.7121887710151928,0.7003131101207036,0.7800594898219568,0.7704553957993566,0.06821668347832294,0.0990505586409898,0.3127994636005025,0.2272224425047668
233,2,210.0,150.0,False,0.05025312156105781,0.09809517613050861,0.05181870984405,0.054983912416614204,0.07312539698109766,0.08100073646717101,0.0329043112400525,0.049491500113022516,0.06535929984543064,0.06879694544796335,0.07010008381545157,0.07605453447254237,0.0387334630128847,0.05914219325367831,0.0342846957259607,0.042377536404554744,0.06565526338666566,0.018169781248141833
234,2,210.0,180.0,False,0.09520339548019705,0.10718257419286376,0.09825937136645777,0.08656699140096658,0.05925382327407122,0.11558563228448451,0.03461730606677706,0.03395673487674879,0.14171416976495635,0.10606047754999048,0.11270494589555208,0.12933162581521956,0.031243406056735396,0.14722901595314658,0.1307228908195966,0.03592332379739816,0.08929323114291128,0.016402126179260994
235,2,210.0,210.0,True,0.133989397631609,0.1861725902744067,0.16786048758185362,0.4393053167465327,0.44886012319789415,0.08692121316320868,0.05995281897645481,0.33479146319644293,0.3617564249778815,0.10674515018695678,0.25814810205750416,0.2834551979356329,0.3329016299221176,0.36312122694517657,0.08571415167486635,0.032522392625196475,0.27523758308645924,0.13890750241869845
236,2,210.0,240.0,False,0.03514689739570089,0.05770112702107264,0.11300522243222431,0.6237882511705841,0.592407910005214,0.04879544534090122,0.10669791100889411,0.6139665756509739,0.5813960819412387,0.11335733227447789,0.580157655182177,0.5486572786359076,0.6253542997385612,0.5901586320584237,0.08056824457541095,0.024741861197633094,0.2844098816049592,0.2656873783661803
237,2,210.0,270.0,False,0.10750252671475555,0.07337600346088743,0.07842238359386697,0.470312305055846,0.4522351784941624,0.04768863332858162,0.060891051492850984,0.5141241418159088,0.49289852613193397,0.03688411965955342,0.502341561574911,0.4830658113534333,0.5180755138477653,0.49985379751266984,0.037701948490884596,0.034553562998903775,0.23636967946390364,0.1840913335753423
238,2,210.0,300.0,False,0.08394358515899088,0.05644511962919099,0.05481581061648391,0.5683196882171107,0.522991315942906,0.06610067627418142,0.058248562336530134,0.5929135527803285,0.5323664284873153,0.07703726038014541,0.5484850269696331,0.4999864386715887,0.6036922135655334,0.5499198860292951,0.07076683299984385,0.01842144973602103,0.2573031039129365,0.23610171463315133
239,2,210.0,330.0,False,0.056862339172393264,0.1135772877551386,0.05971074283727751,0.3023578169784913,0.25466616555369637,0.10942779559160704,0.08577047033660767,0.2815604665684595,0.22817307463444503,0.12054843166354882,0.22438680694212082,0.19603789631849947,0.3187448020245909,0.2732866823699821,0.0820480897481202,0.03219714552809514,0.1574348704593994,0.10202442051110264
240,2,240.0,0.0,False,0.07902537546052715,0.07386560459241108,0.12044977220774108,0.03706842573036451,0.07918031350335754,0.041333043554194086,0.16428699298559463,0.07177860534582936,0.06279180023625573,0.14837999133456073,0.07368865091164567,0.06696138376398002,0.12696782497458464,0.18544005665597652,0.06318167294578024,0.024833576907262785,0.07791789829888027,0.02644572173120148
241,2,240.0,30.0,False,0.09606321817348593,0.11224931516005668,0.08978508399601481,0.9688427182915976,0.9940097575095573,0.03595543869379742,0.1644641486773133,0.8922675285917501,0.9156956298813623,0.18642980868799416,0.8742262098148712,0.8985769077683735,1.029736352909797,1.0529598580922142,0.03172714288582915,0.15972984727052114,0.45219001862614244,0.4322550076131509
242,2,240.0,60.0,False,0.0959749481201635,0.37654004393758944,0.07832425629276063,2.260852161894248,2.3386242596418403,0.30657698631292934,0.13627268042123974,2.1884899784109693,2.2665699395677916,0.4368732036962359,1.890947656895688,1.9686578458770327,2.3217799290839256,2.3999426443230885,0.08041947826685449,0.06486518731638333,1.0300631339773205,1.0423621165708536
243,2,240.0,90.0,False,0.2226671372618693,0.1353119026829892,0.3066920962962303,1.1201696475581944,1.285803036775095,0.13962688704917375,0.11555441774179331,1.3169314898859281,1.4829477816854753,0.19381466402509898,1.2406406347002599,1.4072344537447012,1.415346827918873,1.581192742203589,0.17033746007874795,0.04742580829364529,0.6141287641148756,0.48667212804495924
244,2,240.0,120.0,False,0.07338051019860206,0.06564115839267157,0.0871826343972809,0.33634591017529936,0.2204728754418798,0.09648080674410903,0.136447318850159,0.2821935974657285,0.17047370334271805,0.09361718402329744,0.3266790426613743,0.21992725028385118,0.4104237735436259,0.297419057230437,0.11920052718421037,0.11888044012437005,0.15660461772114673,0.10621308895980526
245,2,240.0,150.0,False,0.04804033793621591,0.09470378573627561,0.038603534371918866,0.07289318377170723,0.08236304607434779,0.10330579636475437,0.039756814555544556,0.07837236959040944,0.08839499960984896,0.09584453198333422,0.050525436607188466,0.054921400449956755,0.06510257732989032,0.08615751744686798,0.0641130080226417,0.056770245285901993,0.06732077757809309,0.020993170785937813
246,2,240.0,180.0,False,0.052725219566706755,0.057543490922154446,0.08126627243509126,0.1327034711272329,0.1156026185718405,0.04608043807188048,0.08506506225655769,0.09811439296996836,0.07833201165702673,0.06461300940087866,0.1251901593956934,0.10176686260865281,0.1765308015749676,0.13966980504220036,0.06652694401867029,0.0634215608237119,0.08796821452460517,0.03155170993150126
247,2,240.0,210.0,False,0.043249052810906574,0.11270699288456527,0.13657763072975665,0.5451296816522146,0.5066919883642405,0.12102834102135734,0.10763696412014578,0.5767099521518836,0.5361143348850138,0.15809654001742632,0.46655455852009375,0.42826625870097357,0.6146030557897111,0.5757478169178432,0.06329215807982742,0.025366768617827495,0.2688710692883367,0.21244843017511825
248,2,240.0,240.0,True,0.1671390630961538,0.1434126206418334,0.13739084283119013,0.40315907568180076,0.44178232672354345,0.07589122951241226,0.052911400282252316,0.5516637384943767,0.5928515438801855,0.031185132452192742,0.5448571266711753,0.5842307760158844,0.5334438326273983,0.5734549588181085,0.06315019127309837,0.031518327600086694,0.2585767857949043,0.1347427056397754
249,2,240.0,270.0,False,0.08099025996586656,0.1295666568468566,0.11302044936701557,0.3294265731960274,0.3132131394470387,0.07484926116903753,0.04481431660869302,0.3900858663959353,0.37345680521585467,0.03628128984274469,0.4536193363701746,0.43673748626763337,0.4299597705745909,0.4125181317086163,0.024194739422328887,0.01642099295803299,0.19324341576456097,0.1058582183102519
250,2,240.0,300.0,False,0.04312826078137453,0.034016765440183575,0.060897954107491624,0.3103098049563059,0.25058111681057516,0.030008915698493534,0.048717259120627666,0.2961514688791595,0.2360532008600696,0.047092404315573606,0.3108180606608703,0.25159412201339626,0.3287091499263455,0.27134427577505693,0.06790059452290848,0.022592385600893158,0.13978678041918616,0.11671083863786068
251,2,240.0,330.0,False,0.06442748423467554,0.12466859811834648,0.09201754991000381,0.23591204611862876,0.2826067433226621,0.07365059034474321,0.08587167729284766,0.1854042544645229,0.22901056326750355,0.123174488287465,0.12184920434301094,0.16855851271922412,0.21746862540237297,0.27223056077882113,0.07976343160449269,0.03850591151622701,0.15992648434086335,0.08461566342022049
252,2,270.0,0.0,False,0.06359656907100301,0.08344004843690606,0.08951310793377618,0.09156043655923245,0.0961241880512033,0.04468509256630673,0.04538323811693289,0.041191360143478704,0.048224662567662585,0.05824094994338611,0.04043188439667776,0.05520491670049346,0.06497585227154516,0.0703609366544117,0.03854024162254323,0.023801485283090073,0.08484687001042421,0.011380492883097535
253,2,270.0,30.0,False,0.23208086142218617,0.2520438952411948,0.0437348442469729,0.22969978060734544,0.32186089818576413,0.04528167413923381,0.2167767968093681,0.028971750047097726,0.09914959501926764,0.24104214895121506,0.06416226057452198,0.07845831159966357,0.2161575726570169,0.3112816195057847,0.10157508111620901,0.048310755369485175,0.21588405594069265,0.09233329509241413
254,2,270.0,60.0,False,0.0738359253098653,0.07559821400787584,0.10347002644300475,0.8327081606313014,0.7594476875581813,0.03479789823651766,0.05194289385974416,0.8779983077009403,0.79753952845022,0.037863311463765904,0.8940036184240309,0.815149275764932,0.919621307915383,0.8403783809872696,0.08761161272221421,0.11856724921989514,0.3690120027900457,0.3496247302761895
255,2,270.0,90.0,False,0.08587852651918179,0.1818729033064937,0.31199942475788517,0.23308372653707154,0.31168996122876214,0.13375278541014135,0.2513499922818264,0.2917481132264782,0.3675186197086884,0.15741147041257042,0.406659993913672,0.4829325707668626,0.5373332868383236,0.6105657511059809,0.08499136371525531,0.037058200541726476,0.22490490846987887,0.08528080858137181
256,2,270.0,120.0,False,0.11357144667996386,0.07314626994967859,0.06164680307186653,0.0999532663811237,0.07014620492360482,0.11655001261714976,0.07438925226847667,0.0556939813313605,0.16166260949622707,0.06052992875189251,0.12029681758107377,0.12753717575115886,0.08206624019978909,0.11172913896317713,0.11779567316528927,0.040058888757516564,0.08369279820124749,0.019687060771883497
257,2,270.0,150.0,False,0.10672945268518658,0.09015943928216637,0.08784046864303224,0.1079662450612954,0.12408861323676337,0.06978658732984022,0.16687083966127825,0.1086442439516846,0.1441966971409834,0.14765100395164737,0.06928407236179052,0.10474971805749744,0.1206280246299215,0.11177141259378066,0.05909297183527398,0.05327181897173269,0.10335684378168879,0.013246559694337913
258,2,270.0,180.0,False,0.12586669832213798,0.06611552939842481,0.11816051135573563,0.34598915220163795,0.3695888491599465,0.12490313833872693,0.11416108520125504,0.4411512605042408,0.4534094508928799,0.09005658989087512,0.3350913167384362,0.35563745346404463,0.4034017812219796,0.4290752104228051,0.09400185829892146,0.03558195755491597,0.20514414808757656,0.12653805657563508
259,2,270.0,210.0,False,0.06604562692562346,0.13188650398243354,0.09136947886992684,0.6481116852015907,0.6842928474349147,0.10129124245311039,0.08354006030053718,0.6662425936693832,0.7018023435446197,0.1219029733301066,0.6068014904062453,0.6409564313470659,0.6949582089321704,0.7340034326714314,0.05342247539962289,0.04065865936015184,0.3243412284828978,0.2801512989490221
260,2,270.0,240.0,False,0.07590235643958823,0.03023736504928217,0.040461637194518146,0.47210356031614226,0.48556395961341703,0.09578970553790475,0.04743214613412748,0.46865091849043006,0.4783595770990966,0.06012203941071138,0.4840084068841247,0.4992159095690145,0.4848480662643009,0.4966200753747435,0.03209507942866875,0.021173874272719093,0.2208537757225896,0.2112272659136053
261,2,270.0,270.0,True,0.06744734727423975,0.05949519843821193,0.129064878330893,0.2828460591636833,0.312838114047841,0.06487576852439508,0.08199174105690676,0.32616096317981097,0.3557125166510019,0.08678791092293411,0.33502857890942184,0.3658936306770493,0.4053156615960406,0.4356070844866169,0.03298269248582619,0.018561802918432756,0.1703383194509738,0.10727574705275014
262,2,270.0,300.0,False,0.06182068247933124,0.07365987001234067,0.04323833195379319,0.2657253758428581,0.2605176909823107,0.043119481591926356,0.06549155477005249,0.22363050827476663,0.21359763295807555,0.05599848978418075,0.24809552877454605,0.23710348391267944,0.26490079002661415,0.26364212997078174,0.04375476797267698,0.024029258054946045,0.14099239025412677,0.10020209450536913
263,2,270.0,330.0,False,0.1518828268429553,0.14388518426269734,0.18380488600028047,0.27536591234984253,0.32887497124165543,0.08377960610512185,0.08680308174215734,0.15702482997534428,0.20656177022516614,0.15901945939918205,0.1420134592688157,0.1958254521937528,0.21025420778457823,0.2467356988086761,0.0738270467878499,0.07926772370977726,0.2167627561394862,0.07295237570528133
264,2,300.0,0.0,False,0.06708550702107835,0.12141632302312365,0.12094270600252394,0.21780666808605847,0.2013147165705489,0.06815048558390252,0.08049848384675336,0.1663903947377155,0.14583272076062104,0.044771555157877174,0.1121971616798233,0.08833132242371082,0.14440745363737173,0.11232553822092248,0.07914910221171248,0.051984749648710096,0.14571318414066664,0.05599147523063725
265,2,300.0,30.0,False,0.06147263302637161,0.04754748020690698,0.06098626726593804,0.17340587683943365,0.12317955805772854,0.0719121514359326,0.033647975814272583,0.12522267430839298,0.08221264304434701,0.0669549430267215,0.17631474329705837,0.13876789691575797,0.1277982417429481,0.09669307893097995,0.05633878034142758,0.046516686264253516,0.09331836307927577,0.047875232609411
266,2,300.0,60.0,False,0.05018795746139601,0.0808931621730542,0.14886050388202252,0.08490187193289817,0.04419469309542327,0.0962863886738501,0.16348694546415696,0.10007101259516016,0.06483004747092852,0.08601666320077561,0.03736604502118668,0.05638264689822934,0.09873995611898995,0.12859968438940397,0.052355789465725555,0.023499630719826817,0.08180763770895884,0.03720493299125846
267,2,300.0,90.0,False,0.04279066671270687,0.0785324233191266,0.11181760946044363,0.09187626942458302,0.07931987147223579,0.07240338794054771,0.11464477154875624,0.10151051380022638,0.09369654200596655,0.1416174347464006,0.14792461003477012,0.1321495509342866,0.13636534995698035,0.1344666583554903,0.04802833910474018,0.028657759479824404,0.08086736807781919,0.022524632073016783
268,2,300.0,120.0,False,0.03706225849328533,0.09472861056918382,0.05831439975989007,0.10784325921589069,0.1321596732649042,0.11370229499770407,0.08055258257506595,0.11961082525103753,0.12873996958156717,0.08017644452247055,0.12105677381970763,0.13897919820789228,0.11483407602959515,0.1236854685269165,0.057511635675816464,0.05664829335046076,0.08602164026063082,0.034191884167131155
269,2,300.0,150.0,False,0.12689057422494535,0.06845359092199854,0.07161722726323212,0.47304398427464805,0.5395277258350173,0.11589472622724664,0.1176465155959946,0.4184194426969612,0.4943819746988316,0.046625198633232334,0.45557537633203327,0.5218903677285696,0.47859473076420095,0.545208860793475,0.14109928882017475,0.07895525606471877,0.2559066205039683,0.2065603665239075
270,2,300.0,180.0,False,0.06793003115642957,0.10336527058634716,0.0717315038636054,0.7392587870397658,0.8836138703993037,0.07139558272439754,0.08292383647914583,0.714138700480649,0.8536909988445769,0.0858963763191649,0.6563022461532608,0.798203531582389,0.7217471442810601,0.8609247181854387,0.1608815829537574,0.05098619497796329,0.3731798926090903,0.36094463339457455
271,2,300.0,210.0,False,0.04209814526756624,0.08405419291439256,0.0521403679115151,0.553033898424482,0.5337321537693074,0.07270546645012319,0.07346851424898537,0.54771138783422,0.5332795513280545,0.07651217756916354,0.5606506684714792,0.5654720912740778,0.5744070484767847,0.5586974886573653,0.06920710609271426,0.046583655500927496,0.2530117516574527,0.2375700955664869
272,2,300.0,240.0,False,0.03831158630454094,0.04818104628259519,0.043954648801657704,0.5431243751089851,0.4855054051308557,0.06578793485557485,0.05693062328197997,0.5649365542857229,0.5037365275468886,0.0385315079521424,0.5260104832762115,0.46881271258236745,0.5599538419122444,0.5009959177751308,0.0722562598894988,0.02572336133721021,0.23181541232572692,0.23139959390949713
273,2,300.0,270.0,False,0.02488305917314971,0.049726341633558484,0.06303257434481722,0.3575307475061923,0.31015930516739154,0.03617417561820928,0.05295028680321049,0.3641510343140632,0.31752193743666335,0.0397439355057039,0.37641843889388327,0.33141596897054204,0.40699275820989234,0.3632812578417646,0.0703469107336136,0.02932690236428048,0.16106640556502186,0.14239387353442
274,2,300.0,300.0,True,0.10948249115380719,0.15664090882268877,0.17354347890473726,0.16793580195627517,0.26459795694335886,0.14459005638917188,0.07933078663351803,0.14768600651462926,0.2841887472466613,0.20233952352904205,0.07184609098153591,0.1531394723854204,0.1865995182350043,0.3501466056963141,0.18371407574712514,0.024331862730069227,0.17444012755617344,0.05041398842509269
275,2,300.0,330.0,False,0.2327721272264952,0.17561431112949505,0.2928214766725878,0.21974369304552904,0.2540804708242685,0.14911847037385945,0.0922908394133012,0.2597999656767953,0.2502989413431797,0.17911433819712932,0.1450651452056822,0.1610896442372942,0.31186336205646875,0.3100851968441263,0.06264462211347299,0.048334785577244604,0.23500641577967513,0.03865686404061149
276,2,330.0,0.0,False,0.06436773201275388,0.08705885731578482,0.09542047891261293,0.28913100345716625,0.23005409769472074,0.12426598078910547,0.10871505501962811,0.23870142807052358,0.19749570413051784,0.11129821663642558,0.3583776462930408,0.2644647831153527,0.2943812099228481,0.28046355263384376,0.12991522205446415,0.08124137849407163,0.15320643387860772,0.08942939726374911
277,2,330.0,30.0,False,0.05568989963455291,0.0685099638596701,0.07187977297532536,0.1915116167724859,0.14879751514079967,0.039659301715179465,0.08917738482708268,0.21694518205306562,0.17517332081889875,0.0854063325776683,0.23004867811947577,0.18749422829888157,0.16537614087394828,0.1250109851744407,0.04993854403653931,0.08396404924369283,0.10727775367656678,0.053360096577464156
278,2,330.0,60.0,False,0.14826143057808588,0.15776432294516374,0.11105027464042114,0.058062686066405814,0.06477892283808402,0.030767682852155226,0.06530993587293299,0.1642755701997178,0.11370817585166963,0.07389911730900717,0.17152049091365726,0.12341647510520684,0.12306630370836313,0.07864557049295649,0.07765064409509487,0.10553657916414672,0.10798352741363211,0.04115475739929639
279,2,330.0,90.0,False,0.05700581385556518,0.039340601530058625,0.06499741645757048,0.06568466622205463,0.06357439131290843,0.03218838454169631,0.051351512828058006,0.05440636943199465,0.028329997292405207,0.04415458318731378,0.044565505225046986,0.03778305439111921,0.05840631864293859,0.057554447379466765,0.03153383415682456,0.021489699135942442,0.05812057787563148,0.00988109946072675
280,2,330.0,120.0,False,0.07167095293372594,0.05927619888751795,0.11466468327234382,0.39253857342510023,0.42298099203147665,0.057105188442778926,0.09333499936140131,0.4248827623306074,0.4567211212090063,0.11293132738073408,0.38198635307172246,0.4090073639151024,0.48377458962133674,0.5161184438800939,0.08341141303028521,0.04320177230233754,0.21222628011003292,0.160995567789155
281,2,330.0,150.0,False,0.07568563515132917,0.2649567096051518,0.15929297881520077,0.4008847585648546,0.47076232771344834,0.19880495596249637,0.10826789939653955,0.40503157458618083,0.4333491952944838,0.14011412427248726,0.5471292455304988,0.4718051104401013,0.49286258439106745,0.4295252297280612,0.10479762422102923,0.06245223293124277,0.2743164819699969,0.14654877950680892
282,2,330.0,180.0,False,0.13749897718922077,0.1409593330311747,0.08949035519654688,0.39372658090350987,0.3664823441140382,0.07475844754725197,0.09446602180572787,0.47041588412118296,0.4305499512162497,0.09712911695648369,0.4716416597652406,0.4267030039838612,0.46596494546096834,0.4331589091332323,0.10519897011435406,0.0545166431556328,0.2256315180868981,0.1277231735090989
283,2,330.0,210.0,False,0.10302012857208236,0.09966528000353131,0.09681941258222226,0.4002731636049651,0.2236607691356022,0.04022932247458223,0.07488847331421551,0.4529494460425404,0.2676050061510563,0.08993169034264056,0.4318750069598435,0.24630767406103987,0.460087002247119,0.2894865729139343,0.23748907193598487,0.04032198031926741,0.18468775077968064,0.11799595950228671
284,2,330.0,240.0,False,0.09347847463193065,0.1260265618183587,0.06900332151862557,0.3725279455491719,0.42922344456602707,0.06582971134185628,0.07324278268329318,0.31925847527446544,0.3588515289247241,0.11707790187356716,0.29614405371355584,0.3362234385985005,0.37648088291477566,0.4265743358801624,0.0660739096846748,0.04353330258280627,0.21805194961682278,0.15143246006427874
285,2,330.0,270.0,False,0.07297669519692594,0.16388279716325022,0.13561481835346959,0.3857546369709564,0.38794080931975683,0.1353549732193751,0.11373730870752005,0.40612738254669906,0.4228490000011628,0.07304361351305555,0.3468810974038468,0.38139390845688736,0.31402127156938775,0.34500749035248135,0.06060787937116875,0.033933131171321115,0.22923395140087183,0.13201381542167218
286,2,330.0,300.0,False,0.250473304948126,0.23689793022935596,0.33709792286036144,0.359160579634494,0.4542492332382751,0.07378299519209011,0.10686393383831433,0.1510471012484001,0.2573171684017752,0.12798529327287975,0.19117651420367465,0.28755514548913064,0.1420207488086942,0.2612294824192995,0.12362178940457223,0.03479270759874392,0.32757579418212246,0.07912230864435778
287,2,330.0,330.0,True,0.22008423854782122,0.10662793856492253,0.20097236217129139,0.22871366210379665,0.22537583165491532,0.22755368449366276,0.05428018413760431,0.3075847672987192,0.29801006321722956,0.19241079864643912,0.1394324601263622,0.13920739224047532,0.2722745283536391,0.2641553333124987,0.054954145617635425,0.03756596025653635,0.19635480660854943,0.045879481322608835
